>CAD2.high:Start-114|PCA1:115-End|RT:20_nt_each GGCAGGTCCGAGTGTgcgacaacggtttaggtgggtacgggtccccattccttatatagaaatggcatgttagatATAATAGGGGCGAGTGTCATCGTAGATCCATAGAAATGCAtagctaagcgcagggacttcccgaatctcggtattatcccggtaagtgtggactatatttAAGCGAGAGGTGGCC
CAD2.high:Start-129|PCA1:130-End|RT:20_nt_each GGCAGGTCCGAGTGTgcgacaacggtttaggtgggtacgggtccccattccttatatagaaatggcatgttagatGTCATCTTAGATCTATAGAAATGCATGCTAATGACAATCTtagctaagcgcagggacttcccgaatctcggtattatcccggtaagtgtggactatatttAAGCGAGAGGTGGCC
CAD2.high:Start-426|PCA1:427-End|RT:20_nt_each GGCAGGTCCGAGTGTgcgacaacggtttaggtgggtacgggtccccattccttatatagaaatggcatgttagatCCAATGAATCTTGTGTAGACGGATGCTGCGTTAGAGATTCtagctaagcgcagggacttcccgaatctcggtattatcccggtaagtgtggactatatttAAGCGAGAGGTGGCC
CAD2.high:Start-465|PCA1:466-End|RT:20_nt_each GGCAGGTCCGAGTGTgcgacaacggtttaggtgggtacgggtccccattccttatatagaaatggcatgttagatCTTCTGTTATGGTGGAAGAGGTTACAGGCAGCTGCGAAGCtagctaagcgcagggacttcccgaatctcggtattatcccggtaagtgtggactatatttAAGCGAGAGGTGGCC
CAD2.high:Start-627|PCA1:628-End|RT:20_nt_each GGCAGGTCCGAGTGTgcgacaacggtttaggtgggtacgggtccccattccttatatagaaatggcatgttagatCAGGTAAAGGAAGGCTTTGTATCGAATCAAGTGACTCTACtagctaagcgcagggacttcccgaatctcggtattatcccggtaagtgtggactatatttAAGCGAGAGGTGGCC
CAD2.high:Start-660|PCA1:661-End|RT:20_nt_each GGCAGGTCCGAGTGTgcgacaacggtttaggtgggtacgggtccccattccttatatagaaatggcatgttagatACTCAACACTCAAGAAGAGAAGTTGTAAAGTTAGCAGACAtagctaagcgcagggacttcccgaatctcggtattatcccggtaagtgtggactatatttAAGCGAGAGGTGGCC
CAD2.high:Start-774|PCA1:775-End|RT:20_nt_each GGCAGGTCCGAGTGTgcgacaacggtttaggtgggtacgggtccccattccttatatagaaatggcatgttagatAAAAGAGGACCTTTAAGGGTAGCACCAATGTTGGAATTTCtagctaagcgcagggacttcccgaatctcggtattatcccggtaagtgtggactatatttAAGCGAGAGGTGGCC
CAD2.high:Start-1032|PCA1:1033-End|RT:20_nt_each GGCAGGTCCGAGTGTgcgacaacggtttaggtgggtacgggtccccattccttatatagaaatggcatgttagatGTTTAACAAAGAAGAAGACCCATGGAGACAAAGAAAGGTTtagctaagcgcagggacttcccgaatctcggtattatcccggtaagtgtggactatatttAAGCGAGAGGTGGCC
CAD2.high:Start-1188|PCA1:1189-End|RT:20_nt_each GGCAGGTCCGAGTGTgcgacaacggtttaggtgggtacgggtccccattccttatatagaaatggcatgttagatTCGTATCTATGGAGCCAATTGAAAATCATCTTAATCTTGAtagctaagcgcagggacttcccgaatctcggtattatcccggtaagtgtggactatatttAAGCGAGAGGTGGCC
CAD2.high:Start-1257|PCA1:1258-End|RT:20_nt_each GGCAGGTCCGAGTGTgcgacaacggtttaggtgggtacgggtccccattccttatatagaaatggcatgttagatTGCTGAGCGTTTCAGGGATGTCCTGTACTGGTTGTGAATCtagctaagcgcagggacttcccgaatctcggtattatcccggtaagtgtggactatatttAAGCGAGAGGTGGCC
CAD2.high:Start-1275|PCA1:1276-End|RT:20_nt_each GGCAGGTCCGAGTGTgcgacaacggtttaggtgggtacgggtccccattccttatatagaaatggcatgttagatTGACCTGTACTGGTTGTGAATCAAAACTTAAGAAATCATTtagctaagcgcagggacttcccgaatctcggtattatcccggtaagtgtggactatatttAAGCGAGAGGTGGCC
CAD2.high:Start-1446|PCA1:1447-End|RT:20_nt_each GGCAGGTCCGAGTGTgcgacaacggtttaggtgggtacgggtccccattccttatatagaaatggcatgttagatACGAACAGATTTCAAACCACGGTTCAACTATAGATGTTGTtagctaagcgcagggacttcccgaatctcggtattatcccggtaagtgtggactatatttAAGCGAGAGGTGGCC
CAD2.high:Start-1467|PCA1:1468-End|RT:20_nt_each GGCAGGTCCGAGTGTgcgacaacggtttaggtgggtacgggtccccattccttatatagaaatggcatgttagatCTTCAACGATTGATGTTGTCGTTCCTTATGCAGCAAAAGAtagctaagcgcagggacttcccgaatctcggtattatcccggtaagtgtggactatatttAAGCGAGAGGTGGCC
CAD2.high:Start-1545|PCA1:1546-End|RT:20_nt_each GGCAGGTCCGAGTGTgcgacaacggtttaggtgggtacgggtccccattccttatatagaaatggcatgttagatTGAAAATTGTTGAGAGAAACATCATTCGTATTTACTTTGAtagctaagcgcagggacttcccgaatctcggtattatcccggtaagtgtggactatatttAAGCGAGAGGTGGCC
CAD2.high:Start-1770|PCA1:1771-End|RT:20_nt_each GGCAGGTCCGAGTGTgcgacaacggtttaggtgggtacgggtccccattccttatatagaaatggcatgttagatTTCGAGAGAAAATTTCCACTATCTCCGCGTCAATGGTGCTtagctaagcgcagggacttcccgaatctcggtattatcccggtaagtgtggactatatttAAGCGAGAGGTGGCC
CAD2.high:Start-1773|PCA1:1774-End|RT:20_nt_each GGCAGGTCCGAGTGTgcgacaacggtttaggtgggtacgggtccccattccttatatagaaatggcatgttagatGAGAGAAAATTTCCACTATGTCCGCGTCAATGGTGCTAGCtagctaagcgcagggacttcccgaatctcggtattatcccggtaagtgtggactatatttAAGCGAGAGGTGGCC
CAD2.high:Start-1944|PCA1:1945-End|RT:20_nt_each GGCAGGTCCGAGTGTgcgacaacggtttaggtgggtacgggtccccattccttatatagaaatggcatgttagatTCTCATTTGGCTACTTTGTTGTTGGACGCCCGTTATCTACtagctaagcgcagggacttcccgaatctcggtattatcccggtaagtgtggactatatttAAGCGAGAGGTGGCC
CAD2.high:Start-1947|PCA1:1948-End|RT:20_nt_each GGCAGGTCCGAGTGTgcgacaacggtttaggtgggtacgggtccccattccttatatagaaatggcatgttagatCATTTGGCTACTTTGTTGCTGGACGCCCGTTATCTACGGAtagctaagcgcagggacttcccgaatctcggtattatcccggtaagtgtggactatatttAAGCGAGAGGTGGCC
CAD2.high:Start-2127|PCA1:2128-End|RT:20_nt_each GGCAGGTCCGAGTGTgcgacaacggtttaggtgggtacgggtccccattccttatatagaaatggcatgttagatCCGGCAAAGAAACTGAAATTAATATTAGACTTCTCCAATAtagctaagcgcagggacttcccgaatctcggtattatcccggtaagtgtggactatatttAAGCGAGAGGTGGCC
CAD2.high:Start-2163|PCA1:2164-End|RT:20_nt_each GGCAGGTCCGAGTGTgcgacaacggtttaggtgggtacgggtccccattccttatatagaaatggcatgttagatAATATGGCGATATCTTTAAGGTTTTACCTGATTCAAGAATtagctaagcgcagggacttcccgaatctcggtattatcccggtaagtgtggactatatttAAGCGAGAGGTGGCC
CAD2.high:Start-2505|PCA1:2506-End|RT:20_nt_each GGCAGGTCCGAGTGTgcgacaacggtttaggtgggtacgggtccccattccttatatagaaatggcatgttagatTAGCTGTGGGAATCAGGGTGGAAAAGCAATCCCGCTCCGAtagctaagcgcagggacttcccgaatctcggtattatcccggtaagtgtggactatatttAAGCGAGAGGTGGCC
CAD2.high:Start-2583|PCA1:2584-End|RT:20_nt_each GGCAGGTCCGAGTGTgcgacaacggtttaggtgggtacgggtccccattccttatatagaaatggcatgttagatTCATAGTTTCCTGTCCCTGCGTGATTGGACTTGCCGTTCCtagctaagcgcagggacttcccgaatctcggtattatcccggtaagtgtggactatatttAAGCGAGAGGTGGCC
CAD2.high:Start-2907|PCA1:2908-End|RT:20_nt_each GGCAGGTCCGAGTGTgcgacaacggtttaggtgggtacgggtccccattccttatatagaaatggcatgttagatCCAAAGCTGTCACGGGTAAGCGGGTAGAAGGAACATCATAtagctaagcgcagggacttcccgaatctcggtattatcccggtaagtgtggactatatttAAGCGAGAGGTGGCC
CAD2.high:Start-3339|PCA1:3340-End|RT:20_nt_each GGCAGGTCCGAGTGTgcgacaacggtttaggtgggtacgggtccccattccttatatagaaatggcatgttagatACGGAACAAATGACGCCATAGGTTTGACTCAAGCAACGATtagctaagcgcagggacttcccgaatctcggtattatcccggtaagtgtggactatatttAAGCGAGAGGTGGCC
CAD2.high:Start-3624|PCA1:3625-End|RT:20_nt_each GGCAGGTCCGAGTGTgcgacaacggtttaggtgggtacgggtccccattccttatatagaaatggcatgttagatTACCTGTAATTTTCGTTGCTATACTTCTGCGTTATGCAAAtagctaagcgcagggacttcccgaatctcggtattatcccggtaagtgtggactatatttAAGCGAGAGGTGGCC
CAD2.high:Start-3645|PCA1:3646-End|RT:20_nt_each GGCAGGTCCGAGTGTgcgacaacggtttaggtgggtacgggtccccattccttatatagaaatggcatgttagatCTCTTCTTCGATACGCAAAAATTTAGTCCAGGTACTGCTGtagctaagcgcagggacttcccgaatctcggtattatcccggtaagtgtggactatatttAAGCGAGAGGTGGCC
CAD2.high:Start-3648|PCA1:3649-End|RT:20_nt_each GGCAGGTCCGAGTGTgcgacaacggtttaggtgggtacgggtccccattccttatatagaaatggcatgttagatTTCTTCGATACGCAAAAGTTTAGTCCAGGTACTGCTGCTAtagctaagcgcagggacttcccgaatctcggtattatcccggtaagtgtggactatatttAAGCGAGAGGTGGCC
CAD2.high:Start-114|PCA1:115-End|RT:22_nt_each GGCAGGTCCGAGTGTgcgacaacggtttaggtgggtacgggtccccattccttatatagaaatggcatgttagAGATAATAGGGGCGAGTGTCATCGTAGATCCATAGAAATGCATGgctaagcgcagggacttcccgaatctcggtattatcccggtaagtgtggactatatttAAGCGAGAGGTGGCC
CAD2.high:Start-129|PCA1:130-End|RT:22_nt_each GGCAGGTCCGAGTGTgcgacaacggtttaggtgggtacgggtccccattccttatatagaaatggcatgttagGTGTCATCTTAGATCTATAGAAATGCATGCTAATGACAATCTGGgctaagcgcagggacttcccgaatctcggtattatcccggtaagtgtggactatatttAAGCGAGAGGTGGCC
CAD2.high:Start-426|PCA1:427-End|RT:22_nt_each GGCAGGTCCGAGTGTgcgacaacggtttaggtgggtacgggtccccattccttatatagaaatggcatgttagCACCAATGAATCTTGTGTAGACGGATGCTGCGTTAGAGATTCTTgctaagcgcagggacttcccgaatctcggtattatcccggtaagtgtggactatatttAAGCGAGAGGTGGCC
CAD2.high:Start-465|PCA1:466-End|RT:22_nt_each GGCAGGTCCGAGTGTgcgacaacggtttaggtgggtacgggtccccattccttatatagaaatggcatgttagTTCTTCTGTTATGGTGGAAGAGGTTACAGGCAGCTGCGAAGCTGgctaagcgcagggacttcccgaatctcggtattatcccggtaagtgtggactatatttAAGCGAGAGGTGGCC
CAD2.high:Start-627|PCA1:628-End|RT:22_nt_each GGCAGGTCCGAGTGTgcgacaacggtttaggtgggtacgggtccccattccttatatagaaatggcatgttagCACAGGTAAAGGAAGGCTTTGTATCGAATCAAGTGACTCTACACgctaagcgcagggacttcccgaatctcggtattatcccggtaagtgtggactatatttAAGCGAGAGGTGGCC
CAD2.high:Start-660|PCA1:661-End|RT:22_nt_each GGCAGGTCCGAGTGTgcgacaacggtttaggtgggtacgggtccccattccttatatagaaatggcatgttagTGACTCAACACTCAAGAAGAGAAGTTGTAAAGTTAGCAGACAGAgctaagcgcagggacttcccgaatctcggtattatcccggtaagtgtggactatatttAAGCGAGAGGTGGCC
CAD2.high:Start-774|PCA1:775-End|RT:22_nt_each GGCAGGTCCGAGTGTgcgacaacggtttaggtgggtacgggtccccattccttatatagaaatggcatgttagTGAAAAGAGGACCTTTAAGGGTAGCACCAATGTTGGAATTTCTGgctaagcgcagggacttcccgaatctcggtattatcccggtaagtgtggactatatttAAGCGAGAGGTGGCC
CAD2.high:Start-1032|PCA1:1033-End|RT:22_nt_each GGCAGGTCCGAGTGTgcgacaacggtttaggtgggtacgggtccccattccttatatagaaatggcatgttagTTGTTTAACAAAGAAGAAGACCCATGGAGACAAAGAAAGGTTGAgctaagcgcagggacttcccgaatctcggtattatcccggtaagtgtggactatatttAAGCGAGAGGTGGCC
CAD2.high:Start-1188|PCA1:1189-End|RT:22_nt_each GGCAGGTCCGAGTGTgcgacaacggtttaggtgggtacgggtccccattccttatatagaaatggcatgttagAATCGTATCTATGGAGCCAATTGAAAATCATCTTAATCTTGAGGgctaagcgcagggacttcccgaatctcggtattatcccggtaagtgtggactatatttAAGCGAGAGGTGGCC
CAD2.high:Start-1257|PCA1:1258-End|RT:22_nt_each GGCAGGTCCGAGTGTgcgacaacggtttaggtgggtacgggtccccattccttatatagaaatggcatgttagTGTGCTGAGCGTTTCAGGGATGTCCTGTACTGGTTGTGAATCAAgctaagcgcagggacttcccgaatctcggtattatcccggtaagtgtggactatatttAAGCGAGAGGTGGCC
CAD2.high:Start-1275|PCA1:1276-End|RT:22_nt_each GGCAGGTCCGAGTGTgcgacaacggtttaggtgggtacgggtccccattccttatatagaaatggcatgttagGATGACCTGTACTGGTTGTGAATCAAAACTTAAGAAATCATTTGgctaagcgcagggacttcccgaatctcggtattatcccggtaagtgtggactatatttAAGCGAGAGGTGGCC
CAD2.high:Start-1446|PCA1:1447-End|RT:22_nt_each GGCAGGTCCGAGTGTgcgacaacggtttaggtgggtacgggtccccattccttatatagaaatggcatgttagGTACGAACAGATTTCAAACCACGGTTCAACTATAGATGTTGTTGgctaagcgcagggacttcccgaatctcggtattatcccggtaagtgtggactatatttAAGCGAGAGGTGGCC
CAD2.high:Start-1467|PCA1:1468-End|RT:22_nt_each GGCAGGTCCGAGTGTgcgacaacggtttaggtgggtacgggtccccattccttatatagaaatggcatgttagCGCTTCAACGATTGATGTTGTCGTTCCTTATGCAGCAAAAGATTgctaagcgcagggacttcccgaatctcggtattatcccggtaagtgtggactatatttAAGCGAGAGGTGGCC
CAD2.high:Start-1545|PCA1:1546-End|RT:22_nt_each GGCAGGTCCGAGTGTgcgacaacggtttaggtgggtacgggtccccattccttatatagaaatggcatgttagACTGAAAATTGTTGAGAGAAACATCATTCGTATTTACTTTGACCgctaagcgcagggacttcccgaatctcggtattatcccggtaagtgtggactatatttAAGCGAGAGGTGGCC
CAD2.high:Start-1770|PCA1:1771-End|RT:22_nt_each GGCAGGTCCGAGTGTgcgacaacggtttaggtgggtacgggtccccattccttatatagaaatggcatgttagGCTTCGAGAGAAAATTTCCACTATCTCCGCGTCAATGGTGCTAGgctaagcgcagggacttcccgaatctcggtattatcccggtaagtgtggactatatttAAGCGAGAGGTGGCC
CAD2.high:Start-1773|PCA1:1774-End|RT:22_nt_each GGCAGGTCCGAGTGTgcgacaacggtttaggtgggtacgggtccccattccttatatagaaatggcatgttagTCGAGAGAAAATTTCCACTATGTCCGCGTCAATGGTGCTAGCAAgctaagcgcagggacttcccgaatctcggtattatcccggtaagtgtggactatatttAAGCGAGAGGTGGCC
CAD2.high:Start-1944|PCA1:1945-End|RT:22_nt_each GGCAGGTCCGAGTGTgcgacaacggtttaggtgggtacgggtccccattccttatatagaaatggcatgttagCGTCTCATTTGGCTACTTTGTTGTTGGACGCCCGTTATCTACGGgctaagcgcagggacttcccgaatctcggtattatcccggtaagtgtggactatatttAAGCGAGAGGTGGCC
CAD2.high:Start-1947|PCA1:1948-End|RT:22_nt_each GGCAGGTCCGAGTGTgcgacaacggtttaggtgggtacgggtccccattccttatatagaaatggcatgttagCTCATTTGGCTACTTTGTTGCTGGACGCCCGTTATCTACGGAGCgctaagcgcagggacttcccgaatctcggtattatcccggtaagtgtggactatatttAAGCGAGAGGTGGCC
CAD2.high:Start-2127|PCA1:2128-End|RT:22_nt_each GGCAGGTCCGAGTGTgcgacaacggtttaggtgggtacgggtccccattccttatatagaaatggcatgttagAACCGGCAAAGAAACTGAAATTAATATTAGACTTCTCCAATATGgctaagcgcagggacttcccgaatctcggtattatcccggtaagtgtggactatatttAAGCGAGAGGTGGCC
CAD2.high:Start-2163|PCA1:2164-End|RT:22_nt_each GGCAGGTCCGAGTGTgcgacaacggtttaggtgggtacgggtccccattccttatatagaaatggcatgttagACAATATGGCGATATCTTTAAGGTTTTACCTGATTCAAGAATCCgctaagcgcagggacttcccgaatctcggtattatcccggtaagtgtggactatatttAAGCGAGAGGTGGCC
CAD2.high:Start-2505|PCA1:2506-End|RT:22_nt_each GGCAGGTCCGAGTGTgcgacaacggtttaggtgggtacgggtccccattccttatatagaaatggcatgttagGATAGCTGTGGGAATCAGGGTGGAAAAGCAATCCCGCTCCGATGgctaagcgcagggacttcccgaatctcggtattatcccggtaagtgtggactatatttAAGCGAGAGGTGGCC
CAD2.high:Start-2583|PCA1:2584-End|RT:22_nt_each GGCAGGTCCGAGTGTgcgacaacggtttaggtgggtacgggtccccattccttatatagaaatggcatgttagTCTCATAGTTTCCTGTCCCTGCGTGATTGGACTTGCCGTTCCTAgctaagcgcagggacttcccgaatctcggtattatcccggtaagtgtggactatatttAAGCGAGAGGTGGCC
CAD2.high:Start-2907|PCA1:2908-End|RT:22_nt_each GGCAGGTCCGAGTGTgcgacaacggtttaggtgggtacgggtccccattccttatatagaaatggcatgttagTACCAAAGCTGTCACGGGTAAGCGGGTAGAAGGAACATCATACTgctaagcgcagggacttcccgaatctcggtattatcccggtaagtgtggactatatttAAGCGAGAGGTGGCC
CAD2.high:Start-3339|PCA1:3340-End|RT:22_nt_each GGCAGGTCCGAGTGTgcgacaacggtttaggtgggtacgggtccccattccttatatagaaatggcatgttagTGACGGAACAAATGACGCCATAGGTTTGACTCAAGCAACGATTGgctaagcgcagggacttcccgaatctcggtattatcccggtaagtgtggactatatttAAGCGAGAGGTGGCC
CAD2.high:Start-3624|PCA1:3625-End|RT:22_nt_each GGCAGGTCCGAGTGTgcgacaacggtttaggtgggtacgggtccccattccttatatagaaatggcatgttagTTTACCTGTAATTTTCGTTGCTATACTTCTGCGTTATGCAAAGAgctaagcgcagggacttcccgaatctcggtattatcccggtaagtgtggactatatttAAGCGAGAGGTGGCC
CAD2.high:Start-3645|PCA1:3646-End|RT:22_nt_each GGCAGGTCCGAGTGTgcgacaacggtttaggtgggtacgggtccccattccttatatagaaatggcatgttagTACTCTTCTTCGATACGCAAAAATTTAGTCCAGGTACTGCTGCTgctaagcgcagggacttcccgaatctcggtattatcccggtaagtgtggactatatttAAGCGAGAGGTGGCC
CAD2.high:Start-3648|PCA1:3649-End|RT:22_nt_each GGCAGGTCCGAGTGTgcgacaacggtttaggtgggtacgggtccccattccttatatagaaatggcatgttagTCTTCTTCGATACGCAAAAGTTTAGTCCAGGTACTGCTGCTATTgctaagcgcagggacttcccgaatctcggtattatcccggtaagtgtggactatatttAAGCGAGAGGTGGCC
CAD2.high:Start-114|PCA1:115-End|RT:25_nt_each GGCAGGTCCGAGTGTgcgacaacggtttaggtgggtacgggtccccattccttatatagaaatggcatgtGCAAGATAATAGGGGCGAGTGTCATCGTAGATCCATAGAAATGCATGCTAaagcgcagggacttcccgaatctcggtattatcccggtaagtgtggactatatttAAGCGAGAGGTGGCC
CAD2.high:Start-129|PCA1:130-End|RT:25_nt_each GGCAGGTCCGAGTGTgcgacaacggtttaggtgggtacgggtccccattccttatatagaaatggcatgtCGAGTGTCATCTTAGATCTATAGAAATGCATGCTAATGACAATCTGGGATaagcgcagggacttcccgaatctcggtattatcccggtaagtgtggactatatttAAGCGAGAGGTGGCC
CAD2.high:Start-426|PCA1:427-End|RT:25_nt_each GGCAGGTCCGAGTGTgcgacaacggtttaggtgggtacgggtccccattccttatatagaaatggcatgtCCACACCAATGAATCTTGTGTAGACGGATGCTGCGTTAGAGATTCTTCAGaagcgcagggacttcccgaatctcggtattatcccggtaagtgtggactatatttAAGCGAGAGGTGGCC
CAD2.high:Start-465|PCA1:466-End|RT:25_nt_each GGCAGGTCCGAGTGTgcgacaacggtttaggtgggtacgggtccccattccttatatagaaatggcatgtGGATTCTTCTGTTATGGTGGAAGAGGTTACAGGCAGCTGCGAAGCTGTATaagcgcagggacttcccgaatctcggtattatcccggtaagtgtggactatatttAAGCGAGAGGTGGCC
CAD2.high:Start-627|PCA1:628-End|RT:25_nt_each GGCAGGTCCGAGTGTgcgacaacggtttaggtgggtacgggtccccattccttatatagaaatggcatgtACACACAGGTAAAGGAAGGCTTTGTATCGAATCAAGTGACTCTACACTCAaagcgcagggacttcccgaatctcggtattatcccggtaagtgtggactatatttAAGCGAGAGGTGGCC
CAD2.high:Start-660|PCA1:661-End|RT:25_nt_each GGCAGGTCCGAGTGTgcgacaacggtttaggtgggtacgggtccccattccttatatagaaatggcatgtGAGTGACTCAACACTCAAGAAGAGAAGTTGTAAAGTTAGCAGACAGAAAAaagcgcagggacttcccgaatctcggtattatcccggtaagtgtggactatatttAAGCGAGAGGTGGCC
CAD2.high:Start-774|PCA1:775-End|RT:25_nt_each GGCAGGTCCGAGTGTgcgacaacggtttaggtgggtacgggtccccattccttatatagaaatggcatgtCTGTGAAAAGAGGACCTTTAAGGGTAGCACCAATGTTGGAATTTCTGGGAaagcgcagggacttcccgaatctcggtattatcccggtaagtgtggactatatttAAGCGAGAGGTGGCC
CAD2.high:Start-1032|PCA1:1033-End|RT:25_nt_each GGCAGGTCCGAGTGTgcgacaacggtttaggtgggtacgggtccccattccttatatagaaatggcatgtTGGTTGTTTAACAAAGAAGAAGACCCATGGAGACAAAGAAAGGTTGAGCAaagcgcagggacttcccgaatctcggtattatcccggtaagtgtggactatatttAAGCGAGAGGTGGCC
CAD2.high:Start-1188|PCA1:1189-End|RT:25_nt_each GGCAGGTCCGAGTGTgcgacaacggtttaggtgggtacgggtccccattccttatatagaaatggcatgtAAGAATCGTATCTATGGAGCCAATTGAAAATCATCTTAATCTTGAGGCAGaagcgcagggacttcccgaatctcggtattatcccggtaagtgtggactatatttAAGCGAGAGGTGGCC
CAD2.high:Start-1257|PCA1:1258-End|RT:25_nt_each GGCAGGTCCGAGTGTgcgacaacggtttaggtgggtacgggtccccattccttatatagaaatggcatgtTATTGTGCTGAGCGTTTCAGGGATGTCCTGTACTGGTTGTGAATCAAAACaagcgcagggacttcccgaatctcggtattatcccggtaagtgtggactatatttAAGCGAGAGGTGGCC
CAD2.high:Start-1275|PCA1:1276-End|RT:25_nt_each GGCAGGTCCGAGTGTgcgacaacggtttaggtgggtacgggtccccattccttatatagaaatggcatgtAGGGATGACCTGTACTGGTTGTGAATCAAAACTTAAGAAATCATTTGGCGaagcgcagggacttcccgaatctcggtattatcccggtaagtgtggactatatttAAGCGAGAGGTGGCC
CAD2.high:Start-1446|PCA1:1447-End|RT:25_nt_each GGCAGGTCCGAGTGTgcgacaacggtttaggtgggtacgggtccccattccttatatagaaatggcatgtCAAGTACGAACAGATTTCAAACCACGGTTCAACTATAGATGTTGTTGTTCaagcgcagggacttcccgaatctcggtattatcccggtaagtgtggactatatttAAGCGAGAGGTGGCC
CAD2.high:Start-1467|PCA1:1468-End|RT:25_nt_each GGCAGGTCCGAGTGTgcgacaacggtttaggtgggtacgggtccccattccttatatagaaatggcatgtCCACGCTTCAACGATTGATGTTGTCGTTCCTTATGCAGCAAAAGATTTTAaagcgcagggacttcccgaatctcggtattatcccggtaagtgtggactatatttAAGCGAGAGGTGGCC
CAD2.high:Start-1545|PCA1:1546-End|RT:25_nt_each GGCAGGTCCGAGTGTgcgacaacggtttaggtgggtacgggtccccattccttatatagaaatggcatgtAGAACTGAAAATTGTTGAGAGAAACATCATTCGTATTTACTTTGACCCAAaagcgcagggacttcccgaatctcggtattatcccggtaagtgtggactatatttAAGCGAGAGGTGGCC
CAD2.high:Start-1770|PCA1:1771-End|RT:25_nt_each GGCAGGTCCGAGTGTgcgacaacggtttaggtgggtacgggtccccattccttatatagaaatggcatgtTCAGCTTCGAGAGAAAATTTCCACTATCTCCGCGTCAATGGTGCTAGCAAaagcgcagggacttcccgaatctcggtattatcccggtaagtgtggactatatttAAGCGAGAGGTGGCC
CAD2.high:Start-1773|PCA1:1774-End|RT:25_nt_each GGCAGGTCCGAGTGTgcgacaacggtttaggtgggtacgggtccccattccttatatagaaatggcatgtGCTTCGAGAGAAAATTTCCACTATGTCCGCGTCAATGGTGCTAGCAACTAaagcgcagggacttcccgaatctcggtattatcccggtaagtgtggactatatttAAGCGAGAGGTGGCC
CAD2.high:Start-1944|PCA1:1945-End|RT:25_nt_each GGCAGGTCCGAGTGTgcgacaacggtttaggtgggtacgggtccccattccttatatagaaatggcatgtAATCGTCTCATTTGGCTACTTTGTTGTTGGACGCCCGTTATCTACGGAGCaagcgcagggacttcccgaatctcggtattatcccggtaagtgtggactatatttAAGCGAGAGGTGGCC
CAD2.high:Start-1947|PCA1:1948-End|RT:25_nt_each GGCAGGTCCGAGTGTgcgacaacggtttaggtgggtacgggtccccattccttatatagaaatggcatgtCGTCTCATTTGGCTACTTTGTTGCTGGACGCCCGTTATCTACGGAGCAGTaagcgcagggacttcccgaatctcggtattatcccggtaagtgtggactatatttAAGCGAGAGGTGGCC
CAD2.high:Start-2127|PCA1:2128-End|RT:25_nt_each GGCAGGTCCGAGTGTgcgacaacggtttaggtgggtacgggtccccattccttatatagaaatggcatgtTAAAACCGGCAAAGAAACTGAAATTAATATTAGACTTCTCCAATATGGCGaagcgcagggacttcccgaatctcggtattatcccggtaagtgtggactatatttAAGCGAGAGGTGGCC
CAD2.high:Start-2163|PCA1:2164-End|RT:25_nt_each GGCAGGTCCGAGTGTgcgacaacggtttaggtgggtacgggtccccattccttatatagaaatggcatgtGTTACAATATGGCGATATCTTTAAGGTTTTACCTGATTCAAGAATCCCAAaagcgcagggacttcccgaatctcggtattatcccggtaagtgtggactatatttAAGCGAGAGGTGGCC
CAD2.high:Start-2505|PCA1:2506-End|RT:25_nt_each GGCAGGTCCGAGTGTgcgacaacggtttaggtgggtacgggtccccattccttatatagaaatggcatgtTTGGATAGCTGTGGGAATCAGGGTGGAAAAGCAATCCCGCTCCGATGCCGaagcgcagggacttcccgaatctcggtattatcccggtaagtgtggactatatttAAGCGAGAGGTGGCC
CAD2.high:Start-2583|PCA1:2584-End|RT:25_nt_each GGCAGGTCCGAGTGTgcgacaacggtttaggtgggtacgggtccccattccttatatagaaatggcatgtAGTTCTCATAGTTTCCTGTCCCTGCGTGATTGGACTTGCCGTTCCTATCGaagcgcagggacttcccgaatctcggtattatcccggtaagtgtggactatatttAAGCGAGAGGTGGCC
CAD2.high:Start-2907|PCA1:2908-End|RT:25_nt_each GGCAGGTCCGAGTGTgcgacaacggtttaggtgggtacgggtccccattccttatatagaaatggcatgtTAATACCAAAGCTGTCACGGGTAAGCGGGTAGAAGGAACATCATACTCTGaagcgcagggacttcccgaatctcggtattatcccggtaagtgtggactatatttAAGCGAGAGGTGGCC
CAD2.high:Start-3339|PCA1:3340-End|RT:25_nt_each GGCAGGTCCGAGTGTgcgacaacggtttaggtgggtacgggtccccattccttatatagaaatggcatgtCGGTGACGGAACAAATGACGCCATAGGTTTGACTCAAGCAACGATTGGAGaagcgcagggacttcccgaatctcggtattatcccggtaagtgtggactatatttAAGCGAGAGGTGGCC
CAD2.high:Start-3624|PCA1:3625-End|RT:25_nt_each GGCAGGTCCGAGTGTgcgacaacggtttaggtgggtacgggtccccattccttatatagaaatggcatgtTATTTTACCTGTAATTTTCGTTGCTATACTTCTGCGTTATGCAAAGATTTaagcgcagggacttcccgaatctcggtattatcccggtaagtgtggactatatttAAGCGAGAGGTGGCC
CAD2.high:Start-3645|PCA1:3646-End|RT:25_nt_each GGCAGGTCCGAGTGTgcgacaacggtttaggtgggtacgggtccccattccttatatagaaatggcatgtTGCTACTCTTCTTCGATACGCAAAAATTTAGTCCAGGTACTGCTGCTATTaagcgcagggacttcccgaatctcggtattatcccggtaagtgtggactatatttAAGCGAGAGGTGGCC
CAD2.high:Start-3648|PCA1:3649-End|RT:25_nt_each GGCAGGTCCGAGTGTgcgacaacggtttaggtgggtacgggtccccattccttatatagaaatggcatgtTACTCTTCTTCGATACGCAAAAGTTTAGTCCAGGTACTGCTGCTATTTGAaagcgcagggacttcccgaatctcggtattatcccggtaagtgtggactatatttAAGCGAGAGGTGGCC
CAD2.high:Start-114|PCA1:115-End|RT:29_nt_each GGCAGGTCCGAGTGTgcgacaacggtttaggtgggtacgggtccccattccttatatagaaatggcCAATGCAAGATAATAGGGGCGAGTGTCATCGTAGATCCATAGAAATGCATGCTAATGAgcagggacttcccgaatctcggtattatcccggtaagtgtggactatatttAAGCGAGAGGTGGCC
CAD2.high:Start-129|PCA1:130-End|RT:29_nt_each GGCAGGTCCGAGTGTgcgacaacggtttaggtgggtacgggtccccattccttatatagaaatggcGGGGCGAGTGTCATCTTAGATCTATAGAAATGCATGCTAATGACAATCTGGGATTGGTgcagggacttcccgaatctcggtattatcccggtaagtgtggactatatttAAGCGAGAGGTGGCC
CAD2.high:Start-426|PCA1:427-End|RT:29_nt_each GGCAGGTCCGAGTGTgcgacaacggtttaggtgggtacgggtccccattccttatatagaaatggcGGGACCACACCAATGAATCTTGTGTAGACGGATGCTGCGTTAGAGATTCTTCAGTGATgcagggacttcccgaatctcggtattatcccggtaagtgtggactatatttAAGCGAGAGGTGGCC
CAD2.high:Start-465|PCA1:466-End|RT:29_nt_each GGCAGGTCCGAGTGTgcgacaacggtttaggtgggtacgggtccccattccttatatagaaatggcTTAGGGATTCTTCTGTTATGGTGGAAGAGGTTACAGGCAGCTGCGAAGCTGTATCTTCgcagggacttcccgaatctcggtattatcccggtaagtgtggactatatttAAGCGAGAGGTGGCC
CAD2.high:Start-627|PCA1:628-End|RT:29_nt_each GGCAGGTCCGAGTGTgcgacaacggtttaggtgggtacgggtccccattccttatatagaaatggcACCAACACACAGGTAAAGGAAGGCTTTGTATCGAATCAAGTGACTCTACACTCAAGAAgcagggacttcccgaatctcggtattatcccggtaagtgtggactatatttAAGCGAGAGGTGGCC
CAD2.high:Start-660|PCA1:661-End|RT:29_nt_each GGCAGGTCCGAGTGTgcgacaacggtttaggtgggtacgggtccccattccttatatagaaatggcAATCGAGTGACTCAACACTCAAGAAGAGAAGTTGTAAAGTTAGCAGACAGAAAATTGAgcagggacttcccgaatctcggtattatcccggtaagtgtggactatatttAAGCGAGAGGTGGCC
CAD2.high:Start-774|PCA1:775-End|RT:29_nt_each GGCAGGTCCGAGTGTgcgacaacggtttaggtgggtacgggtccccattccttatatagaaatggcGTAGCTGTGAAAAGAGGACCTTTAAGGGTAGCACCAATGTTGGAATTTCTGGGAGTAGgcagggacttcccgaatctcggtattatcccggtaagtgtggactatatttAAGCGAGAGGTGGCC
CAD2.high:Start-1032|PCA1:1033-End|RT:29_nt_each GGCAGGTCCGAGTGTgcgacaacggtttaggtgggtacgggtccccattccttatatagaaatggcGTTCTGGTTGTTTAACAAAGAAGAAGACCCATGGAGACAAAGAAAGGTTGAGCAATGAgcagggacttcccgaatctcggtattatcccggtaagtgtggactatatttAAGCGAGAGGTGGCC
CAD2.high:Start-1188|PCA1:1189-End|RT:29_nt_each GGCAGGTCCGAGTGTgcgacaacggtttaggtgggtacgggtccccattccttatatagaaatggcTATCAAGAATCGTATCTATGGAGCCAATTGAAAATCATCTTAATCTTGAGGCAGGATCgcagggacttcccgaatctcggtattatcccggtaagtgtggactatatttAAGCGAGAGGTGGCC
CAD2.high:Start-1257|PCA1:1258-End|RT:29_nt_each GGCAGGTCCGAGTGTgcgacaacggtttaggtgggtacgggtccccattccttatatagaaatggcAGCATATTGTGCTGAGCGTTTCAGGGATGTCCTGTACTGGTTGTGAATCAAAACTTAAgcagggacttcccgaatctcggtattatcccggtaagtgtggactatatttAAGCGAGAGGTGGCC
CAD2.high:Start-1275|PCA1:1276-End|RT:29_nt_each GGCAGGTCCGAGTGTgcgacaacggtttaggtgggtacgggtccccattccttatatagaaatggcTTTCAGGGATGACCTGTACTGGTTGTGAATCAAAACTTAAGAAATCATTTGGCGCGCTgcagggacttcccgaatctcggtattatcccggtaagtgtggactatatttAAGCGAGAGGTGGCC
CAD2.high:Start-1446|PCA1:1447-End|RT:29_nt_each GGCAGGTCCGAGTGTgcgacaacggtttaggtgggtacgggtccccattccttatatagaaatggcAATTCAAGTACGAACAGATTTCAAACCACGGTTCAACTATAGATGTTGTTGTTCCTTAgcagggacttcccgaatctcggtattatcccggtaagtgtggactatatttAAGCGAGAGGTGGCC
CAD2.high:Start-1467|PCA1:1468-End|RT:29_nt_each GGCAGGTCCGAGTGTgcgacaacggtttaggtgggtacgggtccccattccttatatagaaatggcCAAACCACGCTTCAACGATTGATGTTGTCGTTCCTTATGCAGCAAAAGATTTTATTAAgcagggacttcccgaatctcggtattatcccggtaagtgtggactatatttAAGCGAGAGGTGGCC
CAD2.high:Start-1545|PCA1:1546-End|RT:29_nt_each GGCAGGTCCGAGTGTgcgacaacggtttaggtgggtacgggtccccattccttatatagaaatggcTTACAGAACTGAAAATTGTTGAGAGAAACATCATTCGTATTTACTTTGACCCAAAGGTgcagggacttcccgaatctcggtattatcccggtaagtgtggactatatttAAGCGAGAGGTGGCC
CAD2.high:Start-1770|PCA1:1771-End|RT:29_nt_each GGCAGGTCCGAGTGTgcgacaacggtttaggtgggtacgggtccccattccttatatagaaatggcCCCCTCAGCTTCGAGAGAAAATTTCCACTATCTCCGCGTCAATGGTGCTAGCAACTATgcagggacttcccgaatctcggtattatcccggtaagtgtggactatatttAAGCGAGAGGTGGCC
CAD2.high:Start-1773|PCA1:1774-End|RT:29_nt_each GGCAGGTCCGAGTGTgcgacaacggtttaggtgggtacgggtccccattccttatatagaaatggcCTCAGCTTCGAGAGAAAATTTCCACTATGTCCGCGTCAATGGTGCTAGCAACTATTATgcagggacttcccgaatctcggtattatcccggtaagtgtggactatatttAAGCGAGAGGTGGCC
CAD2.high:Start-1944|PCA1:1945-End|RT:29_nt_each GGCAGGTCCGAGTGTgcgacaacggtttaggtgggtacgggtccccattccttatatagaaatggcTTTCAATCGTCTCATTTGGCTACTTTGTTGTTGGACGCCCGTTATCTACGGAGCAGTTgcagggacttcccgaatctcggtattatcccggtaagtgtggactatatttAAGCGAGAGGTGGCC
CAD2.high:Start-1947|PCA1:1948-End|RT:29_nt_each GGCAGGTCCGAGTGTgcgacaacggtttaggtgggtacgggtccccattccttatatagaaatggcCAATCGTCTCATTTGGCTACTTTGTTGCTGGACGCCCGTTATCTACGGAGCAGTTTTTgcagggacttcccgaatctcggtattatcccggtaagtgtggactatatttAAGCGAGAGGTGGCC
CAD2.high:Start-2127|PCA1:2128-End|RT:29_nt_each GGCAGGTCCGAGTGTgcgacaacggtttaggtgggtacgggtccccattccttatatagaaatggcTCGATAAAACCGGCAAAGAAACTGAAATTAATATTAGACTTCTCCAATATGGCGATATgcagggacttcccgaatctcggtattatcccggtaagtgtggactatatttAAGCGAGAGGTGGCC
CAD2.high:Start-2163|PCA1:2164-End|RT:29_nt_each GGCAGGTCCGAGTGTgcgacaacggtttaggtgggtacgggtccccattccttatatagaaatggcGACTGTTACAATATGGCGATATCTTTAAGGTTTTACCTGATTCAAGAATCCCAACTGAgcagggacttcccgaatctcggtattatcccggtaagtgtggactatatttAAGCGAGAGGTGGCC
CAD2.high:Start-2505|PCA1:2506-End|RT:29_nt_each GGCAGGTCCGAGTGTgcgacaacggtttaggtgggtacgggtccccattccttatatagaaatggcGCGTTTGGATAGCTGTGGGAATCAGGGTGGAAAAGCAATCCCGCTCCGATGCCGTAATgcagggacttcccgaatctcggtattatcccggtaagtgtggactatatttAAGCGAGAGGTGGCC
CAD2.high:Start-2583|PCA1:2584-End|RT:29_nt_each GGCAGGTCCGAGTGTgcgacaacggtttaggtgggtacgggtccccattccttatatagaaatggcTTACAGTTCTCATAGTTTCCTGTCCCTGCGTGATTGGACTTGCCGTTCCTATCGTATTgcagggacttcccgaatctcggtattatcccggtaagtgtggactatatttAAGCGAGAGGTGGCC
CAD2.high:Start-2907|PCA1:2908-End|RT:29_nt_each GGCAGGTCCGAGTGTgcgacaacggtttaggtgggtacgggtccccattccttatatagaaatggcTTTCTAATACCAAAGCTGTCACGGGTAAGCGGGTAGAAGGAACATCATACTCTGGTTTgcagggacttcccgaatctcggtattatcccggtaagtgtggactatatttAAGCGAGAGGTGGCC
CAD2.high:Start-3339|PCA1:3340-End|RT:29_nt_each GGCAGGTCCGAGTGTgcgacaacggtttaggtgggtacgggtccccattccttatatagaaatggcTCTGCGGTGACGGAACAAATGACGCCATAGGTTTGACTCAAGCAACGATTGGAGTTCAgcagggacttcccgaatctcggtattatcccggtaagtgtggactatatttAAGCGAGAGGTGGCC
CAD2.high:Start-3624|PCA1:3625-End|RT:29_nt_each GGCAGGTCCGAGTGTgcgacaacggtttaggtgggtacgggtccccattccttatatagaaatggcTTAGTATTTTACCTGTAATTTTCGTTGCTATACTTCTGCGTTATGCAAAGATTTAGTCgcagggacttcccgaatctcggtattatcccggtaagtgtggactatatttAAGCGAGAGGTGGCC
CAD2.high:Start-3645|PCA1:3646-End|RT:29_nt_each GGCAGGTCCGAGTGTgcgacaacggtttaggtgggtacgggtccccattccttatatagaaatggcTCGTTGCTACTCTTCTTCGATACGCAAAAATTTAGTCCAGGTACTGCTGCTATTTGATgcagggacttcccgaatctcggtattatcccggtaagtgtggactatatttAAGCGAGAGGTGGCC
CAD2.high:Start-3648|PCA1:3649-End|RT:29_nt_each GGCAGGTCCGAGTGTgcgacaacggtttaggtgggtacgggtccccattccttatatagaaatggcTTGCTACTCTTCTTCGATACGCAAAAGTTTAGTCCAGGTACTGCTGCTATTTGATTGTgcagggacttcccgaatctcggtattatcccggtaagtgtggactatatttAAGCGAGAGGTGGCC
CAD2.high:Start-114|PCA1:115-End|RT:34_nt_each GGCAGGTCCGAGTGTgcgacaacggtttaggtgggtacgggtccccattccttatatagaaAGATGCAATGCAAGATAATAGGGGCGAGTGTCATCGTAGATCCATAGAAATGCATGCTAATGACAATCgacttcccgaatctcggtattatcccggtaagtgtggactatatttAAGCGAGAGGTGGCC
CAD2.high:Start-129|PCA1:130-End|RT:34_nt_each GGCAGGTCCGAGTGTgcgacaacggtttaggtgggtacgggtccccattccttatatagaaTAATAGGGGCGAGTGTCATCTTAGATCTATAGAAATGCATGCTAATGACAATCTGGGATTGGTCTCCCgacttcccgaatctcggtattatcccggtaagtgtggactatatttAAGCGAGAGGTGGCC
CAD2.high:Start-426|PCA1:427-End|RT:34_nt_each GGCAGGTCCGAGTGTgcgacaacggtttaggtgggtacgggtccccattccttatatagaaGGGAGGGGACCACACCAATGAATCTTGTGTAGACGGATGCTGCGTTAGAGATTCTTCAGTGATGGTCGgacttcccgaatctcggtattatcccggtaagtgtggactatatttAAGCGAGAGGTGGCC
CAD2.high:Start-465|PCA1:466-End|RT:34_nt_each GGCAGGTCCGAGTGTgcgacaacggtttaggtgggtacgggtccccattccttatatagaaTTGTGTTAGGGATTCTTCTGTTATGGTGGAAGAGGTTACAGGCAGCTGCGAAGCTGTATCTTCTAAAGgacttcccgaatctcggtattatcccggtaagtgtggactatatttAAGCGAGAGGTGGCC
CAD2.high:Start-627|PCA1:628-End|RT:34_nt_each GGCAGGTCCGAGTGTgcgacaacggtttaggtgggtacgggtccccattccttatatagaaCTCCAACCAACACACAGGTAAAGGAAGGCTTTGTATCGAATCAAGTGACTCTACACTCAAGAAAAGAAgacttcccgaatctcggtattatcccggtaagtgtggactatatttAAGCGAGAGGTGGCC
CAD2.high:Start-660|PCA1:661-End|RT:34_nt_each GGCAGGTCCGAGTGTgcgacaacggtttaggtgggtacgggtccccattccttatatagaaTTTGGAATCGAGTGACTCAACACTCAAGAAGAGAAGTTGTAAAGTTAGCAGACAGAAAATTGAGGTTTgacttcccgaatctcggtattatcccggtaagtgtggactatatttAAGCGAGAGGTGGCC
CAD2.high:Start-774|PCA1:775-End|RT:34_nt_each GGCAGGTCCGAGTGTgcgacaacggtttaggtgggtacgggtccccattccttatatagaaATCTCGTAGCTGTGAAAAGAGGACCTTTAAGGGTAGCACCAATGTTGGAATTTCTGGGAGTAGCTCTAgacttcccgaatctcggtattatcccggtaagtgtggactatatttAAGCGAGAGGTGGCC
CAD2.high:Start-1032|PCA1:1033-End|RT:34_nt_each GGCAGGTCCGAGTGTgcgacaacggtttaggtgggtacgggtccccattccttatatagaaCAATAGTTCTGGTTGTTTAACAAAGAAGAAGACCCATGGAGACAAAGAAAGGTTGAGCAATGACAATGgacttcccgaatctcggtattatcccggtaagtgtggactatatttAAGCGAGAGGTGGCC
CAD2.high:Start-1188|PCA1:1189-End|RT:34_nt_each GGCAGGTCCGAGTGTgcgacaacggtttaggtgggtacgggtccccattccttatatagaaTGAAATATCAAGAATCGTATCTATGGAGCCAATTGAAAATCATCTTAATCTTGAGGCAGGATCTACCGgacttcccgaatctcggtattatcccggtaagtgtggactatatttAAGCGAGAGGTGGCC
CAD2.high:Start-1257|PCA1:1258-End|RT:34_nt_each GGCAGGTCCGAGTGTgcgacaacggtttaggtgggtacgggtccccattccttatatagaaTACTGAGCATATTGTGCTGAGCGTTTCAGGGATGTCCTGTACTGGTTGTGAATCAAAACTTAAGAAATgacttcccgaatctcggtattatcccggtaagtgtggactatatttAAGCGAGAGGTGGCC
CAD2.high:Start-1275|PCA1:1276-End|RT:34_nt_each GGCAGGTCCGAGTGTgcgacaacggtttaggtgggtacgggtccccattccttatatagaaGAGCGTTTCAGGGATGACCTGTACTGGTTGTGAATCAAAACTTAAGAAATCATTTGGCGCGCTCAAATgacttcccgaatctcggtattatcccggtaagtgtggactatatttAAGCGAGAGGTGGCC
CAD2.high:Start-1446|PCA1:1447-End|RT:34_nt_each GGCAGGTCCGAGTGTgcgacaacggtttaggtgggtacgggtccccattccttatatagaaTACTGAATTCAAGTACGAACAGATTTCAAACCACGGTTCAACTATAGATGTTGTTGTTCCTTATGCAGgacttcccgaatctcggtattatcccggtaagtgtggactatatttAAGCGAGAGGTGGCC
CAD2.high:Start-1467|PCA1:1468-End|RT:34_nt_each GGCAGGTCCGAGTGTgcgacaacggtttaggtgggtacgggtccccattccttatatagaaGATTTCAAACCACGCTTCAACGATTGATGTTGTCGTTCCTTATGCAGCAAAAGATTTTATTAATGAGGgacttcccgaatctcggtattatcccggtaagtgtggactatatttAAGCGAGAGGTGGCC
CAD2.high:Start-1545|PCA1:1546-End|RT:34_nt_each GGCAGGTCCGAGTGTgcgacaacggtttaggtgggtacgggtccccattccttatatagaaAGGTGTTACAGAACTGAAAATTGTTGAGAGAAACATCATTCGTATTTACTTTGACCCAAAGGTTATAGgacttcccgaatctcggtattatcccggtaagtgtggactatatttAAGCGAGAGGTGGCC
CAD2.high:Start-1770|PCA1:1771-End|RT:34_nt_each GGCAGGTCCGAGTGTgcgacaacggtttaggtgggtacgggtccccattccttatatagaaATGGGCCCCTCAGCTTCGAGAGAAAATTTCCACTATCTCCGCGTCAATGGTGCTAGCAACTATTATTCgacttcccgaatctcggtattatcccggtaagtgtggactatatttAAGCGAGAGGTGGCC
CAD2.high:Start-1773|PCA1:1774-End|RT:34_nt_each GGCAGGTCCGAGTGTgcgacaacggtttaggtgggtacgggtccccattccttatatagaaGGCCCCTCAGCTTCGAGAGAAAATTTCCACTATGTCCGCGTCAATGGTGCTAGCAACTATTATTCAATgacttcccgaatctcggtattatcccggtaagtgtggactatatttAAGCGAGAGGTGGCC
CAD2.high:Start-1944|PCA1:1945-End|RT:34_nt_each GGCAGGTCCGAGTGTgcgacaacggtttaggtgggtacgggtccccattccttatatagaaCATATTTTCAATCGTCTCATTTGGCTACTTTGTTGTTGGACGCCCGTTATCTACGGAGCAGTTTTTTGgacttcccgaatctcggtattatcccggtaagtgtggactatatttAAGCGAGAGGTGGCC
CAD2.high:Start-1947|PCA1:1948-End|RT:34_nt_each GGCAGGTCCGAGTGTgcgacaacggtttaggtgggtacgggtccccattccttatatagaaATTTTCAATCGTCTCATTTGGCTACTTTGTTGCTGGACGCCCGTTATCTACGGAGCAGTTTTTTGAAAgacttcccgaatctcggtattatcccggtaagtgtggactatatttAAGCGAGAGGTGGCC
CAD2.high:Start-2127|PCA1:2128-End|RT:34_nt_each GGCAGGTCCGAGTGTgcgacaacggtttaggtgggtacgggtccccattccttatatagaaCTTAGTCGATAAAACCGGCAAAGAAACTGAAATTAATATTAGACTTCTCCAATATGGCGATATTTTTAgacttcccgaatctcggtattatcccggtaagtgtggactatatttAAGCGAGAGGTGGCC
CAD2.high:Start-2163|PCA1:2164-End|RT:34_nt_each GGCAGGTCCGAGTGTgcgacaacggtttaggtgggtacgggtccccattccttatatagaaCATTAGACTGTTACAATATGGCGATATCTTTAAGGTTTTACCTGATTCAAGAATCCCAACTGATGGAAgacttcccgaatctcggtattatcccggtaagtgtggactatatttAAGCGAGAGGTGGCC
CAD2.high:Start-2505|PCA1:2506-End|RT:34_nt_each GGCAGGTCCGAGTGTgcgacaacggtttaggtgggtacgggtccccattccttatatagaaTTTCTGCGTTTGGATAGCTGTGGGAATCAGGGTGGAAAAGCAATCCCGCTCCGATGCCGTAATTCAGGgacttcccgaatctcggtattatcccggtaagtgtggactatatttAAGCGAGAGGTGGCC
CAD2.high:Start-2583|PCA1:2584-End|RT:34_nt_each GGCAGGTCCGAGTGTgcgacaacggtttaggtgggtacgggtccccattccttatatagaaTGCTATTACAGTTCTCATAGTTTCCTGTCCCTGCGTGATTGGACTTGCCGTTCCTATCGTATTTGTTAgacttcccgaatctcggtattatcccggtaagtgtggactatatttAAGCGAGAGGTGGCC
CAD2.high:Start-2907|PCA1:2908-End|RT:34_nt_each GGCAGGTCCGAGTGTgcgacaacggtttaggtgggtacgggtccccattccttatatagaaAAATGTTTCTAATACCAAAGCTGTCACGGGTAAGCGGGTAGAAGGAACATCATACTCTGGTTTGAAGTgacttcccgaatctcggtattatcccggtaagtgtggactatatttAAGCGAGAGGTGGCC
CAD2.high:Start-3339|PCA1:3340-End|RT:34_nt_each GGCAGGTCCGAGTGTgcgacaacggtttaggtgggtacgggtccccattccttatatagaaTGTTTTCTGCGGTGACGGAACAAATGACGCCATAGGTTTGACTCAAGCAACGATTGGAGTTCATATCAgacttcccgaatctcggtattatcccggtaagtgtggactatatttAAGCGAGAGGTGGCC
CAD2.high:Start-3624|PCA1:3625-End|RT:34_nt_each GGCAGGTCCGAGTGTgcgacaacggtttaggtgggtacgggtccccattccttatatagaaGTTGGTTAGTATTTTACCTGTAATTTTCGTTGCTATACTTCTGCGTTATGCAAAGATTTAGTCCAGGTgacttcccgaatctcggtattatcccggtaagtgtggactatatttAAGCGAGAGGTGGCC
CAD2.high:Start-3645|PCA1:3646-End|RT:34_nt_each GGCAGGTCCGAGTGTgcgacaacggtttaggtgggtacgggtccccattccttatatagaaAATTTTCGTTGCTACTCTTCTTCGATACGCAAAAATTTAGTCCAGGTACTGCTGCTATTTGATTGTAGgacttcccgaatctcggtattatcccggtaagtgtggactatatttAAGCGAGAGGTGGCC
CAD2.high:Start-3648|PCA1:3649-End|RT:34_nt_each GGCAGGTCCGAGTGTgcgacaacggtttaggtgggtacgggtccccattccttatatagaaTTTCGTTGCTACTCTTCTTCGATACGCAAAAGTTTAGTCCAGGTACTGCTGCTATTTGATTGTAGATTgacttcccgaatctcggtattatcccggtaagtgtggactatatttAAGCGAGAGGTGGCC
CAD2.high:Start-114|PCA1:115-End|RT:40_nt_each GGCAGGTCCGAGTGTgcgacaacggtttaggtgggtacgggtccccattccttatATCAATAGATGCAATGCAAGATAATAGGGGCGAGTGTCATCGTAGATCCATAGAAATGCATGCTAATGACAATCTGGGATccgaatctcggtattatcccggtaagtgtggactatatttAAGCGAGAGGTGGCC
CAD2.high:Start-129|PCA1:130-End|RT:40_nt_each GGCAGGTCCGAGTGTgcgacaacggtttaggtgggtacgggtccccattccttatGCAAGATAATAGGGGCGAGTGTCATCTTAGATCTATAGAAATGCATGCTAATGACAATCTGGGATTGGTCTCCCAGCGAGccgaatctcggtattatcccggtaagtgtggactatatttAAGCGAGAGGTGGCC
CAD2.high:Start-426|PCA1:427-End|RT:40_nt_each GGCAGGTCCGAGTGTgcgacaacggtttaggtgggtacgggtccccattccttatACAAACGGGAGGGGACCACACCAATGAATCTTGTGTAGACGGATGCTGCGTTAGAGATTCTTCAGTGATGGTCGAGGAAGccgaatctcggtattatcccggtaagtgtggactatatttAAGCGAGAGGTGGCC
CAD2.high:Start-465|PCA1:466-End|RT:40_nt_each GGCAGGTCCGAGTGTgcgacaacggtttaggtgggtacgggtccccattccttatCGAGTGTTGTGTTAGGGATTCTTCTGTTATGGTGGAAGAGGTTACAGGCAGCTGCGAAGCTGTATCTTCTAAAGAACAATccgaatctcggtattatcccggtaagtgtggactatatttAAGCGAGAGGTGGCC
CAD2.high:Start-627|PCA1:628-End|RT:40_nt_each GGCAGGTCCGAGTGTgcgacaacggtttaggtgggtacgggtccccattccttatTACCAACTCCAACCAACACACAGGTAAAGGAAGGCTTTGTATCGAATCAAGTGACTCTACACTCAAGAAAAGAAGTTGTAccgaatctcggtattatcccggtaagtgtggactatatttAAGCGAGAGGTGGCC
CAD2.high:Start-660|PCA1:661-End|RT:40_nt_each GGCAGGTCCGAGTGTgcgacaacggtttaggtgggtacgggtccccattccttatGCTTTGTTTGGAATCGAGTGACTCAACACTCAAGAAGAGAAGTTGTAAAGTTAGCAGACAGAAAATTGAGGTTTCCAGTAccgaatctcggtattatcccggtaagtgtggactatatttAAGCGAGAGGTGGCC
CAD2.high:Start-774|PCA1:775-End|RT:40_nt_each GGCAGGTCCGAGTGTgcgacaacggtttaggtgggtacgggtccccattccttatTATTGCATCTCGTAGCTGTGAAAAGAGGACCTTTAAGGGTAGCACCAATGTTGGAATTTCTGGGAGTAGCTCTACCGACAccgaatctcggtattatcccggtaagtgtggactatatttAAGCGAGAGGTGGCC
CAD2.high:Start-1032|PCA1:1033-End|RT:40_nt_each GGCAGGTCCGAGTGTgcgacaacggtttaggtgggtacgggtccccattccttatCTATCGCAATAGTTCTGGTTGTTTAACAAAGAAGAAGACCCATGGAGACAAAGAAAGGTTGAGCAATGACAATGGCCATGccgaatctcggtattatcccggtaagtgtggactatatttAAGCGAGAGGTGGCC
CAD2.high:Start-1188|PCA1:1189-End|RT:40_nt_each GGCAGGTCCGAGTGTgcgacaacggtttaggtgggtacgggtccccattccttatTTCTAGTGAAATATCAAGAATCGTATCTATGGAGCCAATTGAAAATCATCTTAATCTTGAGGCAGGATCTACCGGTACCGccgaatctcggtattatcccggtaagtgtggactatatttAAGCGAGAGGTGGCC
CAD2.high:Start-1257|PCA1:1258-End|RT:40_nt_each GGCAGGTCCGAGTGTgcgacaacggtttaggtgggtacgggtccccattccttatAACAGGTACTGAGCATATTGTGCTGAGCGTTTCAGGGATGTCCTGTACTGGTTGTGAATCAAAACTTAAGAAATCATTTGccgaatctcggtattatcccggtaagtgtggactatatttAAGCGAGAGGTGGCC
CAD2.high:Start-1275|PCA1:1276-End|RT:40_nt_each GGCAGGTCCGAGTGTgcgacaacggtttaggtgggtacgggtccccattccttatTGTGCTGAGCGTTTCAGGGATGACCTGTACTGGTTGTGAATCAAAACTTAAGAAATCATTTGGCGCGCTCAAATGTGTTCccgaatctcggtattatcccggtaagtgtggactatatttAAGCGAGAGGTGGCC
CAD2.high:Start-1446|PCA1:1447-End|RT:40_nt_each GGCAGGTCCGAGTGTgcgacaacggtttaggtgggtacgggtccccattccttatCAAAACTACTGAATTCAAGTACGAACAGATTTCAAACCACGGTTCAACTATAGATGTTGTTGTTCCTTATGCAGCAAAAGccgaatctcggtattatcccggtaagtgtggactatatttAAGCGAGAGGTGGCC
CAD2.high:Start-1467|PCA1:1468-End|RT:40_nt_each GGCAGGTCCGAGTGTgcgacaacggtttaggtgggtacgggtccccattccttatCGAACAGATTTCAAACCACGCTTCAACGATTGATGTTGTCGTTCCTTATGCAGCAAAAGATTTTATTAATGAGGAATGGCccgaatctcggtattatcccggtaagtgtggactatatttAAGCGAGAGGTGGCC
CAD2.high:Start-1545|PCA1:1546-End|RT:40_nt_each GGCAGGTCCGAGTGTgcgacaacggtttaggtgggtacgggtccccattccttatGCCACAAGGTGTTACAGAACTGAAAATTGTTGAGAGAAACATCATTCGTATTTACTTTGACCCAAAGGTTATAGGTGCCAccgaatctcggtattatcccggtaagtgtggactatatttAAGCGAGAGGTGGCC
CAD2.high:Start-1770|PCA1:1771-End|RT:40_nt_each GGCAGGTCCGAGTGTgcgacaacggtttaggtgggtacgggtccccattccttatTATGGCATGGGCCCCTCAGCTTCGAGAGAAAATTTCCACTATCTCCGCGTCAATGGTGCTAGCAACTATTATTCAATTTGccgaatctcggtattatcccggtaagtgtggactatatttAAGCGAGAGGTGGCC
CAD2.high:Start-1773|PCA1:1774-End|RT:40_nt_each GGCAGGTCCGAGTGTgcgacaacggtttaggtgggtacgggtccccattccttatGGCATGGGCCCCTCAGCTTCGAGAGAAAATTTCCACTATGTCCGCGTCAATGGTGCTAGCAACTATTATTCAATTTGTTAccgaatctcggtattatcccggtaagtgtggactatatttAAGCGAGAGGTGGCC
CAD2.high:Start-1944|PCA1:1945-End|RT:40_nt_each GGCAGGTCCGAGTGTgcgacaacggtttaggtgggtacgggtccccattccttatCGCGTACATATTTTCAATCGTCTCATTTGGCTACTTTGTTGTTGGACGCCCGTTATCTACGGAGCAGTTTTTTGAAACCAccgaatctcggtattatcccggtaagtgtggactatatttAAGCGAGAGGTGGCC
CAD2.high:Start-1947|PCA1:1948-End|RT:40_nt_each GGCAGGTCCGAGTGTgcgacaacggtttaggtgggtacgggtccccattccttatGTACATATTTTCAATCGTCTCATTTGGCTACTTTGTTGCTGGACGCCCGTTATCTACGGAGCAGTTTTTTGAAACCAGCTccgaatctcggtattatcccggtaagtgtggactatatttAAGCGAGAGGTGGCC
CAD2.high:Start-2127|PCA1:2128-End|RT:40_nt_each GGCAGGTCCGAGTGTgcgacaacggtttaggtgggtacgggtccccattccttatCGCTATCTTAGTCGATAAAACCGGCAAAGAAACTGAAATTAATATTAGACTTCTCCAATATGGCGATATTTTTAAGGTTTccgaatctcggtattatcccggtaagtgtggactatatttAAGCGAGAGGTGGCC
CAD2.high:Start-2163|PCA1:2164-End|RT:40_nt_each GGCAGGTCCGAGTGTgcgacaacggtttaggtgggtacgggtccccattccttatAATTGACATTAGACTGTTACAATATGGCGATATCTTTAAGGTTTTACCTGATTCAAGAATCCCAACTGATGGAACAGTCAccgaatctcggtattatcccggtaagtgtggactatatttAAGCGAGAGGTGGCC
CAD2.high:Start-2505|PCA1:2506-End|RT:40_nt_each GGCAGGTCCGAGTGTgcgacaacggtttaggtgggtacgggtccccattccttatCGTCACTTTCTGCGTTTGGATAGCTGTGGGAATCAGGGTGGAAAAGCAATCCCGCTCCGATGCCGTAATTCAGGCCATTAccgaatctcggtattatcccggtaagtgtggactatatttAAGCGAGAGGTGGCC
CAD2.high:Start-2583|PCA1:2584-End|RT:40_nt_each GGCAGGTCCGAGTGTgcgacaacggtttaggtgggtacgggtccccattccttatTATTTATGCTATTACAGTTCTCATAGTTTCCTGTCCCTGCGTGATTGGACTTGCCGTTCCTATCGTATTTGTTATTGCAAccgaatctcggtattatcccggtaagtgtggactatatttAAGCGAGAGGTGGCC
CAD2.high:Start-2907|PCA1:2908-End|RT:40_nt_each GGCAGGTCCGAGTGTgcgacaacggtttaggtgggtacgggtccccattccttatTGCTCAAAATGTTTCTAATACCAAAGCTGTCACGGGTAAGCGGGTAGAAGGAACATCATACTCTGGTTTGAAGTTACAAGccgaatctcggtattatcccggtaagtgtggactatatttAAGCGAGAGGTGGCC
CAD2.high:Start-3339|PCA1:3340-End|RT:40_nt_each GGCAGGTCCGAGTGTgcgacaacggtttaggtgggtacgggtccccattccttatTGTCGTTGTTTTCTGCGGTGACGGAACAAATGACGCCATAGGTTTGACTCAAGCAACGATTGGAGTTCATATCAATGAGGccgaatctcggtattatcccggtaagtgtggactatatttAAGCGAGAGGTGGCC
CAD2.high:Start-3624|PCA1:3625-End|RT:40_nt_each GGCAGGTCCGAGTGTgcgacaacggtttaggtgggtacgggtccccattccttatAGGTGAGTTGGTTAGTATTTTACCTGTAATTTTCGTTGCTATACTTCTGCGTTATGCAAAGATTTAGTCCAGGTACTGCTccgaatctcggtattatcccggtaagtgtggactatatttAAGCGAGAGGTGGCC
CAD2.high:Start-3645|PCA1:3646-End|RT:40_nt_each GGCAGGTCCGAGTGTgcgacaacggtttaggtgggtacgggtccccattccttatACCTGTAATTTTCGTTGCTACTCTTCTTCGATACGCAAAAATTTAGTCCAGGTACTGCTGCTATTTGATTGTAGATTTTCccgaatctcggtattatcccggtaagtgtggactatatttAAGCGAGAGGTGGCC
CAD2.high:Start-3648|PCA1:3649-End|RT:40_nt_each GGCAGGTCCGAGTGTgcgacaacggtttaggtgggtacgggtccccattccttatTGTAATTTTCGTTGCTACTCTTCTTCGATACGCAAAAGTTTAGTCCAGGTACTGCTGCTATTTGATTGTAGATTTTCTTTccgaatctcggtattatcccggtaagtgtggactatatttAAGCGAGAGGTGGCC
CAD2.high:Start-114|PCA1:115-End|RT:47_nt_each GGCAGGTCCGAGTGTgcgacaacggtttaggtgggtacgggtccccatAAAATATATCAATAGATGCAATGCAAGATAATAGGGGCGAGTGTCATCGTAGATCCATAGAAATGCATGCTAATGACAATCTGGGATTGGTCTCtcggtattatcccggtaagtgtggactatatttAAGCGAGAGGTGGCC
CAD2.high:Start-129|PCA1:130-End|RT:47_nt_each GGCAGGTCCGAGTGTgcgacaacggtttaggtgggtacgggtccccatATGCAATGCAAGATAATAGGGGCGAGTGTCATCTTAGATCTATAGAAATGCATGCTAATGACAATCTGGGATTGGTCTCCCAGCGAGACTGTACtcggtattatcccggtaagtgtggactatatttAAGCGAGAGGTGGCC
CAD2.high:Start-426|PCA1:427-End|RT:47_nt_each GGCAGGTCCGAGTGTgcgacaacggtttaggtgggtacgggtccccatGCGATGCACAAACGGGAGGGGACCACACCAATGAATCTTGTGTAGACGGATGCTGCGTTAGAGATTCTTCAGTGATGGTCGAGGAAGTTACAGGtcggtattatcccggtaagtgtggactatatttAAGCGAGAGGTGGCC
CAD2.high:Start-465|PCA1:466-End|RT:47_nt_each GGCAGGTCCGAGTGTgcgacaacggtttaggtgggtacgggtccccatGTGTAGACGAGTGTTGTGTTAGGGATTCTTCTGTTATGGTGGAAGAGGTTACAGGCAGCTGCGAAGCTGTATCTTCTAAAGAACAATTGCTGACtcggtattatcccggtaagtgtggactatatttAAGCGAGAGGTGGCC
CAD2.high:Start-627|PCA1:628-End|RT:47_nt_each GGCAGGTCCGAGTGTgcgacaacggtttaggtgggtacgggtccccatGTTGCAATACCAACTCCAACCAACACACAGGTAAAGGAAGGCTTTGTATCGAATCAAGTGACTCTACACTCAAGAAAAGAAGTTGTAAAGTTAGtcggtattatcccggtaagtgtggactatatttAAGCGAGAGGTGGCC
CAD2.high:Start-660|PCA1:661-End|RT:47_nt_each GGCAGGTCCGAGTGTgcgacaacggtttaggtgggtacgggtccccatAAGGAAGGCTTTGTTTGGAATCGAGTGACTCAACACTCAAGAAGAGAAGTTGTAAAGTTAGCAGACAGAAAATTGAGGTTTCCAGTAAGCCTGAtcggtattatcccggtaagtgtggactatatttAAGCGAGAGGTGGCC
CAD2.high:Start-774|PCA1:775-End|RT:47_nt_each GGCAGGTCCGAGTGTgcgacaacggtttaggtgggtacgggtccccatTTGAACGTATTGCATCTCGTAGCTGTGAAAAGAGGACCTTTAAGGGTAGCACCAATGTTGGAATTTCTGGGAGTAGCTCTACCGACAGTTTAAGtcggtattatcccggtaagtgtggactatatttAAGCGAGAGGTGGCC
CAD2.high:Start-1032|PCA1:1033-End|RT:47_nt_each GGCAGGTCCGAGTGTgcgacaacggtttaggtgggtacgggtccccatAATACTCCTATCGCAATAGTTCTGGTTGTTTAACAAAGAAGAAGACCCATGGAGACAAAGAAAGGTTGAGCAATGACAATGGCCATGCTGATTTtcggtattatcccggtaagtgtggactatatttAAGCGAGAGGTGGCC
CAD2.high:Start-1188|PCA1:1189-End|RT:47_nt_each GGCAGGTCCGAGTGTgcgacaacggtttaggtgggtacgggtccccatGACACTCTTCTAGTGAAATATCAAGAATCGTATCTATGGAGCCAATTGAAAATCATCTTAATCTTGAGGCAGGATCTACCGGTACCGAGCACATtcggtattatcccggtaagtgtggactatatttAAGCGAGAGGTGGCC
CAD2.high:Start-1257|PCA1:1258-End|RT:47_nt_each GGCAGGTCCGAGTGTgcgacaacggtttaggtgggtacgggtccccatCGGGCTCAACAGGTACTGAGCATATTGTGCTGAGCGTTTCAGGGATGTCCTGTACTGGTTGTGAATCAAAACTTAAGAAATCATTTGGCGCGCTtcggtattatcccggtaagtgtggactatatttAAGCGAGAGGTGGCC
CAD2.high:Start-1275|PCA1:1276-End|RT:47_nt_each GGCAGGTCCGAGTGTgcgacaacggtttaggtgggtacgggtccccatAGCATATTGTGCTGAGCGTTTCAGGGATGACCTGTACTGGTTGTGAATCAAAACTTAAGAAATCATTTGGCGCGCTCAAATGTGTTCACGGTTTtcggtattatcccggtaagtgtggactatatttAAGCGAGAGGTGGCC
CAD2.high:Start-1446|PCA1:1447-End|RT:47_nt_each GGCAGGTCCGAGTGTgcgacaacggtttaggtgggtacgggtccccatACTTGAGCAAAACTACTGAATTCAAGTACGAACAGATTTCAAACCACGGTTCAACTATAGATGTTGTTGTTCCTTATGCAGCAAAAGATTTTATtcggtattatcccggtaagtgtggactatatttAAGCGAGAGGTGGCC
CAD2.high:Start-1467|PCA1:1468-End|RT:47_nt_each GGCAGGTCCGAGTGTgcgacaacggtttaggtgggtacgggtccccatTCAAGTACGAACAGATTTCAAACCACGCTTCAACGATTGATGTTGTCGTTCCTTATGCAGCAAAAGATTTTATTAATGAGGAATGGCCACAAGGtcggtattatcccggtaagtgtggactatatttAAGCGAGAGGTGGCC
CAD2.high:Start-1545|PCA1:1546-End|RT:47_nt_each GGCAGGTCCGAGTGTgcgacaacggtttaggtgggtacgggtccccatAGGAATGGCCACAAGGTGTTACAGAACTGAAAATTGTTGAGAGAAACATCATTCGTATTTACTTTGACCCAAAGGTTATAGGTGCCAGAGATCTtcggtattatcccggtaagtgtggactatatttAAGCGAGAGGTGGCC
CAD2.high:Start-1770|PCA1:1771-End|RT:47_nt_each GGCAGGTCCGAGTGTgcgacaacggtttaggtgggtacgggtccccatTTTTAGTTATGGCATGGGCCCCTCAGCTTCGAGAGAAAATTTCCACTATCTCCGCGTCAATGGTGCTAGCAACTATTATTCAATTTGTTATTGCtcggtattatcccggtaagtgtggactatatttAAGCGAGAGGTGGCC
CAD2.high:Start-1773|PCA1:1774-End|RT:47_nt_each GGCAGGTCCGAGTGTgcgacaacggtttaggtgggtacgggtccccatTAGTTATGGCATGGGCCCCTCAGCTTCGAGAGAAAATTTCCACTATGTCCGCGTCAATGGTGCTAGCAACTATTATTCAATTTGTTATTGCAGGtcggtattatcccggtaagtgtggactatatttAAGCGAGAGGTGGCC
CAD2.high:Start-1944|PCA1:1945-End|RT:47_nt_each GGCAGGTCCGAGTGTgcgacaacggtttaggtgggtacgggtccccatCCAGCGCCGCGTACATATTTTCAATCGTCTCATTTGGCTACTTTGTTGTTGGACGCCCGTTATCTACGGAGCAGTTTTTTGAAACCAGCTCTTTtcggtattatcccggtaagtgtggactatatttAAGCGAGAGGTGGCC
CAD2.high:Start-1947|PCA1:1948-End|RT:47_nt_each GGCAGGTCCGAGTGTgcgacaacggtttaggtgggtacgggtccccatGCGCCGCGTACATATTTTCAATCGTCTCATTTGGCTACTTTGTTGCTGGACGCCCGTTATCTACGGAGCAGTTTTTTGAAACCAGCTCTTTGCTtcggtattatcccggtaagtgtggactatatttAAGCGAGAGGTGGCC
CAD2.high:Start-2127|PCA1:2128-End|RT:47_nt_each GGCAGGTCCGAGTGTgcgacaacggtttaggtgggtacgggtccccatCGTCTTCCGCTATCTTAGTCGATAAAACCGGCAAAGAAACTGAAATTAATATTAGACTTCTCCAATATGGCGATATTTTTAAGGTTTTACCTGAtcggtattatcccggtaagtgtggactatatttAAGCGAGAGGTGGCC
CAD2.high:Start-2163|PCA1:2164-End|RT:47_nt_each GGCAGGTCCGAGTGTgcgacaacggtttaggtgggtacgggtccccatAAACTGAAATTGACATTAGACTGTTACAATATGGCGATATCTTTAAGGTTTTACCTGATTCAAGAATCCCAACTGATGGAACAGTCATTTCTGGtcggtattatcccggtaagtgtggactatatttAAGCGAGAGGTGGCC
CAD2.high:Start-2505|PCA1:2506-End|RT:47_nt_each GGCAGGTCCGAGTGTgcgacaacggtttaggtgggtacgggtccccatTCACTGTCGTCACTTTCTGCGTTTGGATAGCTGTGGGAATCAGGGTGGAAAAGCAATCCCGCTCCGATGCCGTAATTCAGGCCATTATATATGCtcggtattatcccggtaagtgtggactatatttAAGCGAGAGGTGGCC
CAD2.high:Start-2583|PCA1:2584-End|RT:47_nt_each GGCAGGTCCGAGTGTgcgacaacggtttaggtgggtacgggtccccatAGGCAATTATTTATGCTATTACAGTTCTCATAGTTTCCTGTCCCTGCGTGATTGGACTTGCCGTTCCTATCGTATTTGTTATTGCAAGTGGCGTtcggtattatcccggtaagtgtggactatatttAAGCGAGAGGTGGCC
CAD2.high:Start-2907|PCA1:2908-End|RT:47_nt_each GGCAGGTCCGAGTGTgcgacaacggtttaggtgggtacgggtccccatGTGTTTCTGCTCAAAATGTTTCTAATACCAAAGCTGTCACGGGTAAGCGGGTAGAAGGAACATCATACTCTGGTTTGAAGTTACAAGGAGGGAAtcggtattatcccggtaagtgtggactatatttAAGCGAGAGGTGGCC
CAD2.high:Start-3339|PCA1:3340-End|RT:47_nt_each GGCAGGTCCGAGTGTgcgacaacggtttaggtgggtacgggtccccatAGAGACCTGTCGTTGTTTTCTGCGGTGACGGAACAAATGACGCCATAGGTTTGACTCAAGCAACGATTGGAGTTCATATCAATGAGGGAAGTGAtcggtattatcccggtaagtgtggactatatttAAGCGAGAGGTGGCC
CAD2.high:Start-3624|PCA1:3625-End|RT:47_nt_each GGCAGGTCCGAGTGTgcgacaacggtttaggtgggtacgggtccccatCCGGGTTAGGTGAGTTGGTTAGTATTTTACCTGTAATTTTCGTTGCTATACTTCTGCGTTATGCAAAGATTTAGTCCAGGTACTGCTGCTATTTtcggtattatcccggtaagtgtggactatatttAAGCGAGAGGTGGCC
CAD2.high:Start-3645|PCA1:3646-End|RT:47_nt_each GGCAGGTCCGAGTGTgcgacaacggtttaggtgggtacgggtccccatGTATTTTACCTGTAATTTTCGTTGCTACTCTTCTTCGATACGCAAAAATTTAGTCCAGGTACTGCTGCTATTTGATTGTAGATTTTCTTTTTTCtcggtattatcccggtaagtgtggactatatttAAGCGAGAGGTGGCC
CAD2.high:Start-3648|PCA1:3649-End|RT:47_nt_each GGCAGGTCCGAGTGTgcgacaacggtttaggtgggtacgggtccccatTTTTACCTGTAATTTTCGTTGCTACTCTTCTTCGATACGCAAAAGTTTAGTCCAGGTACTGCTGCTATTTGATTGTAGATTTTCTTTTTTCTTTtcggtattatcccggtaagtgtggactatatttAAGCGAGAGGTGGCC
CAD2.high:Start-114|PCA1:115-End|RT:55_nt_each GGCAGGTCCGAGTGTgcgacaacggtttaggtgggtacggCAATAGCGAAAATATATCAATAGATGCAATGCAAGATAATAGGGGCGAGTGTCATCGTAGATCCATAGAAATGCATGCTAATGACAATCTGGGATTGGTCTCCCAGCGAGatcccggtaagtgtggactatatttAAGCGAGAGGTGGCC
CAD2.high:Start-129|PCA1:130-End|RT:55_nt_each GGCAGGTCCGAGTGTgcgacaacggtttaggtgggtacggATCAATAGATGCAATGCAAGATAATAGGGGCGAGTGTCATCTTAGATCTATAGAAATGCATGCTAATGACAATCTGGGATTGGTCTCCCAGCGAGACTGTACCAATCGGCatcccggtaagtgtggactatatttAAGCGAGAGGTGGCC
CAD2.high:Start-426|PCA1:427-End|RT:55_nt_each GGCAGGTCCGAGTGTgcgacaacggtttaggtgggtacggCTGTTGCGGCGATGCACAAACGGGAGGGGACCACACCAATGAATCTTGTGTAGACGGATGCTGCGTTAGAGATTCTTCAGTGATGGTCGAGGAAGTTACAGGCAGCTGCGatcccggtaagtgtggactatatttAAGCGAGAGGTGGCC
CAD2.high:Start-465|PCA1:466-End|RT:55_nt_each GGCAGGTCCGAGTGTgcgacaacggtttaggtgggtacggTGAATCTTGTGTAGACGAGTGTTGTGTTAGGGATTCTTCTGTTATGGTGGAAGAGGTTACAGGCAGCTGCGAAGCTGTATCTTCTAAAGAACAATTGCTGACCAGCTTTGatcccggtaagtgtggactatatttAAGCGAGAGGTGGCC
CAD2.high:Start-627|PCA1:628-End|RT:55_nt_each GGCAGGTCCGAGTGTgcgacaacggtttaggtgggtacggAACAACTCGTTGCAATACCAACTCCAACCAACACACAGGTAAAGGAAGGCTTTGTATCGAATCAAGTGACTCTACACTCAAGAAAAGAAGTTGTAAAGTTAGCAGACAGAatcccggtaagtgtggactatatttAAGCGAGAGGTGGCC
CAD2.high:Start-660|PCA1:661-End|RT:55_nt_each GGCAGGTCCGAGTGTgcgacaacggtttaggtgggtacggCACAGGTAAAGGAAGGCTTTGTTTGGAATCGAGTGACTCAACACTCAAGAAGAGAAGTTGTAAAGTTAGCAGACAGAAAATTGAGGTTTCCAGTAAGCCTGAGTGCTGCAatcccggtaagtgtggactatatttAAGCGAGAGGTGGCC
CAD2.high:Start-774|PCA1:775-End|RT:55_nt_each GGCAGGTCCGAGTGTgcgacaacggtttaggtgggtacggTTCTTGTGTTGAACGTATTGCATCTCGTAGCTGTGAAAAGAGGACCTTTAAGGGTAGCACCAATGTTGGAATTTCTGGGAGTAGCTCTACCGACAGTTTAAGCGAGAAGTatcccggtaagtgtggactatatttAAGCGAGAGGTGGCC
CAD2.high:Start-1032|PCA1:1033-End|RT:55_nt_each GGCAGGTCCGAGTGTgcgacaacggtttaggtgggtacggGAAGACAAAATACTCCTATCGCAATAGTTCTGGTTGTTTAACAAAGAAGAAGACCCATGGAGACAAAGAAAGGTTGAGCAATGACAATGGCCATGCTGATTTTGTTTGTTatcccggtaagtgtggactatatttAAGCGAGAGGTGGCC
CAD2.high:Start-1188|PCA1:1189-End|RT:55_nt_each GGCAGGTCCGAGTGTgcgacaacggtttaggtgggtacggTATTTCGGGACACTCTTCTAGTGAAATATCAAGAATCGTATCTATGGAGCCAATTGAAAATCATCTTAATCTTGAGGCAGGATCTACCGGTACCGAGCACATTGTTCTTAatcccggtaagtgtggactatatttAAGCGAGAGGTGGCC
CAD2.high:Start-1257|PCA1:1258-End|RT:55_nt_each GGCAGGTCCGAGTGTgcgacaacggtttaggtgggtacggCCTAGAAGCGGGCTCAACAGGTACTGAGCATATTGTGCTGAGCGTTTCAGGGATGTCCTGTACTGGTTGTGAATCAAAACTTAAGAAATCATTTGGCGCGCTCAAATGTGatcccggtaagtgtggactatatttAAGCGAGAGGTGGCC
CAD2.high:Start-1275|PCA1:1276-End|RT:55_nt_each GGCAGGTCCGAGTGTgcgacaacggtttaggtgggtacggAGGTACTGAGCATATTGTGCTGAGCGTTTCAGGGATGACCTGTACTGGTTGTGAATCAAAACTTAAGAAATCATTTGGCGCGCTCAAATGTGTTCACGGTTTGAAGACCAatcccggtaagtgtggactatatttAAGCGAGAGGTGGCC
CAD2.high:Start-1446|PCA1:1447-End|RT:55_nt_each GGCAGGTCCGAGTGTgcgacaacggtttaggtgggtacggGATCAAACACTTGAGCAAAACTACTGAATTCAAGTACGAACAGATTTCAAACCACGGTTCAACTATAGATGTTGTTGTTCCTTATGCAGCAAAAGATTTTATTAATGAGGatcccggtaagtgtggactatatttAAGCGAGAGGTGGCC
CAD2.high:Start-1467|PCA1:1468-End|RT:55_nt_each GGCAGGTCCGAGTGTgcgacaacggtttaggtgggtacggTACTGAATTCAAGTACGAACAGATTTCAAACCACGCTTCAACGATTGATGTTGTCGTTCCTTATGCAGCAAAAGATTTTATTAATGAGGAATGGCCACAAGGTGTCACAGatcccggtaagtgtggactatatttAAGCGAGAGGTGGCC
CAD2.high:Start-1545|PCA1:1546-End|RT:55_nt_each GGCAGGTCCGAGTGTgcgacaacggtttaggtgggtacggCATAAATGAGGAATGGCCACAAGGTGTTACAGAACTGAAAATTGTTGAGAGAAACATCATTCGTATTTACTTTGACCCAAAGGTTATAGGTGCCAGAGATCTTGTCAATGatcccggtaagtgtggactatatttAAGCGAGAGGTGGCC
CAD2.high:Start-1770|PCA1:1771-End|RT:55_nt_each GGCAGGTCCGAGTGTgcgacaacggtttaggtgggtacggCATCCCGATTTTAGTTATGGCATGGGCCCCTCAGCTTCGAGAGAAAATTTCCACTATCTCCGCGTCAATGGTGCTAGCAACTATTATTCAATTTGTTATTGCAGGACCGTatcccggtaagtgtggactatatttAAGCGAGAGGTGGCC
CAD2.high:Start-1773|PCA1:1774-End|RT:55_nt_each GGCAGGTCCGAGTGTgcgacaacggtttaggtgggtacggCCCGATTTTAGTTATGGCATGGGCCCCTCAGCTTCGAGAGAAAATTTCCACTATGTCCGCGTCAATGGTGCTAGCAACTATTATTCAATTTGTTATTGCAGGACCGTTTTatcccggtaagtgtggactatatttAAGCGAGAGGTGGCC
CAD2.high:Start-1944|PCA1:1945-End|RT:55_nt_each GGCAGGTCCGAGTGTgcgacaacggtttaggtgggtacggTTTAAGCACCAGCGCCGCGTACATATTTTCAATCGTCTCATTTGGCTACTTTGTTGTTGGACGCCCGTTATCTACGGAGCAGTTTTTTGAAACCAGCTCTTTGCTTGTAAatcccggtaagtgtggactatatttAAGCGAGAGGTGGCC
CAD2.high:Start-1947|PCA1:1948-End|RT:55_nt_each GGCAGGTCCGAGTGTgcgacaacggtttaggtgggtacggAAGCACCAGCGCCGCGTACATATTTTCAATCGTCTCATTTGGCTACTTTGTTGCTGGACGCCCGTTATCTACGGAGCAGTTTTTTGAAACCAGCTCTTTGCTTGTAACTCatcccggtaagtgtggactatatttAAGCGAGAGGTGGCC
CAD2.high:Start-2127|PCA1:2128-End|RT:55_nt_each GGCAGGTCCGAGTGTgcgacaacggtttaggtgggtacggCTTACAAGCGTCTTCCGCTATCTTAGTCGATAAAACCGGCAAAGAAACTGAAATTAATATTAGACTTCTCCAATATGGCGATATTTTTAAGGTTTTACCTGATTCAAGAAatcccggtaagtgtggactatatttAAGCGAGAGGTGGCC
CAD2.high:Start-2163|PCA1:2164-End|RT:55_nt_each GGCAGGTCCGAGTGTgcgacaacggtttaggtgggtacggCGGCAAAGAAACTGAAATTGACATTAGACTGTTACAATATGGCGATATCTTTAAGGTTTTACCTGATTCAAGAATCCCAACTGATGGAACAGTCATTTCTGGGTCTTCTGatcccggtaagtgtggactatatttAAGCGAGAGGTGGCC
CAD2.high:Start-2505|PCA1:2506-End|RT:55_nt_each GGCAGGTCCGAGTGTgcgacaacggtttaggtgggtacggCATTGGCATCACTGTCGTCACTTTCTGCGTTTGGATAGCTGTGGGAATCAGGGTGGAAAAGCAATCCCGCTCCGATGCCGTAATTCAGGCCATTATATATGCCATTACGGatcccggtaagtgtggactatatttAAGCGAGAGGTGGCC
CAD2.high:Start-2583|PCA1:2584-End|RT:55_nt_each GGCAGGTCCGAGTGTgcgacaacggtttaggtgggtacggTGTAATTCAGGCAATTATTTATGCTATTACAGTTCTCATAGTTTCCTGTCCCTGCGTGATTGGACTTGCCGTTCCTATCGTATTTGTTATTGCAAGTGGCGTCGCTGCGAatcccggtaagtgtggactatatttAAGCGAGAGGTGGCC
CAD2.high:Start-2907|PCA1:2908-End|RT:55_nt_each GGCAGGTCCGAGTGTgcgacaacggtttaggtgggtacggAGAAAAGGGTGTTTCTGCTCAAAATGTTTCTAATACCAAAGCTGTCACGGGTAAGCGGGTAGAAGGAACATCATACTCTGGTTTGAAGTTACAAGGAGGGAACTGTCGTTatcccggtaagtgtggactatatttAAGCGAGAGGTGGCC
CAD2.high:Start-3339|PCA1:3340-End|RT:55_nt_each GGCAGGTCCGAGTGTgcgacaacggtttaggtgggtacggCCAATCAAAGAGACCTGTCGTTGTTTTCTGCGGTGACGGAACAAATGACGCCATAGGTTTGACTCAAGCAACGATTGGAGTTCATATCAATGAGGGAAGTGAGGTTGCCAatcccggtaagtgtggactatatttAAGCGAGAGGTGGCC
CAD2.high:Start-3624|PCA1:3625-End|RT:55_nt_each GGCAGGTCCGAGTGTgcgacaacggtttaggtgggtacggAGAGTACGCCGGGTTAGGTGAGTTGGTTAGTATTTTACCTGTAATTTTCGTTGCTATACTTCTGCGTTATGCAAAGATTTAGTCCAGGTACTGCTGCTATTTGATTGTAGatcccggtaagtgtggactatatttAAGCGAGAGGTGGCC
CAD2.high:Start-3645|PCA1:3646-End|RT:55_nt_each GGCAGGTCCGAGTGTgcgacaacggtttaggtgggtacggGTTGGTTAGTATTTTACCTGTAATTTTCGTTGCTACTCTTCTTCGATACGCAAAAATTTAGTCCAGGTACTGCTGCTATTTGATTGTAGATTTTCTTTTTTCTTTTCTTTatcccggtaagtgtggactatatttAAGCGAGAGGTGGCC
CAD2.high:Start-3648|PCA1:3649-End|RT:55_nt_each GGCAGGTCCGAGTGTgcgacaacggtttaggtgggtacggGGTTAGTATTTTACCTGTAATTTTCGTTGCTACTCTTCTTCGATACGCAAAAGTTTAGTCCAGGTACTGCTGCTATTTGATTGTAGATTTTCTTTTTTCTTTTCTTTTTTatcccggtaagtgtggactatatttAAGCGAGAGGTGGCC
CAD2.high:Start-114|PCA1:115-End|RT:64_nt_each GGCAGGTCCGAGTGTgcgacaacggtttaggTGGCGTGGTCAATAGCGAAAATATATCAATAGATGCAATGCAAGATAATAGGGGCGAGTGTCATCGTAGATCCATAGAAATGCATGCTAATGACAATCTGGGATTGGTCTCCCAGCGAGACTGTACCAagtgtggactatatttAAGCGAGAGGTGGCC
CAD2.high:Start-129|PCA1:130-End|RT:64_nt_each GGCAGGTCCGAGTGTgcgacaacggtttaggCGAAAATATATCAATAGATGCAATGCAAGATAATAGGGGCGAGTGTCATCTTAGATCTATAGAAATGCATGCTAATGACAATCTGGGATTGGTCTCCCAGCGAGACTGTACCAATCGGCCCAAAATTAagtgtggactatatttAAGCGAGAGGTGGCC
CAD2.high:Start-426|PCA1:427-End|RT:64_nt_each GGCAGGTCCGAGTGTgcgacaacggtttaggTGTCGACAGCTGTTGCGGCGATGCACAAACGGGAGGGGACCACACCAATGAATCTTGTGTAGACGGATGCTGCGTTAGAGATTCTTCAGTGATGGTCGAGGAAGTTACAGGCAGCTGCGAAGCTGTATagtgtggactatatttAAGCGAGAGGTGGCC
CAD2.high:Start-465|PCA1:466-End|RT:64_nt_each GGCAGGTCCGAGTGTgcgacaacggtttaggCCACACCAATGAATCTTGTGTAGACGAGTGTTGTGTTAGGGATTCTTCTGTTATGGTGGAAGAGGTTACAGGCAGCTGCGAAGCTGTATCTTCTAAAGAACAATTGCTGACCAGCTTTGAAGTTGTTCagtgtggactatatttAAGCGAGAGGTGGCC
CAD2.high:Start-627|PCA1:628-End|RT:64_nt_each GGCAGGTCCGAGTGTgcgacaacggtttaggTATCAGAGAAACAACTCGTTGCAATACCAACTCCAACCAACACACAGGTAAAGGAAGGCTTTGTATCGAATCAAGTGACTCTACACTCAAGAAAAGAAGTTGTAAAGTTAGCAGACAGAAAATTGAGGagtgtggactatatttAAGCGAGAGGTGGCC
CAD2.high:Start-660|PCA1:661-End|RT:64_nt_each GGCAGGTCCGAGTGTgcgacaacggtttaggCAACCAACACACAGGTAAAGGAAGGCTTTGTTTGGAATCGAGTGACTCAACACTCAAGAAGAGAAGTTGTAAAGTTAGCAGACAGAAAATTGAGGTTTCCAGTAAGCCTGAGTGCTGCAACATTTCATagtgtggactatatttAAGCGAGAGGTGGCC
CAD2.high:Start-774|PCA1:775-End|RT:64_nt_each GGCAGGTCCGAGTGTgcgacaacggtttaggCTGTAACATTTCTTGTGTTGAACGTATTGCATCTCGTAGCTGTGAAAAGAGGACCTTTAAGGGTAGCACCAATGTTGGAATTTCTGGGAGTAGCTCTACCGACAGTTTAAGCGAGAAGTTCTTCAGCGagtgtggactatatttAAGCGAGAGGTGGCC
CAD2.high:Start-1032|PCA1:1033-End|RT:64_nt_each GGCAGGTCCGAGTGTgcgacaacggtttaggAGCTTCTAAGAAGACAAAATACTCCTATCGCAATAGTTCTGGTTGTTTAACAAAGAAGAAGACCCATGGAGACAAAGAAAGGTTGAGCAATGACAATGGCCATGCTGATTTTGTTTGTTCTAAAAGTTagtgtggactatatttAAGCGAGAGGTGGCC
CAD2.high:Start-1188|PCA1:1189-End|RT:64_nt_each GGCAGGTCCGAGTGTgcgacaacggtttaggTACCTCAACTATTTCGGGACACTCTTCTAGTGAAATATCAAGAATCGTATCTATGGAGCCAATTGAAAATCATCTTAATCTTGAGGCAGGATCTACCGGTACCGAGCACATTGTTCTTAGTGTTTCAGagtgtggactatatttAAGCGAGAGGTGGCC
CAD2.high:Start-1257|PCA1:1258-End|RT:64_nt_each GGCAGGTCCGAGTGTgcgacaacggtttaggTCATCTTAACCTAGAAGCGGGCTCAACAGGTACTGAGCATATTGTGCTGAGCGTTTCAGGGATGTCCTGTACTGGTTGTGAATCAAAACTTAAGAAATCATTTGGCGCGCTCAAATGTGTTCACGGTTagtgtggactatatttAAGCGAGAGGTGGCC
CAD2.high:Start-1275|PCA1:1276-End|RT:64_nt_each GGCAGGTCCGAGTGTgcgacaacggtttaggGGGCTCAACAGGTACTGAGCATATTGTGCTGAGCGTTTCAGGGATGACCTGTACTGGTTGTGAATCAAAACTTAAGAAATCATTTGGCGCGCTCAAATGTGTTCACGGTTTGAAGACCAGTTTAATATagtgtggactatatttAAGCGAGAGGTGGCC
CAD2.high:Start-1446|PCA1:1447-End|RT:64_nt_each GGCAGGTCCGAGTGTgcgacaacggtttaggCAAGGATGTGATCAAACACTTGAGCAAAACTACTGAATTCAAGTACGAACAGATTTCAAACCACGGTTCAACTATAGATGTTGTTGTTCCTTATGCAGCAAAAGATTTTATTAATGAGGAATGGCCACagtgtggactatatttAAGCGAGAGGTGGCC
CAD2.high:Start-1467|PCA1:1468-End|RT:64_nt_each GGCAGGTCCGAGTGTgcgacaacggtttaggGAGCAAAACTACTGAATTCAAGTACGAACAGATTTCAAACCACGCTTCAACGATTGATGTTGTCGTTCCTTATGCAGCAAAAGATTTTATTAATGAGGAATGGCCACAAGGTGTCACAGAGCTGAAAAagtgtggactatatttAAGCGAGAGGTGGCC
CAD2.high:Start-1545|PCA1:1546-End|RT:64_nt_each GGCAGGTCCGAGTGTgcgacaacggtttaggAAAAGATTTCATAAATGAGGAATGGCCACAAGGTGTTACAGAACTGAAAATTGTTGAGAGAAACATCATTCGTATTTACTTTGACCCAAAGGTTATAGGTGCCAGAGATCTTGTCAATGAAGGATGGAagtgtggactatatttAAGCGAGAGGTGGCC
CAD2.high:Start-1770|PCA1:1771-End|RT:64_nt_each GGCAGGTCCGAGTGTgcgacaacggtttaggAATATTAACCATCCCGATTTTAGTTATGGCATGGGCCCCTCAGCTTCGAGAGAAAATTTCCACTATCTCCGCGTCAATGGTGCTAGCAACTATTATTCAATTTGTTATTGCAGGACCGTTTTACTTAAagtgtggactatatttAAGCGAGAGGTGGCC
CAD2.high:Start-1773|PCA1:1774-End|RT:64_nt_each GGCAGGTCCGAGTGTgcgacaacggtttaggATTAACCATCCCGATTTTAGTTATGGCATGGGCCCCTCAGCTTCGAGAGAAAATTTCCACTATGTCCGCGTCAATGGTGCTAGCAACTATTATTCAATTTGTTATTGCAGGACCGTTTTACTTAAATGagtgtggactatatttAAGCGAGAGGTGGCC
CAD2.high:Start-1944|PCA1:1945-End|RT:64_nt_each GGCAGGTCCGAGTGTgcgacaacggtttaggACTGATCGTTTTAAGCACCAGCGCCGCGTACATATTTTCAATCGTCTCATTTGGCTACTTTGTTGTTGGACGCCCGTTATCTACGGAGCAGTTTTTTGAAACCAGCTCTTTGCTTGTAACTCTCATCAagtgtggactatatttAAGCGAGAGGTGGCC
CAD2.high:Start-1947|PCA1:1948-End|RT:64_nt_each GGCAGGTCCGAGTGTgcgacaacggtttaggGATCGTTTTAAGCACCAGCGCCGCGTACATATTTTCAATCGTCTCATTTGGCTACTTTGTTGCTGGACGCCCGTTATCTACGGAGCAGTTTTTTGAAACCAGCTCTTTGCTTGTAACTCTCATCATGGagtgtggactatatttAAGCGAGAGGTGGCC
CAD2.high:Start-2127|PCA1:2128-End|RT:64_nt_each GGCAGGTCCGAGTGTgcgacaacggtttaggAGTACGTTCCTTACAAGCGTCTTCCGCTATCTTAGTCGATAAAACCGGCAAAGAAACTGAAATTAATATTAGACTTCTCCAATATGGCGATATTTTTAAGGTTTTACCTGATTCAAGAATCCCAACTGagtgtggactatatttAAGCGAGAGGTGGCC
CAD2.high:Start-2163|PCA1:2164-End|RT:64_nt_each GGCAGGTCCGAGTGTgcgacaacggtttaggCGATAAAACCGGCAAAGAAACTGAAATTGACATTAGACTGTTACAATATGGCGATATCTTTAAGGTTTTACCTGATTCAAGAATCCCAACTGATGGAACAGTCATTTCTGGGTCTTCTGAAGTCGACGagtgtggactatatttAAGCGAGAGGTGGCC
CAD2.high:Start-2505|PCA1:2506-End|RT:64_nt_each GGCAGGTCCGAGTGTgcgacaacggtttaggTCCAACAATCATTGGCATCACTGTCGTCACTTTCTGCGTTTGGATAGCTGTGGGAATCAGGGTGGAAAAGCAATCCCGCTCCGATGCCGTAATTCAGGCCATTATATATGCCATTACGGTACTTATCGagtgtggactatatttAAGCGAGAGGTGGCC
CAD2.high:Start-2583|PCA1:2584-End|RT:64_nt_each GGCAGGTCCGAGTGTgcgacaacggtttaggTTCCGACGCTGTAATTCAGGCAATTATTTATGCTATTACAGTTCTCATAGTTTCCTGTCCCTGCGTGATTGGACTTGCCGTTCCTATCGTATTTGTTATTGCAAGTGGCGTCGCTGCGAAAAGAGGGGagtgtggactatatttAAGCGAGAGGTGGCC
CAD2.high:Start-2907|PCA1:2908-End|RT:64_nt_each GGCAGGTCCGAGTGTgcgacaacggtttaggTTATCTAAAAGAAAAGGGTGTTTCTGCTCAAAATGTTTCTAATACCAAAGCTGTCACGGGTAAGCGGGTAGAAGGAACATCATACTCTGGTTTGAAGTTACAAGGAGGGAACTGTCGTTGGCTTGGTCagtgtggactatatttAAGCGAGAGGTGGCC
CAD2.high:Start-3339|PCA1:3340-End|RT:64_nt_each GGCAGGTCCGAGTGTgcgacaacggtttaggTAGTAGTTCCCAATCAAAGAGACCTGTCGTTGTTTTCTGCGGTGACGGAACAAATGACGCCATAGGTTTGACTCAAGCAACGATTGGAGTTCATATCAATGAGGGAAGTGAGGTTGCCAAGCTAGCTGagtgtggactatatttAAGCGAGAGGTGGCC
CAD2.high:Start-3624|PCA1:3625-End|RT:64_nt_each GGCAGGTCCGAGTGTgcgacaacggtttaggTATCCCACCAGAGTACGCCGGGTTAGGTGAGTTGGTTAGTATTTTACCTGTAATTTTCGTTGCTATACTTCTGCGTTATGCAAAGATTTAGTCCAGGTACTGCTGCTATTTGATTGTAGATTTTCTTTagtgtggactatatttAAGCGAGAGGTGGCC
CAD2.high:Start-3645|PCA1:3646-End|RT:64_nt_each GGCAGGTCCGAGTGTgcgacaacggtttaggGTTAGGTGAGTTGGTTAGTATTTTACCTGTAATTTTCGTTGCTACTCTTCTTCGATACGCAAAAATTTAGTCCAGGTACTGCTGCTATTTGATTGTAGATTTTCTTTTTTCTTTTCTTTTTTTTTTTTagtgtggactatatttAAGCGAGAGGTGGCC
CAD2.high:Start-3648|PCA1:3649-End|RT:64_nt_each GGCAGGTCCGAGTGTgcgacaacggtttaggAGGTGAGTTGGTTAGTATTTTACCTGTAATTTTCGTTGCTACTCTTCTTCGATACGCAAAAGTTTAGTCCAGGTACTGCTGCTATTTGATTGTAGATTTTCTTTTTTCTTTTCTTTTTTTTTTTTGACagtgtggactatatttAAGCGAGAGGTGGCC
CAD2.high:Start-114|PCA1:115-End|RT:74_nt_each GGCAGGTCCGAGTGTgcgacaACGGTGAGTATGGCGTGGTCAATAGCGAAAATATATCAATAGATGCAATGCAAGATAATAGGGGCGAGTGTCATCGTAGATCCATAGAAATGCATGCTAATGACAATCTGGGATTGGTCTCCCAGCGAGACTGTACCAATCGGCCCAAatatttAAGCGAGAGGTGGCC
CAD2.high:Start-129|PCA1:130-End|RT:74_nt_each GGCAGGTCCGAGTGTgcgacaTGGTCAATAGCGAAAATATATCAATAGATGCAATGCAAGATAATAGGGGCGAGTGTCATCTTAGATCTATAGAAATGCATGCTAATGACAATCTGGGATTGGTCTCCCAGCGAGACTGTACCAATCGGCCCAAAATTACTCCTCAGGAatatttAAGCGAGAGGTGGCC
CAD2.high:Start-426|PCA1:427-End|RT:74_nt_each GGCAGGTCCGAGTGTgcgacaCTGGTTTAGATGTCGACAGCTGTTGCGGCGATGCACAAACGGGAGGGGACCACACCAATGAATCTTGTGTAGACGGATGCTGCGTTAGAGATTCTTCAGTGATGGTCGAGGAAGTTACAGGCAGCTGCGAAGCTGTATCTTCTAAAGAatatttAAGCGAGAGGTGGCC
CAD2.high:Start-465|PCA1:466-End|RT:74_nt_each GGCAGGTCCGAGTGTgcgacaCGGGAGGGGACCACACCAATGAATCTTGTGTAGACGAGTGTTGTGTTAGGGATTCTTCTGTTATGGTGGAAGAGGTTACAGGCAGCTGCGAAGCTGTATCTTCTAAAGAACAATTGCTGACCAGCTTTGAAGTTGTTCCAAGCAAATCatatttAAGCGAGAGGTGGCC
CAD2.high:Start-627|PCA1:628-End|RT:74_nt_each GGCAGGTCCGAGTGTgcgacaCAATTCATGATATCAGAGAAACAACTCGTTGCAATACCAACTCCAACCAACACACAGGTAAAGGAAGGCTTTGTATCGAATCAAGTGACTCTACACTCAAGAAAAGAAGTTGTAAAGTTAGCAGACAGAAAATTGAGGTTTCCAGTAAatatttAAGCGAGAGGTGGCC
CAD2.high:Start-660|PCA1:661-End|RT:74_nt_each GGCAGGTCCGAGTGTgcgacaATACCAACTCCAACCAACACACAGGTAAAGGAAGGCTTTGTTTGGAATCGAGTGACTCAACACTCAAGAAGAGAAGTTGTAAAGTTAGCAGACAGAAAATTGAGGTTTCCAGTAAGCCTGAGTGCTGCAACATTTCATGTGTTGAGCGatatttAAGCGAGAGGTGGCC
CAD2.high:Start-774|PCA1:775-End|RT:74_nt_each GGCAGGTCCGAGTGTgcgacaAACCTGAATGCTGTAACATTTCTTGTGTTGAACGTATTGCATCTCGTAGCTGTGAAAAGAGGACCTTTAAGGGTAGCACCAATGTTGGAATTTCTGGGAGTAGCTCTACCGACAGTTTAAGCGAGAAGTTCTTCAGCGAACAGTACTCatatttAAGCGAGAGGTGGCC
CAD2.high:Start-1032|PCA1:1033-End|RT:74_nt_each GGCAGGTCCGAGTGTgcgacaGCGGGGAGGGAGCTTCTAAGAAGACAAAATACTCCTATCGCAATAGTTCTGGTTGTTTAACAAAGAAGAAGACCCATGGAGACAAAGAAAGGTTGAGCAATGACAATGGCCATGCTGATTTTGTTTGTTCTAAAAGTTGTTGCACTAAatatttAAGCGAGAGGTGGCC
CAD2.high:Start-1188|PCA1:1189-End|RT:74_nt_each GGCAGGTCCGAGTGTgcgacaACTGTGCTGTTACCTCAACTATTTCGGGACACTCTTCTAGTGAAATATCAAGAATCGTATCTATGGAGCCAATTGAAAATCATCTTAATCTTGAGGCAGGATCTACCGGTACCGAGCACATTGTTCTTAGTGTTTCAGGAATGTCCTGatatttAAGCGAGAGGTGGCC
CAD2.high:Start-1257|PCA1:1258-End|RT:74_nt_each GGCAGGTCCGAGTGTgcgacaCAATTGGAAATCATCTTAACCTAGAAGCGGGCTCAACAGGTACTGAGCATATTGTGCTGAGCGTTTCAGGGATGTCCTGTACTGGTTGTGAATCAAAACTTAAGAAATCATTTGGCGCGCTCAAATGTGTTCACGGTTTGAAGACCAGatatttAAGCGAGAGGTGGCC
CAD2.high:Start-1275|PCA1:1276-End|RT:74_nt_each GGCAGGTCCGAGTGTgcgacaACCTAGAAGCGGGCTCAACAGGTACTGAGCATATTGTGCTGAGCGTTTCAGGGATGACCTGTACTGGTTGTGAATCAAAACTTAAGAAATCATTTGGCGCGCTCAAATGTGTTCACGGTTTGAAGACCAGTTTAATATTATCGCAAGCatatttAAGCGAGAGGTGGCC
CAD2.high:Start-1446|PCA1:1447-End|RT:74_nt_each GGCAGGTCCGAGTGTgcgacaAAGGCTCTGTCAAGGATGTGATCAAACACTTGAGCAAAACTACTGAATTCAAGTACGAACAGATTTCAAACCACGGTTCAACTATAGATGTTGTTGTTCCTTATGCAGCAAAAGATTTTATTAATGAGGAATGGCCACAAGGTGTCACatatttAAGCGAGAGGTGGCC
CAD2.high:Start-1467|PCA1:1468-End|RT:74_nt_each GGCAGGTCCGAGTGTgcgacaTCAAACACTTGAGCAAAACTACTGAATTCAAGTACGAACAGATTTCAAACCACGCTTCAACGATTGATGTTGTCGTTCCTTATGCAGCAAAAGATTTTATTAATGAGGAATGGCCACAAGGTGTCACAGAGCTGAAAATTGTTGAGAGatatttAAGCGAGAGGTGGCC
CAD2.high:Start-1545|PCA1:1546-End|RT:74_nt_each GGCAGGTCCGAGTGTgcgacaCATACGCAGCAAAAGATTTCATAAATGAGGAATGGCCACAAGGTGTTACAGAACTGAAAATTGTTGAGAGAAACATCATTCGTATTTACTTTGACCCAAAGGTTATAGGTGCCAGAGATCTTGTCAATGAAGGATGGAGCGTGCCTGTatatttAAGCGAGAGGTGGCC
CAD2.high:Start-1770|PCA1:1771-End|RT:74_nt_each GGCAGGTCCGAGTGTgcgacaCTTTGTCTATAATATTAACCATCCCGATTTTAGTTATGGCATGGGCCCCTCAGCTTCGAGAGAAAATTTCCACTATCTCCGCGTCAATGGTGCTAGCAACTATTATTCAATTTGTTATTGCAGGACCGTTTTACTTAAATGCCTTGAAatatttAAGCGAGAGGTGGCC
CAD2.high:Start-1773|PCA1:1774-End|RT:74_nt_each GGCAGGTCCGAGTGTgcgacaTGTCTATAATATTAACCATCCCGATTTTAGTTATGGCATGGGCCCCTCAGCTTCGAGAGAAAATTTCCACTATGTCCGCGTCAATGGTGCTAGCAACTATTATTCAATTTGTTATTGCAGGACCGTTTTACTTAAATGCCTTGAAGAGatatttAAGCGAGAGGTGGCC
CAD2.high:Start-1944|PCA1:1945-End|RT:74_nt_each GGCAGGTCCGAGTGTgcgacaAAATGGATTTACTGATCGTTTTAAGCACCAGCGCCGCGTACATATTTTCAATCGTCTCATTTGGCTACTTTGTTGTTGGACGCCCGTTATCTACGGAGCAGTTTTTTGAAACCAGCTCTTTGCTTGTAACTCTCATCATGGTTGGTCGatatttAAGCGAGAGGTGGCC
CAD2.high:Start-1947|PCA1:1948-End|RT:74_nt_each GGCAGGTCCGAGTGTgcgacaTGGATTTACTGATCGTTTTAAGCACCAGCGCCGCGTACATATTTTCAATCGTCTCATTTGGCTACTTTGTTGCTGGACGCCCGTTATCTACGGAGCAGTTTTTTGAAACCAGCTCTTTGCTTGTAACTCTCATCATGGTTGGTCGCTTatatttAAGCGAGAGGTGGCC
CAD2.high:Start-2127|PCA1:2128-End|RT:74_nt_each GGCAGGTCCGAGTGTgcgacaAGTCTATTTCAGTACGTTCCTTACAAGCGTCTTCCGCTATCTTAGTCGATAAAACCGGCAAAGAAACTGAAATTAATATTAGACTTCTCCAATATGGCGATATTTTTAAGGTTTTACCTGATTCAAGAATCCCAACTGATGGAACAGTatatttAAGCGAGAGGTGGCC
CAD2.high:Start-2163|PCA1:2164-End|RT:74_nt_each GGCAGGTCCGAGTGTgcgacaCTATCTTAGTCGATAAAACCGGCAAAGAAACTGAAATTGACATTAGACTGTTACAATATGGCGATATCTTTAAGGTTTTACCTGATTCAAGAATCCCAACTGATGGAACAGTCATTTCTGGGTCTTCTGAAGTCGACGAAGCGTTAATatatttAAGCGAGAGGTGGCC
CAD2.high:Start-2505|PCA1:2506-End|RT:74_nt_each GGCAGGTCCGAGTGTgcgacaGTTATTTCGTTCCAACAATCATTGGCATCACTGTCGTCACTTTCTGCGTTTGGATAGCTGTGGGAATCAGGGTGGAAAAGCAATCCCGCTCCGATGCCGTAATTCAGGCCATTATATATGCCATTACGGTACTTATCGTTTCGTGTCCatatttAAGCGAGAGGTGGCC
CAD2.high:Start-2583|PCA1:2584-End|RT:74_nt_each GGCAGGTCCGAGTGTgcgacaAGCAATCACGTTCCGACGCTGTAATTCAGGCAATTATTTATGCTATTACAGTTCTCATAGTTTCCTGTCCCTGCGTGATTGGACTTGCCGTTCCTATCGTATTTGTTATTGCAAGTGGCGTCGCTGCGAAAAGAGGGGTAATCTTCAAatatttAAGCGAGAGGTGGCC
CAD2.high:Start-2907|PCA1:2908-End|RT:74_nt_each GGCAGGTCCGAGTGTgcgacaCAATTGCATCTTATCTAAAAGAAAAGGGTGTTTCTGCTCAAAATGTTTCTAATACCAAAGCTGTCACGGGTAAGCGGGTAGAAGGAACATCATACTCTGGTTTGAAGTTACAAGGAGGGAACTGTCGTTGGCTTGGTCATAACAATGAatatttAAGCGAGAGGTGGCC
CAD2.high:Start-3339|PCA1:3340-End|RT:74_nt_each GGCAGGTCCGAGTGTgcgacaGAAATTGCGATAGTAGTTCCCAATCAAAGAGACCTGTCGTTGTTTTCTGCGGTGACGGAACAAATGACGCCATAGGTTTGACTCAAGCAACGATTGGAGTTCATATCAATGAGGGAAGTGAGGTTGCCAAGCTAGCTGCTGATGTAGTatatttAAGCGAGAGGTGGCC
CAD2.high:Start-3624|PCA1:3625-End|RT:74_nt_each GGCAGGTCCGAGTGTgcgacaTTGATTTTCATATCCCACCAGAGTACGCCGGGTTAGGTGAGTTGGTTAGTATTTTACCTGTAATTTTCGTTGCTATACTTCTGCGTTATGCAAAGATTTAGTCCAGGTACTGCTGCTATTTGATTGTAGATTTTCTTTTTTCTTTTCTatatttAAGCGAGAGGTGGCC
CAD2.high:Start-3645|PCA1:3646-End|RT:74_nt_each GGCAGGTCCGAGTGTgcgacaAGTACGCCGGGTTAGGTGAGTTGGTTAGTATTTTACCTGTAATTTTCGTTGCTACTCTTCTTCGATACGCAAAAATTTAGTCCAGGTACTGCTGCTATTTGATTGTAGATTTTCTTTTTTCTTTTCTTTTTTTTTTTTGACGACTCTGatatttAAGCGAGAGGTGGCC
CAD2.high:Start-3648|PCA1:3649-End|RT:74_nt_each GGCAGGTCCGAGTGTgcgacaACGCCGGGTTAGGTGAGTTGGTTAGTATTTTACCTGTAATTTTCGTTGCTACTCTTCTTCGATACGCAAAAGTTTAGTCCAGGTACTGCTGCTATTTGATTGTAGATTTTCTTTTTTCTTTTCTTTTTTTTTTTTGACGACTCTGTAAatatttAAGCGAGAGGTGGCC
CAD2.high:Start-114|PCA1:115-End|RT:80_nt_each GGCAGGTCCGAGTGTCAAGCGACGGTGAGTATGGCGTGGTCAATAGCGAAAATATATCAATAGATGCAATGCAAGATAATAGGGGCGAGTGTCATCGTAGATCCATAGAAATGCATGCTAATGACAATCTGGGATTGGTCTCCCAGCGAGACTGTACCAATCGGCCCAAAATTACAAGCGAGAGGTGGCC
CAD2.high:Start-129|PCA1:130-End|RT:80_nt_each GGCAGGTCCGAGTGTATGGCGTGGTCAATAGCGAAAATATATCAATAGATGCAATGCAAGATAATAGGGGCGAGTGTCATCTTAGATCTATAGAAATGCATGCTAATGACAATCTGGGATTGGTCTCCCAGCGAGACTGTACCAATCGGCCCAAAATTACTCCTCAGGAATGTTTAAGCGAGAGGTGGCC
CAD2.high:Start-426|PCA1:427-End|RT:80_nt_each GGCAGGTCCGAGTGTCTGAAACTGGTTTAGATGTCGACAGCTGTTGCGGCGATGCACAAACGGGAGGGGACCACACCAATGAATCTTGTGTAGACGGATGCTGCGTTAGAGATTCTTCAGTGATGGTCGAGGAAGTTACAGGCAGCTGCGAAGCTGTATCTTCTAAAGAACAATTAAGCGAGAGGTGGCC
CAD2.high:Start-465|PCA1:466-End|RT:80_nt_each GGCAGGTCCGAGTGTCACAAACGGGAGGGGACCACACCAATGAATCTTGTGTAGACGAGTGTTGTGTTAGGGATTCTTCTGTTATGGTGGAAGAGGTTACAGGCAGCTGCGAAGCTGTATCTTCTAAAGAACAATTGCTGACCAGCTTTGAAGTTGTTCCAAGCAAATCTGAAGGAAGCGAGAGGTGGCC
CAD2.high:Start-627|PCA1:628-End|RT:80_nt_each GGCAGGTCCGAGTGTTGCAATCAATTCATGATATCAGAGAAACAACTCGTTGCAATACCAACTCCAACCAACACACAGGTAAAGGAAGGCTTTGTATCGAATCAAGTGACTCTACACTCAAGAAAAGAAGTTGTAAAGTTAGCAGACAGAAAATTGAGGTTTCCAGTAAGCCTGAAAGCGAGAGGTGGCC
CAD2.high:Start-660|PCA1:661-End|RT:80_nt_each GGCAGGTCCGAGTGTGTTGCAATACCAACTCCAACCAACACACAGGTAAAGGAAGGCTTTGTTTGGAATCGAGTGACTCAACACTCAAGAAGAGAAGTTGTAAAGTTAGCAGACAGAAAATTGAGGTTTCCAGTAAGCCTGAGTGCTGCAACATTTCATGTGTTGAGCGGATTGCAAGCGAGAGGTGGCC
CAD2.high:Start-774|PCA1:775-End|RT:80_nt_each GGCAGGTCCGAGTGTCAAGTAAACCTGAATGCTGTAACATTTCTTGTGTTGAACGTATTGCATCTCGTAGCTGTGAAAAGAGGACCTTTAAGGGTAGCACCAATGTTGGAATTTCTGGGAGTAGCTCTACCGACAGTTTAAGCGAGAAGTTCTTCAGCGAACAGTACTCTAGAATAAGCGAGAGGTGGCC
CAD2.high:Start-1032|PCA1:1033-End|RT:80_nt_each GGCAGGTCCGAGTGTTCTGCAGCGGGGAGGGAGCTTCTAAGAAGACAAAATACTCCTATCGCAATAGTTCTGGTTGTTTAACAAAGAAGAAGACCCATGGAGACAAAGAAAGGTTGAGCAATGACAATGGCCATGCTGATTTTGTTTGTTCTAAAAGTTGTTGCACTAAAATGAAAAGCGAGAGGTGGCC
CAD2.high:Start-1188|PCA1:1189-End|RT:80_nt_each GGCAGGTCCGAGTGTTGAAGGACTGTGCTGTTACCTCAACTATTTCGGGACACTCTTCTAGTGAAATATCAAGAATCGTATCTATGGAGCCAATTGAAAATCATCTTAATCTTGAGGCAGGATCTACCGGTACCGAGCACATTGTTCTTAGTGTTTCAGGAATGTCCTGTACTGGAAGCGAGAGGTGGCC
CAD2.high:Start-1257|PCA1:1258-End|RT:80_nt_each GGCAGGTCCGAGTGTTGGAGCCAATTGGAAATCATCTTAACCTAGAAGCGGGCTCAACAGGTACTGAGCATATTGTGCTGAGCGTTTCAGGGATGTCCTGTACTGGTTGTGAATCAAAACTTAAGAAATCATTTGGCGCGCTCAAATGTGTTCACGGTTTGAAGACCAGTTTAATAAGCGAGAGGTGGCC
CAD2.high:Start-1275|PCA1:1276-End|RT:80_nt_each GGCAGGTCCGAGTGTATCTTAACCTAGAAGCGGGCTCAACAGGTACTGAGCATATTGTGCTGAGCGTTTCAGGGATGACCTGTACTGGTTGTGAATCAAAACTTAAGAAATCATTTGGCGCGCTCAAATGTGTTCACGGTTTGAAGACCAGTTTAATATTATCGCAAGCTGAATTAAGCGAGAGGTGGCC
CAD2.high:Start-1446|PCA1:1447-End|RT:80_nt_each GGCAGGTCCGAGTGTTTGCTCAAGGCTCTGTCAAGGATGTGATCAAACACTTGAGCAAAACTACTGAATTCAAGTACGAACAGATTTCAAACCACGGTTCAACTATAGATGTTGTTGTTCCTTATGCAGCAAAAGATTTTATTAATGAGGAATGGCCACAAGGTGTCACAGAGCTAAGCGAGAGGTGGCC
CAD2.high:Start-1467|PCA1:1468-End|RT:80_nt_each GGCAGGTCCGAGTGTATGTGATCAAACACTTGAGCAAAACTACTGAATTCAAGTACGAACAGATTTCAAACCACGCTTCAACGATTGATGTTGTCGTTCCTTATGCAGCAAAAGATTTTATTAATGAGGAATGGCCACAAGGTGTCACAGAGCTGAAAATTGTTGAGAGAAATATAAGCGAGAGGTGGCC
CAD2.high:Start-1545|PCA1:1546-End|RT:80_nt_each GGCAGGTCCGAGTGTTCGCCCCATACGCAGCAAAAGATTTCATAAATGAGGAATGGCCACAAGGTGTTACAGAACTGAAAATTGTTGAGAGAAACATCATTCGTATTTACTTTGACCCAAAGGTTATAGGTGCCAGAGATCTTGTCAATGAAGGATGGAGCGTGCCTGTTAGTATAAGCGAGAGGTGGCC
CAD2.high:Start-1770|PCA1:1771-End|RT:80_nt_each GGCAGGTCCGAGTGTCGACCGCTTTGTCTATAATATTAACCATCCCGATTTTAGTTATGGCATGGGCCCCTCAGCTTCGAGAGAAAATTTCCACTATCTCCGCGTCAATGGTGCTAGCAACTATTATTCAATTTGTTATTGCAGGACCGTTTTACTTAAATGCCTTGAAGAGTTTAAGCGAGAGGTGGCC
CAD2.high:Start-1773|PCA1:1774-End|RT:80_nt_each GGCAGGTCCGAGTGTCCGCTTTGTCTATAATATTAACCATCCCGATTTTAGTTATGGCATGGGCCCCTCAGCTTCGAGAGAAAATTTCCACTATGTCCGCGTCAATGGTGCTAGCAACTATTATTCAATTTGTTATTGCAGGACCGTTTTACTTAAATGCCTTGAAGAGTTTGATAAGCGAGAGGTGGCC
CAD2.high:Start-1944|PCA1:1945-End|RT:80_nt_each GGCAGGTCCGAGTGTTAATTGAAATGGATTTACTGATCGTTTTAAGCACCAGCGCCGCGTACATATTTTCAATCGTCTCATTTGGCTACTTTGTTGTTGGACGCCCGTTATCTACGGAGCAGTTTTTTGAAACCAGCTCTTTGCTTGTAACTCTCATCATGGTTGGTCGCTTTGTAAGCGAGAGGTGGCC
CAD2.high:Start-1947|PCA1:1948-End|RT:80_nt_each GGCAGGTCCGAGTGTTTGAAATGGATTTACTGATCGTTTTAAGCACCAGCGCCGCGTACATATTTTCAATCGTCTCATTTGGCTACTTTGTTGCTGGACGCCCGTTATCTACGGAGCAGTTTTTTGAAACCAGCTCTTTGCTTGTAACTCTCATCATGGTTGGTCGCTTTGTGAGAAGCGAGAGGTGGCC
CAD2.high:Start-2127|PCA1:2128-End|RT:80_nt_each GGCAGGTCCGAGTGTCTGTCAAGTCTATTTCAGTACGTTCCTTACAAGCGTCTTCCGCTATCTTAGTCGATAAAACCGGCAAAGAAACTGAAATTAATATTAGACTTCTCCAATATGGCGATATTTTTAAGGTTTTACCTGATTCAAGAATCCCAACTGATGGAACAGTCATTTCAAGCGAGAGGTGGCC
CAD2.high:Start-2163|PCA1:2164-End|RT:80_nt_each GGCAGGTCCGAGTGTCTTCCGCTATCTTAGTCGATAAAACCGGCAAAGAAACTGAAATTGACATTAGACTGTTACAATATGGCGATATCTTTAAGGTTTTACCTGATTCAAGAATCCCAACTGATGGAACAGTCATTTCTGGGTCTTCTGAAGTCGACGAAGCGTTAATCACAGGAAGCGAGAGGTGGCC
CAD2.high:Start-2505|PCA1:2506-End|RT:80_nt_each GGCAGGTCCGAGTGTTTGCAAGTTATTTCGTTCCAACAATCATTGGCATCACTGTCGTCACTTTCTGCGTTTGGATAGCTGTGGGAATCAGGGTGGAAAAGCAATCCCGCTCCGATGCCGTAATTCAGGCCATTATATATGCCATTACGGTACTTATCGTTTCGTGTCCCTGCGTAAGCGAGAGGTGGCC
CAD2.high:Start-2583|PCA1:2584-End|RT:80_nt_each GGCAGGTCCGAGTGTTGCAGAAGCAATCACGTTCCGACGCTGTAATTCAGGCAATTATTTATGCTATTACAGTTCTCATAGTTTCCTGTCCCTGCGTGATTGGACTTGCCGTTCCTATCGTATTTGTTATTGCAAGTGGCGTCGCTGCGAAAAGAGGGGTAATCTTCAAATCAGCAAGCGAGAGGTGGCC
CAD2.high:Start-2907|PCA1:2908-End|RT:80_nt_each GGCAGGTCCGAGTGTCAATGGCAATTGCATCTTATCTAAAAGAAAAGGGTGTTTCTGCTCAAAATGTTTCTAATACCAAAGCTGTCACGGGTAAGCGGGTAGAAGGAACATCATACTCTGGTTTGAAGTTACAAGGAGGGAACTGTCGTTGGCTTGGTCATAACAATGATCCTGAAAGCGAGAGGTGGCC
CAD2.high:Start-3339|PCA1:3340-End|RT:80_nt_each GGCAGGTCCGAGTGTAAGGAAGAAATTGCGATAGTAGTTCCCAATCAAAGAGACCTGTCGTTGTTTTCTGCGGTGACGGAACAAATGACGCCATAGGTTTGACTCAAGCAACGATTGGAGTTCATATCAATGAGGGAAGTGAGGTTGCCAAGCTAGCTGCTGATGTAGTTATGTTAAGCGAGAGGTGGCC
CAD2.high:Start-3624|PCA1:3625-End|RT:80_nt_each GGCAGGTCCGAGTGTCTTTTGTTGATTTTCATATCCCACCAGAGTACGCCGGGTTAGGTGAGTTGGTTAGTATTTTACCTGTAATTTTCGTTGCTATACTTCTGCGTTATGCAAAGATTTAGTCCAGGTACTGCTGCTATTTGATTGTAGATTTTCTTTTTTCTTTTCTTTTTTTAAGCGAGAGGTGGCC
CAD2.high:Start-3645|PCA1:3646-End|RT:80_nt_each GGCAGGTCCGAGTGTCACCAGAGTACGCCGGGTTAGGTGAGTTGGTTAGTATTTTACCTGTAATTTTCGTTGCTACTCTTCTTCGATACGCAAAAATTTAGTCCAGGTACTGCTGCTATTTGATTGTAGATTTTCTTTTTTCTTTTCTTTTTTTTTTTTGACGACTCTGTAATACAAGCGAGAGGTGGCC
CAD2.high:Start-3648|PCA1:3649-End|RT:80_nt_each GGCAGGTCCGAGTGTCAGAGTACGCCGGGTTAGGTGAGTTGGTTAGTATTTTACCTGTAATTTTCGTTGCTACTCTTCTTCGATACGCAAAAGTTTAGTCCAGGTACTGCTGCTATTTGATTGTAGATTTTCTTTTTTCTTTTCTTTTTTTTTTTTGACGACTCTGTAATACTCTAAGCGAGAGGTGGCC
