>CAD2.min:Start-114|PCA1:115-End|RT:20_nt_each AAGCGCGGGTTTGGGgcgacaacggtttaggtgggtacgggtccccattccttatatagaaatggcatgttagatACAACCGTGGAGAATGCCACCGTAGATCCATAGAAATGCAtagctaagcgcagggacttcccgaatctcggtattatcccggtaagtgtggactatatttGAACCGGGCGCAGAA
CAD2.min:Start-129|PCA1:130-End|RT:20_nt_each AAGCGCGGGTTTGGGgcgacaacggtttaggtgggtacgggtccccattccttatatagaaatggcatgttagatGCCACTTACGTAGTATCGAGATGCATGCTAATGACAATCTtagctaagcgcagggacttcccgaatctcggtattatcccggtaagtgtggactatatttGAACCGGGCGCAGAA
CAD2.min:Start-426|PCA1:427-End|RT:20_nt_each AAGCGCGGGTTTGGGgcgacaacggtttaggtgggtacgggtccccattccttatatagaaatggcatgttagatCAAACGAGAGTTGCGTAGACGGATGCTGCGTTAGAGATTCtagctaagcgcagggacttcccgaatctcggtattatcccggtaagtgtggactatatttGAACCGGGCGCAGAA
CAD2.min:Start-465|PCA1:466-End|RT:20_nt_each AAGCGCGGGTTTGGGgcgacaacggtttaggtgggtacgggtccccattccttatatagaaatggcatgttagatGCAGCGTCATGGTTGAAGAGGTTACAGGCAGCTGCGAAGCtagctaagcgcagggacttcccgaatctcggtattatcccggtaagtgtggactatatttGAACCGGGCGCAGAA
CAD2.min:Start-627|PCA1:628-End|RT:20_nt_each AAGCGCGGGTTTGGGgcgacaacggtttaggtgggtacgggtccccattccttatatagaaatggcatgttagatCCGGTAAAGGCCGATTGTGTATCGAATCAAGTGACTCTACtagctaagcgcagggacttcccgaatctcggtattatcccggtaagtgtggactatatttGAACCGGGCGCAGAA
CAD2.min:Start-660|PCA1:661-End|RT:20_nt_each AAGCGCGGGTTTGGGgcgacaacggtttaggtgggtacgggtccccattccttatatagaaatggcatgttagatATAGCACTTTAAAGAAGCGTAGTTGTAAAGTTAGCAGACAtagctaagcgcagggacttcccgaatctcggtattatcccggtaagtgtggactatatttGAACCGGGCGCAGAA
CAD2.min:Start-774|PCA1:775-End|RT:20_nt_each AAGCGCGGGTTTGGGgcgacaacggtttaggtgggtacgggtccccattccttatatagaaatggcatgttagatAGAAACGAACCTTCAAGGGCAGCACCAATGTTGGAATTTCtagctaagcgcagggacttcccgaatctcggtattatcccggtaagtgtggactatatttGAACCGGGCGCAGAA
CAD2.min:Start-1032|PCA1:1033-End|RT:20_nt_each AAGCGCGGGTTTGGGgcgacaacggtttaggtgggtacgggtccccattccttatatagaaatggcatgttagatGCCTGACGAAGAAGAAAACTCATGGAGACAAAGAAAGGTTtagctaagcgcagggacttcccgaatctcggtattatcccggtaagtgtggactatatttGAACCGGGCGCAGAA
CAD2.min:Start-1188|PCA1:1189-End|RT:20_nt_each AAGCGCGGGTTTGGGgcgacaacggtttaggtgggtacgggtccccattccttatatagaaatggcatgttagatTAGTTAGTATGGAGCCTATAGAAAATCATCTTAATCTTGAtagctaagcgcagggacttcccgaatctcggtattatcccggtaagtgtggactatatttGAACCGGGCGCAGAA
CAD2.min:Start-1257|PCA1:1258-End|RT:20_nt_each AAGCGCGGGTTTGGGgcgacaacggtttaggtgggtacgggtccccattccttatatagaaatggcatgttagatTGTTATCCGTAAGTGGTATGTCCTGTACTGGTTGTGAATCtagctaagcgcagggacttcccgaatctcggtattatcccggtaagtgtggactatatttGAACCGGGCGCAGAA
CAD2.min:Start-1275|PCA1:1276-End|RT:20_nt_each AAGCGCGGGTTTGGGgcgacaacggtttaggtgggtacgggtccccattccttatatagaaatggcatgttagatTGACATGCACCGGCTGCGAGTCAAAACTTAAGAAATCATTtagctaagcgcagggacttcccgaatctcggtattatcccggtaagtgtggactatatttGAACCGGGCGCAGAA
CAD2.min:Start-1446|PCA1:1447-End|RT:20_nt_each AAGCGCGGGTTTGGGgcgacaacggtttaggtgggtacgggtccccattccttatatagaaatggcatgttagatATGAGCAAATAAGCAACCACGGTTCAACTATAGATGTTGTtagctaagcgcagggacttcccgaatctcggtattatcccggtaagtgtggactatatttGAACCGGGCGCAGAA
CAD2.min:Start-1467|PCA1:1468-End|RT:20_nt_each AAGCGCGGGTTTGGGgcgacaacggtttaggtgggtacgggtccccattccttatatagaaatggcatgttagatCGAGCACCATTGACGTCGTGGTTCCTTATGCAGCAAAAGAtagctaagcgcagggacttcccgaatctcggtattatcccggtaagtgtggactatatttGAACCGGGCGCAGAA
CAD2.min:Start-1545|PCA1:1546-End|RT:20_nt_each AAGCGCGGGTTTGGGgcgacaacggtttaggtgggtacgggtccccattccttatatagaaatggcatgttagatTAAAGATCGTAGAACGCAACATCATTCGTATTTACTTTGAtagctaagcgcagggacttcccgaatctcggtattatcccggtaagtgtggactatatttGAACCGGGCGCAGAA
CAD2.min:Start-1770|PCA1:1771-End|RT:20_nt_each AAGCGCGGGTTTGGGgcgacaacggtttaggtgggtacgggtccccattccttatatagaaatggcatgttagatTGAGAGAGAAGATCAGTACCATCTCCGCGTCAATGGTGCTtagctaagcgcagggacttcccgaatctcggtattatcccggtaagtgtggactatatttGAACCGGGCGCAGAA
CAD2.min:Start-1773|PCA1:1774-End|RT:20_nt_each AAGCGCGGGTTTGGGgcgacaacggtttaggtgggtacgggtccccattccttatatagaaatggcatgttagatGAGAGAAGATCAGTACCATGTCCGCGTCAATGGTGCTAGCtagctaagcgcagggacttcccgaatctcggtattatcccggtaagtgtggactatatttGAACCGGGCGCAGAA
CAD2.min:Start-1944|PCA1:1945-End|RT:20_nt_each AAGCGCGGGTTTGGGgcgacaacggtttaggtgggtacgggtccccattccttatatagaaatggcatgttagatTTAGCTTCGGCTACTTTGTGGTTGGACGCCCGTTATCTACtagctaagcgcagggacttcccgaatctcggtattatcccggtaagtgtggactatatttGAACCGGGCGCAGAA
CAD2.min:Start-1947|PCA1:1948-End|RT:20_nt_each AAGCGCGGGTTTGGGgcgacaacggtttaggtgggtacgggtccccattccttatatagaaatggcatgttagatGCTTCGGCTACTTTGTGGCCGGACGCCCGTTATCTACGGAtagctaagcgcagggacttcccgaatctcggtattatcccggtaagtgtggactatatttGAACCGGGCGCAGAA
CAD2.min:Start-2127|PCA1:2128-End|RT:20_nt_each AAGCGCGGGTTTGGGgcgacaacggtttaggtgggtacgggtccccattccttatatagaaatggcatgttagatCCGGCAAGGAAACAGAGATCAATATTAGACTTCTCCAATAtagctaagcgcagggacttcccgaatctcggtattatcccggtaagtgtggactatatttGAACCGGGCGCAGAA
CAD2.min:Start-2163|PCA1:2164-End|RT:20_nt_each AAGCGCGGGTTTGGGgcgacaacggtttaggtgggtacgggtccccattccttatatagaaatggcatgttagatAGTACGGTGACATATTCAAAGTTTTACCTGATTCAAGAATtagctaagcgcagggacttcccgaatctcggtattatcccggtaagtgtggactatatttGAACCGGGCGCAGAA
CAD2.min:Start-2505|PCA1:2506-End|RT:20_nt_each AAGCGCGGGTTTGGGgcgacaacggtttaggtgggtacgggtccccattccttatatagaaatggcatgttagatTTGCAGTGGGGATAAGGGTTGAAAAGCAATCCCGCTCCGAtagctaagcgcagggacttcccgaatctcggtattatcccggtaagtgtggactatatttGAACCGGGCGCAGAA
CAD2.min:Start-2583|PCA1:2584-End|RT:20_nt_each AAGCGCGGGTTTGGGgcgacaacggtttaggtgggtacgggtccccattccttatatagaaatggcatgttagatTGATTGTCAGCTGCCCATGTGTGATTGGACTTGCCGTTCCtagctaagcgcagggacttcccgaatctcggtattatcccggtaagtgtggactatatttGAACCGGGCGCAGAA
CAD2.min:Start-2907|PCA1:2908-End|RT:20_nt_each AAGCGCGGGTTTGGGgcgacaacggtttaggtgggtacgggtccccattccttatatagaaatggcatgttagatCTAAGGCAGTTACAGGGAAACGGGTAGAAGGAACATCATAtagctaagcgcagggacttcccgaatctcggtattatcccggtaagtgtggactatatttGAACCGGGCGCAGAA
CAD2.min:Start-3339|PCA1:3340-End|RT:20_nt_each AAGCGCGGGTTTGGGgcgacaacggtttaggtgggtacgggtccccattccttatatagaaatggcatgttagatATGGTACGAATGATGCCATAGGTTTGACTCAAGCAACGATtagctaagcgcagggacttcccgaatctcggtattatcccggtaagtgtggactatatttGAACCGGGCGCAGAA
CAD2.min:Start-3624|PCA1:3625-End|RT:20_nt_each AAGCGCGGGTTTGGGgcgacaacggtttaggtgggtacgggtccccattccttatatagaaatggcatgttagatTACCGGTCATCTTCGTCGCGATACTTCTGCGTTATGCAAAtagctaagcgcagggacttcccgaatctcggtattatcccggtaagtgtggactatatttGAACCGGGCGCAGAA
CAD2.min:Start-3645|PCA1:3646-End|RT:20_nt_each AAGCGCGGGTTTGGGgcgacaacggtttaggtgggtacgggtccccattccttatatagaaatggcatgttagatCTTTATTAAGGTACGCTAAAATTTAGTCCAGGTACTGCTGtagctaagcgcagggacttcccgaatctcggtattatcccggtaagtgtggactatatttGAACCGGGCGCAGAA
CAD2.min:Start-3648|PCA1:3649-End|RT:20_nt_each AAGCGCGGGTTTGGGgcgacaacggtttaggtgggtacgggtccccattccttatatagaaatggcatgttagatTATTAAGGTACGCTAAAGTGTAGTCCAGGTACTGCTGCTAtagctaagcgcagggacttcccgaatctcggtattatcccggtaagtgtggactatatttGAACCGGGCGCAGAA
CAD2.min:Start-114|PCA1:115-End|RT:22_nt_each AAGCGCGGGTTTGGGgcgacaacggtttaggtgggtacgggtccccattccttatatagaaatggcatgttagGGACAACCGTGGAGAATGCCACCGTAGATCCATAGAAATGCATGgctaagcgcagggacttcccgaatctcggtattatcccggtaagtgtggactatatttGAACCGGGCGCAGAA
CAD2.min:Start-129|PCA1:130-End|RT:22_nt_each AAGCGCGGGTTTGGGgcgacaacggtttaggtgggtacgggtccccattccttatatagaaatggcatgttagATGCCACTTACGTAGTATCGAGATGCATGCTAATGACAATCTGGgctaagcgcagggacttcccgaatctcggtattatcccggtaagtgtggactatatttGAACCGGGCGCAGAA
CAD2.min:Start-426|PCA1:427-End|RT:22_nt_each AAGCGCGGGTTTGGGgcgacaacggtttaggtgggtacgggtccccattccttatatagaaatggcatgttagTACAAACGAGAGTTGCGTAGACGGATGCTGCGTTAGAGATTCTTgctaagcgcagggacttcccgaatctcggtattatcccggtaagtgtggactatatttGAACCGGGCGCAGAA
CAD2.min:Start-465|PCA1:466-End|RT:22_nt_each AAGCGCGGGTTTGGGgcgacaacggtttaggtgggtacgggtccccattccttatatagaaatggcatgttagCAGCAGCGTCATGGTTGAAGAGGTTACAGGCAGCTGCGAAGCTGgctaagcgcagggacttcccgaatctcggtattatcccggtaagtgtggactatatttGAACCGGGCGCAGAA
CAD2.min:Start-627|PCA1:628-End|RT:22_nt_each AAGCGCGGGTTTGGGgcgacaacggtttaggtgggtacgggtccccattccttatatagaaatggcatgttagTACCGGTAAAGGCCGATTGTGTATCGAATCAAGTGACTCTACACgctaagcgcagggacttcccgaatctcggtattatcccggtaagtgtggactatatttGAACCGGGCGCAGAA
CAD2.min:Start-660|PCA1:661-End|RT:22_nt_each AAGCGCGGGTTTGGGgcgacaacggtttaggtgggtacgggtccccattccttatatagaaatggcatgttagCGATAGCACTTTAAAGAAGCGTAGTTGTAAAGTTAGCAGACAGAgctaagcgcagggacttcccgaatctcggtattatcccggtaagtgtggactatatttGAACCGGGCGCAGAA
CAD2.min:Start-774|PCA1:775-End|RT:22_nt_each AAGCGCGGGTTTGGGgcgacaacggtttaggtgggtacgggtccccattccttatatagaaatggcatgttagCGAGAAACGAACCTTCAAGGGCAGCACCAATGTTGGAATTTCTGgctaagcgcagggacttcccgaatctcggtattatcccggtaagtgtggactatatttGAACCGGGCGCAGAA
CAD2.min:Start-1032|PCA1:1033-End|RT:22_nt_each AAGCGCGGGTTTGGGgcgacaacggtttaggtgggtacgggtccccattccttatatagaaatggcatgttagTTGCCTGACGAAGAAGAAAACTCATGGAGACAAAGAAAGGTTGAgctaagcgcagggacttcccgaatctcggtattatcccggtaagtgtggactatatttGAACCGGGCGCAGAA
CAD2.min:Start-1188|PCA1:1189-End|RT:22_nt_each AAGCGCGGGTTTGGGgcgacaacggtttaggtgggtacgggtccccattccttatatagaaatggcatgttagTATAGTTAGTATGGAGCCTATAGAAAATCATCTTAATCTTGAGGgctaagcgcagggacttcccgaatctcggtattatcccggtaagtgtggactatatttGAACCGGGCGCAGAA
CAD2.min:Start-1257|PCA1:1258-End|RT:22_nt_each AAGCGCGGGTTTGGGgcgacaacggtttaggtgggtacgggtccccattccttatatagaaatggcatgttagAGTGTTATCCGTAAGTGGTATGTCCTGTACTGGTTGTGAATCAAgctaagcgcagggacttcccgaatctcggtattatcccggtaagtgtggactatatttGAACCGGGCGCAGAA
CAD2.min:Start-1275|PCA1:1276-End|RT:22_nt_each AAGCGCGGGTTTGGGgcgacaacggtttaggtgggtacgggtccccattccttatatagaaatggcatgttagTATGACATGCACCGGCTGCGAGTCAAAACTTAAGAAATCATTTGgctaagcgcagggacttcccgaatctcggtattatcccggtaagtgtggactatatttGAACCGGGCGCAGAA
CAD2.min:Start-1446|PCA1:1447-End|RT:22_nt_each AAGCGCGGGTTTGGGgcgacaacggtttaggtgggtacgggtccccattccttatatagaaatggcatgttagATATGAGCAAATAAGCAACCACGGTTCAACTATAGATGTTGTTGgctaagcgcagggacttcccgaatctcggtattatcccggtaagtgtggactatatttGAACCGGGCGCAGAA
CAD2.min:Start-1467|PCA1:1468-End|RT:22_nt_each AAGCGCGGGTTTGGGgcgacaacggtttaggtgggtacgggtccccattccttatatagaaatggcatgttagCGCGAGCACCATTGACGTCGTGGTTCCTTATGCAGCAAAAGATTgctaagcgcagggacttcccgaatctcggtattatcccggtaagtgtggactatatttGAACCGGGCGCAGAA
CAD2.min:Start-1545|PCA1:1546-End|RT:22_nt_each AAGCGCGGGTTTGGGgcgacaacggtttaggtgggtacgggtccccattccttatatagaaatggcatgttagATTAAAGATCGTAGAACGCAACATCATTCGTATTTACTTTGACCgctaagcgcagggacttcccgaatctcggtattatcccggtaagtgtggactatatttGAACCGGGCGCAGAA
CAD2.min:Start-1770|PCA1:1771-End|RT:22_nt_each AAGCGCGGGTTTGGGgcgacaacggtttaggtgggtacgggtccccattccttatatagaaatggcatgttagATTGAGAGAGAAGATCAGTACCATCTCCGCGTCAATGGTGCTAGgctaagcgcagggacttcccgaatctcggtattatcccggtaagtgtggactatatttGAACCGGGCGCAGAA
CAD2.min:Start-1773|PCA1:1774-End|RT:22_nt_each AAGCGCGGGTTTGGGgcgacaacggtttaggtgggtacgggtccccattccttatatagaaatggcatgttagGAGAGAGAAGATCAGTACCATGTCCGCGTCAATGGTGCTAGCAAgctaagcgcagggacttcccgaatctcggtattatcccggtaagtgtggactatatttGAACCGGGCGCAGAA
CAD2.min:Start-1944|PCA1:1945-End|RT:22_nt_each AAGCGCGGGTTTGGGgcgacaacggtttaggtgggtacgggtccccattccttatatagaaatggcatgttagCGTTAGCTTCGGCTACTTTGTGGTTGGACGCCCGTTATCTACGGgctaagcgcagggacttcccgaatctcggtattatcccggtaagtgtggactatatttGAACCGGGCGCAGAA
CAD2.min:Start-1947|PCA1:1948-End|RT:22_nt_each AAGCGCGGGTTTGGGgcgacaacggtttaggtgggtacgggtccccattccttatatagaaatggcatgttagTAGCTTCGGCTACTTTGTGGCCGGACGCCCGTTATCTACGGAGCgctaagcgcagggacttcccgaatctcggtattatcccggtaagtgtggactatatttGAACCGGGCGCAGAA
CAD2.min:Start-2127|PCA1:2128-End|RT:22_nt_each AAGCGCGGGTTTGGGgcgacaacggtttaggtgggtacgggtccccattccttatatagaaatggcatgttagGACCGGCAAGGAAACAGAGATCAATATTAGACTTCTCCAATATGgctaagcgcagggacttcccgaatctcggtattatcccggtaagtgtggactatatttGAACCGGGCGCAGAA
CAD2.min:Start-2163|PCA1:2164-End|RT:22_nt_each AAGCGCGGGTTTGGGgcgacaacggtttaggtgggtacgggtccccattccttatatagaaatggcatgttagACAGTACGGTGACATATTCAAAGTTTTACCTGATTCAAGAATCCgctaagcgcagggacttcccgaatctcggtattatcccggtaagtgtggactatatttGAACCGGGCGCAGAA
CAD2.min:Start-2505|PCA1:2506-End|RT:22_nt_each AAGCGCGGGTTTGGGgcgacaacggtttaggtgggtacgggtccccattccttatatagaaatggcatgttagGATTGCAGTGGGGATAAGGGTTGAAAAGCAATCCCGCTCCGATGgctaagcgcagggacttcccgaatctcggtattatcccggtaagtgtggactatatttGAACCGGGCGCAGAA
CAD2.min:Start-2583|PCA1:2584-End|RT:22_nt_each AAGCGCGGGTTTGGGgcgacaacggtttaggtgggtacgggtccccattccttatatagaaatggcatgttagGTTGATTGTCAGCTGCCCATGTGTGATTGGACTTGCCGTTCCTAgctaagcgcagggacttcccgaatctcggtattatcccggtaagtgtggactatatttGAACCGGGCGCAGAA
CAD2.min:Start-2907|PCA1:2908-End|RT:22_nt_each AAGCGCGGGTTTGGGgcgacaacggtttaggtgggtacgggtccccattccttatatagaaatggcatgttagCACTAAGGCAGTTACAGGGAAACGGGTAGAAGGAACATCATACTgctaagcgcagggacttcccgaatctcggtattatcccggtaagtgtggactatatttGAACCGGGCGCAGAA
CAD2.min:Start-3339|PCA1:3340-End|RT:22_nt_each AAGCGCGGGTTTGGGgcgacaacggtttaggtgggtacgggtccccattccttatatagaaatggcatgttagCGATGGTACGAATGATGCCATAGGTTTGACTCAAGCAACGATTGgctaagcgcagggacttcccgaatctcggtattatcccggtaagtgtggactatatttGAACCGGGCGCAGAA
CAD2.min:Start-3624|PCA1:3625-End|RT:22_nt_each AAGCGCGGGTTTGGGgcgacaacggtttaggtgggtacgggtccccattccttatatagaaatggcatgttagTTTACCGGTCATCTTCGTCGCGATACTTCTGCGTTATGCAAAGAgctaagcgcagggacttcccgaatctcggtattatcccggtaagtgtggactatatttGAACCGGGCGCAGAA
CAD2.min:Start-3645|PCA1:3646-End|RT:22_nt_each AAGCGCGGGTTTGGGgcgacaacggtttaggtgggtacgggtccccattccttatatagaaatggcatgttagGACTTTATTAAGGTACGCTAAAATTTAGTCCAGGTACTGCTGCTgctaagcgcagggacttcccgaatctcggtattatcccggtaagtgtggactatatttGAACCGGGCGCAGAA
CAD2.min:Start-3648|PCA1:3649-End|RT:22_nt_each AAGCGCGGGTTTGGGgcgacaacggtttaggtgggtacgggtccccattccttatatagaaatggcatgttagTTTATTAAGGTACGCTAAAGTGTAGTCCAGGTACTGCTGCTATTgctaagcgcagggacttcccgaatctcggtattatcccggtaagtgtggactatatttGAACCGGGCGCAGAA
CAD2.min:Start-114|PCA1:115-End|RT:25_nt_each AAGCGCGGGTTTGGGgcgacaacggtttaggtgggtacgggtccccattccttatatagaaatggcatgtGCAGGACAACCGTGGAGAATGCCACCGTAGATCCATAGAAATGCATGCTAaagcgcagggacttcccgaatctcggtattatcccggtaagtgtggactatatttGAACCGGGCGCAGAA
CAD2.min:Start-129|PCA1:130-End|RT:25_nt_each AAGCGCGGGTTTGGGgcgacaacggtttaggtgggtacgggtccccattccttatatagaaatggcatgtAGAATGCCACTTACGTAGTATCGAGATGCATGCTAATGACAATCTGGGATaagcgcagggacttcccgaatctcggtattatcccggtaagtgtggactatatttGAACCGGGCGCAGAA
CAD2.min:Start-426|PCA1:427-End|RT:25_nt_each AAGCGCGGGTTTGGGgcgacaacggtttaggtgggtacgggtccccattccttatatagaaatggcatgtTCATACAAACGAGAGTTGCGTAGACGGATGCTGCGTTAGAGATTCTTCAGaagcgcagggacttcccgaatctcggtattatcccggtaagtgtggactatatttGAACCGGGCGCAGAA
CAD2.min:Start-465|PCA1:466-End|RT:25_nt_each AAGCGCGGGTTTGGGgcgacaacggtttaggtgggtacgggtccccattccttatatagaaatggcatgtTGACAGCAGCGTCATGGTTGAAGAGGTTACAGGCAGCTGCGAAGCTGTATaagcgcagggacttcccgaatctcggtattatcccggtaagtgtggactatatttGAACCGGGCGCAGAA
CAD2.min:Start-627|PCA1:628-End|RT:25_nt_each AAGCGCGGGTTTGGGgcgacaacggtttaggtgggtacgggtccccattccttatatagaaatggcatgtGCATACCGGTAAAGGCCGATTGTGTATCGAATCAAGTGACTCTACACTCAaagcgcagggacttcccgaatctcggtattatcccggtaagtgtggactatatttGAACCGGGCGCAGAA
CAD2.min:Start-660|PCA1:661-End|RT:25_nt_each AAGCGCGGGTTTGGGgcgacaacggtttaggtgggtacgggtccccattccttatatagaaatggcatgtTTCCGATAGCACTTTAAAGAAGCGTAGTTGTAAAGTTAGCAGACAGAAAAaagcgcagggacttcccgaatctcggtattatcccggtaagtgtggactatatttGAACCGGGCGCAGAA
CAD2.min:Start-774|PCA1:775-End|RT:25_nt_each AAGCGCGGGTTTGGGgcgacaacggtttaggtgggtacgggtccccattccttatatagaaatggcatgtGTGCGAGAAACGAACCTTCAAGGGCAGCACCAATGTTGGAATTTCTGGGAaagcgcagggacttcccgaatctcggtattatcccggtaagtgtggactatatttGAACCGGGCGCAGAA
CAD2.min:Start-1032|PCA1:1033-End|RT:25_nt_each AAGCGCGGGTTTGGGgcgacaacggtttaggtgggtacgggtccccattccttatatagaaatggcatgtCGGTTGCCTGACGAAGAAGAAAACTCATGGAGACAAAGAAAGGTTGAGCAaagcgcagggacttcccgaatctcggtattatcccggtaagtgtggactatatttGAACCGGGCGCAGAA
CAD2.min:Start-1188|PCA1:1189-End|RT:25_nt_each AAGCGCGGGTTTGGGgcgacaacggtttaggtgggtacgggtccccattccttatatagaaatggcatgtCCGTATAGTTAGTATGGAGCCTATAGAAAATCATCTTAATCTTGAGGCAGaagcgcagggacttcccgaatctcggtattatcccggtaagtgtggactatatttGAACCGGGCGCAGAA
CAD2.min:Start-1257|PCA1:1258-End|RT:25_nt_each AAGCGCGGGTTTGGGgcgacaacggtttaggtgggtacgggtccccattccttatatagaaatggcatgtTATAGTGTTATCCGTAAGTGGTATGTCCTGTACTGGTTGTGAATCAAAACaagcgcagggacttcccgaatctcggtattatcccggtaagtgtggactatatttGAACCGGGCGCAGAA
CAD2.min:Start-1275|PCA1:1276-End|RT:25_nt_each AAGCGCGGGTTTGGGgcgacaacggtttaggtgggtacgggtccccattccttatatagaaatggcatgtTGGTATGACATGCACCGGCTGCGAGTCAAAACTTAAGAAATCATTTGGCGaagcgcagggacttcccgaatctcggtattatcccggtaagtgtggactatatttGAACCGGGCGCAGAA
CAD2.min:Start-1446|PCA1:1447-End|RT:25_nt_each AAGCGCGGGTTTGGGgcgacaacggtttaggtgggtacgggtccccattccttatatagaaatggcatgtTAAATATGAGCAAATAAGCAACCACGGTTCAACTATAGATGTTGTTGTTCaagcgcagggacttcccgaatctcggtattatcccggtaagtgtggactatatttGAACCGGGCGCAGAA
CAD2.min:Start-1467|PCA1:1468-End|RT:25_nt_each AAGCGCGGGTTTGGGgcgacaacggtttaggtgggtacgggtccccattccttatatagaaatggcatgtCCACGCGAGCACCATTGACGTCGTGGTTCCTTATGCAGCAAAAGATTTTAaagcgcagggacttcccgaatctcggtattatcccggtaagtgtggactatatttGAACCGGGCGCAGAA
CAD2.min:Start-1545|PCA1:1546-End|RT:25_nt_each AAGCGCGGGTTTGGGgcgacaacggtttaggtgggtacgggtccccattccttatatagaaatggcatgtTGAATTAAAGATCGTAGAACGCAACATCATTCGTATTTACTTTGACCCAAaagcgcagggacttcccgaatctcggtattatcccggtaagtgtggactatatttGAACCGGGCGCAGAA
CAD2.min:Start-1770|PCA1:1771-End|RT:25_nt_each AAGCGCGGGTTTGGGgcgacaacggtttaggtgggtacgggtccccattccttatatagaaatggcatgtGCAATTGAGAGAGAAGATCAGTACCATCTCCGCGTCAATGGTGCTAGCAAaagcgcagggacttcccgaatctcggtattatcccggtaagtgtggactatatttGAACCGGGCGCAGAA
CAD2.min:Start-1773|PCA1:1774-End|RT:25_nt_each AAGCGCGGGTTTGGGgcgacaacggtttaggtgggtacgggtccccattccttatatagaaatggcatgtATTGAGAGAGAAGATCAGTACCATGTCCGCGTCAATGGTGCTAGCAACTAaagcgcagggacttcccgaatctcggtattatcccggtaagtgtggactatatttGAACCGGGCGCAGAA
CAD2.min:Start-1944|PCA1:1945-End|RT:25_nt_each AAGCGCGGGTTTGGGgcgacaacggtttaggtgggtacgggtccccattccttatatagaaatggcatgtCATCGTTAGCTTCGGCTACTTTGTGGTTGGACGCCCGTTATCTACGGAGCaagcgcagggacttcccgaatctcggtattatcccggtaagtgtggactatatttGAACCGGGCGCAGAA
CAD2.min:Start-1947|PCA1:1948-End|RT:25_nt_each AAGCGCGGGTTTGGGgcgacaacggtttaggtgggtacgggtccccattccttatatagaaatggcatgtCGTTAGCTTCGGCTACTTTGTGGCCGGACGCCCGTTATCTACGGAGCAGTaagcgcagggacttcccgaatctcggtattatcccggtaagtgtggactatatttGAACCGGGCGCAGAA
CAD2.min:Start-2127|PCA1:2128-End|RT:25_nt_each AAGCGCGGGTTTGGGgcgacaacggtttaggtgggtacgggtccccattccttatatagaaatggcatgtCAAGACCGGCAAGGAAACAGAGATCAATATTAGACTTCTCCAATATGGCGaagcgcagggacttcccgaatctcggtattatcccggtaagtgtggactatatttGAACCGGGCGCAGAA
CAD2.min:Start-2163|PCA1:2164-End|RT:25_nt_each AAGCGCGGGTTTGGGgcgacaacggtttaggtgggtacgggtccccattccttatatagaaatggcatgtGTTACAGTACGGTGACATATTCAAAGTTTTACCTGATTCAAGAATCCCAAaagcgcagggacttcccgaatctcggtattatcccggtaagtgtggactatatttGAACCGGGCGCAGAA
CAD2.min:Start-2505|PCA1:2506-End|RT:25_nt_each AAGCGCGGGTTTGGGgcgacaacggtttaggtgggtacgggtccccattccttatatagaaatggcatgtCTGGATTGCAGTGGGGATAAGGGTTGAAAAGCAATCCCGCTCCGATGCCGaagcgcagggacttcccgaatctcggtattatcccggtaagtgtggactatatttGAACCGGGCGCAGAA
CAD2.min:Start-2583|PCA1:2584-End|RT:25_nt_each AAGCGCGGGTTTGGGgcgacaacggtttaggtgggtacgggtccccattccttatatagaaatggcatgtTGTGTTGATTGTCAGCTGCCCATGTGTGATTGGACTTGCCGTTCCTATCGaagcgcagggacttcccgaatctcggtattatcccggtaagtgtggactatatttGAACCGGGCGCAGAA
CAD2.min:Start-2907|PCA1:2908-End|RT:25_nt_each AAGCGCGGGTTTGGGgcgacaacggtttaggtgggtacgggtccccattccttatatagaaatggcatgtCAACACTAAGGCAGTTACAGGGAAACGGGTAGAAGGAACATCATACTCTGaagcgcagggacttcccgaatctcggtattatcccggtaagtgtggactatatttGAACCGGGCGCAGAA
CAD2.min:Start-3339|PCA1:3340-End|RT:25_nt_each AAGCGCGGGTTTGGGgcgacaacggtttaggtgggtacgggtccccattccttatatagaaatggcatgtTGGCGATGGTACGAATGATGCCATAGGTTTGACTCAAGCAACGATTGGAGaagcgcagggacttcccgaatctcggtattatcccggtaagtgtggactatatttGAACCGGGCGCAGAA
CAD2.min:Start-3624|PCA1:3625-End|RT:25_nt_each AAGCGCGGGTTTGGGgcgacaacggtttaggtgggtacgggtccccattccttatatagaaatggcatgtAATTTTACCGGTCATCTTCGTCGCGATACTTCTGCGTTATGCAAAGATTTaagcgcagggacttcccgaatctcggtattatcccggtaagtgtggactatatttGAACCGGGCGCAGAA
CAD2.min:Start-3645|PCA1:3646-End|RT:25_nt_each AAGCGCGGGTTTGGGgcgacaacggtttaggtgggtacgggtccccattccttatatagaaatggcatgtCGCGACTTTATTAAGGTACGCTAAAATTTAGTCCAGGTACTGCTGCTATTaagcgcagggacttcccgaatctcggtattatcccggtaagtgtggactatatttGAACCGGGCGCAGAA
CAD2.min:Start-3648|PCA1:3649-End|RT:25_nt_each AAGCGCGGGTTTGGGgcgacaacggtttaggtgggtacgggtccccattccttatatagaaatggcatgtGACTTTATTAAGGTACGCTAAAGTGTAGTCCAGGTACTGCTGCTATTTGAaagcgcagggacttcccgaatctcggtattatcccggtaagtgtggactatatttGAACCGGGCGCAGAA
CAD2.min:Start-114|PCA1:115-End|RT:29_nt_each AAGCGCGGGTTTGGGgcgacaacggtttaggtgggtacgggtccccattccttatatagaaatggcCGATGCAGGACAACCGTGGAGAATGCCACCGTAGATCCATAGAAATGCATGCTAATGAgcagggacttcccgaatctcggtattatcccggtaagtgtggactatatttGAACCGGGCGCAGAA
CAD2.min:Start-129|PCA1:130-End|RT:29_nt_each AAGCGCGGGTTTGGGgcgacaacggtttaggtgggtacgggtccccattccttatatagaaatggcGTGGAGAATGCCACTTACGTAGTATCGAGATGCATGCTAATGACAATCTGGGATTGGTgcagggacttcccgaatctcggtattatcccggtaagtgtggactatatttGAACCGGGCGCAGAA
CAD2.min:Start-426|PCA1:427-End|RT:29_nt_each AAGCGCGGGTTTGGGgcgacaacggtttaggtgggtacgggtccccattccttatatagaaatggcGAGATCATACAAACGAGAGTTGCGTAGACGGATGCTGCGTTAGAGATTCTTCAGTGATgcagggacttcccgaatctcggtattatcccggtaagtgtggactatatttGAACCGGGCGCAGAA
CAD2.min:Start-465|PCA1:466-End|RT:29_nt_each AAGCGCGGGTTTGGGgcgacaacggtttaggtgggtacgggtccccattccttatatagaaatggcTACGTGACAGCAGCGTCATGGTTGAAGAGGTTACAGGCAGCTGCGAAGCTGTATCTTCgcagggacttcccgaatctcggtattatcccggtaagtgtggactatatttGAACCGGGCGCAGAA
CAD2.min:Start-627|PCA1:628-End|RT:29_nt_each AAGCGCGGGTTTGGGgcgacaacggtttaggtgggtacgggtccccattccttatatagaaatggcATCAGCATACCGGTAAAGGCCGATTGTGTATCGAATCAAGTGACTCTACACTCAAGAAgcagggacttcccgaatctcggtattatcccggtaagtgtggactatatttGAACCGGGCGCAGAA
CAD2.min:Start-660|PCA1:661-End|RT:29_nt_each AAGCGCGGGTTTGGGgcgacaacggtttaggtgggtacgggtccccattccttatatagaaatggcAGAGTTCCGATAGCACTTTAAAGAAGCGTAGTTGTAAAGTTAGCAGACAGAAAATTGAgcagggacttcccgaatctcggtattatcccggtaagtgtggactatatttGAACCGGGCGCAGAA
CAD2.min:Start-774|PCA1:775-End|RT:29_nt_each AAGCGCGGGTTTGGGgcgacaacggtttaggtgggtacgggtccccattccttatatagaaatggcGATCGTGCGAGAAACGAACCTTCAAGGGCAGCACCAATGTTGGAATTTCTGGGAGTAGgcagggacttcccgaatctcggtattatcccggtaagtgtggactatatttGAACCGGGCGCAGAA
CAD2.min:Start-1032|PCA1:1033-End|RT:29_nt_each AAGCGCGGGTTTGGGgcgacaacggtttaggtgggtacgggtccccattccttatatagaaatggcCAAGCGGTTGCCTGACGAAGAAGAAAACTCATGGAGACAAAGAAAGGTTGAGCAATGAgcagggacttcccgaatctcggtattatcccggtaagtgtggactatatttGAACCGGGCGCAGAA
CAD2.min:Start-1188|PCA1:1189-End|RT:29_nt_each AAGCGCGGGTTTGGGgcgacaacggtttaggtgggtacgggtccccattccttatatagaaatggcTCAGCCGTATAGTTAGTATGGAGCCTATAGAAAATCATCTTAATCTTGAGGCAGGATCgcagggacttcccgaatctcggtattatcccggtaagtgtggactatatttGAACCGGGCGCAGAA
CAD2.min:Start-1257|PCA1:1258-End|RT:29_nt_each AAGCGCGGGTTTGGGgcgacaacggtttaggtgggtacgggtccccattccttatatagaaatggcAACATATAGTGTTATCCGTAAGTGGTATGTCCTGTACTGGTTGTGAATCAAAACTTAAgcagggacttcccgaatctcggtattatcccggtaagtgtggactatatttGAACCGGGCGCAGAA
CAD2.min:Start-1275|PCA1:1276-End|RT:29_nt_each AAGCGCGGGTTTGGGgcgacaacggtttaggtgggtacgggtccccattccttatatagaaatggcTAAGTGGTATGACATGCACCGGCTGCGAGTCAAAACTTAAGAAATCATTTGGCGCGCTgcagggacttcccgaatctcggtattatcccggtaagtgtggactatatttGAACCGGGCGCAGAA
CAD2.min:Start-1446|PCA1:1447-End|RT:29_nt_each AAGCGCGGGTTTGGGgcgacaacggtttaggtgggtacgggtccccattccttatatagaaatggcAGTTTAAATATGAGCAAATAAGCAACCACGGTTCAACTATAGATGTTGTTGTTCCTTAgcagggacttcccgaatctcggtattatcccggtaagtgtggactatatttGAACCGGGCGCAGAA
CAD2.min:Start-1467|PCA1:1468-End|RT:29_nt_each AAGCGCGGGTTTGGGgcgacaacggtttaggtgggtacgggtccccattccttatatagaaatggcGCAACCACGCGAGCACCATTGACGTCGTGGTTCCTTATGCAGCAAAAGATTTTATTAAgcagggacttcccgaatctcggtattatcccggtaagtgtggactatatttGAACCGGGCGCAGAA
CAD2.min:Start-1545|PCA1:1546-End|RT:29_nt_each AAGCGCGGGTTTGGGgcgacaacggtttaggtgggtacgggtccccattccttatatagaaatggcTGACTGAATTAAAGATCGTAGAACGCAACATCATTCGTATTTACTTTGACCCAAAGGTgcagggacttcccgaatctcggtattatcccggtaagtgtggactatatttGAACCGGGCGCAGAA
CAD2.min:Start-1770|PCA1:1771-End|RT:29_nt_each AAGCGCGGGTTTGGGgcgacaacggtttaggtgggtacgggtccccattccttatatagaaatggcCACCGCAATTGAGAGAGAAGATCAGTACCATCTCCGCGTCAATGGTGCTAGCAACTATgcagggacttcccgaatctcggtattatcccggtaagtgtggactatatttGAACCGGGCGCAGAA
CAD2.min:Start-1773|PCA1:1774-End|RT:29_nt_each AAGCGCGGGTTTGGGgcgacaacggtttaggtgggtacgggtccccattccttatatagaaatggcCGCAATTGAGAGAGAAGATCAGTACCATGTCCGCGTCAATGGTGCTAGCAACTATTATgcagggacttcccgaatctcggtattatcccggtaagtgtggactatatttGAACCGGGCGCAGAA
CAD2.min:Start-1944|PCA1:1945-End|RT:29_nt_each AAGCGCGGGTTTGGGgcgacaacggtttaggtgggtacgggtccccattccttatatagaaatggcTCAGCATCGTTAGCTTCGGCTACTTTGTGGTTGGACGCCCGTTATCTACGGAGCAGTTgcagggacttcccgaatctcggtattatcccggtaagtgtggactatatttGAACCGGGCGCAGAA
CAD2.min:Start-1947|PCA1:1948-End|RT:29_nt_each AAGCGCGGGTTTGGGgcgacaacggtttaggtgggtacgggtccccattccttatatagaaatggcGCATCGTTAGCTTCGGCTACTTTGTGGCCGGACGCCCGTTATCTACGGAGCAGTTTTTgcagggacttcccgaatctcggtattatcccggtaagtgtggactatatttGAACCGGGCGCAGAA
CAD2.min:Start-2127|PCA1:2128-End|RT:29_nt_each AAGCGCGGGTTTGGGgcgacaacggtttaggtgggtacgggtccccattccttatatagaaatggcTTGACAAGACCGGCAAGGAAACAGAGATCAATATTAGACTTCTCCAATATGGCGATATgcagggacttcccgaatctcggtattatcccggtaagtgtggactatatttGAACCGGGCGCAGAA
CAD2.min:Start-2163|PCA1:2164-End|RT:29_nt_each AAGCGCGGGTTTGGGgcgacaacggtttaggtgggtacgggtccccattccttatatagaaatggcGTTTGTTACAGTACGGTGACATATTCAAAGTTTTACCTGATTCAAGAATCCCAACTGAgcagggacttcccgaatctcggtattatcccggtaagtgtggactatatttGAACCGGGCGCAGAA
CAD2.min:Start-2505|PCA1:2506-End|RT:29_nt_each AAGCGCGGGTTTGGGgcgacaacggtttaggtgggtacgggtccccattccttatatagaaatggcGTGTCTGGATTGCAGTGGGGATAAGGGTTGAAAAGCAATCCCGCTCCGATGCCGTAATgcagggacttcccgaatctcggtattatcccggtaagtgtggactatatttGAACCGGGCGCAGAA
CAD2.min:Start-2583|PCA1:2584-End|RT:29_nt_each AAGCGCGGGTTTGGGgcgacaacggtttaggtgggtacgggtccccattccttatatagaaatggcTCACTGTGTTGATTGTCAGCTGCCCATGTGTGATTGGACTTGCCGTTCCTATCGTATTgcagggacttcccgaatctcggtattatcccggtaagtgtggactatatttGAACCGGGCGCAGAA
CAD2.min:Start-2907|PCA1:2908-End|RT:29_nt_each AAGCGCGGGTTTGGGgcgacaacggtttaggtgggtacgggtccccattccttatatagaaatggcTCAGCAACACTAAGGCAGTTACAGGGAAACGGGTAGAAGGAACATCATACTCTGGTTTgcagggacttcccgaatctcggtattatcccggtaagtgtggactatatttGAACCGGGCGCAGAA
CAD2.min:Start-3339|PCA1:3340-End|RT:29_nt_each AAGCGCGGGTTTGGGgcgacaacggtttaggtgggtacgggtccccattccttatatagaaatggcTCTGTGGCGATGGTACGAATGATGCCATAGGTTTGACTCAAGCAACGATTGGAGTTCAgcagggacttcccgaatctcggtattatcccggtaagtgtggactatatttGAACCGGGCGCAGAA
CAD2.min:Start-3624|PCA1:3625-End|RT:29_nt_each AAGCGCGGGTTTGGGgcgacaacggtttaggtgggtacgggtccccattccttatatagaaatggcTCTCAATTTTACCGGTCATCTTCGTCGCGATACTTCTGCGTTATGCAAAGATTTAGTCgcagggacttcccgaatctcggtattatcccggtaagtgtggactatatttGAACCGGGCGCAGAA
CAD2.min:Start-3645|PCA1:3646-End|RT:29_nt_each AAGCGCGGGTTTGGGgcgacaacggtttaggtgggtacgggtccccattccttatatagaaatggcTCGTCGCGACTTTATTAAGGTACGCTAAAATTTAGTCCAGGTACTGCTGCTATTTGATgcagggacttcccgaatctcggtattatcccggtaagtgtggactatatttGAACCGGGCGCAGAA
CAD2.min:Start-3648|PCA1:3649-End|RT:29_nt_each AAGCGCGGGTTTGGGgcgacaacggtttaggtgggtacgggtccccattccttatatagaaatggcTCGCGACTTTATTAAGGTACGCTAAAGTGTAGTCCAGGTACTGCTGCTATTTGATTGTgcagggacttcccgaatctcggtattatcccggtaagtgtggactatatttGAACCGGGCGCAGAA
CAD2.min:Start-114|PCA1:115-End|RT:34_nt_each AAGCGCGGGTTTGGGgcgacaacggtttaggtgggtacgggtccccattccttatatagaaTGACGCGATGCAGGACAACCGTGGAGAATGCCACCGTAGATCCATAGAAATGCATGCTAATGACAATCgacttcccgaatctcggtattatcccggtaagtgtggactatatttGAACCGGGCGCAGAA
CAD2.min:Start-129|PCA1:130-End|RT:34_nt_each AAGCGCGGGTTTGGGgcgacaacggtttaggtgggtacgggtccccattccttatatagaaCAACCGTGGAGAATGCCACTTACGTAGTATCGAGATGCATGCTAATGACAATCTGGGATTGGTCTCCCgacttcccgaatctcggtattatcccggtaagtgtggactatatttGAACCGGGCGCAGAA
CAD2.min:Start-426|PCA1:427-End|RT:34_nt_each AAGCGCGGGTTTGGGgcgacaacggtttaggtgggtacgggtccccattccttatatagaaCGGAGGAGATCATACAAACGAGAGTTGCGTAGACGGATGCTGCGTTAGAGATTCTTCAGTGATGGTCGgacttcccgaatctcggtattatcccggtaagtgtggactatatttGAACCGGGCGCAGAA
CAD2.min:Start-465|PCA1:466-End|RT:34_nt_each AAGCGCGGGTTTGGGgcgacaacggtttaggtgggtacgggtccccattccttatatagaaTTGTGTACGTGACAGCAGCGTCATGGTTGAAGAGGTTACAGGCAGCTGCGAAGCTGTATCTTCTAAAGgacttcccgaatctcggtattatcccggtaagtgtggactatatttGAACCGGGCGCAGAA
CAD2.min:Start-627|PCA1:628-End|RT:34_nt_each AAGCGCGGGTTTGGGgcgacaacggtttaggtgggtacgggtccccattccttatatagaaCAGTAATCAGCATACCGGTAAAGGCCGATTGTGTATCGAATCAAGTGACTCTACACTCAAGAAAAGAAgacttcccgaatctcggtattatcccggtaagtgtggactatatttGAACCGGGCGCAGAA
CAD2.min:Start-660|PCA1:661-End|RT:34_nt_each AAGCGCGGGTTTGGGgcgacaacggtttaggtgggtacgggtccccattccttatatagaaTCTAGAGAGTTCCGATAGCACTTTAAAGAAGCGTAGTTGTAAAGTTAGCAGACAGAAAATTGAGGTTTgacttcccgaatctcggtattatcccggtaagtgtggactatatttGAACCGGGCGCAGAA
CAD2.min:Start-774|PCA1:775-End|RT:34_nt_each AAGCGCGGGTTTGGGgcgacaacggtttaggtgggtacgggtccccattccttatatagaaTAGCAGATCGTGCGAGAAACGAACCTTCAAGGGCAGCACCAATGTTGGAATTTCTGGGAGTAGCTCTAgacttcccgaatctcggtattatcccggtaagtgtggactatatttGAACCGGGCGCAGAA
CAD2.min:Start-1032|PCA1:1033-End|RT:34_nt_each AAGCGCGGGTTTGGGgcgacaacggtttaggtgggtacgggtccccattccttatatagaaAAATTCAAGCGGTTGCCTGACGAAGAAGAAAACTCATGGAGACAAAGAAAGGTTGAGCAATGACAATGgacttcccgaatctcggtattatcccggtaagtgtggactatatttGAACCGGGCGCAGAA
CAD2.min:Start-1188|PCA1:1189-End|RT:34_nt_each AAGCGCGGGTTTGGGgcgacaacggtttaggtgggtacgggtccccattccttatatagaaAGAGATCAGCCGTATAGTTAGTATGGAGCCTATAGAAAATCATCTTAATCTTGAGGCAGGATCTACCGgacttcccgaatctcggtattatcccggtaagtgtggactatatttGAACCGGGCGCAGAA
CAD2.min:Start-1257|PCA1:1258-End|RT:34_nt_each AAGCGCGGGTTTGGGgcgacaacggtttaggtgggtacgggtccccattccttatatagaaGACTGAACATATAGTGTTATCCGTAAGTGGTATGTCCTGTACTGGTTGTGAATCAAAACTTAAGAAATgacttcccgaatctcggtattatcccggtaagtgtggactatatttGAACCGGGCGCAGAA
CAD2.min:Start-1275|PCA1:1276-End|RT:34_nt_each AAGCGCGGGTTTGGGgcgacaacggtttaggtgggtacgggtccccattccttatatagaaATCCGTAAGTGGTATGACATGCACCGGCTGCGAGTCAAAACTTAAGAAATCATTTGGCGCGCTCAAATgacttcccgaatctcggtattatcccggtaagtgtggactatatttGAACCGGGCGCAGAA
CAD2.min:Start-1446|PCA1:1447-End|RT:34_nt_each AAGCGCGGGTTTGGGgcgacaacggtttaggtgggtacgggtccccattccttatatagaaAACGGAGTTTAAATATGAGCAAATAAGCAACCACGGTTCAACTATAGATGTTGTTGTTCCTTATGCAGgacttcccgaatctcggtattatcccggtaagtgtggactatatttGAACCGGGCGCAGAA
CAD2.min:Start-1467|PCA1:1468-End|RT:34_nt_each AAGCGCGGGTTTGGGgcgacaacggtttaggtgggtacgggtccccattccttatatagaaAATAAGCAACCACGCGAGCACCATTGACGTCGTGGTTCCTTATGCAGCAAAAGATTTTATTAATGAGGgacttcccgaatctcggtattatcccggtaagtgtggactatatttGAACCGGGCGCAGAA
CAD2.min:Start-1545|PCA1:1546-End|RT:34_nt_each AAGCGCGGGTTTGGGgcgacaacggtttaggtgggtacgggtccccattccttatatagaaGGGCGTGACTGAATTAAAGATCGTAGAACGCAACATCATTCGTATTTACTTTGACCCAAAGGTTATAGgacttcccgaatctcggtattatcccggtaagtgtggactatatttGAACCGGGCGCAGAA
CAD2.min:Start-1770|PCA1:1771-End|RT:34_nt_each AAGCGCGGGTTTGGGgcgacaacggtttaggtgggtacgggtccccattccttatatagaaGTGGGCACCGCAATTGAGAGAGAAGATCAGTACCATCTCCGCGTCAATGGTGCTAGCAACTATTATTCgacttcccgaatctcggtattatcccggtaagtgtggactatatttGAACCGGGCGCAGAA
CAD2.min:Start-1773|PCA1:1774-End|RT:34_nt_each AAGCGCGGGTTTGGGgcgacaacggtttaggtgggtacgggtccccattccttatatagaaGGCACCGCAATTGAGAGAGAAGATCAGTACCATGTCCGCGTCAATGGTGCTAGCAACTATTATTCAATgacttcccgaatctcggtattatcccggtaagtgtggactatatttGAACCGGGCGCAGAA
CAD2.min:Start-1944|PCA1:1945-End|RT:34_nt_each AAGCGCGGGTTTGGGgcgacaacggtttaggtgggtacgggtccccattccttatatagaaTATTTTCAGCATCGTTAGCTTCGGCTACTTTGTGGTTGGACGCCCGTTATCTACGGAGCAGTTTTTTGgacttcccgaatctcggtattatcccggtaagtgtggactatatttGAACCGGGCGCAGAA
CAD2.min:Start-1947|PCA1:1948-End|RT:34_nt_each AAGCGCGGGTTTGGGgcgacaacggtttaggtgggtacgggtccccattccttatatagaaTTTCAGCATCGTTAGCTTCGGCTACTTTGTGGCCGGACGCCCGTTATCTACGGAGCAGTTTTTTGAAAgacttcccgaatctcggtattatcccggtaagtgtggactatatttGAACCGGGCGCAGAA
CAD2.min:Start-2127|PCA1:2128-End|RT:34_nt_each AAGCGCGGGTTTGGGgcgacaacggtttaggtgggtacgggtccccattccttatatagaaATTAGTTGACAAGACCGGCAAGGAAACAGAGATCAATATTAGACTTCTCCAATATGGCGATATTTTTAgacttcccgaatctcggtattatcccggtaagtgtggactatatttGAACCGGGCGCAGAA
CAD2.min:Start-2163|PCA1:2164-End|RT:34_nt_each AAGCGCGGGTTTGGGgcgacaacggtttaggtgggtacgggtccccattccttatatagaaCATCCGTTTGTTACAGTACGGTGACATATTCAAAGTTTTACCTGATTCAAGAATCCCAACTGATGGAAgacttcccgaatctcggtattatcccggtaagtgtggactatatttGAACCGGGCGCAGAA
CAD2.min:Start-2505|PCA1:2506-End|RT:34_nt_each AAGCGCGGGTTTGGGgcgacaacggtttaggtgggtacgggtccccattccttatatagaaATTCTGTGTCTGGATTGCAGTGGGGATAAGGGTTGAAAAGCAATCCCGCTCCGATGCCGTAATTCAGGgacttcccgaatctcggtattatcccggtaagtgtggactatatttGAACCGGGCGCAGAA
CAD2.min:Start-2583|PCA1:2584-End|RT:34_nt_each AAGCGCGGGTTTGGGgcgacaacggtttaggtgggtacgggtccccattccttatatagaaCGCGATCACTGTGTTGATTGTCAGCTGCCCATGTGTGATTGGACTTGCCGTTCCTATCGTATTTGTTAgacttcccgaatctcggtattatcccggtaagtgtggactatatttGAACCGGGCGCAGAA
CAD2.min:Start-2907|PCA1:2908-End|RT:34_nt_each AAGCGCGGGTTTGGGgcgacaacggtttaggtgggtacgggtccccattccttatatagaaGAACGTCAGCAACACTAAGGCAGTTACAGGGAAACGGGTAGAAGGAACATCATACTCTGGTTTGAAGTgacttcccgaatctcggtattatcccggtaagtgtggactatatttGAACCGGGCGCAGAA
CAD2.min:Start-3339|PCA1:3340-End|RT:34_nt_each AAGCGCGGGTTTGGGgcgacaacggtttaggtgggtacgggtccccattccttatatagaaCGTATTCTGTGGCGATGGTACGAATGATGCCATAGGTTTGACTCAAGCAACGATTGGAGTTCATATCAgacttcccgaatctcggtattatcccggtaagtgtggactatatttGAACCGGGCGCAGAA
CAD2.min:Start-3624|PCA1:3625-End|RT:34_nt_each AAGCGCGGGTTTGGGgcgacaacggtttaggtgggtacgggtccccattccttatatagaaGTTGGTCTCAATTTTACCGGTCATCTTCGTCGCGATACTTCTGCGTTATGCAAAGATTTAGTCCAGGTgacttcccgaatctcggtattatcccggtaagtgtggactatatttGAACCGGGCGCAGAA
CAD2.min:Start-3645|PCA1:3646-End|RT:34_nt_each AAGCGCGGGTTTGGGgcgacaacggtttaggtgggtacgggtccccattccttatatagaaCATCTTCGTCGCGACTTTATTAAGGTACGCTAAAATTTAGTCCAGGTACTGCTGCTATTTGATTGTAGgacttcccgaatctcggtattatcccggtaagtgtggactatatttGAACCGGGCGCAGAA
CAD2.min:Start-3648|PCA1:3649-End|RT:34_nt_each AAGCGCGGGTTTGGGgcgacaacggtttaggtgggtacgggtccccattccttatatagaaCTTCGTCGCGACTTTATTAAGGTACGCTAAAGTGTAGTCCAGGTACTGCTGCTATTTGATTGTAGATTgacttcccgaatctcggtattatcccggtaagtgtggactatatttGAACCGGGCGCAGAA
CAD2.min:Start-114|PCA1:115-End|RT:40_nt_each AAGCGCGGGTTTGGGgcgacaacggtttaggtgggtacgggtccccattccttatTAGTATTGACGCGATGCAGGACAACCGTGGAGAATGCCACCGTAGATCCATAGAAATGCATGCTAATGACAATCTGGGATccgaatctcggtattatcccggtaagtgtggactatatttGAACCGGGCGCAGAA
CAD2.min:Start-129|PCA1:130-End|RT:40_nt_each AAGCGCGGGTTTGGGgcgacaacggtttaggtgggtacgggtccccattccttatGCAGGACAACCGTGGAGAATGCCACTTACGTAGTATCGAGATGCATGCTAATGACAATCTGGGATTGGTCTCCCAGCGAGccgaatctcggtattatcccggtaagtgtggactatatttGAACCGGGCGCAGAA
CAD2.min:Start-426|PCA1:427-End|RT:40_nt_each AAGCGCGGGTTTGGGgcgacaacggtttaggtgggtacgggtccccattccttatACAGACCGGAGGAGATCATACAAACGAGAGTTGCGTAGACGGATGCTGCGTTAGAGATTCTTCAGTGATGGTCGAGGAAGccgaatctcggtattatcccggtaagtgtggactatatttGAACCGGGCGCAGAA
CAD2.min:Start-465|PCA1:466-End|RT:40_nt_each AAGCGCGGGTTTGGGgcgacaacggtttaggtgggtacgggtccccattccttatCGAGTGTTGTGTACGTGACAGCAGCGTCATGGTTGAAGAGGTTACAGGCAGCTGCGAAGCTGTATCTTCTAAAGAACAATccgaatctcggtattatcccggtaagtgtggactatatttGAACCGGGCGCAGAA
CAD2.min:Start-627|PCA1:628-End|RT:40_nt_each AAGCGCGGGTTTGGGgcgacaacggtttaggtgggtacgggtccccattccttatCACTAACAGTAATCAGCATACCGGTAAAGGCCGATTGTGTATCGAATCAAGTGACTCTACACTCAAGAAAAGAAGTTGTAccgaatctcggtattatcccggtaagtgtggactatatttGAACCGGGCGCAGAA
CAD2.min:Start-660|PCA1:661-End|RT:40_nt_each AAGCGCGGGTTTGGGgcgacaacggtttaggtgggtacgggtccccattccttatATTGTGTCTAGAGAGTTCCGATAGCACTTTAAAGAAGCGTAGTTGTAAAGTTAGCAGACAGAAAATTGAGGTTTCCAGTAccgaatctcggtattatcccggtaagtgtggactatatttGAACCGGGCGCAGAA
CAD2.min:Start-774|PCA1:775-End|RT:40_nt_each AAGCGCGGGTTTGGGgcgacaacggtttaggtgggtacgggtccccattccttatAATAGCTAGCAGATCGTGCGAGAAACGAACCTTCAAGGGCAGCACCAATGTTGGAATTTCTGGGAGTAGCTCTACCGACAccgaatctcggtattatcccggtaagtgtggactatatttGAACCGGGCGCAGAA
CAD2.min:Start-1032|PCA1:1033-End|RT:40_nt_each AAGCGCGGGTTTGGGgcgacaacggtttaggtgggtacgggtccccattccttatTTATAGAAATTCAAGCGGTTGCCTGACGAAGAAGAAAACTCATGGAGACAAAGAAAGGTTGAGCAATGACAATGGCCATGccgaatctcggtattatcccggtaagtgtggactatatttGAACCGGGCGCAGAA
CAD2.min:Start-1188|PCA1:1189-End|RT:40_nt_each AAGCGCGGGTTTGGGgcgacaacggtttaggtgggtacgggtccccattccttatCAGCTCAGAGATCAGCCGTATAGTTAGTATGGAGCCTATAGAAAATCATCTTAATCTTGAGGCAGGATCTACCGGTACCGccgaatctcggtattatcccggtaagtgtggactatatttGAACCGGGCGCAGAA
CAD2.min:Start-1257|PCA1:1258-End|RT:40_nt_each AAGCGCGGGTTTGGGgcgacaacggtttaggtgggtacgggtccccattccttatCACTGGGACTGAACATATAGTGTTATCCGTAAGTGGTATGTCCTGTACTGGTTGTGAATCAAAACTTAAGAAATCATTTGccgaatctcggtattatcccggtaagtgtggactatatttGAACCGGGCGCAGAA
CAD2.min:Start-1275|PCA1:1276-End|RT:40_nt_each AAGCGCGGGTTTGGGgcgacaacggtttaggtgggtacgggtccccattccttatAGTGTTATCCGTAAGTGGTATGACATGCACCGGCTGCGAGTCAAAACTTAAGAAATCATTTGGCGCGCTCAAATGTGTTCccgaatctcggtattatcccggtaagtgtggactatatttGAACCGGGCGCAGAA
CAD2.min:Start-1446|PCA1:1447-End|RT:40_nt_each AAGCGCGGGTTTGGGgcgacaacggtttaggtgggtacgggtccccattccttatAAAGACAACGGAGTTTAAATATGAGCAAATAAGCAACCACGGTTCAACTATAGATGTTGTTGTTCCTTATGCAGCAAAAGccgaatctcggtattatcccggtaagtgtggactatatttGAACCGGGCGCAGAA
CAD2.min:Start-1467|PCA1:1468-End|RT:40_nt_each AAGCGCGGGTTTGGGgcgacaacggtttaggtgggtacgggtccccattccttatTGAGCAAATAAGCAACCACGCGAGCACCATTGACGTCGTGGTTCCTTATGCAGCAAAAGATTTTATTAATGAGGAATGGCccgaatctcggtattatcccggtaagtgtggactatatttGAACCGGGCGCAGAA
CAD2.min:Start-1545|PCA1:1546-End|RT:40_nt_each AAGCGCGGGTTTGGGgcgacaacggtttaggtgggtacgggtccccattccttatGCCCCAGGGCGTGACTGAATTAAAGATCGTAGAACGCAACATCATTCGTATTTACTTTGACCCAAAGGTTATAGGTGCCAccgaatctcggtattatcccggtaagtgtggactatatttGAACCGGGCGCAGAA
CAD2.min:Start-1770|PCA1:1771-End|RT:40_nt_each AAGCGCGGGTTTGGGgcgacaacggtttaggtgggtacgggtccccattccttatCATGGCGTGGGCACCGCAATTGAGAGAGAAGATCAGTACCATCTCCGCGTCAATGGTGCTAGCAACTATTATTCAATTTGccgaatctcggtattatcccggtaagtgtggactatatttGAACCGGGCGCAGAA
CAD2.min:Start-1773|PCA1:1774-End|RT:40_nt_each AAGCGCGGGTTTGGGgcgacaacggtttaggtgggtacgggtccccattccttatGGCGTGGGCACCGCAATTGAGAGAGAAGATCAGTACCATGTCCGCGTCAATGGTGCTAGCAACTATTATTCAATTTGTTAccgaatctcggtattatcccggtaagtgtggactatatttGAACCGGGCGCAGAA
CAD2.min:Start-1944|PCA1:1945-End|RT:40_nt_each AAGCGCGGGTTTGGGgcgacaacggtttaggtgggtacgggtccccattccttatAGCTTATATTTTCAGCATCGTTAGCTTCGGCTACTTTGTGGTTGGACGCCCGTTATCTACGGAGCAGTTTTTTGAAACCAccgaatctcggtattatcccggtaagtgtggactatatttGAACCGGGCGCAGAA
CAD2.min:Start-1947|PCA1:1948-End|RT:40_nt_each AAGCGCGGGTTTGGGgcgacaacggtttaggtgggtacgggtccccattccttatTTATATTTTCAGCATCGTTAGCTTCGGCTACTTTGTGGCCGGACGCCCGTTATCTACGGAGCAGTTTTTTGAAACCAGCTccgaatctcggtattatcccggtaagtgtggactatatttGAACCGGGCGCAGAA
CAD2.min:Start-2127|PCA1:2128-End|RT:40_nt_each AAGCGCGGGTTTGGGgcgacaacggtttaggtgggtacgggtccccattccttatCGCCATATTAGTTGACAAGACCGGCAAGGAAACAGAGATCAATATTAGACTTCTCCAATATGGCGATATTTTTAAGGTTTccgaatctcggtattatcccggtaagtgtggactatatttGAACCGGGCGCAGAA
CAD2.min:Start-2163|PCA1:2164-End|RT:40_nt_each AAGCGCGGGTTTGGGgcgacaacggtttaggtgggtacgggtccccattccttatGATCGACATCCGTTTGTTACAGTACGGTGACATATTCAAAGTTTTACCTGATTCAAGAATCCCAACTGATGGAACAGTCAccgaatctcggtattatcccggtaagtgtggactatatttGAACCGGGCGCAGAA
CAD2.min:Start-2505|PCA1:2506-End|RT:40_nt_each AAGCGCGGGTTTGGGgcgacaacggtttaggtgggtacgggtccccattccttatAGTAACATTCTGTGTCTGGATTGCAGTGGGGATAAGGGTTGAAAAGCAATCCCGCTCCGATGCCGTAATTCAGGCCATTAccgaatctcggtattatcccggtaagtgtggactatatttGAACCGGGCGCAGAA
CAD2.min:Start-2583|PCA1:2584-End|RT:40_nt_each AAGCGCGGGTTTGGGgcgacaacggtttaggtgggtacgggtccccattccttatCATCTACGCGATCACTGTGTTGATTGTCAGCTGCCCATGTGTGATTGGACTTGCCGTTCCTATCGTATTTGTTATTGCAAccgaatctcggtattatcccggtaagtgtggactatatttGAACCGGGCGCAGAA
CAD2.min:Start-2907|PCA1:2908-End|RT:40_nt_each AAGCGCGGGTTTGGGgcgacaacggtttaggtgggtacgggtccccattccttatCGCGCAGAACGTCAGCAACACTAAGGCAGTTACAGGGAAACGGGTAGAAGGAACATCATACTCTGGTTTGAAGTTACAAGccgaatctcggtattatcccggtaagtgtggactatatttGAACCGGGCGCAGAA
CAD2.min:Start-3339|PCA1:3340-End|RT:40_nt_each AAGCGCGGGTTTGGGgcgacaacggtttaggtgggtacgggtccccattccttatCGTGGTCGTATTCTGTGGCGATGGTACGAATGATGCCATAGGTTTGACTCAAGCAACGATTGGAGTTCATATCAATGAGGccgaatctcggtattatcccggtaagtgtggactatatttGAACCGGGCGCAGAA
CAD2.min:Start-3624|PCA1:3625-End|RT:40_nt_each AAGCGCGGGTTTGGGgcgacaacggtttaggtgggtacgggtccccattccttatTGGCGAGTTGGTCTCAATTTTACCGGTCATCTTCGTCGCGATACTTCTGCGTTATGCAAAGATTTAGTCCAGGTACTGCTccgaatctcggtattatcccggtaagtgtggactatatttGAACCGGGCGCAGAA
CAD2.min:Start-3645|PCA1:3646-End|RT:40_nt_each AAGCGCGGGTTTGGGgcgacaacggtttaggtgggtacgggtccccattccttatACCGGTCATCTTCGTCGCGACTTTATTAAGGTACGCTAAAATTTAGTCCAGGTACTGCTGCTATTTGATTGTAGATTTTCccgaatctcggtattatcccggtaagtgtggactatatttGAACCGGGCGCAGAA
CAD2.min:Start-3648|PCA1:3649-End|RT:40_nt_each AAGCGCGGGTTTGGGgcgacaacggtttaggtgggtacgggtccccattccttatGGTCATCTTCGTCGCGACTTTATTAAGGTACGCTAAAGTGTAGTCCAGGTACTGCTGCTATTTGATTGTAGATTTTCTTTccgaatctcggtattatcccggtaagtgtggactatatttGAACCGGGCGCAGAA
CAD2.min:Start-114|PCA1:115-End|RT:47_nt_each AAGCGCGGGTTTGGGgcgacaacggtttaggtgggtacgggtccccatAAAATATTAGTATTGACGCGATGCAGGACAACCGTGGAGAATGCCACCGTAGATCCATAGAAATGCATGCTAATGACAATCTGGGATTGGTCTCtcggtattatcccggtaagtgtggactatatttGAACCGGGCGCAGAA
CAD2.min:Start-129|PCA1:130-End|RT:47_nt_each AAGCGCGGGTTTGGGgcgacaacggtttaggtgggtacgggtccccatACGCGATGCAGGACAACCGTGGAGAATGCCACTTACGTAGTATCGAGATGCATGCTAATGACAATCTGGGATTGGTCTCCCAGCGAGACTGTACtcggtattatcccggtaagtgtggactatatttGAACCGGGCGCAGAA
CAD2.min:Start-426|PCA1:427-End|RT:47_nt_each AAGCGCGGGTTTGGGgcgacaacggtttaggtgggtacgggtccccatGTGACGCACAGACCGGAGGAGATCATACAAACGAGAGTTGCGTAGACGGATGCTGCGTTAGAGATTCTTCAGTGATGGTCGAGGAAGTTACAGGtcggtattatcccggtaagtgtggactatatttGAACCGGGCGCAGAA
CAD2.min:Start-465|PCA1:466-End|RT:47_nt_each AAGCGCGGGTTTGGGgcgacaacggtttaggtgggtacgggtccccatGCGTAGACGAGTGTTGTGTACGTGACAGCAGCGTCATGGTTGAAGAGGTTACAGGCAGCTGCGAAGCTGTATCTTCTAAAGAACAATTGCTGACtcggtattatcccggtaagtgtggactatatttGAACCGGGCGCAGAA
CAD2.min:Start-627|PCA1:628-End|RT:47_nt_each AAGCGCGGGTTTGGGgcgacaacggtttaggtgggtacgggtccccatGGTGTAACACTAACAGTAATCAGCATACCGGTAAAGGCCGATTGTGTATCGAATCAAGTGACTCTACACTCAAGAAAAGAAGTTGTAAAGTTAGtcggtattatcccggtaagtgtggactatatttGAACCGGGCGCAGAA
CAD2.min:Start-660|PCA1:661-End|RT:47_nt_each AAGCGCGGGTTTGGGgcgacaacggtttaggtgggtacgggtccccatAAGGCCGATTGTGTCTAGAGAGTTCCGATAGCACTTTAAAGAAGCGTAGTTGTAAAGTTAGCAGACAGAAAATTGAGGTTTCCAGTAAGCCTGAtcggtattatcccggtaagtgtggactatatttGAACCGGGCGCAGAA
CAD2.min:Start-774|PCA1:775-End|RT:47_nt_each AAGCGCGGGTTTGGGgcgacaacggtttaggtgggtacgggtccccatTGGAAAGAATAGCTAGCAGATCGTGCGAGAAACGAACCTTCAAGGGCAGCACCAATGTTGGAATTTCTGGGAGTAGCTCTACCGACAGTTTAAGtcggtattatcccggtaagtgtggactatatttGAACCGGGCGCAGAA
CAD2.min:Start-1032|PCA1:1033-End|RT:47_nt_each AAGCGCGGGTTTGGGgcgacaacggtttaggtgggtacgggtccccatAGTATAGTTATAGAAATTCAAGCGGTTGCCTGACGAAGAAGAAAACTCATGGAGACAAAGAAAGGTTGAGCAATGACAATGGCCATGCTGATTTtcggtattatcccggtaagtgtggactatatttGAACCGGGCGCAGAA
CAD2.min:Start-1188|PCA1:1189-End|RT:47_nt_each AAGCGCGGGTTTGGGgcgacaacggtttaggtgggtacgggtccccatGTCATAGCAGCTCAGAGATCAGCCGTATAGTTAGTATGGAGCCTATAGAAAATCATCTTAATCTTGAGGCAGGATCTACCGGTACCGAGCACATtcggtattatcccggtaagtgtggactatatttGAACCGGGCGCAGAA
CAD2.min:Start-1257|PCA1:1258-End|RT:47_nt_each AAGCGCGGGTTTGGGgcgacaacggtttaggtgggtacgggtccccatCGGGGAGCACTGGGACTGAACATATAGTGTTATCCGTAAGTGGTATGTCCTGTACTGGTTGTGAATCAAAACTTAAGAAATCATTTGGCGCGCTtcggtattatcccggtaagtgtggactatatttGAACCGGGCGCAGAA
CAD2.min:Start-1275|PCA1:1276-End|RT:47_nt_each AAGCGCGGGTTTGGGgcgacaacggtttaggtgggtacgggtccccatAACATATAGTGTTATCCGTAAGTGGTATGACATGCACCGGCTGCGAGTCAAAACTTAAGAAATCATTTGGCGCGCTCAAATGTGTTCACGGTTTtcggtattatcccggtaagtgtggactatatttGAACCGGGCGCAGAA
CAD2.min:Start-1446|PCA1:1447-End|RT:47_nt_each AAGCGCGGGTTTGGGgcgacaacggtttaggtgggtacgggtccccatATCTATCAAAGACAACGGAGTTTAAATATGAGCAAATAAGCAACCACGGTTCAACTATAGATGTTGTTGTTCCTTATGCAGCAAAAGATTTTATtcggtattatcccggtaagtgtggactatatttGAACCGGGCGCAGAA
CAD2.min:Start-1467|PCA1:1468-End|RT:47_nt_each AAGCGCGGGTTTGGGgcgacaacggtttaggtgggtacgggtccccatTTAAATATGAGCAAATAAGCAACCACGCGAGCACCATTGACGTCGTGGTTCCTTATGCAGCAAAAGATTTTATTAATGAGGAATGGCCACAAGGtcggtattatcccggtaagtgtggactatatttGAACCGGGCGCAGAA
CAD2.min:Start-1545|PCA1:1546-End|RT:47_nt_each AAGCGCGGGTTTGGGgcgacaacggtttaggtgggtacgggtccccatAAGAGTGGCCCCAGGGCGTGACTGAATTAAAGATCGTAGAACGCAACATCATTCGTATTTACTTTGACCCAAAGGTTATAGGTGCCAGAGATCTtcggtattatcccggtaagtgtggactatatttGAACCGGGCGCAGAA
CAD2.min:Start-1770|PCA1:1771-End|RT:47_nt_each AAGCGCGGGTTTGGGgcgacaacggtttaggtgggtacgggtccccatTCTTAGTCATGGCGTGGGCACCGCAATTGAGAGAGAAGATCAGTACCATCTCCGCGTCAATGGTGCTAGCAACTATTATTCAATTTGTTATTGCtcggtattatcccggtaagtgtggactatatttGAACCGGGCGCAGAA
CAD2.min:Start-1773|PCA1:1774-End|RT:47_nt_each AAGCGCGGGTTTGGGgcgacaacggtttaggtgggtacgggtccccatTAGTCATGGCGTGGGCACCGCAATTGAGAGAGAAGATCAGTACCATGTCCGCGTCAATGGTGCTAGCAACTATTATTCAATTTGTTATTGCAGGtcggtattatcccggtaagtgtggactatatttGAACCGGGCGCAGAA
CAD2.min:Start-1944|PCA1:1945-End|RT:47_nt_each AAGCGCGGGTTTGGGgcgacaacggtttaggtgggtacgggtccccatCATCAGCAGCTTATATTTTCAGCATCGTTAGCTTCGGCTACTTTGTGGTTGGACGCCCGTTATCTACGGAGCAGTTTTTTGAAACCAGCTCTTTtcggtattatcccggtaagtgtggactatatttGAACCGGGCGCAGAA
CAD2.min:Start-1947|PCA1:1948-End|RT:47_nt_each AAGCGCGGGTTTGGGgcgacaacggtttaggtgggtacgggtccccatCAGCAGCTTATATTTTCAGCATCGTTAGCTTCGGCTACTTTGTGGCCGGACGCCCGTTATCTACGGAGCAGTTTTTTGAAACCAGCTCTTTGCTtcggtattatcccggtaagtgtggactatatttGAACCGGGCGCAGAA
CAD2.min:Start-2127|PCA1:2128-End|RT:47_nt_each AAGCGCGGGTTTGGGgcgacaacggtttaggtgggtacgggtccccatCAAGCAGCGCCATATTAGTTGACAAGACCGGCAAGGAAACAGAGATCAATATTAGACTTCTCCAATATGGCGATATTTTTAAGGTTTTACCTGAtcggtattatcccggtaagtgtggactatatttGAACCGGGCGCAGAA
CAD2.min:Start-2163|PCA1:2164-End|RT:47_nt_each AAGCGCGGGTTTGGGgcgacaacggtttaggtgggtacgggtccccatAAACAGAGATCGACATCCGTTTGTTACAGTACGGTGACATATTCAAAGTTTTACCTGATTCAAGAATCCCAACTGATGGAACAGTCATTTCTGGtcggtattatcccggtaagtgtggactatatttGAACCGGGCGCAGAA
CAD2.min:Start-2505|PCA1:2506-End|RT:47_nt_each AAGCGCGGGTTTGGGgcgacaacggtttaggtgggtacgggtccccatTAACAGTAGTAACATTCTGTGTCTGGATTGCAGTGGGGATAAGGGTTGAAAAGCAATCCCGCTCCGATGCCGTAATTCAGGCCATTATATATGCtcggtattatcccggtaagtgtggactatatttGAACCGGGCGCAGAA
CAD2.min:Start-2583|PCA1:2584-End|RT:47_nt_each AAGCGCGGGTTTGGGgcgacaacggtttaggtgggtacgggtccccatAAGCTATCATCTACGCGATCACTGTGTTGATTGTCAGCTGCCCATGTGTGATTGGACTTGCCGTTCCTATCGTATTTGTTATTGCAAGTGGCGTtcggtattatcccggtaagtgtggactatatttGAACCGGGCGCAGAA
CAD2.min:Start-2907|PCA1:2908-End|RT:47_nt_each AAGCGCGGGTTTGGGgcgacaacggtttaggtgggtacgggtccccatGCGTAAGCGCGCAGAACGTCAGCAACACTAAGGCAGTTACAGGGAAACGGGTAGAAGGAACATCATACTCTGGTTTGAAGTTACAAGGAGGGAAtcggtattatcccggtaagtgtggactatatttGAACCGGGCGCAGAA
CAD2.min:Start-3339|PCA1:3340-End|RT:47_nt_each AAGCGCGGGTTTGGGgcgacaacggtttaggtgggtacgggtccccatAGCGCCCCGTGGTCGTATTCTGTGGCGATGGTACGAATGATGCCATAGGTTTGACTCAAGCAACGATTGGAGTTCATATCAATGAGGGAAGTGAtcggtattatcccggtaagtgtggactatatttGAACCGGGCGCAGAA
CAD2.min:Start-3624|PCA1:3625-End|RT:47_nt_each AAGCGCGGGTTTGGGgcgacaacggtttaggtgggtacgggtccccatCTGGCCTTGGCGAGTTGGTCTCAATTTTACCGGTCATCTTCGTCGCGATACTTCTGCGTTATGCAAAGATTTAGTCCAGGTACTGCTGCTATTTtcggtattatcccggtaagtgtggactatatttGAACCGGGCGCAGAA
CAD2.min:Start-3645|PCA1:3646-End|RT:47_nt_each AAGCGCGGGTTTGGGgcgacaacggtttaggtgggtacgggtccccatCAATTTTACCGGTCATCTTCGTCGCGACTTTATTAAGGTACGCTAAAATTTAGTCCAGGTACTGCTGCTATTTGATTGTAGATTTTCTTTTTTCtcggtattatcccggtaagtgtggactatatttGAACCGGGCGCAGAA
CAD2.min:Start-3648|PCA1:3649-End|RT:47_nt_each AAGCGCGGGTTTGGGgcgacaacggtttaggtgggtacgggtccccatTTTTACCGGTCATCTTCGTCGCGACTTTATTAAGGTACGCTAAAGTGTAGTCCAGGTACTGCTGCTATTTGATTGTAGATTTTCTTTTTTCTTTtcggtattatcccggtaagtgtggactatatttGAACCGGGCGCAGAA
CAD2.min:Start-114|PCA1:115-End|RT:55_nt_each AAGCGCGGGTTTGGGgcgacaacggtttaggtgggtacggGAACTCTGAAAATATTAGTATTGACGCGATGCAGGACAACCGTGGAGAATGCCACCGTAGATCCATAGAAATGCATGCTAATGACAATCTGGGATTGGTCTCCCAGCGAGatcccggtaagtgtggactatatttGAACCGGGCGCAGAA
CAD2.min:Start-129|PCA1:130-End|RT:55_nt_each AAGCGCGGGTTTGGGgcgacaacggtttaggtgggtacggTAGTATTGACGCGATGCAGGACAACCGTGGAGAATGCCACTTACGTAGTATCGAGATGCATGCTAATGACAATCTGGGATTGGTCTCCCAGCGAGACTGTACCAATCGGCatcccggtaagtgtggactatatttGAACCGGGCGCAGAA
CAD2.min:Start-426|PCA1:427-End|RT:55_nt_each AAGCGCGGGTTTGGGgcgacaacggtttaggtgggtacggTTGCTGTGGTGACGCACAGACCGGAGGAGATCATACAAACGAGAGTTGCGTAGACGGATGCTGCGTTAGAGATTCTTCAGTGATGGTCGAGGAAGTTACAGGCAGCTGCGatcccggtaagtgtggactatatttGAACCGGGCGCAGAA
CAD2.min:Start-465|PCA1:466-End|RT:55_nt_each AAGCGCGGGTTTGGGgcgacaacggtttaggtgggtacggCGAGAGTTGCGTAGACGAGTGTTGTGTACGTGACAGCAGCGTCATGGTTGAAGAGGTTACAGGCAGCTGCGAAGCTGTATCTTCTAAAGAACAATTGCTGACCAGCTTTGatcccggtaagtgtggactatatttGAACCGGGCGCAGAA
CAD2.min:Start-627|PCA1:628-End|RT:55_nt_each AAGCGCGGGTTTGGGgcgacaacggtttaggtgggtacggAACTACAAGGTGTAACACTAACAGTAATCAGCATACCGGTAAAGGCCGATTGTGTATCGAATCAAGTGACTCTACACTCAAGAAAAGAAGTTGTAAAGTTAGCAGACAGAatcccggtaagtgtggactatatttGAACCGGGCGCAGAA
CAD2.min:Start-660|PCA1:661-End|RT:55_nt_each AAGCGCGGGTTTGGGgcgacaacggtttaggtgggtacggTACCGGTAAAGGCCGATTGTGTCTAGAGAGTTCCGATAGCACTTTAAAGAAGCGTAGTTGTAAAGTTAGCAGACAGAAAATTGAGGTTTCCAGTAAGCCTGAGTGCTGCAatcccggtaagtgtggactatatttGAACCGGGCGCAGAA
CAD2.min:Start-774|PCA1:775-End|RT:55_nt_each AAGCGCGGGTTTGGGgcgacaacggtttaggtgggtacggAAGTTGCGTGGAAAGAATAGCTAGCAGATCGTGCGAGAAACGAACCTTCAAGGGCAGCACCAATGTTGGAATTTCTGGGAGTAGCTCTACCGACAGTTTAAGCGAGAAGTatcccggtaagtgtggactatatttGAACCGGGCGCAGAA
CAD2.min:Start-1032|PCA1:1033-End|RT:55_nt_each AAGCGCGGGTTTGGGgcgacaacggtttaggtgggtacggGAAAACCAAGTATAGTTATAGAAATTCAAGCGGTTGCCTGACGAAGAAGAAAACTCATGGAGACAAAGAAAGGTTGAGCAATGACAATGGCCATGCTGATTTTGTTTGTTatcccggtaagtgtggactatatttGAACCGGGCGCAGAA
CAD2.min:Start-1188|PCA1:1189-End|RT:55_nt_each AAGCGCGGGTTTGGGgcgacaacggtttaggtgggtacggGATAAGCGGTCATAGCAGCTCAGAGATCAGCCGTATAGTTAGTATGGAGCCTATAGAAAATCATCTTAATCTTGAGGCAGGATCTACCGGTACCGAGCACATTGTTCTTAatcccggtaagtgtggactatatttGAACCGGGCGCAGAA
CAD2.min:Start-1257|PCA1:1258-End|RT:55_nt_each AAGCGCGGGTTTGGGgcgacaacggtttaggtgggtacggCTTGGAAGCGGGGAGCACTGGGACTGAACATATAGTGTTATCCGTAAGTGGTATGTCCTGTACTGGTTGTGAATCAAAACTTAAGAAATCATTTGGCGCGCTCAAATGTGatcccggtaagtgtggactatatttGAACCGGGCGCAGAA
CAD2.min:Start-1275|PCA1:1276-End|RT:55_nt_each AAGCGCGGGTTTGGGgcgacaacggtttaggtgggtacggTGGGACTGAACATATAGTGTTATCCGTAAGTGGTATGACATGCACCGGCTGCGAGTCAAAACTTAAGAAATCATTTGGCGCGCTCAAATGTGTTCACGGTTTGAAGACCAatcccggtaagtgtggactatatttGAACCGGGCGCAGAA
CAD2.min:Start-1446|PCA1:1447-End|RT:55_nt_each AAGCGCGGGTTTGGGgcgacaacggtttaggtgggtacggAATTAAACATCTATCAAAGACAACGGAGTTTAAATATGAGCAAATAAGCAACCACGGTTCAACTATAGATGTTGTTGTTCCTTATGCAGCAAAAGATTTTATTAATGAGGatcccggtaagtgtggactatatttGAACCGGGCGCAGAA
CAD2.min:Start-1467|PCA1:1468-End|RT:55_nt_each AAGCGCGGGTTTGGGgcgacaacggtttaggtgggtacggAACGGAGTTTAAATATGAGCAAATAAGCAACCACGCGAGCACCATTGACGTCGTGGTTCCTTATGCAGCAAAAGATTTTATTAATGAGGAATGGCCACAAGGTGTCACAGatcccggtaagtgtggactatatttGAACCGGGCGCAGAA
CAD2.min:Start-1545|PCA1:1546-End|RT:55_nt_each AAGCGCGGGTTTGGGgcgacaacggtttaggtgggtacggCATCAACGAAGAGTGGCCCCAGGGCGTGACTGAATTAAAGATCGTAGAACGCAACATCATTCGTATTTACTTTGACCCAAAGGTTATAGGTGCCAGAGATCTTGTCAATGatcccggtaagtgtggactatatttGAACCGGGCGCAGAA
CAD2.min:Start-1770|PCA1:1771-End|RT:55_nt_each AAGCGCGGGTTTGGGgcgacaacggtttaggtgggtacggAATTCCAATCTTAGTCATGGCGTGGGCACCGCAATTGAGAGAGAAGATCAGTACCATCTCCGCGTCAATGGTGCTAGCAACTATTATTCAATTTGTTATTGCAGGACCGTatcccggtaagtgtggactatatttGAACCGGGCGCAGAA
CAD2.min:Start-1773|PCA1:1774-End|RT:55_nt_each AAGCGCGGGTTTGGGgcgacaacggtttaggtgggtacggTCCAATCTTAGTCATGGCGTGGGCACCGCAATTGAGAGAGAAGATCAGTACCATGTCCGCGTCAATGGTGCTAGCAACTATTATTCAATTTGTTATTGCAGGACCGTTTTatcccggtaagtgtggactatatttGAACCGGGCGCAGAA
CAD2.min:Start-1944|PCA1:1945-End|RT:55_nt_each AAGCGCGGGTTTGGGgcgacaacggtttaggtgggtacggGCTCTCTACATCAGCAGCTTATATTTTCAGCATCGTTAGCTTCGGCTACTTTGTGGTTGGACGCCCGTTATCTACGGAGCAGTTTTTTGAAACCAGCTCTTTGCTTGTAAatcccggtaagtgtggactatatttGAACCGGGCGCAGAA
CAD2.min:Start-1947|PCA1:1948-End|RT:55_nt_each AAGCGCGGGTTTGGGgcgacaacggtttaggtgggtacggCTCTACATCAGCAGCTTATATTTTCAGCATCGTTAGCTTCGGCTACTTTGTGGCCGGACGCCCGTTATCTACGGAGCAGTTTTTTGAAACCAGCTCTTTGCTTGTAACTCatcccggtaagtgtggactatatttGAACCGGGCGCAGAA
CAD2.min:Start-2127|PCA1:2128-End|RT:55_nt_each AAGCGCGGGTTTGGGgcgacaacggtttaggtgggtacggTCTGCAAGCAAGCAGCGCCATATTAGTTGACAAGACCGGCAAGGAAACAGAGATCAATATTAGACTTCTCCAATATGGCGATATTTTTAAGGTTTTACCTGATTCAAGAAatcccggtaagtgtggactatatttGAACCGGGCGCAGAA
CAD2.min:Start-2163|PCA1:2164-End|RT:55_nt_each AAGCGCGGGTTTGGGgcgacaacggtttaggtgggtacggCGGCAAGGAAACAGAGATCGACATCCGTTTGTTACAGTACGGTGACATATTCAAAGTTTTACCTGATTCAAGAATCCCAACTGATGGAACAGTCATTTCTGGGTCTTCTGatcccggtaagtgtggactatatttGAACCGGGCGCAGAA
CAD2.min:Start-2505|PCA1:2506-End|RT:55_nt_each AAGCGCGGGTTTGGGgcgacaacggtttaggtgggtacggAATCGGTATAACAGTAGTAACATTCTGTGTCTGGATTGCAGTGGGGATAAGGGTTGAAAAGCAATCCCGCTCCGATGCCGTAATTCAGGCCATTATATATGCCATTACGGatcccggtaagtgtggactatatttGAACCGGGCGCAGAA
CAD2.min:Start-2583|PCA1:2584-End|RT:55_nt_each AAGCGCGGGTTTGGGgcgacaacggtttaggtgggtacggTGTTATACAAGCTATCATCTACGCGATCACTGTGTTGATTGTCAGCTGCCCATGTGTGATTGGACTTGCCGTTCCTATCGTATTTGTTATTGCAAGTGGCGTCGCTGCGAatcccggtaagtgtggactatatttGAACCGGGCGCAGAA
CAD2.min:Start-2907|PCA1:2908-End|RT:55_nt_each AAGCGCGGGTTTGGGgcgacaacggtttaggtgggtacggGGAGAAGGGCGTAAGCGCGCAGAACGTCAGCAACACTAAGGCAGTTACAGGGAAACGGGTAGAAGGAACATCATACTCTGGTTTGAAGTTACAAGGAGGGAACTGTCGTTatcccggtaagtgtggactatatttGAACCGGGCGCAGAA
CAD2.min:Start-3339|PCA1:3340-End|RT:55_nt_each AAGCGCGGGTTTGGGgcgacaacggtttaggtgggtacggCCAAAGTAAGCGCCCCGTGGTCGTATTCTGTGGCGATGGTACGAATGATGCCATAGGTTTGACTCAAGCAACGATTGGAGTTCATATCAATGAGGGAAGTGAGGTTGCCAatcccggtaagtgtggactatatttGAACCGGGCGCAGAA
CAD2.min:Start-3624|PCA1:3625-End|RT:55_nt_each AAGCGCGGGTTTGGGgcgacaacggtttaggtgggtacggTGAATACGCTGGCCTTGGCGAGTTGGTCTCAATTTTACCGGTCATCTTCGTCGCGATACTTCTGCGTTATGCAAAGATTTAGTCCAGGTACTGCTGCTATTTGATTGTAGatcccggtaagtgtggactatatttGAACCGGGCGCAGAA
CAD2.min:Start-3645|PCA1:3646-End|RT:55_nt_each AAGCGCGGGTTTGGGgcgacaacggtttaggtgggtacggGTTGGTCTCAATTTTACCGGTCATCTTCGTCGCGACTTTATTAAGGTACGCTAAAATTTAGTCCAGGTACTGCTGCTATTTGATTGTAGATTTTCTTTTTTCTTTTCTTTatcccggtaagtgtggactatatttGAACCGGGCGCAGAA
CAD2.min:Start-3648|PCA1:3649-End|RT:55_nt_each AAGCGCGGGTTTGGGgcgacaacggtttaggtgggtacggGGTCTCAATTTTACCGGTCATCTTCGTCGCGACTTTATTAAGGTACGCTAAAGTGTAGTCCAGGTACTGCTGCTATTTGATTGTAGATTTTCTTTTTTCTTTTCTTTTTTatcccggtaagtgtggactatatttGAACCGGGCGCAGAA
CAD2.min:Start-114|PCA1:115-End|RT:64_nt_each AAGCGCGGGTTTGGGgcgacaacggtttaggCGGGGTTGTGAACTCTGAAAATATTAGTATTGACGCGATGCAGGACAACCGTGGAGAATGCCACCGTAGATCCATAGAAATGCATGCTAATGACAATCTGGGATTGGTCTCCCAGCGAGACTGTACCAagtgtggactatatttGAACCGGGCGCAGAA
CAD2.min:Start-129|PCA1:130-End|RT:64_nt_each AAGCGCGGGTTTGGGgcgacaacggtttaggTGAAAATATTAGTATTGACGCGATGCAGGACAACCGTGGAGAATGCCACTTACGTAGTATCGAGATGCATGCTAATGACAATCTGGGATTGGTCTCCCAGCGAGACTGTACCAATCGGCCCAAAATTAagtgtggactatatttGAACCGGGCGCAGAA
CAD2.min:Start-426|PCA1:427-End|RT:64_nt_each AAGCGCGGGTTTGGGgcgacaacggtttaggCGTCGATTCTTGCTGTGGTGACGCACAGACCGGAGGAGATCATACAAACGAGAGTTGCGTAGACGGATGCTGCGTTAGAGATTCTTCAGTGATGGTCGAGGAAGTTACAGGCAGCTGCGAAGCTGTATagtgtggactatatttGAACCGGGCGCAGAA
CAD2.min:Start-465|PCA1:466-End|RT:64_nt_each AAGCGCGGGTTTGGGgcgacaacggtttaggTCATACAAACGAGAGTTGCGTAGACGAGTGTTGTGTACGTGACAGCAGCGTCATGGTTGAAGAGGTTACAGGCAGCTGCGAAGCTGTATCTTCTAAAGAACAATTGCTGACCAGCTTTGAAGTTGTTCagtgtggactatatttGAACCGGGCGCAGAA
CAD2.min:Start-627|PCA1:628-End|RT:64_nt_each AAGCGCGGGTTTGGGgcgacaacggtttaggCATCCGTGAAACTACAAGGTGTAACACTAACAGTAATCAGCATACCGGTAAAGGCCGATTGTGTATCGAATCAAGTGACTCTACACTCAAGAAAAGAAGTTGTAAAGTTAGCAGACAGAAAATTGAGGagtgtggactatatttGAACCGGGCGCAGAA
CAD2.min:Start-660|PCA1:661-End|RT:64_nt_each AAGCGCGGGTTTGGGgcgacaacggtttaggTAATCAGCATACCGGTAAAGGCCGATTGTGTCTAGAGAGTTCCGATAGCACTTTAAAGAAGCGTAGTTGTAAAGTTAGCAGACAGAAAATTGAGGTTTCCAGTAAGCCTGAGTGCTGCAACATTTCATagtgtggactatatttGAACCGGGCGCAGAA
CAD2.min:Start-774|PCA1:775-End|RT:64_nt_each AAGCGCGGGTTTGGGgcgacaacggtttaggTTGTAATATAAGTTGCGTGGAAAGAATAGCTAGCAGATCGTGCGAGAAACGAACCTTCAAGGGCAGCACCAATGTTGGAATTTCTGGGAGTAGCTCTACCGACAGTTTAAGCGAGAAGTTCTTCAGCGagtgtggactatatttGAACCGGGCGCAGAA
CAD2.min:Start-1032|PCA1:1033-End|RT:64_nt_each AAGCGCGGGTTTGGGgcgacaacggtttaggAGCGAGCAAGAAAACCAAGTATAGTTATAGAAATTCAAGCGGTTGCCTGACGAAGAAGAAAACTCATGGAGACAAAGAAAGGTTGAGCAATGACAATGGCCATGCTGATTTTGTTTGTTCTAAAAGTTagtgtggactatatttGAACCGGGCGCAGAA
CAD2.min:Start-1188|PCA1:1189-End|RT:64_nt_each AAGCGCGGGTTTGGGgcgacaacggtttaggCACTAGTACGATAAGCGGTCATAGCAGCTCAGAGATCAGCCGTATAGTTAGTATGGAGCCTATAGAAAATCATCTTAATCTTGAGGCAGGATCTACCGGTACCGAGCACATTGTTCTTAGTGTTTCAGagtgtggactatatttGAACCGGGCGCAGAA
CAD2.min:Start-1257|PCA1:1258-End|RT:64_nt_each AAGCGCGGGTTTGGGgcgacaacggtttaggCCACTTGAACTTGGAAGCGGGGAGCACTGGGACTGAACATATAGTGTTATCCGTAAGTGGTATGTCCTGTACTGGTTGTGAATCAAAACTTAAGAAATCATTTGGCGCGCTCAAATGTGTTCACGGTTagtgtggactatatttGAACCGGGCGCAGAA
CAD2.min:Start-1275|PCA1:1276-End|RT:64_nt_each AAGCGCGGGTTTGGGgcgacaacggtttaggGGGGAGCACTGGGACTGAACATATAGTGTTATCCGTAAGTGGTATGACATGCACCGGCTGCGAGTCAAAACTTAAGAAATCATTTGGCGCGCTCAAATGTGTTCACGGTTTGAAGACCAGTTTAATATagtgtggactatatttGAACCGGGCGCAGAA
CAD2.min:Start-1446|PCA1:1447-End|RT:64_nt_each AAGCGCGGGTTTGGGgcgacaacggtttaggTAAAGACGTAATTAAACATCTATCAAAGACAACGGAGTTTAAATATGAGCAAATAAGCAACCACGGTTCAACTATAGATGTTGTTGTTCCTTATGCAGCAAAAGATTTTATTAATGAGGAATGGCCACagtgtggactatatttGAACCGGGCGCAGAA
CAD2.min:Start-1467|PCA1:1468-End|RT:64_nt_each AAGCGCGGGTTTGGGgcgacaacggtttaggATCAAAGACAACGGAGTTTAAATATGAGCAAATAAGCAACCACGCGAGCACCATTGACGTCGTGGTTCCTTATGCAGCAAAAGATTTTATTAATGAGGAATGGCCACAAGGTGTCACAGAGCTGAAAAagtgtggactatatttGAACCGGGCGCAGAA
CAD2.min:Start-1545|PCA1:1546-End|RT:64_nt_each AAGCGCGGGTTTGGGgcgacaacggtttaggTAAGGACTTCATCAACGAAGAGTGGCCCCAGGGCGTGACTGAATTAAAGATCGTAGAACGCAACATCATTCGTATTTACTTTGACCCAAAGGTTATAGGTGCCAGAGATCTTGTCAATGAAGGATGGAagtgtggactatatttGAACCGGGCGCAGAA
CAD2.min:Start-1770|PCA1:1771-End|RT:64_nt_each AAGCGCGGGTTTGGGgcgacaacggtttaggTATCCTAACAATTCCAATCTTAGTCATGGCGTGGGCACCGCAATTGAGAGAGAAGATCAGTACCATCTCCGCGTCAATGGTGCTAGCAACTATTATTCAATTTGTTATTGCAGGACCGTTTTACTTAAagtgtggactatatttGAACCGGGCGCAGAA
CAD2.min:Start-1773|PCA1:1774-End|RT:64_nt_each AAGCGCGGGTTTGGGgcgacaacggtttaggCCTAACAATTCCAATCTTAGTCATGGCGTGGGCACCGCAATTGAGAGAGAAGATCAGTACCATGTCCGCGTCAATGGTGCTAGCAACTATTATTCAATTTGTTATTGCAGGACCGTTTTACTTAAATGagtgtggactatatttGAACCGGGCGCAGAA
CAD2.min:Start-1944|PCA1:1945-End|RT:64_nt_each AAGCGCGGGTTTGGGgcgacaacggtttaggGTTGATTGTGCTCTCTACATCAGCAGCTTATATTTTCAGCATCGTTAGCTTCGGCTACTTTGTGGTTGGACGCCCGTTATCTACGGAGCAGTTTTTTGAAACCAGCTCTTTGCTTGTAACTCTCATCAagtgtggactatatttGAACCGGGCGCAGAA
CAD2.min:Start-1947|PCA1:1948-End|RT:64_nt_each AAGCGCGGGTTTGGGgcgacaacggtttaggGATTGTGCTCTCTACATCAGCAGCTTATATTTTCAGCATCGTTAGCTTCGGCTACTTTGTGGCCGGACGCCCGTTATCTACGGAGCAGTTTTTTGAAACCAGCTCTTTGCTTGTAACTCTCATCATGGagtgtggactatatttGAACCGGGCGCAGAA
CAD2.min:Start-2127|PCA1:2128-End|RT:64_nt_each AAGCGCGGGTTTGGGgcgacaacggtttaggTGTTAGGAGTCTGCAAGCAAGCAGCGCCATATTAGTTGACAAGACCGGCAAGGAAACAGAGATCAATATTAGACTTCTCCAATATGGCGATATTTTTAAGGTTTTACCTGATTCAAGAATCCCAACTGagtgtggactatatttGAACCGGGCGCAGAA
CAD2.min:Start-2163|PCA1:2164-End|RT:64_nt_each AAGCGCGGGTTTGGGgcgacaacggtttaggTGACAAGACCGGCAAGGAAACAGAGATCGACATCCGTTTGTTACAGTACGGTGACATATTCAAAGTTTTACCTGATTCAAGAATCCCAACTGATGGAACAGTCATTTCTGGGTCTTCTGAAGTCGACGagtgtggactatatttGAACCGGGCGCAGAA
CAD2.min:Start-2505|PCA1:2506-End|RT:64_nt_each AAGCGCGGGTTTGGGgcgacaacggtttaggACCTACCATAATCGGTATAACAGTAGTAACATTCTGTGTCTGGATTGCAGTGGGGATAAGGGTTGAAAAGCAATCCCGCTCCGATGCCGTAATTCAGGCCATTATATATGCCATTACGGTACTTATCGagtgtggactatatttGAACCGGGCGCAGAA
CAD2.min:Start-2583|PCA1:2584-End|RT:64_nt_each AAGCGCGGGTTTGGGgcgacaacggtttaggAAGTGACGCTGTTATACAAGCTATCATCTACGCGATCACTGTGTTGATTGTCAGCTGCCCATGTGTGATTGGACTTGCCGTTCCTATCGTATTTGTTATTGCAAGTGGCGTCGCTGCGAAAAGAGGGGagtgtggactatatttGAACCGGGCGCAGAA
CAD2.min:Start-2907|PCA1:2908-End|RT:64_nt_each AAGCGCGGGTTTGGGgcgacaacggtttaggTTACTTAAAGGAGAAGGGCGTAAGCGCGCAGAACGTCAGCAACACTAAGGCAGTTACAGGGAAACGGGTAGAAGGAACATCATACTCTGGTTTGAAGTTACAAGGAGGGAACTGTCGTTGGCTTGGTCagtgtggactatatttGAACCGGGCGCAGAA
CAD2.min:Start-3339|PCA1:3340-End|RT:64_nt_each AAGCGCGGGTTTGGGgcgacaacggtttaggCTCAAGCAGCCAAAGTAAGCGCCCCGTGGTCGTATTCTGTGGCGATGGTACGAATGATGCCATAGGTTTGACTCAAGCAACGATTGGAGTTCATATCAATGAGGGAAGTGAGGTTGCCAAGCTAGCTGagtgtggactatatttGAACCGGGCGCAGAA
CAD2.min:Start-3624|PCA1:3625-End|RT:64_nt_each AAGCGCGGGTTTGGGgcgacaacggtttaggCATCCCTCCTGAATACGCTGGCCTTGGCGAGTTGGTCTCAATTTTACCGGTCATCTTCGTCGCGATACTTCTGCGTTATGCAAAGATTTAGTCCAGGTACTGCTGCTATTTGATTGTAGATTTTCTTTagtgtggactatatttGAACCGGGCGCAGAA
CAD2.min:Start-3645|PCA1:3646-End|RT:64_nt_each AAGCGCGGGTTTGGGgcgacaacggtttaggCCTTGGCGAGTTGGTCTCAATTTTACCGGTCATCTTCGTCGCGACTTTATTAAGGTACGCTAAAATTTAGTCCAGGTACTGCTGCTATTTGATTGTAGATTTTCTTTTTTCTTTTCTTTTTTTTTTTTagtgtggactatatttGAACCGGGCGCAGAA
CAD2.min:Start-3648|PCA1:3649-End|RT:64_nt_each AAGCGCGGGTTTGGGgcgacaacggtttaggTGGCGAGTTGGTCTCAATTTTACCGGTCATCTTCGTCGCGACTTTATTAAGGTACGCTAAAGTGTAGTCCAGGTACTGCTGCTATTTGATTGTAGATTTTCTTTTTTCTTTTCTTTTTTTTTTTTGACagtgtggactatatttGAACCGGGCGCAGAA
CAD2.min:Start-114|PCA1:115-End|RT:74_nt_each AAGCGCGGGTTTGGGgcgacaACGGAGAATACGGGGTTGTGAACTCTGAAAATATTAGTATTGACGCGATGCAGGACAACCGTGGAGAATGCCACCGTAGATCCATAGAAATGCATGCTAATGACAATCTGGGATTGGTCTCCCAGCGAGACTGTACCAATCGGCCCAAatatttGAACCGGGCGCAGAA
CAD2.min:Start-129|PCA1:130-End|RT:74_nt_each AAGCGCGGGTTTGGGgcgacaTTGTGAACTCTGAAAATATTAGTATTGACGCGATGCAGGACAACCGTGGAGAATGCCACTTACGTAGTATCGAGATGCATGCTAATGACAATCTGGGATTGGTCTCCCAGCGAGACTGTACCAATCGGCCCAAAATTACTCCTCAGGAatatttGAACCGGGCGCAGAA
CAD2.min:Start-426|PCA1:427-End|RT:74_nt_each AAGCGCGGGTTTGGGgcgacaCAGGTCTTGACGTCGATTCTTGCTGTGGTGACGCACAGACCGGAGGAGATCATACAAACGAGAGTTGCGTAGACGGATGCTGCGTTAGAGATTCTTCAGTGATGGTCGAGGAAGTTACAGGCAGCTGCGAAGCTGTATCTTCTAAAGAatatttGAACCGGGCGCAGAA
CAD2.min:Start-465|PCA1:466-End|RT:74_nt_each AAGCGCGGGTTTGGGgcgacaCCGGAGGAGATCATACAAACGAGAGTTGCGTAGACGAGTGTTGTGTACGTGACAGCAGCGTCATGGTTGAAGAGGTTACAGGCAGCTGCGAAGCTGTATCTTCTAAAGAACAATTGCTGACCAGCTTTGAAGTTGTTCCAAGCAAATCatatttGAACCGGGCGCAGAA
CAD2.min:Start-627|PCA1:628-End|RT:74_nt_each AAGCGCGGGTTTGGGgcgacaGCATACACGACATCCGTGAAACTACAAGGTGTAACACTAACAGTAATCAGCATACCGGTAAAGGCCGATTGTGTATCGAATCAAGTGACTCTACACTCAAGAAAAGAAGTTGTAAAGTTAGCAGACAGAAAATTGAGGTTTCCAGTAAatatttGAACCGGGCGCAGAA
CAD2.min:Start-660|PCA1:661-End|RT:74_nt_each AAGCGCGGGTTTGGGgcgacaACACTAACAGTAATCAGCATACCGGTAAAGGCCGATTGTGTCTAGAGAGTTCCGATAGCACTTTAAAGAAGCGTAGTTGTAAAGTTAGCAGACAGAAAATTGAGGTTTCCAGTAAGCCTGAGTGCTGCAACATTTCATGTGTTGAGCGatatttGAACCGGGCGCAGAA
CAD2.min:Start-774|PCA1:775-End|RT:74_nt_each AAGCGCGGGTTTGGGgcgacaAACCAGAATGTTGTAATATAAGTTGCGTGGAAAGAATAGCTAGCAGATCGTGCGAGAAACGAACCTTCAAGGGCAGCACCAATGTTGGAATTTCTGGGAGTAGCTCTACCGACAGTTTAAGCGAGAAGTTCTTCAGCGAACAGTACTCatatttGAACCGGGCGCAGAA
CAD2.min:Start-1032|PCA1:1033-End|RT:74_nt_each AAGCGCGGGTTTGGGgcgacaCAGGAGAAGGAGCGAGCAAGAAAACCAAGTATAGTTATAGAAATTCAAGCGGTTGCCTGACGAAGAAGAAAACTCATGGAGACAAAGAAAGGTTGAGCAATGACAATGGCCATGCTGATTTTGTTTGTTCTAAAAGTTGTTGCACTAAatatttGAACCGGGCGCAGAA
CAD2.min:Start-1188|PCA1:1189-End|RT:74_nt_each AAGCGCGGGTTTGGGgcgacaACTGCGCAGTCACTAGTACGATAAGCGGTCATAGCAGCTCAGAGATCAGCCGTATAGTTAGTATGGAGCCTATAGAAAATCATCTTAATCTTGAGGCAGGATCTACCGGTACCGAGCACATTGTTCTTAGTGTTTCAGGAATGTCCTGatatttGAACCGGGCGCAGAA
CAD2.min:Start-1257|PCA1:1258-End|RT:74_nt_each AAGCGCGGGTTTGGGgcgacaCTATAGGCAACCACTTGAACTTGGAAGCGGGGAGCACTGGGACTGAACATATAGTGTTATCCGTAAGTGGTATGTCCTGTACTGGTTGTGAATCAAAACTTAAGAAATCATTTGGCGCGCTCAAATGTGTTCACGGTTTGAAGACCAGatatttGAACCGGGCGCAGAA
CAD2.min:Start-1275|PCA1:1276-End|RT:74_nt_each AAGCGCGGGTTTGGGgcgacaACTTGGAAGCGGGGAGCACTGGGACTGAACATATAGTGTTATCCGTAAGTGGTATGACATGCACCGGCTGCGAGTCAAAACTTAAGAAATCATTTGGCGCGCTCAAATGTGTTCACGGTTTGAAGACCAGTTTAATATTATCGCAAGCatatttGAACCGGGCGCAGAA
CAD2.min:Start-1446|PCA1:1447-End|RT:74_nt_each AAGCGCGGGTTTGGGgcgacaAAGGCAGCGTTAAAGACGTAATTAAACATCTATCAAAGACAACGGAGTTTAAATATGAGCAAATAAGCAACCACGGTTCAACTATAGATGTTGTTGTTCCTTATGCAGCAAAAGATTTTATTAATGAGGAATGGCCACAAGGTGTCACatatttGAACCGGGCGCAGAA
CAD2.min:Start-1467|PCA1:1468-End|RT:74_nt_each AAGCGCGGGTTTGGGgcgacaTTAAACATCTATCAAAGACAACGGAGTTTAAATATGAGCAAATAAGCAACCACGCGAGCACCATTGACGTCGTGGTTCCTTATGCAGCAAAAGATTTTATTAATGAGGAATGGCCACAAGGTGTCACAGAGCTGAAAATTGTTGAGAGatatttGAACCGGGCGCAGAA
CAD2.min:Start-1545|PCA1:1546-End|RT:74_nt_each AAGCGCGGGTTTGGGgcgacaCATACGCTGCTAAGGACTTCATCAACGAAGAGTGGCCCCAGGGCGTGACTGAATTAAAGATCGTAGAACGCAACATCATTCGTATTTACTTTGACCCAAAGGTTATAGGTGCCAGAGATCTTGTCAATGAAGGATGGAGCGTGCCTGTatatttGAACCGGGCGCAGAA
CAD2.min:Start-1770|PCA1:1771-End|RT:74_nt_each AAGCGCGGGTTTGGGgcgacaCCCTTAGTATTATCCTAACAATTCCAATCTTAGTCATGGCGTGGGCACCGCAATTGAGAGAGAAGATCAGTACCATCTCCGCGTCAATGGTGCTAGCAACTATTATTCAATTTGTTATTGCAGGACCGTTTTACTTAAATGCCTTGAAatatttGAACCGGGCGCAGAA
CAD2.min:Start-1773|PCA1:1774-End|RT:74_nt_each AAGCGCGGGTTTGGGgcgacaTTAGTATTATCCTAACAATTCCAATCTTAGTCATGGCGTGGGCACCGCAATTGAGAGAGAAGATCAGTACCATGTCCGCGTCAATGGTGCTAGCAACTATTATTCAATTTGTTATTGCAGGACCGTTTTACTTAAATGCCTTGAAGAGatatttGAACCGGGCGCAGAA
CAD2.min:Start-1944|PCA1:1945-End|RT:74_nt_each AAGCGCGGGTTTGGGgcgacaAGATGGACTTGTTGATTGTGCTCTCTACATCAGCAGCTTATATTTTCAGCATCGTTAGCTTCGGCTACTTTGTGGTTGGACGCCCGTTATCTACGGAGCAGTTTTTTGAAACCAGCTCTTTGCTTGTAACTCTCATCATGGTTGGTCGatatttGAACCGGGCGCAGAA
CAD2.min:Start-1947|PCA1:1948-End|RT:74_nt_each AAGCGCGGGTTTGGGgcgacaTGGACTTGTTGATTGTGCTCTCTACATCAGCAGCTTATATTTTCAGCATCGTTAGCTTCGGCTACTTTGTGGCCGGACGCCCGTTATCTACGGAGCAGTTTTTTGAAACCAGCTCTTTGCTTGTAACTCTCATCATGGTTGGTCGCTTatatttGAACCGGGCGCAGAA
CAD2.min:Start-2127|PCA1:2128-End|RT:74_nt_each AAGCGCGGGTTTGGGgcgacaAAAGTATTAGTGTTAGGAGTCTGCAAGCAAGCAGCGCCATATTAGTTGACAAGACCGGCAAGGAAACAGAGATCAATATTAGACTTCTCCAATATGGCGATATTTTTAAGGTTTTACCTGATTCAAGAATCCCAACTGATGGAACAGTatatttGAACCGGGCGCAGAA
CAD2.min:Start-2163|PCA1:2164-End|RT:74_nt_each AAGCGCGGGTTTGGGgcgacaCCATATTAGTTGACAAGACCGGCAAGGAAACAGAGATCGACATCCGTTTGTTACAGTACGGTGACATATTCAAAGTTTTACCTGATTCAAGAATCCCAACTGATGGAACAGTCATTTCTGGGTCTTCTGAAGTCGACGAAGCGTTAATatatttGAACCGGGCGCAGAA
CAD2.min:Start-2505|PCA1:2506-End|RT:74_nt_each AAGCGCGGGTTTGGGgcgacaCATACTTTGTACCTACCATAATCGGTATAACAGTAGTAACATTCTGTGTCTGGATTGCAGTGGGGATAAGGGTTGAAAAGCAATCCCGCTCCGATGCCGTAATTCAGGCCATTATATATGCCATTACGGTACTTATCGTTTCGTGTCCatatttGAACCGGGCGCAGAA
CAD2.min:Start-2583|PCA1:2584-End|RT:74_nt_each AAGCGCGGGTTTGGGgcgacaAACAGAGTAGAAGTGACGCTGTTATACAAGCTATCATCTACGCGATCACTGTGTTGATTGTCAGCTGCCCATGTGTGATTGGACTTGCCGTTCCTATCGTATTTGTTATTGCAAGTGGCGTCGCTGCGAAAAGAGGGGTAATCTTCAAatatttGAACCGGGCGCAGAA
CAD2.min:Start-2907|PCA1:2908-End|RT:74_nt_each AAGCGCGGGTTTGGGgcgacaCTATTGCCAGTTACTTAAAGGAGAAGGGCGTAAGCGCGCAGAACGTCAGCAACACTAAGGCAGTTACAGGGAAACGGGTAGAAGGAACATCATACTCTGGTTTGAAGTTACAAGGAGGGAACTGTCGTTGGCTTGGTCATAACAATGAatatttGAACCGGGCGCAGAA
CAD2.min:Start-3339|PCA1:3340-End|RT:74_nt_each AAGCGCGGGTTTGGGgcgacaGGAACTGTGACTCAAGCAGCCAAAGTAAGCGCCCCGTGGTCGTATTCTGTGGCGATGGTACGAATGATGCCATAGGTTTGACTCAAGCAACGATTGGAGTTCATATCAATGAGGGAAGTGAGGTTGCCAAGCTAGCTGCTGATGTAGTatatttGAACCGGGCGCAGAA
CAD2.min:Start-3624|PCA1:3625-End|RT:74_nt_each AAGCGCGGGTTTGGGgcgacaTAGATTTCCACATCCCTCCTGAATACGCTGGCCTTGGCGAGTTGGTCTCAATTTTACCGGTCATCTTCGTCGCGATACTTCTGCGTTATGCAAAGATTTAGTCCAGGTACTGCTGCTATTTGATTGTAGATTTTCTTTTTTCTTTTCTatatttGAACCGGGCGCAGAA
CAD2.min:Start-3645|PCA1:3646-End|RT:74_nt_each AAGCGCGGGTTTGGGgcgacaAATACGCTGGCCTTGGCGAGTTGGTCTCAATTTTACCGGTCATCTTCGTCGCGACTTTATTAAGGTACGCTAAAATTTAGTCCAGGTACTGCTGCTATTTGATTGTAGATTTTCTTTTTTCTTTTCTTTTTTTTTTTTGACGACTCTGatatttGAACCGGGCGCAGAA
CAD2.min:Start-3648|PCA1:3649-End|RT:74_nt_each AAGCGCGGGTTTGGGgcgacaACGCTGGCCTTGGCGAGTTGGTCTCAATTTTACCGGTCATCTTCGTCGCGACTTTATTAAGGTACGCTAAAGTGTAGTCCAGGTACTGCTGCTATTTGATTGTAGATTTTCTTTTTTCTTTTCTTTTTTTTTTTTGACGACTCTGTAAatatttGAACCGGGCGCAGAA
CAD2.min:Start-114|PCA1:115-End|RT:80_nt_each AAGCGCGGGTTTGGGCTTCAGACGGAGAATACGGGGTTGTGAACTCTGAAAATATTAGTATTGACGCGATGCAGGACAACCGTGGAGAATGCCACCGTAGATCCATAGAAATGCATGCTAATGACAATCTGGGATTGGTCTCCCAGCGAGACTGTACCAATCGGCCCAAAATTACGAACCGGGCGCAGAA
CAD2.min:Start-129|PCA1:130-End|RT:80_nt_each AAGCGCGGGTTTGGGACGGGGTTGTGAACTCTGAAAATATTAGTATTGACGCGATGCAGGACAACCGTGGAGAATGCCACTTACGTAGTATCGAGATGCATGCTAATGACAATCTGGGATTGGTCTCCCAGCGAGACTGTACCAATCGGCCCAAAATTACTCCTCAGGAATGTTTGAACCGGGCGCAGAA
CAD2.min:Start-426|PCA1:427-End|RT:80_nt_each AAGCGCGGGTTTGGGCAGAAACAGGTCTTGACGTCGATTCTTGCTGTGGTGACGCACAGACCGGAGGAGATCATACAAACGAGAGTTGCGTAGACGGATGCTGCGTTAGAGATTCTTCAGTGATGGTCGAGGAAGTTACAGGCAGCTGCGAAGCTGTATCTTCTAAAGAACAATTGAACCGGGCGCAGAA
CAD2.min:Start-465|PCA1:466-End|RT:80_nt_each AAGCGCGGGTTTGGGCACAGACCGGAGGAGATCATACAAACGAGAGTTGCGTAGACGAGTGTTGTGTACGTGACAGCAGCGTCATGGTTGAAGAGGTTACAGGCAGCTGCGAAGCTGTATCTTCTAAAGAACAATTGCTGACCAGCTTTGAAGTTGTTCCAAGCAAATCTGAAGGGAACCGGGCGCAGAA
CAD2.min:Start-627|PCA1:628-End|RT:80_nt_each AAGCGCGGGTTTGGGTACAGAGCATACACGACATCCGTGAAACTACAAGGTGTAACACTAACAGTAATCAGCATACCGGTAAAGGCCGATTGTGTATCGAATCAAGTGACTCTACACTCAAGAAAAGAAGTTGTAAAGTTAGCAGACAGAAAATTGAGGTTTCCAGTAAGCCTGAGAACCGGGCGCAGAA
CAD2.min:Start-660|PCA1:661-End|RT:80_nt_each AAGCGCGGGTTTGGGGGTGTAACACTAACAGTAATCAGCATACCGGTAAAGGCCGATTGTGTCTAGAGAGTTCCGATAGCACTTTAAAGAAGCGTAGTTGTAAAGTTAGCAGACAGAAAATTGAGGTTTCCAGTAAGCCTGAGTGCTGCAACATTTCATGTGTTGAGCGGATTGCGAACCGGGCGCAGAA
CAD2.min:Start-774|PCA1:775-End|RT:80_nt_each AAGCGCGGGTTTGGGGTTCAAAACCAGAATGTTGTAATATAAGTTGCGTGGAAAGAATAGCTAGCAGATCGTGCGAGAAACGAACCTTCAAGGGCAGCACCAATGTTGGAATTTCTGGGAGTAGCTCTACCGACAGTTTAAGCGAGAAGTTCTTCAGCGAACAGTACTCTAGAATGAACCGGGCGCAGAA
CAD2.min:Start-1032|PCA1:1033-End|RT:80_nt_each AAGCGCGGGTTTGGGTCTGCTCAGGAGAAGGAGCGAGCAAGAAAACCAAGTATAGTTATAGAAATTCAAGCGGTTGCCTGACGAAGAAGAAAACTCATGGAGACAAAGAAAGGTTGAGCAATGACAATGGCCATGCTGATTTTGTTTGTTCTAAAAGTTGTTGCACTAAAATGAAGAACCGGGCGCAGAA
CAD2.min:Start-1188|PCA1:1189-End|RT:80_nt_each AAGCGCGGGTTTGGGTGAAAGACTGCGCAGTCACTAGTACGATAAGCGGTCATAGCAGCTCAGAGATCAGCCGTATAGTTAGTATGGAGCCTATAGAAAATCATCTTAATCTTGAGGCAGGATCTACCGGTACCGAGCACATTGTTCTTAGTGTTTCAGGAATGTCCTGTACTGGGAACCGGGCGCAGAA
CAD2.min:Start-1257|PCA1:1258-End|RT:80_nt_each AAGCGCGGGTTTGGGTGGAGCCTATAGGCAACCACTTGAACTTGGAAGCGGGGAGCACTGGGACTGAACATATAGTGTTATCCGTAAGTGGTATGTCCTGTACTGGTTGTGAATCAAAACTTAAGAAATCATTTGGCGCGCTCAAATGTGTTCACGGTTTGAAGACCAGTTTAATGAACCGGGCGCAGAA
CAD2.min:Start-1275|PCA1:1276-End|RT:80_nt_each AAGCGCGGGTTTGGGACTTGAACTTGGAAGCGGGGAGCACTGGGACTGAACATATAGTGTTATCCGTAAGTGGTATGACATGCACCGGCTGCGAGTCAAAACTTAAGAAATCATTTGGCGCGCTCAAATGTGTTCACGGTTTGAAGACCAGTTTAATATTATCGCAAGCTGAATTGAACCGGGCGCAGAA
CAD2.min:Start-1446|PCA1:1447-End|RT:80_nt_each AAGCGCGGGTTTGGGTAGCCCAAGGCAGCGTTAAAGACGTAATTAAACATCTATCAAAGACAACGGAGTTTAAATATGAGCAAATAAGCAACCACGGTTCAACTATAGATGTTGTTGTTCCTTATGCAGCAAAAGATTTTATTAATGAGGAATGGCCACAAGGTGTCACAGAGCTGAACCGGGCGCAGAA
CAD2.min:Start-1467|PCA1:1468-End|RT:80_nt_each AAGCGCGGGTTTGGGACGTAATTAAACATCTATCAAAGACAACGGAGTTTAAATATGAGCAAATAAGCAACCACGCGAGCACCATTGACGTCGTGGTTCCTTATGCAGCAAAAGATTTTATTAATGAGGAATGGCCACAAGGTGTCACAGAGCTGAAAATTGTTGAGAGAAATATGAACCGGGCGCAGAA
CAD2.min:Start-1545|PCA1:1546-End|RT:80_nt_each AAGCGCGGGTTTGGGTGGCACCATACGCTGCTAAGGACTTCATCAACGAAGAGTGGCCCCAGGGCGTGACTGAATTAAAGATCGTAGAACGCAACATCATTCGTATTTACTTTGACCCAAAGGTTATAGGTGCCAGAGATCTTGTCAATGAAGGATGGAGCGTGCCTGTTAGTATGAACCGGGCGCAGAA
CAD2.min:Start-1770|PCA1:1771-End|RT:80_nt_each AAGCGCGGGTTTGGGCAACGGCCCTTAGTATTATCCTAACAATTCCAATCTTAGTCATGGCGTGGGCACCGCAATTGAGAGAGAAGATCAGTACCATCTCCGCGTCAATGGTGCTAGCAACTATTATTCAATTTGTTATTGCAGGACCGTTTTACTTAAATGCCTTGAAGAGTTTGAACCGGGCGCAGAA
CAD2.min:Start-1773|PCA1:1774-End|RT:80_nt_each AAGCGCGGGTTTGGGCGGCCCTTAGTATTATCCTAACAATTCCAATCTTAGTCATGGCGTGGGCACCGCAATTGAGAGAGAAGATCAGTACCATGTCCGCGTCAATGGTGCTAGCAACTATTATTCAATTTGTTATTGCAGGACCGTTTTACTTAAATGCCTTGAAGAGTTTGATGAACCGGGCGCAGAA
CAD2.min:Start-1944|PCA1:1945-End|RT:80_nt_each AAGCGCGGGTTTGGGTGATCGAGATGGACTTGTTGATTGTGCTCTCTACATCAGCAGCTTATATTTTCAGCATCGTTAGCTTCGGCTACTTTGTGGTTGGACGCCCGTTATCTACGGAGCAGTTTTTTGAAACCAGCTCTTTGCTTGTAACTCTCATCATGGTTGGTCGCTTTGTGAACCGGGCGCAGAA
CAD2.min:Start-1947|PCA1:1948-End|RT:80_nt_each AAGCGCGGGTTTGGGTCGAGATGGACTTGTTGATTGTGCTCTCTACATCAGCAGCTTATATTTTCAGCATCGTTAGCTTCGGCTACTTTGTGGCCGGACGCCCGTTATCTACGGAGCAGTTTTTTGAAACCAGCTCTTTGCTTGTAACTCTCATCATGGTTGGTCGCTTTGTGAGGAACCGGGCGCAGAA
CAD2.min:Start-2127|PCA1:2128-End|RT:80_nt_each AAGCGCGGGTTTGGGCAGTCAAAAGTATTAGTGTTAGGAGTCTGCAAGCAAGCAGCGCCATATTAGTTGACAAGACCGGCAAGGAAACAGAGATCAATATTAGACTTCTCCAATATGGCGATATTTTTAAGGTTTTACCTGATTCAAGAATCCCAACTGATGGAACAGTCATTTCGAACCGGGCGCAGAA
CAD2.min:Start-2163|PCA1:2164-End|RT:80_nt_each AAGCGCGGGTTTGGGGCAGCGCCATATTAGTTGACAAGACCGGCAAGGAAACAGAGATCGACATCCGTTTGTTACAGTACGGTGACATATTCAAAGTTTTACCTGATTCAAGAATCCCAACTGATGGAACAGTCATTTCTGGGTCTTCTGAAGTCGACGAAGCGTTAATCACAGGGAACCGGGCGCAGAA
CAD2.min:Start-2505|PCA1:2506-End|RT:80_nt_each AAGCGCGGGTTTGGGTAGCTTCATACTTTGTACCTACCATAATCGGTATAACAGTAGTAACATTCTGTGTCTGGATTGCAGTGGGGATAAGGGTTGAAAAGCAATCCCGCTCCGATGCCGTAATTCAGGCCATTATATATGCCATTACGGTACTTATCGTTTCGTGTCCCTGCGTGAACCGGGCGCAGAA
CAD2.min:Start-2583|PCA1:2584-End|RT:80_nt_each AAGCGCGGGTTTGGGTTCAGAAACAGAGTAGAAGTGACGCTGTTATACAAGCTATCATCTACGCGATCACTGTGTTGATTGTCAGCTGCCCATGTGTGATTGGACTTGCCGTTCCTATCGTATTTGTTATTGCAAGTGGCGTCGCTGCGAAAAGAGGGGTAATCTTCAAATCAGCGAACCGGGCGCAGAA
CAD2.min:Start-2907|PCA1:2908-End|RT:80_nt_each AAGCGCGGGTTTGGGGTATGGCTATTGCCAGTTACTTAAAGGAGAAGGGCGTAAGCGCGCAGAACGTCAGCAACACTAAGGCAGTTACAGGGAAACGGGTAGAAGGAACATCATACTCTGGTTTGAAGTTACAAGGAGGGAACTGTCGTTGGCTTGGTCATAACAATGATCCTGAGAACCGGGCGCAGAA
CAD2.min:Start-3339|PCA1:3340-End|RT:80_nt_each AAGCGCGGGTTTGGGAGGGTCGGAACTGTGACTCAAGCAGCCAAAGTAAGCGCCCCGTGGTCGTATTCTGTGGCGATGGTACGAATGATGCCATAGGTTTGACTCAAGCAACGATTGGAGTTCATATCAATGAGGGAAGTGAGGTTGCCAAGCTAGCTGCTGATGTAGTTATGTTGAACCGGGCGCAGAA
CAD2.min:Start-3624|PCA1:3625-End|RT:80_nt_each AAGCGCGGGTTTGGGCTTTCGTAGATTTCCACATCCCTCCTGAATACGCTGGCCTTGGCGAGTTGGTCTCAATTTTACCGGTCATCTTCGTCGCGATACTTCTGCGTTATGCAAAGATTTAGTCCAGGTACTGCTGCTATTTGATTGTAGATTTTCTTTTTTCTTTTCTTTTTTTGAACCGGGCGCAGAA
CAD2.min:Start-3645|PCA1:3646-End|RT:80_nt_each AAGCGCGGGTTTGGGCTCCTGAATACGCTGGCCTTGGCGAGTTGGTCTCAATTTTACCGGTCATCTTCGTCGCGACTTTATTAAGGTACGCTAAAATTTAGTCCAGGTACTGCTGCTATTTGATTGTAGATTTTCTTTTTTCTTTTCTTTTTTTTTTTTGACGACTCTGTAATACGAACCGGGCGCAGAA
CAD2.min:Start-3648|PCA1:3649-End|RT:80_nt_each AAGCGCGGGTTTGGGCTGAATACGCTGGCCTTGGCGAGTTGGTCTCAATTTTACCGGTCATCTTCGTCGCGACTTTATTAAGGTACGCTAAAGTGTAGTCCAGGTACTGCTGCTATTTGATTGTAGATTTTCTTTTTTCTTTTCTTTTTTTTTTTTGACGACTCTGTAATACTCTGAACCGGGCGCAGAA
