>CAD2.high:Start-114|PCA1:115-End|RT:20_nt_each,gcgacaacggtttaggtgggtacgggtccccattccttatatagaaatggcatgttagatATAATAGGGGCGAGTGTCATCGTAGATCCATAGAAATGCAtagctaagcgcagggacttcccgaatctcggtattatcccggtaagtgtggactatattt
CAD2.high:Start-129|PCA1:130-End|RT:20_nt_each,gcgacaacggtttaggtgggtacgggtccccattccttatatagaaatggcatgttagatGTCATCTTAGATCTATAGAAATGCATGCTAATGACAATCTtagctaagcgcagggacttcccgaatctcggtattatcccggtaagtgtggactatattt
CAD2.high:Start-426|PCA1:427-End|RT:20_nt_each,gcgacaacggtttaggtgggtacgggtccccattccttatatagaaatggcatgttagatCCAATGAATCTTGTGTAGACGGATGCTGCGTTAGAGATTCtagctaagcgcagggacttcccgaatctcggtattatcccggtaagtgtggactatattt
CAD2.high:Start-465|PCA1:466-End|RT:20_nt_each,gcgacaacggtttaggtgggtacgggtccccattccttatatagaaatggcatgttagatCTTCTGTTATGGTGGAAGAGGTTACAGGCAGCTGCGAAGCtagctaagcgcagggacttcccgaatctcggtattatcccggtaagtgtggactatattt
CAD2.high:Start-627|PCA1:628-End|RT:20_nt_each,gcgacaacggtttaggtgggtacgggtccccattccttatatagaaatggcatgttagatCAGGTAAAGGAAGGCTTTGTATCGAATCAAGTGACTCTACtagctaagcgcagggacttcccgaatctcggtattatcccggtaagtgtggactatattt
CAD2.high:Start-660|PCA1:661-End|RT:20_nt_each,gcgacaacggtttaggtgggtacgggtccccattccttatatagaaatggcatgttagatACTCAACACTCAAGAAGAGAAGTTGTAAAGTTAGCAGACAtagctaagcgcagggacttcccgaatctcggtattatcccggtaagtgtggactatattt
CAD2.high:Start-774|PCA1:775-End|RT:20_nt_each,gcgacaacggtttaggtgggtacgggtccccattccttatatagaaatggcatgttagatAAAAGAGGACCTTTAAGGGTAGCACCAATGTTGGAATTTCtagctaagcgcagggacttcccgaatctcggtattatcccggtaagtgtggactatattt
CAD2.high:Start-1032|PCA1:1033-End|RT:20_nt_each,gcgacaacggtttaggtgggtacgggtccccattccttatatagaaatggcatgttagatGTTTAACAAAGAAGAAGACCCATGGAGACAAAGAAAGGTTtagctaagcgcagggacttcccgaatctcggtattatcccggtaagtgtggactatattt
CAD2.high:Start-1188|PCA1:1189-End|RT:20_nt_each,gcgacaacggtttaggtgggtacgggtccccattccttatatagaaatggcatgttagatTCGTATCTATGGAGCCAATTGAAAATCATCTTAATCTTGAtagctaagcgcagggacttcccgaatctcggtattatcccggtaagtgtggactatattt
CAD2.high:Start-1257|PCA1:1258-End|RT:20_nt_each,gcgacaacggtttaggtgggtacgggtccccattccttatatagaaatggcatgttagatTGCTGAGCGTTTCAGGGATGTCCTGTACTGGTTGTGAATCtagctaagcgcagggacttcccgaatctcggtattatcccggtaagtgtggactatattt
CAD2.high:Start-1275|PCA1:1276-End|RT:20_nt_each,gcgacaacggtttaggtgggtacgggtccccattccttatatagaaatggcatgttagatTGACCTGTACTGGTTGTGAATCAAAACTTAAGAAATCATTtagctaagcgcagggacttcccgaatctcggtattatcccggtaagtgtggactatattt
CAD2.high:Start-1446|PCA1:1447-End|RT:20_nt_each,gcgacaacggtttaggtgggtacgggtccccattccttatatagaaatggcatgttagatACGAACAGATTTCAAACCACGGTTCAACTATAGATGTTGTtagctaagcgcagggacttcccgaatctcggtattatcccggtaagtgtggactatattt
CAD2.high:Start-1467|PCA1:1468-End|RT:20_nt_each,gcgacaacggtttaggtgggtacgggtccccattccttatatagaaatggcatgttagatCTTCAACGATTGATGTTGTCGTTCCTTATGCAGCAAAAGAtagctaagcgcagggacttcccgaatctcggtattatcccggtaagtgtggactatattt
CAD2.high:Start-1545|PCA1:1546-End|RT:20_nt_each,gcgacaacggtttaggtgggtacgggtccccattccttatatagaaatggcatgttagatTGAAAATTGTTGAGAGAAACATCATTCGTATTTACTTTGAtagctaagcgcagggacttcccgaatctcggtattatcccggtaagtgtggactatattt
CAD2.high:Start-1770|PCA1:1771-End|RT:20_nt_each,gcgacaacggtttaggtgggtacgggtccccattccttatatagaaatggcatgttagatTTCGAGAGAAAATTTCCACTATCTCCGCGTCAATGGTGCTtagctaagcgcagggacttcccgaatctcggtattatcccggtaagtgtggactatattt
CAD2.high:Start-1773|PCA1:1774-End|RT:20_nt_each,gcgacaacggtttaggtgggtacgggtccccattccttatatagaaatggcatgttagatGAGAGAAAATTTCCACTATGTCCGCGTCAATGGTGCTAGCtagctaagcgcagggacttcccgaatctcggtattatcccggtaagtgtggactatattt
CAD2.high:Start-1944|PCA1:1945-End|RT:20_nt_each,gcgacaacggtttaggtgggtacgggtccccattccttatatagaaatggcatgttagatTCTCATTTGGCTACTTTGTTGTTGGACGCCCGTTATCTACtagctaagcgcagggacttcccgaatctcggtattatcccggtaagtgtggactatattt
CAD2.high:Start-1947|PCA1:1948-End|RT:20_nt_each,gcgacaacggtttaggtgggtacgggtccccattccttatatagaaatggcatgttagatCATTTGGCTACTTTGTTGCTGGACGCCCGTTATCTACGGAtagctaagcgcagggacttcccgaatctcggtattatcccggtaagtgtggactatattt
CAD2.high:Start-2127|PCA1:2128-End|RT:20_nt_each,gcgacaacggtttaggtgggtacgggtccccattccttatatagaaatggcatgttagatCCGGCAAAGAAACTGAAATTAATATTAGACTTCTCCAATAtagctaagcgcagggacttcccgaatctcggtattatcccggtaagtgtggactatattt
CAD2.high:Start-2163|PCA1:2164-End|RT:20_nt_each,gcgacaacggtttaggtgggtacgggtccccattccttatatagaaatggcatgttagatAATATGGCGATATCTTTAAGGTTTTACCTGATTCAAGAATtagctaagcgcagggacttcccgaatctcggtattatcccggtaagtgtggactatattt
CAD2.high:Start-2505|PCA1:2506-End|RT:20_nt_each,gcgacaacggtttaggtgggtacgggtccccattccttatatagaaatggcatgttagatTAGCTGTGGGAATCAGGGTGGAAAAGCAATCCCGCTCCGAtagctaagcgcagggacttcccgaatctcggtattatcccggtaagtgtggactatattt
CAD2.high:Start-2583|PCA1:2584-End|RT:20_nt_each,gcgacaacggtttaggtgggtacgggtccccattccttatatagaaatggcatgttagatTCATAGTTTCCTGTCCCTGCGTGATTGGACTTGCCGTTCCtagctaagcgcagggacttcccgaatctcggtattatcccggtaagtgtggactatattt
CAD2.high:Start-2907|PCA1:2908-End|RT:20_nt_each,gcgacaacggtttaggtgggtacgggtccccattccttatatagaaatggcatgttagatCCAAAGCTGTCACGGGTAAGCGGGTAGAAGGAACATCATAtagctaagcgcagggacttcccgaatctcggtattatcccggtaagtgtggactatattt
CAD2.high:Start-3339|PCA1:3340-End|RT:20_nt_each,gcgacaacggtttaggtgggtacgggtccccattccttatatagaaatggcatgttagatACGGAACAAATGACGCCATAGGTTTGACTCAAGCAACGATtagctaagcgcagggacttcccgaatctcggtattatcccggtaagtgtggactatattt
CAD2.high:Start-3624|PCA1:3625-End|RT:20_nt_each,gcgacaacggtttaggtgggtacgggtccccattccttatatagaaatggcatgttagatTACCTGTAATTTTCGTTGCTATACTTCTGCGTTATGCAAAtagctaagcgcagggacttcccgaatctcggtattatcccggtaagtgtggactatattt
CAD2.high:Start-3645|PCA1:3646-End|RT:20_nt_each,gcgacaacggtttaggtgggtacgggtccccattccttatatagaaatggcatgttagatCTCTTCTTCGATACGCAAAAATTTAGTCCAGGTACTGCTGtagctaagcgcagggacttcccgaatctcggtattatcccggtaagtgtggactatattt
CAD2.high:Start-3648|PCA1:3649-End|RT:20_nt_each,gcgacaacggtttaggtgggtacgggtccccattccttatatagaaatggcatgttagatTTCTTCGATACGCAAAAGTTTAGTCCAGGTACTGCTGCTAtagctaagcgcagggacttcccgaatctcggtattatcccggtaagtgtggactatattt
CAD2.high:Start-114|PCA1:115-End|RT:22_nt_each,gcgacaacggtttaggtgggtacgggtccccattccttatatagaaatggcatgttagAGATAATAGGGGCGAGTGTCATCGTAGATCCATAGAAATGCATGgctaagcgcagggacttcccgaatctcggtattatcccggtaagtgtggactatattt
CAD2.high:Start-129|PCA1:130-End|RT:22_nt_each,gcgacaacggtttaggtgggtacgggtccccattccttatatagaaatggcatgttagGTGTCATCTTAGATCTATAGAAATGCATGCTAATGACAATCTGGgctaagcgcagggacttcccgaatctcggtattatcccggtaagtgtggactatattt
CAD2.high:Start-426|PCA1:427-End|RT:22_nt_each,gcgacaacggtttaggtgggtacgggtccccattccttatatagaaatggcatgttagCACCAATGAATCTTGTGTAGACGGATGCTGCGTTAGAGATTCTTgctaagcgcagggacttcccgaatctcggtattatcccggtaagtgtggactatattt
CAD2.high:Start-465|PCA1:466-End|RT:22_nt_each,gcgacaacggtttaggtgggtacgggtccccattccttatatagaaatggcatgttagTTCTTCTGTTATGGTGGAAGAGGTTACAGGCAGCTGCGAAGCTGgctaagcgcagggacttcccgaatctcggtattatcccggtaagtgtggactatattt
CAD2.high:Start-627|PCA1:628-End|RT:22_nt_each,gcgacaacggtttaggtgggtacgggtccccattccttatatagaaatggcatgttagCACAGGTAAAGGAAGGCTTTGTATCGAATCAAGTGACTCTACACgctaagcgcagggacttcccgaatctcggtattatcccggtaagtgtggactatattt
CAD2.high:Start-660|PCA1:661-End|RT:22_nt_each,gcgacaacggtttaggtgggtacgggtccccattccttatatagaaatggcatgttagTGACTCAACACTCAAGAAGAGAAGTTGTAAAGTTAGCAGACAGAgctaagcgcagggacttcccgaatctcggtattatcccggtaagtgtggactatattt
CAD2.high:Start-774|PCA1:775-End|RT:22_nt_each,gcgacaacggtttaggtgggtacgggtccccattccttatatagaaatggcatgttagTGAAAAGAGGACCTTTAAGGGTAGCACCAATGTTGGAATTTCTGgctaagcgcagggacttcccgaatctcggtattatcccggtaagtgtggactatattt
CAD2.high:Start-1032|PCA1:1033-End|RT:22_nt_each,gcgacaacggtttaggtgggtacgggtccccattccttatatagaaatggcatgttagTTGTTTAACAAAGAAGAAGACCCATGGAGACAAAGAAAGGTTGAgctaagcgcagggacttcccgaatctcggtattatcccggtaagtgtggactatattt
CAD2.high:Start-1188|PCA1:1189-End|RT:22_nt_each,gcgacaacggtttaggtgggtacgggtccccattccttatatagaaatggcatgttagAATCGTATCTATGGAGCCAATTGAAAATCATCTTAATCTTGAGGgctaagcgcagggacttcccgaatctcggtattatcccggtaagtgtggactatattt
CAD2.high:Start-1257|PCA1:1258-End|RT:22_nt_each,gcgacaacggtttaggtgggtacgggtccccattccttatatagaaatggcatgttagTGTGCTGAGCGTTTCAGGGATGTCCTGTACTGGTTGTGAATCAAgctaagcgcagggacttcccgaatctcggtattatcccggtaagtgtggactatattt
CAD2.high:Start-1275|PCA1:1276-End|RT:22_nt_each,gcgacaacggtttaggtgggtacgggtccccattccttatatagaaatggcatgttagGATGACCTGTACTGGTTGTGAATCAAAACTTAAGAAATCATTTGgctaagcgcagggacttcccgaatctcggtattatcccggtaagtgtggactatattt
CAD2.high:Start-1446|PCA1:1447-End|RT:22_nt_each,gcgacaacggtttaggtgggtacgggtccccattccttatatagaaatggcatgttagGTACGAACAGATTTCAAACCACGGTTCAACTATAGATGTTGTTGgctaagcgcagggacttcccgaatctcggtattatcccggtaagtgtggactatattt
CAD2.high:Start-1467|PCA1:1468-End|RT:22_nt_each,gcgacaacggtttaggtgggtacgggtccccattccttatatagaaatggcatgttagCGCTTCAACGATTGATGTTGTCGTTCCTTATGCAGCAAAAGATTgctaagcgcagggacttcccgaatctcggtattatcccggtaagtgtggactatattt
CAD2.high:Start-1545|PCA1:1546-End|RT:22_nt_each,gcgacaacggtttaggtgggtacgggtccccattccttatatagaaatggcatgttagACTGAAAATTGTTGAGAGAAACATCATTCGTATTTACTTTGACCgctaagcgcagggacttcccgaatctcggtattatcccggtaagtgtggactatattt
CAD2.high:Start-1770|PCA1:1771-End|RT:22_nt_each,gcgacaacggtttaggtgggtacgggtccccattccttatatagaaatggcatgttagGCTTCGAGAGAAAATTTCCACTATCTCCGCGTCAATGGTGCTAGgctaagcgcagggacttcccgaatctcggtattatcccggtaagtgtggactatattt
CAD2.high:Start-1773|PCA1:1774-End|RT:22_nt_each,gcgacaacggtttaggtgggtacgggtccccattccttatatagaaatggcatgttagTCGAGAGAAAATTTCCACTATGTCCGCGTCAATGGTGCTAGCAAgctaagcgcagggacttcccgaatctcggtattatcccggtaagtgtggactatattt
CAD2.high:Start-1944|PCA1:1945-End|RT:22_nt_each,gcgacaacggtttaggtgggtacgggtccccattccttatatagaaatggcatgttagCGTCTCATTTGGCTACTTTGTTGTTGGACGCCCGTTATCTACGGgctaagcgcagggacttcccgaatctcggtattatcccggtaagtgtggactatattt
CAD2.high:Start-1947|PCA1:1948-End|RT:22_nt_each,gcgacaacggtttaggtgggtacgggtccccattccttatatagaaatggcatgttagCTCATTTGGCTACTTTGTTGCTGGACGCCCGTTATCTACGGAGCgctaagcgcagggacttcccgaatctcggtattatcccggtaagtgtggactatattt
CAD2.high:Start-2127|PCA1:2128-End|RT:22_nt_each,gcgacaacggtttaggtgggtacgggtccccattccttatatagaaatggcatgttagAACCGGCAAAGAAACTGAAATTAATATTAGACTTCTCCAATATGgctaagcgcagggacttcccgaatctcggtattatcccggtaagtgtggactatattt
CAD2.high:Start-2163|PCA1:2164-End|RT:22_nt_each,gcgacaacggtttaggtgggtacgggtccccattccttatatagaaatggcatgttagACAATATGGCGATATCTTTAAGGTTTTACCTGATTCAAGAATCCgctaagcgcagggacttcccgaatctcggtattatcccggtaagtgtggactatattt
CAD2.high:Start-2505|PCA1:2506-End|RT:22_nt_each,gcgacaacggtttaggtgggtacgggtccccattccttatatagaaatggcatgttagGATAGCTGTGGGAATCAGGGTGGAAAAGCAATCCCGCTCCGATGgctaagcgcagggacttcccgaatctcggtattatcccggtaagtgtggactatattt
CAD2.high:Start-2583|PCA1:2584-End|RT:22_nt_each,gcgacaacggtttaggtgggtacgggtccccattccttatatagaaatggcatgttagTCTCATAGTTTCCTGTCCCTGCGTGATTGGACTTGCCGTTCCTAgctaagcgcagggacttcccgaatctcggtattatcccggtaagtgtggactatattt
CAD2.high:Start-2907|PCA1:2908-End|RT:22_nt_each,gcgacaacggtttaggtgggtacgggtccccattccttatatagaaatggcatgttagTACCAAAGCTGTCACGGGTAAGCGGGTAGAAGGAACATCATACTgctaagcgcagggacttcccgaatctcggtattatcccggtaagtgtggactatattt
CAD2.high:Start-3339|PCA1:3340-End|RT:22_nt_each,gcgacaacggtttaggtgggtacgggtccccattccttatatagaaatggcatgttagTGACGGAACAAATGACGCCATAGGTTTGACTCAAGCAACGATTGgctaagcgcagggacttcccgaatctcggtattatcccggtaagtgtggactatattt
CAD2.high:Start-3624|PCA1:3625-End|RT:22_nt_each,gcgacaacggtttaggtgggtacgggtccccattccttatatagaaatggcatgttagTTTACCTGTAATTTTCGTTGCTATACTTCTGCGTTATGCAAAGAgctaagcgcagggacttcccgaatctcggtattatcccggtaagtgtggactatattt
CAD2.high:Start-3645|PCA1:3646-End|RT:22_nt_each,gcgacaacggtttaggtgggtacgggtccccattccttatatagaaatggcatgttagTACTCTTCTTCGATACGCAAAAATTTAGTCCAGGTACTGCTGCTgctaagcgcagggacttcccgaatctcggtattatcccggtaagtgtggactatattt
CAD2.high:Start-3648|PCA1:3649-End|RT:22_nt_each,gcgacaacggtttaggtgggtacgggtccccattccttatatagaaatggcatgttagTCTTCTTCGATACGCAAAAGTTTAGTCCAGGTACTGCTGCTATTgctaagcgcagggacttcccgaatctcggtattatcccggtaagtgtggactatattt
CAD2.high:Start-114|PCA1:115-End|RT:25_nt_each,gcgacaacggtttaggtgggtacgggtccccattccttatatagaaatggcatgtGCAAGATAATAGGGGCGAGTGTCATCGTAGATCCATAGAAATGCATGCTAaagcgcagggacttcccgaatctcggtattatcccggtaagtgtggactatattt
CAD2.high:Start-129|PCA1:130-End|RT:25_nt_each,gcgacaacggtttaggtgggtacgggtccccattccttatatagaaatggcatgtCGAGTGTCATCTTAGATCTATAGAAATGCATGCTAATGACAATCTGGGATaagcgcagggacttcccgaatctcggtattatcccggtaagtgtggactatattt
CAD2.high:Start-426|PCA1:427-End|RT:25_nt_each,gcgacaacggtttaggtgggtacgggtccccattccttatatagaaatggcatgtCCACACCAATGAATCTTGTGTAGACGGATGCTGCGTTAGAGATTCTTCAGaagcgcagggacttcccgaatctcggtattatcccggtaagtgtggactatattt
CAD2.high:Start-465|PCA1:466-End|RT:25_nt_each,gcgacaacggtttaggtgggtacgggtccccattccttatatagaaatggcatgtGGATTCTTCTGTTATGGTGGAAGAGGTTACAGGCAGCTGCGAAGCTGTATaagcgcagggacttcccgaatctcggtattatcccggtaagtgtggactatattt
CAD2.high:Start-627|PCA1:628-End|RT:25_nt_each,gcgacaacggtttaggtgggtacgggtccccattccttatatagaaatggcatgtACACACAGGTAAAGGAAGGCTTTGTATCGAATCAAGTGACTCTACACTCAaagcgcagggacttcccgaatctcggtattatcccggtaagtgtggactatattt
CAD2.high:Start-660|PCA1:661-End|RT:25_nt_each,gcgacaacggtttaggtgggtacgggtccccattccttatatagaaatggcatgtGAGTGACTCAACACTCAAGAAGAGAAGTTGTAAAGTTAGCAGACAGAAAAaagcgcagggacttcccgaatctcggtattatcccggtaagtgtggactatattt
CAD2.high:Start-774|PCA1:775-End|RT:25_nt_each,gcgacaacggtttaggtgggtacgggtccccattccttatatagaaatggcatgtCTGTGAAAAGAGGACCTTTAAGGGTAGCACCAATGTTGGAATTTCTGGGAaagcgcagggacttcccgaatctcggtattatcccggtaagtgtggactatattt
CAD2.high:Start-1032|PCA1:1033-End|RT:25_nt_each,gcgacaacggtttaggtgggtacgggtccccattccttatatagaaatggcatgtTGGTTGTTTAACAAAGAAGAAGACCCATGGAGACAAAGAAAGGTTGAGCAaagcgcagggacttcccgaatctcggtattatcccggtaagtgtggactatattt
CAD2.high:Start-1188|PCA1:1189-End|RT:25_nt_each,gcgacaacggtttaggtgggtacgggtccccattccttatatagaaatggcatgtAAGAATCGTATCTATGGAGCCAATTGAAAATCATCTTAATCTTGAGGCAGaagcgcagggacttcccgaatctcggtattatcccggtaagtgtggactatattt
CAD2.high:Start-1257|PCA1:1258-End|RT:25_nt_each,gcgacaacggtttaggtgggtacgggtccccattccttatatagaaatggcatgtTATTGTGCTGAGCGTTTCAGGGATGTCCTGTACTGGTTGTGAATCAAAACaagcgcagggacttcccgaatctcggtattatcccggtaagtgtggactatattt
CAD2.high:Start-1275|PCA1:1276-End|RT:25_nt_each,gcgacaacggtttaggtgggtacgggtccccattccttatatagaaatggcatgtAGGGATGACCTGTACTGGTTGTGAATCAAAACTTAAGAAATCATTTGGCGaagcgcagggacttcccgaatctcggtattatcccggtaagtgtggactatattt
CAD2.high:Start-1446|PCA1:1447-End|RT:25_nt_each,gcgacaacggtttaggtgggtacgggtccccattccttatatagaaatggcatgtCAAGTACGAACAGATTTCAAACCACGGTTCAACTATAGATGTTGTTGTTCaagcgcagggacttcccgaatctcggtattatcccggtaagtgtggactatattt
CAD2.high:Start-1467|PCA1:1468-End|RT:25_nt_each,gcgacaacggtttaggtgggtacgggtccccattccttatatagaaatggcatgtCCACGCTTCAACGATTGATGTTGTCGTTCCTTATGCAGCAAAAGATTTTAaagcgcagggacttcccgaatctcggtattatcccggtaagtgtggactatattt
CAD2.high:Start-1545|PCA1:1546-End|RT:25_nt_each,gcgacaacggtttaggtgggtacgggtccccattccttatatagaaatggcatgtAGAACTGAAAATTGTTGAGAGAAACATCATTCGTATTTACTTTGACCCAAaagcgcagggacttcccgaatctcggtattatcccggtaagtgtggactatattt
CAD2.high:Start-1770|PCA1:1771-End|RT:25_nt_each,gcgacaacggtttaggtgggtacgggtccccattccttatatagaaatggcatgtTCAGCTTCGAGAGAAAATTTCCACTATCTCCGCGTCAATGGTGCTAGCAAaagcgcagggacttcccgaatctcggtattatcccggtaagtgtggactatattt
CAD2.high:Start-1773|PCA1:1774-End|RT:25_nt_each,gcgacaacggtttaggtgggtacgggtccccattccttatatagaaatggcatgtGCTTCGAGAGAAAATTTCCACTATGTCCGCGTCAATGGTGCTAGCAACTAaagcgcagggacttcccgaatctcggtattatcccggtaagtgtggactatattt
CAD2.high:Start-1944|PCA1:1945-End|RT:25_nt_each,gcgacaacggtttaggtgggtacgggtccccattccttatatagaaatggcatgtAATCGTCTCATTTGGCTACTTTGTTGTTGGACGCCCGTTATCTACGGAGCaagcgcagggacttcccgaatctcggtattatcccggtaagtgtggactatattt
CAD2.high:Start-1947|PCA1:1948-End|RT:25_nt_each,gcgacaacggtttaggtgggtacgggtccccattccttatatagaaatggcatgtCGTCTCATTTGGCTACTTTGTTGCTGGACGCCCGTTATCTACGGAGCAGTaagcgcagggacttcccgaatctcggtattatcccggtaagtgtggactatattt
CAD2.high:Start-2127|PCA1:2128-End|RT:25_nt_each,gcgacaacggtttaggtgggtacgggtccccattccttatatagaaatggcatgtTAAAACCGGCAAAGAAACTGAAATTAATATTAGACTTCTCCAATATGGCGaagcgcagggacttcccgaatctcggtattatcccggtaagtgtggactatattt
CAD2.high:Start-2163|PCA1:2164-End|RT:25_nt_each,gcgacaacggtttaggtgggtacgggtccccattccttatatagaaatggcatgtGTTACAATATGGCGATATCTTTAAGGTTTTACCTGATTCAAGAATCCCAAaagcgcagggacttcccgaatctcggtattatcccggtaagtgtggactatattt
CAD2.high:Start-2505|PCA1:2506-End|RT:25_nt_each,gcgacaacggtttaggtgggtacgggtccccattccttatatagaaatggcatgtTTGGATAGCTGTGGGAATCAGGGTGGAAAAGCAATCCCGCTCCGATGCCGaagcgcagggacttcccgaatctcggtattatcccggtaagtgtggactatattt
CAD2.high:Start-2583|PCA1:2584-End|RT:25_nt_each,gcgacaacggtttaggtgggtacgggtccccattccttatatagaaatggcatgtAGTTCTCATAGTTTCCTGTCCCTGCGTGATTGGACTTGCCGTTCCTATCGaagcgcagggacttcccgaatctcggtattatcccggtaagtgtggactatattt
CAD2.high:Start-2907|PCA1:2908-End|RT:25_nt_each,gcgacaacggtttaggtgggtacgggtccccattccttatatagaaatggcatgtTAATACCAAAGCTGTCACGGGTAAGCGGGTAGAAGGAACATCATACTCTGaagcgcagggacttcccgaatctcggtattatcccggtaagtgtggactatattt
CAD2.high:Start-3339|PCA1:3340-End|RT:25_nt_each,gcgacaacggtttaggtgggtacgggtccccattccttatatagaaatggcatgtCGGTGACGGAACAAATGACGCCATAGGTTTGACTCAAGCAACGATTGGAGaagcgcagggacttcccgaatctcggtattatcccggtaagtgtggactatattt
CAD2.high:Start-3624|PCA1:3625-End|RT:25_nt_each,gcgacaacggtttaggtgggtacgggtccccattccttatatagaaatggcatgtTATTTTACCTGTAATTTTCGTTGCTATACTTCTGCGTTATGCAAAGATTTaagcgcagggacttcccgaatctcggtattatcccggtaagtgtggactatattt
CAD2.high:Start-3645|PCA1:3646-End|RT:25_nt_each,gcgacaacggtttaggtgggtacgggtccccattccttatatagaaatggcatgtTGCTACTCTTCTTCGATACGCAAAAATTTAGTCCAGGTACTGCTGCTATTaagcgcagggacttcccgaatctcggtattatcccggtaagtgtggactatattt
CAD2.high:Start-3648|PCA1:3649-End|RT:25_nt_each,gcgacaacggtttaggtgggtacgggtccccattccttatatagaaatggcatgtTACTCTTCTTCGATACGCAAAAGTTTAGTCCAGGTACTGCTGCTATTTGAaagcgcagggacttcccgaatctcggtattatcccggtaagtgtggactatattt
CAD2.high:Start-114|PCA1:115-End|RT:29_nt_each,gcgacaacggtttaggtgggtacgggtccccattccttatatagaaatggcCAATGCAAGATAATAGGGGCGAGTGTCATCGTAGATCCATAGAAATGCATGCTAATGAgcagggacttcccgaatctcggtattatcccggtaagtgtggactatattt
CAD2.high:Start-129|PCA1:130-End|RT:29_nt_each,gcgacaacggtttaggtgggtacgggtccccattccttatatagaaatggcGGGGCGAGTGTCATCTTAGATCTATAGAAATGCATGCTAATGACAATCTGGGATTGGTgcagggacttcccgaatctcggtattatcccggtaagtgtggactatattt
CAD2.high:Start-426|PCA1:427-End|RT:29_nt_each,gcgacaacggtttaggtgggtacgggtccccattccttatatagaaatggcGGGACCACACCAATGAATCTTGTGTAGACGGATGCTGCGTTAGAGATTCTTCAGTGATgcagggacttcccgaatctcggtattatcccggtaagtgtggactatattt
CAD2.high:Start-465|PCA1:466-End|RT:29_nt_each,gcgacaacggtttaggtgggtacgggtccccattccttatatagaaatggcTTAGGGATTCTTCTGTTATGGTGGAAGAGGTTACAGGCAGCTGCGAAGCTGTATCTTCgcagggacttcccgaatctcggtattatcccggtaagtgtggactatattt
CAD2.high:Start-627|PCA1:628-End|RT:29_nt_each,gcgacaacggtttaggtgggtacgggtccccattccttatatagaaatggcACCAACACACAGGTAAAGGAAGGCTTTGTATCGAATCAAGTGACTCTACACTCAAGAAgcagggacttcccgaatctcggtattatcccggtaagtgtggactatattt
CAD2.high:Start-660|PCA1:661-End|RT:29_nt_each,gcgacaacggtttaggtgggtacgggtccccattccttatatagaaatggcAATCGAGTGACTCAACACTCAAGAAGAGAAGTTGTAAAGTTAGCAGACAGAAAATTGAgcagggacttcccgaatctcggtattatcccggtaagtgtggactatattt
CAD2.high:Start-774|PCA1:775-End|RT:29_nt_each,gcgacaacggtttaggtgggtacgggtccccattccttatatagaaatggcGTAGCTGTGAAAAGAGGACCTTTAAGGGTAGCACCAATGTTGGAATTTCTGGGAGTAGgcagggacttcccgaatctcggtattatcccggtaagtgtggactatattt
CAD2.high:Start-1032|PCA1:1033-End|RT:29_nt_each,gcgacaacggtttaggtgggtacgggtccccattccttatatagaaatggcGTTCTGGTTGTTTAACAAAGAAGAAGACCCATGGAGACAAAGAAAGGTTGAGCAATGAgcagggacttcccgaatctcggtattatcccggtaagtgtggactatattt
CAD2.high:Start-1188|PCA1:1189-End|RT:29_nt_each,gcgacaacggtttaggtgggtacgggtccccattccttatatagaaatggcTATCAAGAATCGTATCTATGGAGCCAATTGAAAATCATCTTAATCTTGAGGCAGGATCgcagggacttcccgaatctcggtattatcccggtaagtgtggactatattt
CAD2.high:Start-1257|PCA1:1258-End|RT:29_nt_each,gcgacaacggtttaggtgggtacgggtccccattccttatatagaaatggcAGCATATTGTGCTGAGCGTTTCAGGGATGTCCTGTACTGGTTGTGAATCAAAACTTAAgcagggacttcccgaatctcggtattatcccggtaagtgtggactatattt
CAD2.high:Start-1275|PCA1:1276-End|RT:29_nt_each,gcgacaacggtttaggtgggtacgggtccccattccttatatagaaatggcTTTCAGGGATGACCTGTACTGGTTGTGAATCAAAACTTAAGAAATCATTTGGCGCGCTgcagggacttcccgaatctcggtattatcccggtaagtgtggactatattt
CAD2.high:Start-1446|PCA1:1447-End|RT:29_nt_each,gcgacaacggtttaggtgggtacgggtccccattccttatatagaaatggcAATTCAAGTACGAACAGATTTCAAACCACGGTTCAACTATAGATGTTGTTGTTCCTTAgcagggacttcccgaatctcggtattatcccggtaagtgtggactatattt
CAD2.high:Start-1467|PCA1:1468-End|RT:29_nt_each,gcgacaacggtttaggtgggtacgggtccccattccttatatagaaatggcCAAACCACGCTTCAACGATTGATGTTGTCGTTCCTTATGCAGCAAAAGATTTTATTAAgcagggacttcccgaatctcggtattatcccggtaagtgtggactatattt
CAD2.high:Start-1545|PCA1:1546-End|RT:29_nt_each,gcgacaacggtttaggtgggtacgggtccccattccttatatagaaatggcTTACAGAACTGAAAATTGTTGAGAGAAACATCATTCGTATTTACTTTGACCCAAAGGTgcagggacttcccgaatctcggtattatcccggtaagtgtggactatattt
CAD2.high:Start-1770|PCA1:1771-End|RT:29_nt_each,gcgacaacggtttaggtgggtacgggtccccattccttatatagaaatggcCCCCTCAGCTTCGAGAGAAAATTTCCACTATCTCCGCGTCAATGGTGCTAGCAACTATgcagggacttcccgaatctcggtattatcccggtaagtgtggactatattt
CAD2.high:Start-1773|PCA1:1774-End|RT:29_nt_each,gcgacaacggtttaggtgggtacgggtccccattccttatatagaaatggcCTCAGCTTCGAGAGAAAATTTCCACTATGTCCGCGTCAATGGTGCTAGCAACTATTATgcagggacttcccgaatctcggtattatcccggtaagtgtggactatattt
CAD2.high:Start-1944|PCA1:1945-End|RT:29_nt_each,gcgacaacggtttaggtgggtacgggtccccattccttatatagaaatggcTTTCAATCGTCTCATTTGGCTACTTTGTTGTTGGACGCCCGTTATCTACGGAGCAGTTgcagggacttcccgaatctcggtattatcccggtaagtgtggactatattt
CAD2.high:Start-1947|PCA1:1948-End|RT:29_nt_each,gcgacaacggtttaggtgggtacgggtccccattccttatatagaaatggcCAATCGTCTCATTTGGCTACTTTGTTGCTGGACGCCCGTTATCTACGGAGCAGTTTTTgcagggacttcccgaatctcggtattatcccggtaagtgtggactatattt
CAD2.high:Start-2127|PCA1:2128-End|RT:29_nt_each,gcgacaacggtttaggtgggtacgggtccccattccttatatagaaatggcTCGATAAAACCGGCAAAGAAACTGAAATTAATATTAGACTTCTCCAATATGGCGATATgcagggacttcccgaatctcggtattatcccggtaagtgtggactatattt
CAD2.high:Start-2163|PCA1:2164-End|RT:29_nt_each,gcgacaacggtttaggtgggtacgggtccccattccttatatagaaatggcGACTGTTACAATATGGCGATATCTTTAAGGTTTTACCTGATTCAAGAATCCCAACTGAgcagggacttcccgaatctcggtattatcccggtaagtgtggactatattt
CAD2.high:Start-2505|PCA1:2506-End|RT:29_nt_each,gcgacaacggtttaggtgggtacgggtccccattccttatatagaaatggcGCGTTTGGATAGCTGTGGGAATCAGGGTGGAAAAGCAATCCCGCTCCGATGCCGTAATgcagggacttcccgaatctcggtattatcccggtaagtgtggactatattt
CAD2.high:Start-2583|PCA1:2584-End|RT:29_nt_each,gcgacaacggtttaggtgggtacgggtccccattccttatatagaaatggcTTACAGTTCTCATAGTTTCCTGTCCCTGCGTGATTGGACTTGCCGTTCCTATCGTATTgcagggacttcccgaatctcggtattatcccggtaagtgtggactatattt
CAD2.high:Start-2907|PCA1:2908-End|RT:29_nt_each,gcgacaacggtttaggtgggtacgggtccccattccttatatagaaatggcTTTCTAATACCAAAGCTGTCACGGGTAAGCGGGTAGAAGGAACATCATACTCTGGTTTgcagggacttcccgaatctcggtattatcccggtaagtgtggactatattt
CAD2.high:Start-3339|PCA1:3340-End|RT:29_nt_each,gcgacaacggtttaggtgggtacgggtccccattccttatatagaaatggcTCTGCGGTGACGGAACAAATGACGCCATAGGTTTGACTCAAGCAACGATTGGAGTTCAgcagggacttcccgaatctcggtattatcccggtaagtgtggactatattt
CAD2.high:Start-3624|PCA1:3625-End|RT:29_nt_each,gcgacaacggtttaggtgggtacgggtccccattccttatatagaaatggcTTAGTATTTTACCTGTAATTTTCGTTGCTATACTTCTGCGTTATGCAAAGATTTAGTCgcagggacttcccgaatctcggtattatcccggtaagtgtggactatattt
CAD2.high:Start-3645|PCA1:3646-End|RT:29_nt_each,gcgacaacggtttaggtgggtacgggtccccattccttatatagaaatggcTCGTTGCTACTCTTCTTCGATACGCAAAAATTTAGTCCAGGTACTGCTGCTATTTGATgcagggacttcccgaatctcggtattatcccggtaagtgtggactatattt
CAD2.high:Start-3648|PCA1:3649-End|RT:29_nt_each,gcgacaacggtttaggtgggtacgggtccccattccttatatagaaatggcTTGCTACTCTTCTTCGATACGCAAAAGTTTAGTCCAGGTACTGCTGCTATTTGATTGTgcagggacttcccgaatctcggtattatcccggtaagtgtggactatattt
CAD2.high:Start-114|PCA1:115-End|RT:34_nt_each,gcgacaacggtttaggtgggtacgggtccccattccttatatagaaAGATGCAATGCAAGATAATAGGGGCGAGTGTCATCGTAGATCCATAGAAATGCATGCTAATGACAATCgacttcccgaatctcggtattatcccggtaagtgtggactatattt
CAD2.high:Start-129|PCA1:130-End|RT:34_nt_each,gcgacaacggtttaggtgggtacgggtccccattccttatatagaaTAATAGGGGCGAGTGTCATCTTAGATCTATAGAAATGCATGCTAATGACAATCTGGGATTGGTCTCCCgacttcccgaatctcggtattatcccggtaagtgtggactatattt
CAD2.high:Start-426|PCA1:427-End|RT:34_nt_each,gcgacaacggtttaggtgggtacgggtccccattccttatatagaaGGGAGGGGACCACACCAATGAATCTTGTGTAGACGGATGCTGCGTTAGAGATTCTTCAGTGATGGTCGgacttcccgaatctcggtattatcccggtaagtgtggactatattt
CAD2.high:Start-465|PCA1:466-End|RT:34_nt_each,gcgacaacggtttaggtgggtacgggtccccattccttatatagaaTTGTGTTAGGGATTCTTCTGTTATGGTGGAAGAGGTTACAGGCAGCTGCGAAGCTGTATCTTCTAAAGgacttcccgaatctcggtattatcccggtaagtgtggactatattt
CAD2.high:Start-627|PCA1:628-End|RT:34_nt_each,gcgacaacggtttaggtgggtacgggtccccattccttatatagaaCTCCAACCAACACACAGGTAAAGGAAGGCTTTGTATCGAATCAAGTGACTCTACACTCAAGAAAAGAAgacttcccgaatctcggtattatcccggtaagtgtggactatattt
CAD2.high:Start-660|PCA1:661-End|RT:34_nt_each,gcgacaacggtttaggtgggtacgggtccccattccttatatagaaTTTGGAATCGAGTGACTCAACACTCAAGAAGAGAAGTTGTAAAGTTAGCAGACAGAAAATTGAGGTTTgacttcccgaatctcggtattatcccggtaagtgtggactatattt
CAD2.high:Start-774|PCA1:775-End|RT:34_nt_each,gcgacaacggtttaggtgggtacgggtccccattccttatatagaaATCTCGTAGCTGTGAAAAGAGGACCTTTAAGGGTAGCACCAATGTTGGAATTTCTGGGAGTAGCTCTAgacttcccgaatctcggtattatcccggtaagtgtggactatattt
CAD2.high:Start-1032|PCA1:1033-End|RT:34_nt_each,gcgacaacggtttaggtgggtacgggtccccattccttatatagaaCAATAGTTCTGGTTGTTTAACAAAGAAGAAGACCCATGGAGACAAAGAAAGGTTGAGCAATGACAATGgacttcccgaatctcggtattatcccggtaagtgtggactatattt
CAD2.high:Start-1188|PCA1:1189-End|RT:34_nt_each,gcgacaacggtttaggtgggtacgggtccccattccttatatagaaTGAAATATCAAGAATCGTATCTATGGAGCCAATTGAAAATCATCTTAATCTTGAGGCAGGATCTACCGgacttcccgaatctcggtattatcccggtaagtgtggactatattt
CAD2.high:Start-1257|PCA1:1258-End|RT:34_nt_each,gcgacaacggtttaggtgggtacgggtccccattccttatatagaaTACTGAGCATATTGTGCTGAGCGTTTCAGGGATGTCCTGTACTGGTTGTGAATCAAAACTTAAGAAATgacttcccgaatctcggtattatcccggtaagtgtggactatattt
CAD2.high:Start-1275|PCA1:1276-End|RT:34_nt_each,gcgacaacggtttaggtgggtacgggtccccattccttatatagaaGAGCGTTTCAGGGATGACCTGTACTGGTTGTGAATCAAAACTTAAGAAATCATTTGGCGCGCTCAAATgacttcccgaatctcggtattatcccggtaagtgtggactatattt
CAD2.high:Start-1446|PCA1:1447-End|RT:34_nt_each,gcgacaacggtttaggtgggtacgggtccccattccttatatagaaTACTGAATTCAAGTACGAACAGATTTCAAACCACGGTTCAACTATAGATGTTGTTGTTCCTTATGCAGgacttcccgaatctcggtattatcccggtaagtgtggactatattt
CAD2.high:Start-1467|PCA1:1468-End|RT:34_nt_each,gcgacaacggtttaggtgggtacgggtccccattccttatatagaaGATTTCAAACCACGCTTCAACGATTGATGTTGTCGTTCCTTATGCAGCAAAAGATTTTATTAATGAGGgacttcccgaatctcggtattatcccggtaagtgtggactatattt
CAD2.high:Start-1545|PCA1:1546-End|RT:34_nt_each,gcgacaacggtttaggtgggtacgggtccccattccttatatagaaAGGTGTTACAGAACTGAAAATTGTTGAGAGAAACATCATTCGTATTTACTTTGACCCAAAGGTTATAGgacttcccgaatctcggtattatcccggtaagtgtggactatattt
CAD2.high:Start-1770|PCA1:1771-End|RT:34_nt_each,gcgacaacggtttaggtgggtacgggtccccattccttatatagaaATGGGCCCCTCAGCTTCGAGAGAAAATTTCCACTATCTCCGCGTCAATGGTGCTAGCAACTATTATTCgacttcccgaatctcggtattatcccggtaagtgtggactatattt
CAD2.high:Start-1773|PCA1:1774-End|RT:34_nt_each,gcgacaacggtttaggtgggtacgggtccccattccttatatagaaGGCCCCTCAGCTTCGAGAGAAAATTTCCACTATGTCCGCGTCAATGGTGCTAGCAACTATTATTCAATgacttcccgaatctcggtattatcccggtaagtgtggactatattt
CAD2.high:Start-1944|PCA1:1945-End|RT:34_nt_each,gcgacaacggtttaggtgggtacgggtccccattccttatatagaaCATATTTTCAATCGTCTCATTTGGCTACTTTGTTGTTGGACGCCCGTTATCTACGGAGCAGTTTTTTGgacttcccgaatctcggtattatcccggtaagtgtggactatattt
CAD2.high:Start-1947|PCA1:1948-End|RT:34_nt_each,gcgacaacggtttaggtgggtacgggtccccattccttatatagaaATTTTCAATCGTCTCATTTGGCTACTTTGTTGCTGGACGCCCGTTATCTACGGAGCAGTTTTTTGAAAgacttcccgaatctcggtattatcccggtaagtgtggactatattt
CAD2.high:Start-2127|PCA1:2128-End|RT:34_nt_each,gcgacaacggtttaggtgggtacgggtccccattccttatatagaaCTTAGTCGATAAAACCGGCAAAGAAACTGAAATTAATATTAGACTTCTCCAATATGGCGATATTTTTAgacttcccgaatctcggtattatcccggtaagtgtggactatattt
CAD2.high:Start-2163|PCA1:2164-End|RT:34_nt_each,gcgacaacggtttaggtgggtacgggtccccattccttatatagaaCATTAGACTGTTACAATATGGCGATATCTTTAAGGTTTTACCTGATTCAAGAATCCCAACTGATGGAAgacttcccgaatctcggtattatcccggtaagtgtggactatattt
CAD2.high:Start-2505|PCA1:2506-End|RT:34_nt_each,gcgacaacggtttaggtgggtacgggtccccattccttatatagaaTTTCTGCGTTTGGATAGCTGTGGGAATCAGGGTGGAAAAGCAATCCCGCTCCGATGCCGTAATTCAGGgacttcccgaatctcggtattatcccggtaagtgtggactatattt
CAD2.high:Start-2583|PCA1:2584-End|RT:34_nt_each,gcgacaacggtttaggtgggtacgggtccccattccttatatagaaTGCTATTACAGTTCTCATAGTTTCCTGTCCCTGCGTGATTGGACTTGCCGTTCCTATCGTATTTGTTAgacttcccgaatctcggtattatcccggtaagtgtggactatattt
CAD2.high:Start-2907|PCA1:2908-End|RT:34_nt_each,gcgacaacggtttaggtgggtacgggtccccattccttatatagaaAAATGTTTCTAATACCAAAGCTGTCACGGGTAAGCGGGTAGAAGGAACATCATACTCTGGTTTGAAGTgacttcccgaatctcggtattatcccggtaagtgtggactatattt
CAD2.high:Start-3339|PCA1:3340-End|RT:34_nt_each,gcgacaacggtttaggtgggtacgggtccccattccttatatagaaTGTTTTCTGCGGTGACGGAACAAATGACGCCATAGGTTTGACTCAAGCAACGATTGGAGTTCATATCAgacttcccgaatctcggtattatcccggtaagtgtggactatattt
CAD2.high:Start-3624|PCA1:3625-End|RT:34_nt_each,gcgacaacggtttaggtgggtacgggtccccattccttatatagaaGTTGGTTAGTATTTTACCTGTAATTTTCGTTGCTATACTTCTGCGTTATGCAAAGATTTAGTCCAGGTgacttcccgaatctcggtattatcccggtaagtgtggactatattt
CAD2.high:Start-3645|PCA1:3646-End|RT:34_nt_each,gcgacaacggtttaggtgggtacgggtccccattccttatatagaaAATTTTCGTTGCTACTCTTCTTCGATACGCAAAAATTTAGTCCAGGTACTGCTGCTATTTGATTGTAGgacttcccgaatctcggtattatcccggtaagtgtggactatattt
CAD2.high:Start-3648|PCA1:3649-End|RT:34_nt_each,gcgacaacggtttaggtgggtacgggtccccattccttatatagaaTTTCGTTGCTACTCTTCTTCGATACGCAAAAGTTTAGTCCAGGTACTGCTGCTATTTGATTGTAGATTgacttcccgaatctcggtattatcccggtaagtgtggactatattt
CAD2.high:Start-114|PCA1:115-End|RT:40_nt_each,gcgacaacggtttaggtgggtacgggtccccattccttatATCAATAGATGCAATGCAAGATAATAGGGGCGAGTGTCATCGTAGATCCATAGAAATGCATGCTAATGACAATCTGGGATccgaatctcggtattatcccggtaagtgtggactatattt
CAD2.high:Start-129|PCA1:130-End|RT:40_nt_each,gcgacaacggtttaggtgggtacgggtccccattccttatGCAAGATAATAGGGGCGAGTGTCATCTTAGATCTATAGAAATGCATGCTAATGACAATCTGGGATTGGTCTCCCAGCGAGccgaatctcggtattatcccggtaagtgtggactatattt
CAD2.high:Start-426|PCA1:427-End|RT:40_nt_each,gcgacaacggtttaggtgggtacgggtccccattccttatACAAACGGGAGGGGACCACACCAATGAATCTTGTGTAGACGGATGCTGCGTTAGAGATTCTTCAGTGATGGTCGAGGAAGccgaatctcggtattatcccggtaagtgtggactatattt
CAD2.high:Start-465|PCA1:466-End|RT:40_nt_each,gcgacaacggtttaggtgggtacgggtccccattccttatCGAGTGTTGTGTTAGGGATTCTTCTGTTATGGTGGAAGAGGTTACAGGCAGCTGCGAAGCTGTATCTTCTAAAGAACAATccgaatctcggtattatcccggtaagtgtggactatattt
CAD2.high:Start-627|PCA1:628-End|RT:40_nt_each,gcgacaacggtttaggtgggtacgggtccccattccttatTACCAACTCCAACCAACACACAGGTAAAGGAAGGCTTTGTATCGAATCAAGTGACTCTACACTCAAGAAAAGAAGTTGTAccgaatctcggtattatcccggtaagtgtggactatattt
CAD2.high:Start-660|PCA1:661-End|RT:40_nt_each,gcgacaacggtttaggtgggtacgggtccccattccttatGCTTTGTTTGGAATCGAGTGACTCAACACTCAAGAAGAGAAGTTGTAAAGTTAGCAGACAGAAAATTGAGGTTTCCAGTAccgaatctcggtattatcccggtaagtgtggactatattt
CAD2.high:Start-774|PCA1:775-End|RT:40_nt_each,gcgacaacggtttaggtgggtacgggtccccattccttatTATTGCATCTCGTAGCTGTGAAAAGAGGACCTTTAAGGGTAGCACCAATGTTGGAATTTCTGGGAGTAGCTCTACCGACAccgaatctcggtattatcccggtaagtgtggactatattt
CAD2.high:Start-1032|PCA1:1033-End|RT:40_nt_each,gcgacaacggtttaggtgggtacgggtccccattccttatCTATCGCAATAGTTCTGGTTGTTTAACAAAGAAGAAGACCCATGGAGACAAAGAAAGGTTGAGCAATGACAATGGCCATGccgaatctcggtattatcccggtaagtgtggactatattt
CAD2.high:Start-1188|PCA1:1189-End|RT:40_nt_each,gcgacaacggtttaggtgggtacgggtccccattccttatTTCTAGTGAAATATCAAGAATCGTATCTATGGAGCCAATTGAAAATCATCTTAATCTTGAGGCAGGATCTACCGGTACCGccgaatctcggtattatcccggtaagtgtggactatattt
CAD2.high:Start-1257|PCA1:1258-End|RT:40_nt_each,gcgacaacggtttaggtgggtacgggtccccattccttatAACAGGTACTGAGCATATTGTGCTGAGCGTTTCAGGGATGTCCTGTACTGGTTGTGAATCAAAACTTAAGAAATCATTTGccgaatctcggtattatcccggtaagtgtggactatattt
CAD2.high:Start-1275|PCA1:1276-End|RT:40_nt_each,gcgacaacggtttaggtgggtacgggtccccattccttatTGTGCTGAGCGTTTCAGGGATGACCTGTACTGGTTGTGAATCAAAACTTAAGAAATCATTTGGCGCGCTCAAATGTGTTCccgaatctcggtattatcccggtaagtgtggactatattt
CAD2.high:Start-1446|PCA1:1447-End|RT:40_nt_each,gcgacaacggtttaggtgggtacgggtccccattccttatCAAAACTACTGAATTCAAGTACGAACAGATTTCAAACCACGGTTCAACTATAGATGTTGTTGTTCCTTATGCAGCAAAAGccgaatctcggtattatcccggtaagtgtggactatattt
CAD2.high:Start-1467|PCA1:1468-End|RT:40_nt_each,gcgacaacggtttaggtgggtacgggtccccattccttatCGAACAGATTTCAAACCACGCTTCAACGATTGATGTTGTCGTTCCTTATGCAGCAAAAGATTTTATTAATGAGGAATGGCccgaatctcggtattatcccggtaagtgtggactatattt
CAD2.high:Start-1545|PCA1:1546-End|RT:40_nt_each,gcgacaacggtttaggtgggtacgggtccccattccttatGCCACAAGGTGTTACAGAACTGAAAATTGTTGAGAGAAACATCATTCGTATTTACTTTGACCCAAAGGTTATAGGTGCCAccgaatctcggtattatcccggtaagtgtggactatattt
CAD2.high:Start-1770|PCA1:1771-End|RT:40_nt_each,gcgacaacggtttaggtgggtacgggtccccattccttatTATGGCATGGGCCCCTCAGCTTCGAGAGAAAATTTCCACTATCTCCGCGTCAATGGTGCTAGCAACTATTATTCAATTTGccgaatctcggtattatcccggtaagtgtggactatattt
CAD2.high:Start-1773|PCA1:1774-End|RT:40_nt_each,gcgacaacggtttaggtgggtacgggtccccattccttatGGCATGGGCCCCTCAGCTTCGAGAGAAAATTTCCACTATGTCCGCGTCAATGGTGCTAGCAACTATTATTCAATTTGTTAccgaatctcggtattatcccggtaagtgtggactatattt
CAD2.high:Start-1944|PCA1:1945-End|RT:40_nt_each,gcgacaacggtttaggtgggtacgggtccccattccttatCGCGTACATATTTTCAATCGTCTCATTTGGCTACTTTGTTGTTGGACGCCCGTTATCTACGGAGCAGTTTTTTGAAACCAccgaatctcggtattatcccggtaagtgtggactatattt
CAD2.high:Start-1947|PCA1:1948-End|RT:40_nt_each,gcgacaacggtttaggtgggtacgggtccccattccttatGTACATATTTTCAATCGTCTCATTTGGCTACTTTGTTGCTGGACGCCCGTTATCTACGGAGCAGTTTTTTGAAACCAGCTccgaatctcggtattatcccggtaagtgtggactatattt
CAD2.high:Start-2127|PCA1:2128-End|RT:40_nt_each,gcgacaacggtttaggtgggtacgggtccccattccttatCGCTATCTTAGTCGATAAAACCGGCAAAGAAACTGAAATTAATATTAGACTTCTCCAATATGGCGATATTTTTAAGGTTTccgaatctcggtattatcccggtaagtgtggactatattt
CAD2.high:Start-2163|PCA1:2164-End|RT:40_nt_each,gcgacaacggtttaggtgggtacgggtccccattccttatAATTGACATTAGACTGTTACAATATGGCGATATCTTTAAGGTTTTACCTGATTCAAGAATCCCAACTGATGGAACAGTCAccgaatctcggtattatcccggtaagtgtggactatattt
CAD2.high:Start-2505|PCA1:2506-End|RT:40_nt_each,gcgacaacggtttaggtgggtacgggtccccattccttatCGTCACTTTCTGCGTTTGGATAGCTGTGGGAATCAGGGTGGAAAAGCAATCCCGCTCCGATGCCGTAATTCAGGCCATTAccgaatctcggtattatcccggtaagtgtggactatattt
CAD2.high:Start-2583|PCA1:2584-End|RT:40_nt_each,gcgacaacggtttaggtgggtacgggtccccattccttatTATTTATGCTATTACAGTTCTCATAGTTTCCTGTCCCTGCGTGATTGGACTTGCCGTTCCTATCGTATTTGTTATTGCAAccgaatctcggtattatcccggtaagtgtggactatattt
CAD2.high:Start-2907|PCA1:2908-End|RT:40_nt_each,gcgacaacggtttaggtgggtacgggtccccattccttatTGCTCAAAATGTTTCTAATACCAAAGCTGTCACGGGTAAGCGGGTAGAAGGAACATCATACTCTGGTTTGAAGTTACAAGccgaatctcggtattatcccggtaagtgtggactatattt
CAD2.high:Start-3339|PCA1:3340-End|RT:40_nt_each,gcgacaacggtttaggtgggtacgggtccccattccttatTGTCGTTGTTTTCTGCGGTGACGGAACAAATGACGCCATAGGTTTGACTCAAGCAACGATTGGAGTTCATATCAATGAGGccgaatctcggtattatcccggtaagtgtggactatattt
CAD2.high:Start-3624|PCA1:3625-End|RT:40_nt_each,gcgacaacggtttaggtgggtacgggtccccattccttatAGGTGAGTTGGTTAGTATTTTACCTGTAATTTTCGTTGCTATACTTCTGCGTTATGCAAAGATTTAGTCCAGGTACTGCTccgaatctcggtattatcccggtaagtgtggactatattt
CAD2.high:Start-3645|PCA1:3646-End|RT:40_nt_each,gcgacaacggtttaggtgggtacgggtccccattccttatACCTGTAATTTTCGTTGCTACTCTTCTTCGATACGCAAAAATTTAGTCCAGGTACTGCTGCTATTTGATTGTAGATTTTCccgaatctcggtattatcccggtaagtgtggactatattt
CAD2.high:Start-3648|PCA1:3649-End|RT:40_nt_each,gcgacaacggtttaggtgggtacgggtccccattccttatTGTAATTTTCGTTGCTACTCTTCTTCGATACGCAAAAGTTTAGTCCAGGTACTGCTGCTATTTGATTGTAGATTTTCTTTccgaatctcggtattatcccggtaagtgtggactatattt
CAD2.high:Start-114|PCA1:115-End|RT:47_nt_each,gcgacaacggtttaggtgggtacgggtccccatAAAATATATCAATAGATGCAATGCAAGATAATAGGGGCGAGTGTCATCGTAGATCCATAGAAATGCATGCTAATGACAATCTGGGATTGGTCTCtcggtattatcccggtaagtgtggactatattt
CAD2.high:Start-129|PCA1:130-End|RT:47_nt_each,gcgacaacggtttaggtgggtacgggtccccatATGCAATGCAAGATAATAGGGGCGAGTGTCATCTTAGATCTATAGAAATGCATGCTAATGACAATCTGGGATTGGTCTCCCAGCGAGACTGTACtcggtattatcccggtaagtgtggactatattt
CAD2.high:Start-426|PCA1:427-End|RT:47_nt_each,gcgacaacggtttaggtgggtacgggtccccatGCGATGCACAAACGGGAGGGGACCACACCAATGAATCTTGTGTAGACGGATGCTGCGTTAGAGATTCTTCAGTGATGGTCGAGGAAGTTACAGGtcggtattatcccggtaagtgtggactatattt
CAD2.high:Start-465|PCA1:466-End|RT:47_nt_each,gcgacaacggtttaggtgggtacgggtccccatGTGTAGACGAGTGTTGTGTTAGGGATTCTTCTGTTATGGTGGAAGAGGTTACAGGCAGCTGCGAAGCTGTATCTTCTAAAGAACAATTGCTGACtcggtattatcccggtaagtgtggactatattt
CAD2.high:Start-627|PCA1:628-End|RT:47_nt_each,gcgacaacggtttaggtgggtacgggtccccatGTTGCAATACCAACTCCAACCAACACACAGGTAAAGGAAGGCTTTGTATCGAATCAAGTGACTCTACACTCAAGAAAAGAAGTTGTAAAGTTAGtcggtattatcccggtaagtgtggactatattt
CAD2.high:Start-660|PCA1:661-End|RT:47_nt_each,gcgacaacggtttaggtgggtacgggtccccatAAGGAAGGCTTTGTTTGGAATCGAGTGACTCAACACTCAAGAAGAGAAGTTGTAAAGTTAGCAGACAGAAAATTGAGGTTTCCAGTAAGCCTGAtcggtattatcccggtaagtgtggactatattt
CAD2.high:Start-774|PCA1:775-End|RT:47_nt_each,gcgacaacggtttaggtgggtacgggtccccatTTGAACGTATTGCATCTCGTAGCTGTGAAAAGAGGACCTTTAAGGGTAGCACCAATGTTGGAATTTCTGGGAGTAGCTCTACCGACAGTTTAAGtcggtattatcccggtaagtgtggactatattt
CAD2.high:Start-1032|PCA1:1033-End|RT:47_nt_each,gcgacaacggtttaggtgggtacgggtccccatAATACTCCTATCGCAATAGTTCTGGTTGTTTAACAAAGAAGAAGACCCATGGAGACAAAGAAAGGTTGAGCAATGACAATGGCCATGCTGATTTtcggtattatcccggtaagtgtggactatattt
CAD2.high:Start-1188|PCA1:1189-End|RT:47_nt_each,gcgacaacggtttaggtgggtacgggtccccatGACACTCTTCTAGTGAAATATCAAGAATCGTATCTATGGAGCCAATTGAAAATCATCTTAATCTTGAGGCAGGATCTACCGGTACCGAGCACATtcggtattatcccggtaagtgtggactatattt
CAD2.high:Start-1257|PCA1:1258-End|RT:47_nt_each,gcgacaacggtttaggtgggtacgggtccccatCGGGCTCAACAGGTACTGAGCATATTGTGCTGAGCGTTTCAGGGATGTCCTGTACTGGTTGTGAATCAAAACTTAAGAAATCATTTGGCGCGCTtcggtattatcccggtaagtgtggactatattt
CAD2.high:Start-1275|PCA1:1276-End|RT:47_nt_each,gcgacaacggtttaggtgggtacgggtccccatAGCATATTGTGCTGAGCGTTTCAGGGATGACCTGTACTGGTTGTGAATCAAAACTTAAGAAATCATTTGGCGCGCTCAAATGTGTTCACGGTTTtcggtattatcccggtaagtgtggactatattt
CAD2.high:Start-1446|PCA1:1447-End|RT:47_nt_each,gcgacaacggtttaggtgggtacgggtccccatACTTGAGCAAAACTACTGAATTCAAGTACGAACAGATTTCAAACCACGGTTCAACTATAGATGTTGTTGTTCCTTATGCAGCAAAAGATTTTATtcggtattatcccggtaagtgtggactatattt
CAD2.high:Start-1467|PCA1:1468-End|RT:47_nt_each,gcgacaacggtttaggtgggtacgggtccccatTCAAGTACGAACAGATTTCAAACCACGCTTCAACGATTGATGTTGTCGTTCCTTATGCAGCAAAAGATTTTATTAATGAGGAATGGCCACAAGGtcggtattatcccggtaagtgtggactatattt
CAD2.high:Start-1545|PCA1:1546-End|RT:47_nt_each,gcgacaacggtttaggtgggtacgggtccccatAGGAATGGCCACAAGGTGTTACAGAACTGAAAATTGTTGAGAGAAACATCATTCGTATTTACTTTGACCCAAAGGTTATAGGTGCCAGAGATCTtcggtattatcccggtaagtgtggactatattt
CAD2.high:Start-1770|PCA1:1771-End|RT:47_nt_each,gcgacaacggtttaggtgggtacgggtccccatTTTTAGTTATGGCATGGGCCCCTCAGCTTCGAGAGAAAATTTCCACTATCTCCGCGTCAATGGTGCTAGCAACTATTATTCAATTTGTTATTGCtcggtattatcccggtaagtgtggactatattt
CAD2.high:Start-1773|PCA1:1774-End|RT:47_nt_each,gcgacaacggtttaggtgggtacgggtccccatTAGTTATGGCATGGGCCCCTCAGCTTCGAGAGAAAATTTCCACTATGTCCGCGTCAATGGTGCTAGCAACTATTATTCAATTTGTTATTGCAGGtcggtattatcccggtaagtgtggactatattt
CAD2.high:Start-1944|PCA1:1945-End|RT:47_nt_each,gcgacaacggtttaggtgggtacgggtccccatCCAGCGCCGCGTACATATTTTCAATCGTCTCATTTGGCTACTTTGTTGTTGGACGCCCGTTATCTACGGAGCAGTTTTTTGAAACCAGCTCTTTtcggtattatcccggtaagtgtggactatattt
CAD2.high:Start-1947|PCA1:1948-End|RT:47_nt_each,gcgacaacggtttaggtgggtacgggtccccatGCGCCGCGTACATATTTTCAATCGTCTCATTTGGCTACTTTGTTGCTGGACGCCCGTTATCTACGGAGCAGTTTTTTGAAACCAGCTCTTTGCTtcggtattatcccggtaagtgtggactatattt
CAD2.high:Start-2127|PCA1:2128-End|RT:47_nt_each,gcgacaacggtttaggtgggtacgggtccccatCGTCTTCCGCTATCTTAGTCGATAAAACCGGCAAAGAAACTGAAATTAATATTAGACTTCTCCAATATGGCGATATTTTTAAGGTTTTACCTGAtcggtattatcccggtaagtgtggactatattt
CAD2.high:Start-2163|PCA1:2164-End|RT:47_nt_each,gcgacaacggtttaggtgggtacgggtccccatAAACTGAAATTGACATTAGACTGTTACAATATGGCGATATCTTTAAGGTTTTACCTGATTCAAGAATCCCAACTGATGGAACAGTCATTTCTGGtcggtattatcccggtaagtgtggactatattt
CAD2.high:Start-2505|PCA1:2506-End|RT:47_nt_each,gcgacaacggtttaggtgggtacgggtccccatTCACTGTCGTCACTTTCTGCGTTTGGATAGCTGTGGGAATCAGGGTGGAAAAGCAATCCCGCTCCGATGCCGTAATTCAGGCCATTATATATGCtcggtattatcccggtaagtgtggactatattt
CAD2.high:Start-2583|PCA1:2584-End|RT:47_nt_each,gcgacaacggtttaggtgggtacgggtccccatAGGCAATTATTTATGCTATTACAGTTCTCATAGTTTCCTGTCCCTGCGTGATTGGACTTGCCGTTCCTATCGTATTTGTTATTGCAAGTGGCGTtcggtattatcccggtaagtgtggactatattt
CAD2.high:Start-2907|PCA1:2908-End|RT:47_nt_each,gcgacaacggtttaggtgggtacgggtccccatGTGTTTCTGCTCAAAATGTTTCTAATACCAAAGCTGTCACGGGTAAGCGGGTAGAAGGAACATCATACTCTGGTTTGAAGTTACAAGGAGGGAAtcggtattatcccggtaagtgtggactatattt
CAD2.high:Start-3339|PCA1:3340-End|RT:47_nt_each,gcgacaacggtttaggtgggtacgggtccccatAGAGACCTGTCGTTGTTTTCTGCGGTGACGGAACAAATGACGCCATAGGTTTGACTCAAGCAACGATTGGAGTTCATATCAATGAGGGAAGTGAtcggtattatcccggtaagtgtggactatattt
CAD2.high:Start-3624|PCA1:3625-End|RT:47_nt_each,gcgacaacggtttaggtgggtacgggtccccatCCGGGTTAGGTGAGTTGGTTAGTATTTTACCTGTAATTTTCGTTGCTATACTTCTGCGTTATGCAAAGATTTAGTCCAGGTACTGCTGCTATTTtcggtattatcccggtaagtgtggactatattt
CAD2.high:Start-3645|PCA1:3646-End|RT:47_nt_each,gcgacaacggtttaggtgggtacgggtccccatGTATTTTACCTGTAATTTTCGTTGCTACTCTTCTTCGATACGCAAAAATTTAGTCCAGGTACTGCTGCTATTTGATTGTAGATTTTCTTTTTTCtcggtattatcccggtaagtgtggactatattt
CAD2.high:Start-3648|PCA1:3649-End|RT:47_nt_each,gcgacaacggtttaggtgggtacgggtccccatTTTTACCTGTAATTTTCGTTGCTACTCTTCTTCGATACGCAAAAGTTTAGTCCAGGTACTGCTGCTATTTGATTGTAGATTTTCTTTTTTCTTTtcggtattatcccggtaagtgtggactatattt
CAD2.high:Start-114|PCA1:115-End|RT:55_nt_each,gcgacaacggtttaggtgggtacggCAATAGCGAAAATATATCAATAGATGCAATGCAAGATAATAGGGGCGAGTGTCATCGTAGATCCATAGAAATGCATGCTAATGACAATCTGGGATTGGTCTCCCAGCGAGatcccggtaagtgtggactatattt
CAD2.high:Start-129|PCA1:130-End|RT:55_nt_each,gcgacaacggtttaggtgggtacggATCAATAGATGCAATGCAAGATAATAGGGGCGAGTGTCATCTTAGATCTATAGAAATGCATGCTAATGACAATCTGGGATTGGTCTCCCAGCGAGACTGTACCAATCGGCatcccggtaagtgtggactatattt
CAD2.high:Start-426|PCA1:427-End|RT:55_nt_each,gcgacaacggtttaggtgggtacggCTGTTGCGGCGATGCACAAACGGGAGGGGACCACACCAATGAATCTTGTGTAGACGGATGCTGCGTTAGAGATTCTTCAGTGATGGTCGAGGAAGTTACAGGCAGCTGCGatcccggtaagtgtggactatattt
CAD2.high:Start-465|PCA1:466-End|RT:55_nt_each,gcgacaacggtttaggtgggtacggTGAATCTTGTGTAGACGAGTGTTGTGTTAGGGATTCTTCTGTTATGGTGGAAGAGGTTACAGGCAGCTGCGAAGCTGTATCTTCTAAAGAACAATTGCTGACCAGCTTTGatcccggtaagtgtggactatattt
CAD2.high:Start-627|PCA1:628-End|RT:55_nt_each,gcgacaacggtttaggtgggtacggAACAACTCGTTGCAATACCAACTCCAACCAACACACAGGTAAAGGAAGGCTTTGTATCGAATCAAGTGACTCTACACTCAAGAAAAGAAGTTGTAAAGTTAGCAGACAGAatcccggtaagtgtggactatattt
CAD2.high:Start-660|PCA1:661-End|RT:55_nt_each,gcgacaacggtttaggtgggtacggCACAGGTAAAGGAAGGCTTTGTTTGGAATCGAGTGACTCAACACTCAAGAAGAGAAGTTGTAAAGTTAGCAGACAGAAAATTGAGGTTTCCAGTAAGCCTGAGTGCTGCAatcccggtaagtgtggactatattt
CAD2.high:Start-774|PCA1:775-End|RT:55_nt_each,gcgacaacggtttaggtgggtacggTTCTTGTGTTGAACGTATTGCATCTCGTAGCTGTGAAAAGAGGACCTTTAAGGGTAGCACCAATGTTGGAATTTCTGGGAGTAGCTCTACCGACAGTTTAAGCGAGAAGTatcccggtaagtgtggactatattt
CAD2.high:Start-1032|PCA1:1033-End|RT:55_nt_each,gcgacaacggtttaggtgggtacggGAAGACAAAATACTCCTATCGCAATAGTTCTGGTTGTTTAACAAAGAAGAAGACCCATGGAGACAAAGAAAGGTTGAGCAATGACAATGGCCATGCTGATTTTGTTTGTTatcccggtaagtgtggactatattt
CAD2.high:Start-1188|PCA1:1189-End|RT:55_nt_each,gcgacaacggtttaggtgggtacggTATTTCGGGACACTCTTCTAGTGAAATATCAAGAATCGTATCTATGGAGCCAATTGAAAATCATCTTAATCTTGAGGCAGGATCTACCGGTACCGAGCACATTGTTCTTAatcccggtaagtgtggactatattt
CAD2.high:Start-1257|PCA1:1258-End|RT:55_nt_each,gcgacaacggtttaggtgggtacggCCTAGAAGCGGGCTCAACAGGTACTGAGCATATTGTGCTGAGCGTTTCAGGGATGTCCTGTACTGGTTGTGAATCAAAACTTAAGAAATCATTTGGCGCGCTCAAATGTGatcccggtaagtgtggactatattt
CAD2.high:Start-1275|PCA1:1276-End|RT:55_nt_each,gcgacaacggtttaggtgggtacggAGGTACTGAGCATATTGTGCTGAGCGTTTCAGGGATGACCTGTACTGGTTGTGAATCAAAACTTAAGAAATCATTTGGCGCGCTCAAATGTGTTCACGGTTTGAAGACCAatcccggtaagtgtggactatattt
CAD2.high:Start-1446|PCA1:1447-End|RT:55_nt_each,gcgacaacggtttaggtgggtacggGATCAAACACTTGAGCAAAACTACTGAATTCAAGTACGAACAGATTTCAAACCACGGTTCAACTATAGATGTTGTTGTTCCTTATGCAGCAAAAGATTTTATTAATGAGGatcccggtaagtgtggactatattt
CAD2.high:Start-1467|PCA1:1468-End|RT:55_nt_each,gcgacaacggtttaggtgggtacggTACTGAATTCAAGTACGAACAGATTTCAAACCACGCTTCAACGATTGATGTTGTCGTTCCTTATGCAGCAAAAGATTTTATTAATGAGGAATGGCCACAAGGTGTCACAGatcccggtaagtgtggactatattt
CAD2.high:Start-1545|PCA1:1546-End|RT:55_nt_each,gcgacaacggtttaggtgggtacggCATAAATGAGGAATGGCCACAAGGTGTTACAGAACTGAAAATTGTTGAGAGAAACATCATTCGTATTTACTTTGACCCAAAGGTTATAGGTGCCAGAGATCTTGTCAATGatcccggtaagtgtggactatattt
CAD2.high:Start-1770|PCA1:1771-End|RT:55_nt_each,gcgacaacggtttaggtgggtacggCATCCCGATTTTAGTTATGGCATGGGCCCCTCAGCTTCGAGAGAAAATTTCCACTATCTCCGCGTCAATGGTGCTAGCAACTATTATTCAATTTGTTATTGCAGGACCGTatcccggtaagtgtggactatattt
CAD2.high:Start-1773|PCA1:1774-End|RT:55_nt_each,gcgacaacggtttaggtgggtacggCCCGATTTTAGTTATGGCATGGGCCCCTCAGCTTCGAGAGAAAATTTCCACTATGTCCGCGTCAATGGTGCTAGCAACTATTATTCAATTTGTTATTGCAGGACCGTTTTatcccggtaagtgtggactatattt
CAD2.high:Start-1944|PCA1:1945-End|RT:55_nt_each,gcgacaacggtttaggtgggtacggTTTAAGCACCAGCGCCGCGTACATATTTTCAATCGTCTCATTTGGCTACTTTGTTGTTGGACGCCCGTTATCTACGGAGCAGTTTTTTGAAACCAGCTCTTTGCTTGTAAatcccggtaagtgtggactatattt
CAD2.high:Start-1947|PCA1:1948-End|RT:55_nt_each,gcgacaacggtttaggtgggtacggAAGCACCAGCGCCGCGTACATATTTTCAATCGTCTCATTTGGCTACTTTGTTGCTGGACGCCCGTTATCTACGGAGCAGTTTTTTGAAACCAGCTCTTTGCTTGTAACTCatcccggtaagtgtggactatattt
CAD2.high:Start-2127|PCA1:2128-End|RT:55_nt_each,gcgacaacggtttaggtgggtacggCTTACAAGCGTCTTCCGCTATCTTAGTCGATAAAACCGGCAAAGAAACTGAAATTAATATTAGACTTCTCCAATATGGCGATATTTTTAAGGTTTTACCTGATTCAAGAAatcccggtaagtgtggactatattt
CAD2.high:Start-2163|PCA1:2164-End|RT:55_nt_each,gcgacaacggtttaggtgggtacggCGGCAAAGAAACTGAAATTGACATTAGACTGTTACAATATGGCGATATCTTTAAGGTTTTACCTGATTCAAGAATCCCAACTGATGGAACAGTCATTTCTGGGTCTTCTGatcccggtaagtgtggactatattt
CAD2.high:Start-2505|PCA1:2506-End|RT:55_nt_each,gcgacaacggtttaggtgggtacggCATTGGCATCACTGTCGTCACTTTCTGCGTTTGGATAGCTGTGGGAATCAGGGTGGAAAAGCAATCCCGCTCCGATGCCGTAATTCAGGCCATTATATATGCCATTACGGatcccggtaagtgtggactatattt
CAD2.high:Start-2583|PCA1:2584-End|RT:55_nt_each,gcgacaacggtttaggtgggtacggTGTAATTCAGGCAATTATTTATGCTATTACAGTTCTCATAGTTTCCTGTCCCTGCGTGATTGGACTTGCCGTTCCTATCGTATTTGTTATTGCAAGTGGCGTCGCTGCGAatcccggtaagtgtggactatattt
CAD2.high:Start-2907|PCA1:2908-End|RT:55_nt_each,gcgacaacggtttaggtgggtacggAGAAAAGGGTGTTTCTGCTCAAAATGTTTCTAATACCAAAGCTGTCACGGGTAAGCGGGTAGAAGGAACATCATACTCTGGTTTGAAGTTACAAGGAGGGAACTGTCGTTatcccggtaagtgtggactatattt
CAD2.high:Start-3339|PCA1:3340-End|RT:55_nt_each,gcgacaacggtttaggtgggtacggCCAATCAAAGAGACCTGTCGTTGTTTTCTGCGGTGACGGAACAAATGACGCCATAGGTTTGACTCAAGCAACGATTGGAGTTCATATCAATGAGGGAAGTGAGGTTGCCAatcccggtaagtgtggactatattt
CAD2.high:Start-3624|PCA1:3625-End|RT:55_nt_each,gcgacaacggtttaggtgggtacggAGAGTACGCCGGGTTAGGTGAGTTGGTTAGTATTTTACCTGTAATTTTCGTTGCTATACTTCTGCGTTATGCAAAGATTTAGTCCAGGTACTGCTGCTATTTGATTGTAGatcccggtaagtgtggactatattt
CAD2.high:Start-3645|PCA1:3646-End|RT:55_nt_each,gcgacaacggtttaggtgggtacggGTTGGTTAGTATTTTACCTGTAATTTTCGTTGCTACTCTTCTTCGATACGCAAAAATTTAGTCCAGGTACTGCTGCTATTTGATTGTAGATTTTCTTTTTTCTTTTCTTTatcccggtaagtgtggactatattt
CAD2.high:Start-3648|PCA1:3649-End|RT:55_nt_each,gcgacaacggtttaggtgggtacggGGTTAGTATTTTACCTGTAATTTTCGTTGCTACTCTTCTTCGATACGCAAAAGTTTAGTCCAGGTACTGCTGCTATTTGATTGTAGATTTTCTTTTTTCTTTTCTTTTTTatcccggtaagtgtggactatattt
CAD2.high:Start-114|PCA1:115-End|RT:64_nt_each,gcgacaacggtttaggTGGCGTGGTCAATAGCGAAAATATATCAATAGATGCAATGCAAGATAATAGGGGCGAGTGTCATCGTAGATCCATAGAAATGCATGCTAATGACAATCTGGGATTGGTCTCCCAGCGAGACTGTACCAagtgtggactatattt
CAD2.high:Start-129|PCA1:130-End|RT:64_nt_each,gcgacaacggtttaggCGAAAATATATCAATAGATGCAATGCAAGATAATAGGGGCGAGTGTCATCTTAGATCTATAGAAATGCATGCTAATGACAATCTGGGATTGGTCTCCCAGCGAGACTGTACCAATCGGCCCAAAATTAagtgtggactatattt
CAD2.high:Start-426|PCA1:427-End|RT:64_nt_each,gcgacaacggtttaggTGTCGACAGCTGTTGCGGCGATGCACAAACGGGAGGGGACCACACCAATGAATCTTGTGTAGACGGATGCTGCGTTAGAGATTCTTCAGTGATGGTCGAGGAAGTTACAGGCAGCTGCGAAGCTGTATagtgtggactatattt
CAD2.high:Start-465|PCA1:466-End|RT:64_nt_each,gcgacaacggtttaggCCACACCAATGAATCTTGTGTAGACGAGTGTTGTGTTAGGGATTCTTCTGTTATGGTGGAAGAGGTTACAGGCAGCTGCGAAGCTGTATCTTCTAAAGAACAATTGCTGACCAGCTTTGAAGTTGTTCagtgtggactatattt
CAD2.high:Start-627|PCA1:628-End|RT:64_nt_each,gcgacaacggtttaggTATCAGAGAAACAACTCGTTGCAATACCAACTCCAACCAACACACAGGTAAAGGAAGGCTTTGTATCGAATCAAGTGACTCTACACTCAAGAAAAGAAGTTGTAAAGTTAGCAGACAGAAAATTGAGGagtgtggactatattt
CAD2.high:Start-660|PCA1:661-End|RT:64_nt_each,gcgacaacggtttaggCAACCAACACACAGGTAAAGGAAGGCTTTGTTTGGAATCGAGTGACTCAACACTCAAGAAGAGAAGTTGTAAAGTTAGCAGACAGAAAATTGAGGTTTCCAGTAAGCCTGAGTGCTGCAACATTTCATagtgtggactatattt
CAD2.high:Start-774|PCA1:775-End|RT:64_nt_each,gcgacaacggtttaggCTGTAACATTTCTTGTGTTGAACGTATTGCATCTCGTAGCTGTGAAAAGAGGACCTTTAAGGGTAGCACCAATGTTGGAATTTCTGGGAGTAGCTCTACCGACAGTTTAAGCGAGAAGTTCTTCAGCGagtgtggactatattt
CAD2.high:Start-1032|PCA1:1033-End|RT:64_nt_each,gcgacaacggtttaggAGCTTCTAAGAAGACAAAATACTCCTATCGCAATAGTTCTGGTTGTTTAACAAAGAAGAAGACCCATGGAGACAAAGAAAGGTTGAGCAATGACAATGGCCATGCTGATTTTGTTTGTTCTAAAAGTTagtgtggactatattt
CAD2.high:Start-1188|PCA1:1189-End|RT:64_nt_each,gcgacaacggtttaggTACCTCAACTATTTCGGGACACTCTTCTAGTGAAATATCAAGAATCGTATCTATGGAGCCAATTGAAAATCATCTTAATCTTGAGGCAGGATCTACCGGTACCGAGCACATTGTTCTTAGTGTTTCAGagtgtggactatattt
CAD2.high:Start-1257|PCA1:1258-End|RT:64_nt_each,gcgacaacggtttaggTCATCTTAACCTAGAAGCGGGCTCAACAGGTACTGAGCATATTGTGCTGAGCGTTTCAGGGATGTCCTGTACTGGTTGTGAATCAAAACTTAAGAAATCATTTGGCGCGCTCAAATGTGTTCACGGTTagtgtggactatattt
CAD2.high:Start-1275|PCA1:1276-End|RT:64_nt_each,gcgacaacggtttaggGGGCTCAACAGGTACTGAGCATATTGTGCTGAGCGTTTCAGGGATGACCTGTACTGGTTGTGAATCAAAACTTAAGAAATCATTTGGCGCGCTCAAATGTGTTCACGGTTTGAAGACCAGTTTAATATagtgtggactatattt
CAD2.high:Start-1446|PCA1:1447-End|RT:64_nt_each,gcgacaacggtttaggCAAGGATGTGATCAAACACTTGAGCAAAACTACTGAATTCAAGTACGAACAGATTTCAAACCACGGTTCAACTATAGATGTTGTTGTTCCTTATGCAGCAAAAGATTTTATTAATGAGGAATGGCCACagtgtggactatattt
CAD2.high:Start-1467|PCA1:1468-End|RT:64_nt_each,gcgacaacggtttaggGAGCAAAACTACTGAATTCAAGTACGAACAGATTTCAAACCACGCTTCAACGATTGATGTTGTCGTTCCTTATGCAGCAAAAGATTTTATTAATGAGGAATGGCCACAAGGTGTCACAGAGCTGAAAAagtgtggactatattt
CAD2.high:Start-1545|PCA1:1546-End|RT:64_nt_each,gcgacaacggtttaggAAAAGATTTCATAAATGAGGAATGGCCACAAGGTGTTACAGAACTGAAAATTGTTGAGAGAAACATCATTCGTATTTACTTTGACCCAAAGGTTATAGGTGCCAGAGATCTTGTCAATGAAGGATGGAagtgtggactatattt
CAD2.high:Start-1770|PCA1:1771-End|RT:64_nt_each,gcgacaacggtttaggAATATTAACCATCCCGATTTTAGTTATGGCATGGGCCCCTCAGCTTCGAGAGAAAATTTCCACTATCTCCGCGTCAATGGTGCTAGCAACTATTATTCAATTTGTTATTGCAGGACCGTTTTACTTAAagtgtggactatattt
CAD2.high:Start-1773|PCA1:1774-End|RT:64_nt_each,gcgacaacggtttaggATTAACCATCCCGATTTTAGTTATGGCATGGGCCCCTCAGCTTCGAGAGAAAATTTCCACTATGTCCGCGTCAATGGTGCTAGCAACTATTATTCAATTTGTTATTGCAGGACCGTTTTACTTAAATGagtgtggactatattt
CAD2.high:Start-1944|PCA1:1945-End|RT:64_nt_each,gcgacaacggtttaggACTGATCGTTTTAAGCACCAGCGCCGCGTACATATTTTCAATCGTCTCATTTGGCTACTTTGTTGTTGGACGCCCGTTATCTACGGAGCAGTTTTTTGAAACCAGCTCTTTGCTTGTAACTCTCATCAagtgtggactatattt
CAD2.high:Start-1947|PCA1:1948-End|RT:64_nt_each,gcgacaacggtttaggGATCGTTTTAAGCACCAGCGCCGCGTACATATTTTCAATCGTCTCATTTGGCTACTTTGTTGCTGGACGCCCGTTATCTACGGAGCAGTTTTTTGAAACCAGCTCTTTGCTTGTAACTCTCATCATGGagtgtggactatattt
CAD2.high:Start-2127|PCA1:2128-End|RT:64_nt_each,gcgacaacggtttaggAGTACGTTCCTTACAAGCGTCTTCCGCTATCTTAGTCGATAAAACCGGCAAAGAAACTGAAATTAATATTAGACTTCTCCAATATGGCGATATTTTTAAGGTTTTACCTGATTCAAGAATCCCAACTGagtgtggactatattt
CAD2.high:Start-2163|PCA1:2164-End|RT:64_nt_each,gcgacaacggtttaggCGATAAAACCGGCAAAGAAACTGAAATTGACATTAGACTGTTACAATATGGCGATATCTTTAAGGTTTTACCTGATTCAAGAATCCCAACTGATGGAACAGTCATTTCTGGGTCTTCTGAAGTCGACGagtgtggactatattt
CAD2.high:Start-2505|PCA1:2506-End|RT:64_nt_each,gcgacaacggtttaggTCCAACAATCATTGGCATCACTGTCGTCACTTTCTGCGTTTGGATAGCTGTGGGAATCAGGGTGGAAAAGCAATCCCGCTCCGATGCCGTAATTCAGGCCATTATATATGCCATTACGGTACTTATCGagtgtggactatattt
CAD2.high:Start-2583|PCA1:2584-End|RT:64_nt_each,gcgacaacggtttaggTTCCGACGCTGTAATTCAGGCAATTATTTATGCTATTACAGTTCTCATAGTTTCCTGTCCCTGCGTGATTGGACTTGCCGTTCCTATCGTATTTGTTATTGCAAGTGGCGTCGCTGCGAAAAGAGGGGagtgtggactatattt
CAD2.high:Start-2907|PCA1:2908-End|RT:64_nt_each,gcgacaacggtttaggTTATCTAAAAGAAAAGGGTGTTTCTGCTCAAAATGTTTCTAATACCAAAGCTGTCACGGGTAAGCGGGTAGAAGGAACATCATACTCTGGTTTGAAGTTACAAGGAGGGAACTGTCGTTGGCTTGGTCagtgtggactatattt
CAD2.high:Start-3339|PCA1:3340-End|RT:64_nt_each,gcgacaacggtttaggTAGTAGTTCCCAATCAAAGAGACCTGTCGTTGTTTTCTGCGGTGACGGAACAAATGACGCCATAGGTTTGACTCAAGCAACGATTGGAGTTCATATCAATGAGGGAAGTGAGGTTGCCAAGCTAGCTGagtgtggactatattt
CAD2.high:Start-3624|PCA1:3625-End|RT:64_nt_each,gcgacaacggtttaggTATCCCACCAGAGTACGCCGGGTTAGGTGAGTTGGTTAGTATTTTACCTGTAATTTTCGTTGCTATACTTCTGCGTTATGCAAAGATTTAGTCCAGGTACTGCTGCTATTTGATTGTAGATTTTCTTTagtgtggactatattt
CAD2.high:Start-3645|PCA1:3646-End|RT:64_nt_each,gcgacaacggtttaggGTTAGGTGAGTTGGTTAGTATTTTACCTGTAATTTTCGTTGCTACTCTTCTTCGATACGCAAAAATTTAGTCCAGGTACTGCTGCTATTTGATTGTAGATTTTCTTTTTTCTTTTCTTTTTTTTTTTTagtgtggactatattt
CAD2.high:Start-3648|PCA1:3649-End|RT:64_nt_each,gcgacaacggtttaggAGGTGAGTTGGTTAGTATTTTACCTGTAATTTTCGTTGCTACTCTTCTTCGATACGCAAAAGTTTAGTCCAGGTACTGCTGCTATTTGATTGTAGATTTTCTTTTTTCTTTTCTTTTTTTTTTTTGACagtgtggactatattt
CAD2.high:Start-114|PCA1:115-End|RT:74_nt_each,gcgacaACGGTGAGTATGGCGTGGTCAATAGCGAAAATATATCAATAGATGCAATGCAAGATAATAGGGGCGAGTGTCATCGTAGATCCATAGAAATGCATGCTAATGACAATCTGGGATTGGTCTCCCAGCGAGACTGTACCAATCGGCCCAAatattt
CAD2.high:Start-129|PCA1:130-End|RT:74_nt_each,gcgacaTGGTCAATAGCGAAAATATATCAATAGATGCAATGCAAGATAATAGGGGCGAGTGTCATCTTAGATCTATAGAAATGCATGCTAATGACAATCTGGGATTGGTCTCCCAGCGAGACTGTACCAATCGGCCCAAAATTACTCCTCAGGAatattt
CAD2.high:Start-426|PCA1:427-End|RT:74_nt_each,gcgacaCTGGTTTAGATGTCGACAGCTGTTGCGGCGATGCACAAACGGGAGGGGACCACACCAATGAATCTTGTGTAGACGGATGCTGCGTTAGAGATTCTTCAGTGATGGTCGAGGAAGTTACAGGCAGCTGCGAAGCTGTATCTTCTAAAGAatattt
CAD2.high:Start-465|PCA1:466-End|RT:74_nt_each,gcgacaCGGGAGGGGACCACACCAATGAATCTTGTGTAGACGAGTGTTGTGTTAGGGATTCTTCTGTTATGGTGGAAGAGGTTACAGGCAGCTGCGAAGCTGTATCTTCTAAAGAACAATTGCTGACCAGCTTTGAAGTTGTTCCAAGCAAATCatattt
CAD2.high:Start-627|PCA1:628-End|RT:74_nt_each,gcgacaCAATTCATGATATCAGAGAAACAACTCGTTGCAATACCAACTCCAACCAACACACAGGTAAAGGAAGGCTTTGTATCGAATCAAGTGACTCTACACTCAAGAAAAGAAGTTGTAAAGTTAGCAGACAGAAAATTGAGGTTTCCAGTAAatattt
CAD2.high:Start-660|PCA1:661-End|RT:74_nt_each,gcgacaATACCAACTCCAACCAACACACAGGTAAAGGAAGGCTTTGTTTGGAATCGAGTGACTCAACACTCAAGAAGAGAAGTTGTAAAGTTAGCAGACAGAAAATTGAGGTTTCCAGTAAGCCTGAGTGCTGCAACATTTCATGTGTTGAGCGatattt
CAD2.high:Start-774|PCA1:775-End|RT:74_nt_each,gcgacaAACCTGAATGCTGTAACATTTCTTGTGTTGAACGTATTGCATCTCGTAGCTGTGAAAAGAGGACCTTTAAGGGTAGCACCAATGTTGGAATTTCTGGGAGTAGCTCTACCGACAGTTTAAGCGAGAAGTTCTTCAGCGAACAGTACTCatattt
CAD2.high:Start-1032|PCA1:1033-End|RT:74_nt_each,gcgacaGCGGGGAGGGAGCTTCTAAGAAGACAAAATACTCCTATCGCAATAGTTCTGGTTGTTTAACAAAGAAGAAGACCCATGGAGACAAAGAAAGGTTGAGCAATGACAATGGCCATGCTGATTTTGTTTGTTCTAAAAGTTGTTGCACTAAatattt
CAD2.high:Start-1188|PCA1:1189-End|RT:74_nt_each,gcgacaACTGTGCTGTTACCTCAACTATTTCGGGACACTCTTCTAGTGAAATATCAAGAATCGTATCTATGGAGCCAATTGAAAATCATCTTAATCTTGAGGCAGGATCTACCGGTACCGAGCACATTGTTCTTAGTGTTTCAGGAATGTCCTGatattt
CAD2.high:Start-1257|PCA1:1258-End|RT:74_nt_each,gcgacaCAATTGGAAATCATCTTAACCTAGAAGCGGGCTCAACAGGTACTGAGCATATTGTGCTGAGCGTTTCAGGGATGTCCTGTACTGGTTGTGAATCAAAACTTAAGAAATCATTTGGCGCGCTCAAATGTGTTCACGGTTTGAAGACCAGatattt
CAD2.high:Start-1275|PCA1:1276-End|RT:74_nt_each,gcgacaACCTAGAAGCGGGCTCAACAGGTACTGAGCATATTGTGCTGAGCGTTTCAGGGATGACCTGTACTGGTTGTGAATCAAAACTTAAGAAATCATTTGGCGCGCTCAAATGTGTTCACGGTTTGAAGACCAGTTTAATATTATCGCAAGCatattt
CAD2.high:Start-1446|PCA1:1447-End|RT:74_nt_each,gcgacaAAGGCTCTGTCAAGGATGTGATCAAACACTTGAGCAAAACTACTGAATTCAAGTACGAACAGATTTCAAACCACGGTTCAACTATAGATGTTGTTGTTCCTTATGCAGCAAAAGATTTTATTAATGAGGAATGGCCACAAGGTGTCACatattt
CAD2.high:Start-1467|PCA1:1468-End|RT:74_nt_each,gcgacaTCAAACACTTGAGCAAAACTACTGAATTCAAGTACGAACAGATTTCAAACCACGCTTCAACGATTGATGTTGTCGTTCCTTATGCAGCAAAAGATTTTATTAATGAGGAATGGCCACAAGGTGTCACAGAGCTGAAAATTGTTGAGAGatattt
CAD2.high:Start-1545|PCA1:1546-End|RT:74_nt_each,gcgacaCATACGCAGCAAAAGATTTCATAAATGAGGAATGGCCACAAGGTGTTACAGAACTGAAAATTGTTGAGAGAAACATCATTCGTATTTACTTTGACCCAAAGGTTATAGGTGCCAGAGATCTTGTCAATGAAGGATGGAGCGTGCCTGTatattt
CAD2.high:Start-1770|PCA1:1771-End|RT:74_nt_each,gcgacaCTTTGTCTATAATATTAACCATCCCGATTTTAGTTATGGCATGGGCCCCTCAGCTTCGAGAGAAAATTTCCACTATCTCCGCGTCAATGGTGCTAGCAACTATTATTCAATTTGTTATTGCAGGACCGTTTTACTTAAATGCCTTGAAatattt
CAD2.high:Start-1773|PCA1:1774-End|RT:74_nt_each,gcgacaTGTCTATAATATTAACCATCCCGATTTTAGTTATGGCATGGGCCCCTCAGCTTCGAGAGAAAATTTCCACTATGTCCGCGTCAATGGTGCTAGCAACTATTATTCAATTTGTTATTGCAGGACCGTTTTACTTAAATGCCTTGAAGAGatattt
CAD2.high:Start-1944|PCA1:1945-End|RT:74_nt_each,gcgacaAAATGGATTTACTGATCGTTTTAAGCACCAGCGCCGCGTACATATTTTCAATCGTCTCATTTGGCTACTTTGTTGTTGGACGCCCGTTATCTACGGAGCAGTTTTTTGAAACCAGCTCTTTGCTTGTAACTCTCATCATGGTTGGTCGatattt
CAD2.high:Start-1947|PCA1:1948-End|RT:74_nt_each,gcgacaTGGATTTACTGATCGTTTTAAGCACCAGCGCCGCGTACATATTTTCAATCGTCTCATTTGGCTACTTTGTTGCTGGACGCCCGTTATCTACGGAGCAGTTTTTTGAAACCAGCTCTTTGCTTGTAACTCTCATCATGGTTGGTCGCTTatattt
CAD2.high:Start-2127|PCA1:2128-End|RT:74_nt_each,gcgacaAGTCTATTTCAGTACGTTCCTTACAAGCGTCTTCCGCTATCTTAGTCGATAAAACCGGCAAAGAAACTGAAATTAATATTAGACTTCTCCAATATGGCGATATTTTTAAGGTTTTACCTGATTCAAGAATCCCAACTGATGGAACAGTatattt
CAD2.high:Start-2163|PCA1:2164-End|RT:74_nt_each,gcgacaCTATCTTAGTCGATAAAACCGGCAAAGAAACTGAAATTGACATTAGACTGTTACAATATGGCGATATCTTTAAGGTTTTACCTGATTCAAGAATCCCAACTGATGGAACAGTCATTTCTGGGTCTTCTGAAGTCGACGAAGCGTTAATatattt
CAD2.high:Start-2505|PCA1:2506-End|RT:74_nt_each,gcgacaGTTATTTCGTTCCAACAATCATTGGCATCACTGTCGTCACTTTCTGCGTTTGGATAGCTGTGGGAATCAGGGTGGAAAAGCAATCCCGCTCCGATGCCGTAATTCAGGCCATTATATATGCCATTACGGTACTTATCGTTTCGTGTCCatattt
CAD2.high:Start-2583|PCA1:2584-End|RT:74_nt_each,gcgacaAGCAATCACGTTCCGACGCTGTAATTCAGGCAATTATTTATGCTATTACAGTTCTCATAGTTTCCTGTCCCTGCGTGATTGGACTTGCCGTTCCTATCGTATTTGTTATTGCAAGTGGCGTCGCTGCGAAAAGAGGGGTAATCTTCAAatattt
CAD2.high:Start-2907|PCA1:2908-End|RT:74_nt_each,gcgacaCAATTGCATCTTATCTAAAAGAAAAGGGTGTTTCTGCTCAAAATGTTTCTAATACCAAAGCTGTCACGGGTAAGCGGGTAGAAGGAACATCATACTCTGGTTTGAAGTTACAAGGAGGGAACTGTCGTTGGCTTGGTCATAACAATGAatattt
CAD2.high:Start-3339|PCA1:3340-End|RT:74_nt_each,gcgacaGAAATTGCGATAGTAGTTCCCAATCAAAGAGACCTGTCGTTGTTTTCTGCGGTGACGGAACAAATGACGCCATAGGTTTGACTCAAGCAACGATTGGAGTTCATATCAATGAGGGAAGTGAGGTTGCCAAGCTAGCTGCTGATGTAGTatattt
CAD2.high:Start-3624|PCA1:3625-End|RT:74_nt_each,gcgacaTTGATTTTCATATCCCACCAGAGTACGCCGGGTTAGGTGAGTTGGTTAGTATTTTACCTGTAATTTTCGTTGCTATACTTCTGCGTTATGCAAAGATTTAGTCCAGGTACTGCTGCTATTTGATTGTAGATTTTCTTTTTTCTTTTCTatattt
CAD2.high:Start-3645|PCA1:3646-End|RT:74_nt_each,gcgacaAGTACGCCGGGTTAGGTGAGTTGGTTAGTATTTTACCTGTAATTTTCGTTGCTACTCTTCTTCGATACGCAAAAATTTAGTCCAGGTACTGCTGCTATTTGATTGTAGATTTTCTTTTTTCTTTTCTTTTTTTTTTTTGACGACTCTGatattt
CAD2.high:Start-3648|PCA1:3649-End|RT:74_nt_each,gcgacaACGCCGGGTTAGGTGAGTTGGTTAGTATTTTACCTGTAATTTTCGTTGCTACTCTTCTTCGATACGCAAAAGTTTAGTCCAGGTACTGCTGCTATTTGATTGTAGATTTTCTTTTTTCTTTTCTTTTTTTTTTTTGACGACTCTGTAAatattt
CAD2.high:Start-114|PCA1:115-End|RT:80_nt_each,CAAGCGACGGTGAGTATGGCGTGGTCAATAGCGAAAATATATCAATAGATGCAATGCAAGATAATAGGGGCGAGTGTCATCGTAGATCCATAGAAATGCATGCTAATGACAATCTGGGATTGGTCTCCCAGCGAGACTGTACCAATCGGCCCAAAATTAC
CAD2.high:Start-129|PCA1:130-End|RT:80_nt_each,ATGGCGTGGTCAATAGCGAAAATATATCAATAGATGCAATGCAAGATAATAGGGGCGAGTGTCATCTTAGATCTATAGAAATGCATGCTAATGACAATCTGGGATTGGTCTCCCAGCGAGACTGTACCAATCGGCCCAAAATTACTCCTCAGGAATGTTT
CAD2.high:Start-426|PCA1:427-End|RT:80_nt_each,CTGAAACTGGTTTAGATGTCGACAGCTGTTGCGGCGATGCACAAACGGGAGGGGACCACACCAATGAATCTTGTGTAGACGGATGCTGCGTTAGAGATTCTTCAGTGATGGTCGAGGAAGTTACAGGCAGCTGCGAAGCTGTATCTTCTAAAGAACAATT
CAD2.high:Start-465|PCA1:466-End|RT:80_nt_each,CACAAACGGGAGGGGACCACACCAATGAATCTTGTGTAGACGAGTGTTGTGTTAGGGATTCTTCTGTTATGGTGGAAGAGGTTACAGGCAGCTGCGAAGCTGTATCTTCTAAAGAACAATTGCTGACCAGCTTTGAAGTTGTTCCAAGCAAATCTGAAGG
CAD2.high:Start-627|PCA1:628-End|RT:80_nt_each,TGCAATCAATTCATGATATCAGAGAAACAACTCGTTGCAATACCAACTCCAACCAACACACAGGTAAAGGAAGGCTTTGTATCGAATCAAGTGACTCTACACTCAAGAAAAGAAGTTGTAAAGTTAGCAGACAGAAAATTGAGGTTTCCAGTAAGCCTGA
CAD2.high:Start-660|PCA1:661-End|RT:80_nt_each,GTTGCAATACCAACTCCAACCAACACACAGGTAAAGGAAGGCTTTGTTTGGAATCGAGTGACTCAACACTCAAGAAGAGAAGTTGTAAAGTTAGCAGACAGAAAATTGAGGTTTCCAGTAAGCCTGAGTGCTGCAACATTTCATGTGTTGAGCGGATTGC
CAD2.high:Start-774|PCA1:775-End|RT:80_nt_each,CAAGTAAACCTGAATGCTGTAACATTTCTTGTGTTGAACGTATTGCATCTCGTAGCTGTGAAAAGAGGACCTTTAAGGGTAGCACCAATGTTGGAATTTCTGGGAGTAGCTCTACCGACAGTTTAAGCGAGAAGTTCTTCAGCGAACAGTACTCTAGAAT
CAD2.high:Start-1032|PCA1:1033-End|RT:80_nt_each,TCTGCAGCGGGGAGGGAGCTTCTAAGAAGACAAAATACTCCTATCGCAATAGTTCTGGTTGTTTAACAAAGAAGAAGACCCATGGAGACAAAGAAAGGTTGAGCAATGACAATGGCCATGCTGATTTTGTTTGTTCTAAAAGTTGTTGCACTAAAATGAA
CAD2.high:Start-1188|PCA1:1189-End|RT:80_nt_each,TGAAGGACTGTGCTGTTACCTCAACTATTTCGGGACACTCTTCTAGTGAAATATCAAGAATCGTATCTATGGAGCCAATTGAAAATCATCTTAATCTTGAGGCAGGATCTACCGGTACCGAGCACATTGTTCTTAGTGTTTCAGGAATGTCCTGTACTGG
CAD2.high:Start-1257|PCA1:1258-End|RT:80_nt_each,TGGAGCCAATTGGAAATCATCTTAACCTAGAAGCGGGCTCAACAGGTACTGAGCATATTGTGCTGAGCGTTTCAGGGATGTCCTGTACTGGTTGTGAATCAAAACTTAAGAAATCATTTGGCGCGCTCAAATGTGTTCACGGTTTGAAGACCAGTTTAAT
CAD2.high:Start-1275|PCA1:1276-End|RT:80_nt_each,ATCTTAACCTAGAAGCGGGCTCAACAGGTACTGAGCATATTGTGCTGAGCGTTTCAGGGATGACCTGTACTGGTTGTGAATCAAAACTTAAGAAATCATTTGGCGCGCTCAAATGTGTTCACGGTTTGAAGACCAGTTTAATATTATCGCAAGCTGAATT
CAD2.high:Start-1446|PCA1:1447-End|RT:80_nt_each,TTGCTCAAGGCTCTGTCAAGGATGTGATCAAACACTTGAGCAAAACTACTGAATTCAAGTACGAACAGATTTCAAACCACGGTTCAACTATAGATGTTGTTGTTCCTTATGCAGCAAAAGATTTTATTAATGAGGAATGGCCACAAGGTGTCACAGAGCT
CAD2.high:Start-1467|PCA1:1468-End|RT:80_nt_each,ATGTGATCAAACACTTGAGCAAAACTACTGAATTCAAGTACGAACAGATTTCAAACCACGCTTCAACGATTGATGTTGTCGTTCCTTATGCAGCAAAAGATTTTATTAATGAGGAATGGCCACAAGGTGTCACAGAGCTGAAAATTGTTGAGAGAAATAT
CAD2.high:Start-1545|PCA1:1546-End|RT:80_nt_each,TCGCCCCATACGCAGCAAAAGATTTCATAAATGAGGAATGGCCACAAGGTGTTACAGAACTGAAAATTGTTGAGAGAAACATCATTCGTATTTACTTTGACCCAAAGGTTATAGGTGCCAGAGATCTTGTCAATGAAGGATGGAGCGTGCCTGTTAGTAT
CAD2.high:Start-1770|PCA1:1771-End|RT:80_nt_each,CGACCGCTTTGTCTATAATATTAACCATCCCGATTTTAGTTATGGCATGGGCCCCTCAGCTTCGAGAGAAAATTTCCACTATCTCCGCGTCAATGGTGCTAGCAACTATTATTCAATTTGTTATTGCAGGACCGTTTTACTTAAATGCCTTGAAGAGTTT
CAD2.high:Start-1773|PCA1:1774-End|RT:80_nt_each,CCGCTTTGTCTATAATATTAACCATCCCGATTTTAGTTATGGCATGGGCCCCTCAGCTTCGAGAGAAAATTTCCACTATGTCCGCGTCAATGGTGCTAGCAACTATTATTCAATTTGTTATTGCAGGACCGTTTTACTTAAATGCCTTGAAGAGTTTGAT
CAD2.high:Start-1944|PCA1:1945-End|RT:80_nt_each,TAATTGAAATGGATTTACTGATCGTTTTAAGCACCAGCGCCGCGTACATATTTTCAATCGTCTCATTTGGCTACTTTGTTGTTGGACGCCCGTTATCTACGGAGCAGTTTTTTGAAACCAGCTCTTTGCTTGTAACTCTCATCATGGTTGGTCGCTTTGT
CAD2.high:Start-1947|PCA1:1948-End|RT:80_nt_each,TTGAAATGGATTTACTGATCGTTTTAAGCACCAGCGCCGCGTACATATTTTCAATCGTCTCATTTGGCTACTTTGTTGCTGGACGCCCGTTATCTACGGAGCAGTTTTTTGAAACCAGCTCTTTGCTTGTAACTCTCATCATGGTTGGTCGCTTTGTGAG
CAD2.high:Start-2127|PCA1:2128-End|RT:80_nt_each,CTGTCAAGTCTATTTCAGTACGTTCCTTACAAGCGTCTTCCGCTATCTTAGTCGATAAAACCGGCAAAGAAACTGAAATTAATATTAGACTTCTCCAATATGGCGATATTTTTAAGGTTTTACCTGATTCAAGAATCCCAACTGATGGAACAGTCATTTC
CAD2.high:Start-2163|PCA1:2164-End|RT:80_nt_each,CTTCCGCTATCTTAGTCGATAAAACCGGCAAAGAAACTGAAATTGACATTAGACTGTTACAATATGGCGATATCTTTAAGGTTTTACCTGATTCAAGAATCCCAACTGATGGAACAGTCATTTCTGGGTCTTCTGAAGTCGACGAAGCGTTAATCACAGG
CAD2.high:Start-2505|PCA1:2506-End|RT:80_nt_each,TTGCAAGTTATTTCGTTCCAACAATCATTGGCATCACTGTCGTCACTTTCTGCGTTTGGATAGCTGTGGGAATCAGGGTGGAAAAGCAATCCCGCTCCGATGCCGTAATTCAGGCCATTATATATGCCATTACGGTACTTATCGTTTCGTGTCCCTGCGT
CAD2.high:Start-2583|PCA1:2584-End|RT:80_nt_each,TGCAGAAGCAATCACGTTCCGACGCTGTAATTCAGGCAATTATTTATGCTATTACAGTTCTCATAGTTTCCTGTCCCTGCGTGATTGGACTTGCCGTTCCTATCGTATTTGTTATTGCAAGTGGCGTCGCTGCGAAAAGAGGGGTAATCTTCAAATCAGC
CAD2.high:Start-2907|PCA1:2908-End|RT:80_nt_each,CAATGGCAATTGCATCTTATCTAAAAGAAAAGGGTGTTTCTGCTCAAAATGTTTCTAATACCAAAGCTGTCACGGGTAAGCGGGTAGAAGGAACATCATACTCTGGTTTGAAGTTACAAGGAGGGAACTGTCGTTGGCTTGGTCATAACAATGATCCTGA
CAD2.high:Start-3339|PCA1:3340-End|RT:80_nt_each,AAGGAAGAAATTGCGATAGTAGTTCCCAATCAAAGAGACCTGTCGTTGTTTTCTGCGGTGACGGAACAAATGACGCCATAGGTTTGACTCAAGCAACGATTGGAGTTCATATCAATGAGGGAAGTGAGGTTGCCAAGCTAGCTGCTGATGTAGTTATGTT
CAD2.high:Start-3624|PCA1:3625-End|RT:80_nt_each,CTTTTGTTGATTTTCATATCCCACCAGAGTACGCCGGGTTAGGTGAGTTGGTTAGTATTTTACCTGTAATTTTCGTTGCTATACTTCTGCGTTATGCAAAGATTTAGTCCAGGTACTGCTGCTATTTGATTGTAGATTTTCTTTTTTCTTTTCTTTTTTT
CAD2.high:Start-3645|PCA1:3646-End|RT:80_nt_each,CACCAGAGTACGCCGGGTTAGGTGAGTTGGTTAGTATTTTACCTGTAATTTTCGTTGCTACTCTTCTTCGATACGCAAAAATTTAGTCCAGGTACTGCTGCTATTTGATTGTAGATTTTCTTTTTTCTTTTCTTTTTTTTTTTTGACGACTCTGTAATAC
CAD2.high:Start-3648|PCA1:3649-End|RT:80_nt_each,CAGAGTACGCCGGGTTAGGTGAGTTGGTTAGTATTTTACCTGTAATTTTCGTTGCTACTCTTCTTCGATACGCAAAAGTTTAGTCCAGGTACTGCTGCTATTTGATTGTAGATTTTCTTTTTTCTTTTCTTTTTTTTTTTTGACGACTCTGTAATACTCT