>CAD2.low:Start-114|PCA1:115-End|RT:20_nt_each CAGCGGCGGGTTTCAgcgacaacggtttaggtgggtacgggtccccattccttatatagaaatggcatgttagatACAATCGGGGTGAATGTCATCGTAGATCCATAGAAATGCAtagctaagcgcagggacttcccgaatctcggtattatcccggtaagtgtggactatatttCTGGGTGGAAGCGGG
CAD2.low:Start-129|PCA1:130-End|RT:20_nt_each CAGCGGCGGGTTTCAgcgacaacggtttaggtgggtacgggtccccattccttatatagaaatggcatgttagatGTCATCTGCGGTCAATCGAGATGCATGCTAATGACAATCTtagctaagcgcagggacttcccgaatctcggtattatcccggtaagtgtggactatatttCTGGGTGGAAGCGGG
CAD2.low:Start-426|PCA1:427-End|RT:20_nt_each CAGCGGCGGGTTTCAgcgacaacggtttaggtgggtacgggtccccattccttatatagaaatggcatgttagatCTAACGAGTCGTGTGTGGACGGATGCTGCGTTAGAGATTCtagctaagcgcagggacttcccgaatctcggtattatcccggtaagtgtggactatatttCTGGGTGGAAGCGGG
CAD2.low:Start-465|PCA1:466-End|RT:20_nt_each CAGCGGCGGGTTTCAgcgacaacggtttaggtgggtacgggtccccattccttatatagaaatggcatgttagatCTAGTGTAATGGTAGAAGAGGTTACAGGCAGCTGCGAAGCtagctaagcgcagggacttcccgaatctcggtattatcccggtaagtgtggactatatttCTGGGTGGAAGCGGG
CAD2.low:Start-627|PCA1:628-End|RT:20_nt_each CAGCGGCGGGTTTCAgcgacaacggtttaggtgggtacgggtccccattccttatatagaaatggcatgttagatCAGGTAAAGGAAGATTGTGTATCGAATCAAGTGACTCTACtagctaagcgcagggacttcccgaatctcggtattatcccggtaagtgtggactatatttCTGGGTGGAAGCGGG
CAD2.low:Start-660|PCA1:661-End|RT:20_nt_each CAGCGGCGGGTTTCAgcgacaacggtttaggtgggtacgggtccccattccttatatagaaatggcatgttagatATAGCACTTTAAAGAAAAGAAGTTGTAAAGTTAGCAGACAtagctaagcgcagggacttcccgaatctcggtattatcccggtaagtgtggactatatttCTGGGTGGAAGCGGG
CAD2.low:Start-774|PCA1:775-End|RT:20_nt_each CAGCGGCGGGTTTCAgcgacaacggtttaggtgggtacgggtccccattccttatatagaaatggcatgttagatAGAAAAGAACGTTCAAGGGAAGCACCAATGTTGGAATTTCtagctaagcgcagggacttcccgaatctcggtattatcccggtaagtgtggactatatttCTGGGTGGAAGCGGG
CAD2.low:Start-1032|PCA1:1033-End|RT:20_nt_each CAGCGGCGGGTTTCAgcgacaacggtttaggtgggtacgggtccccattccttatatagaaatggcatgttagatGTCTGACCAAGAAGAAAACTCATGGAGACAAAGAAAGGTTtagctaagcgcagggacttcccgaatctcggtattatcccggtaagtgtggactatatttCTGGGTGGAAGCGGG
CAD2.low:Start-1188|PCA1:1189-End|RT:20_nt_each CAGCGGCGGGTTTCAgcgacaacggtttaggtgggtacgggtccccattccttatatagaaatggcatgttagatTTGTCAGTATGGAGCCGATCGAAAATCATCTTAATCTTGAtagctaagcgcagggacttcccgaatctcggtattatcccggtaagtgtggactatatttCTGGGTGGAAGCGGG
CAD2.low:Start-1257|PCA1:1258-End|RT:20_nt_each CAGCGGCGGGTTTCAgcgacaacggtttaggtgggtacgggtccccattccttatatagaaatggcatgttagatTGTTGTCAGTAAGTGGAATGTCCTGTACTGGTTGTGAATCtagctaagcgcagggacttcccgaatctcggtattatcccggtaagtgtggactatatttCTGGGTGGAAGCGGG
CAD2.low:Start-1275|PCA1:1276-End|RT:20_nt_each CAGCGGCGGGTTTCAgcgacaacggtttaggtgggtacgggtccccattccttatatagaaatggcatgttagatTGACCTGTACTGGATGCGAGTCAAAACTTAAGAAATCATTtagctaagcgcagggacttcccgaatctcggtattatcccggtaagtgtggactatatttCTGGGTGGAAGCGGG
CAD2.low:Start-1446|PCA1:1447-End|RT:20_nt_each CAGCGGCGGGTTTCAgcgacaacggtttaggtgggtacgggtccccattccttatatagaaatggcatgttagatATGAGCAAATCAGCAACCACGGTTCAACTATAGATGTTGTtagctaagcgcagggacttcccgaatctcggtattatcccggtaagtgtggactatatttCTGGGTGGAAGCGGG
CAD2.low:Start-1467|PCA1:1468-End|RT:20_nt_each CAGCGGCGGGTTTCAgcgacaacggtttaggtgggtacgggtccccattccttatatagaaatggcatgttagatCCTCTACAATTGATGTGGTGGTTCCTTATGCAGCAAAAGAtagctaagcgcagggacttcccgaatctcggtattatcccggtaagtgtggactatatttCTGGGTGGAAGCGGG
CAD2.low:Start-1545|PCA1:1546-End|RT:20_nt_each CAGCGGCGGGTTTCAgcgacaacggtttaggtgggtacgggtccccattccttatatagaaatggcatgttagatTGAAGATCGTCGAACGCAACATCATTCGTATTTACTTTGAtagctaagcgcagggacttcccgaatctcggtattatcccggtaagtgtggactatatttCTGGGTGGAAGCGGG
CAD2.low:Start-1770|PCA1:1771-End|RT:20_nt_each CAGCGGCGGGTTTCAgcgacaacggtttaggtgggtacgggtccccattccttatatagaaatggcatgttagatTGAGAGAGAAGATCTCAACAATCTCCGCGTCAATGGTGCTtagctaagcgcagggacttcccgaatctcggtattatcccggtaagtgtggactatatttCTGGGTGGAAGCGGG
CAD2.low:Start-1773|PCA1:1774-End|RT:20_nt_each CAGCGGCGGGTTTCAgcgacaacggtttaggtgggtacgggtccccattccttatatagaaatggcatgttagatGAGAGAAGATCTCAACAATGTCCGCGTCAATGGTGCTAGCtagctaagcgcagggacttcccgaatctcggtattatcccggtaagtgtggactatatttCTGGGTGGAAGCGGG
CAD2.low:Start-1944|PCA1:1945-End|RT:20_nt_each CAGCGGCGGGTTTCAgcgacaacggtttaggtgggtacgggtccccattccttatatagaaatggcatgttagatTGAGTTTTGGTTACTTTGTAGTTGGACGCCCGTTATCTACtagctaagcgcagggacttcccgaatctcggtattatcccggtaagtgtggactatatttCTGGGTGGAAGCGGG
CAD2.low:Start-1947|PCA1:1948-End|RT:20_nt_each CAGCGGCGGGTTTCAgcgacaacggtttaggtgggtacgggtccccattccttatatagaaatggcatgttagatGTTTTGGTTACTTTGTAGCCGGACGCCCGTTATCTACGGAtagctaagcgcagggacttcccgaatctcggtattatcccggtaagtgtggactatatttCTGGGTGGAAGCGGG
CAD2.low:Start-2127|PCA1:2128-End|RT:20_nt_each CAGCGGCGGGTTTCAgcgacaacggtttaggtgggtacgggtccccattccttatatagaaatggcatgttagatCAGGGAAGGAAACTGAGATAAATATTAGACTTCTCCAATAtagctaagcgcagggacttcccgaatctcggtattatcccggtaagtgtggactatatttCTGGGTGGAAGCGGG
CAD2.low:Start-2163|PCA1:2164-End|RT:20_nt_each CAGCGGCGGGTTTCAgcgacaacggtttaggtgggtacgggtccccattccttatatagaaatggcatgttagatAGTACGGCGATATTTTCAAAGTTTTACCTGATTCAAGAATtagctaagcgcagggacttcccgaatctcggtattatcccggtaagtgtggactatatttCTGGGTGGAAGCGGG
CAD2.low:Start-2505|PCA1:2506-End|RT:20_nt_each CAGCGGCGGGTTTCAgcgacaacggtttaggtgggtacgggtccccattccttatatagaaatggcatgttagatTTGCTGTGGGGATTAGGGTCGAAAAGCAATCCCGCTCCGAtagctaagcgcagggacttcccgaatctcggtattatcccggtaagtgtggactatatttCTGGGTGGAAGCGGG
CAD2.low:Start-2583|PCA1:2584-End|RT:20_nt_each CAGCGGCGGGTTTCAgcgacaacggtttaggtgggtacgggtccccattccttatatagaaatggcatgttagatTAATTGTCAGTTGCCCATGCGTGATTGGACTTGCCGTTCCtagctaagcgcagggacttcccgaatctcggtattatcccggtaagtgtggactatatttCTGGGTGGAAGCGGG
CAD2.low:Start-2907|PCA1:2908-End|RT:20_nt_each CAGCGGCGGGTTTCAgcgacaacggtttaggtgggtacgggtccccattccttatatagaaatggcatgttagatCCAAGGCAGTTACAGGGAAACGGGTAGAAGGAACATCATAtagctaagcgcagggacttcccgaatctcggtattatcccggtaagtgtggactatatttCTGGGTGGAAGCGGG
CAD2.low:Start-3339|PCA1:3340-End|RT:20_nt_each CAGCGGCGGGTTTCAgcgacaacggtttaggtgggtacgggtccccattccttatatagaaatggcatgttagatATGGTACCAATGATGCTATTGGTTTGACTCAAGCAACGATtagctaagcgcagggacttcccgaatctcggtattatcccggtaagtgtggactatatttCTGGGTGGAAGCGGG
CAD2.low:Start-3624|PCA1:3625-End|RT:20_nt_each CAGCGGCGGGTTTCAgcgacaacggtttaggtgggtacgggtccccattccttatatagaaatggcatgttagatTGCCAGTTATCTTCGTTGCTATACTTCTGCGTTATGCAAAtagctaagcgcagggacttcccgaatctcggtattatcccggtaagtgtggactatatttCTGGGTGGAAGCGGG
CAD2.low:Start-3645|PCA1:3646-End|RT:20_nt_each CAGCGGCGGGTTTCAgcgacaacggtttaggtgggtacgggtccccattccttatatagaaatggcatgttagatCTTTGTTGAGATACGCTAAGATTTAGTCCAGGTACTGCTGtagctaagcgcagggacttcccgaatctcggtattatcccggtaagtgtggactatatttCTGGGTGGAAGCGGG
CAD2.low:Start-3648|PCA1:3649-End|RT:20_nt_each CAGCGGCGGGTTTCAgcgacaacggtttaggtgggtacgggtccccattccttatatagaaatggcatgttagatTGTTGAGATACGCTAAGGTATAGTCCAGGTACTGCTGCTAtagctaagcgcagggacttcccgaatctcggtattatcccggtaagtgtggactatatttCTGGGTGGAAGCGGG
CAD2.low:Start-114|PCA1:115-End|RT:22_nt_each CAGCGGCGGGTTTCAgcgacaacggtttaggtgggtacgggtccccattccttatatagaaatggcatgttagAGACAATCGGGGTGAATGTCATCGTAGATCCATAGAAATGCATGgctaagcgcagggacttcccgaatctcggtattatcccggtaagtgtggactatatttCTGGGTGGAAGCGGG
CAD2.low:Start-129|PCA1:130-End|RT:22_nt_each CAGCGGCGGGTTTCAgcgacaacggtttaggtgggtacgggtccccattccttatatagaaatggcatgttagATGTCATCTGCGGTCAATCGAGATGCATGCTAATGACAATCTGGgctaagcgcagggacttcccgaatctcggtattatcccggtaagtgtggactatatttCTGGGTGGAAGCGGG
CAD2.low:Start-426|PCA1:427-End|RT:22_nt_each CAGCGGCGGGTTTCAgcgacaacggtttaggtgggtacgggtccccattccttatatagaaatggcatgttagTACTAACGAGTCGTGTGTGGACGGATGCTGCGTTAGAGATTCTTgctaagcgcagggacttcccgaatctcggtattatcccggtaagtgtggactatatttCTGGGTGGAAGCGGG
CAD2.low:Start-465|PCA1:466-End|RT:22_nt_each CAGCGGCGGGTTTCAgcgacaacggtttaggtgggtacgggtccccattccttatatagaaatggcatgttagTTCTAGTGTAATGGTAGAAGAGGTTACAGGCAGCTGCGAAGCTGgctaagcgcagggacttcccgaatctcggtattatcccggtaagtgtggactatatttCTGGGTGGAAGCGGG
CAD2.low:Start-627|PCA1:628-End|RT:22_nt_each CAGCGGCGGGTTTCAgcgacaacggtttaggtgggtacgggtccccattccttatatagaaatggcatgttagTACAGGTAAAGGAAGATTGTGTATCGAATCAAGTGACTCTACACgctaagcgcagggacttcccgaatctcggtattatcccggtaagtgtggactatatttCTGGGTGGAAGCGGG
CAD2.low:Start-660|PCA1:661-End|RT:22_nt_each CAGCGGCGGGTTTCAgcgacaacggtttaggtgggtacgggtccccattccttatatagaaatggcatgttagTGATAGCACTTTAAAGAAAAGAAGTTGTAAAGTTAGCAGACAGAgctaagcgcagggacttcccgaatctcggtattatcccggtaagtgtggactatatttCTGGGTGGAAGCGGG
CAD2.low:Start-774|PCA1:775-End|RT:22_nt_each CAGCGGCGGGTTTCAgcgacaacggtttaggtgggtacgggtccccattccttatatagaaatggcatgttagTGAGAAAAGAACGTTCAAGGGAAGCACCAATGTTGGAATTTCTGgctaagcgcagggacttcccgaatctcggtattatcccggtaagtgtggactatatttCTGGGTGGAAGCGGG
CAD2.low:Start-1032|PCA1:1033-End|RT:22_nt_each CAGCGGCGGGTTTCAgcgacaacggtttaggtgggtacgggtccccattccttatatagaaatggcatgttagTTGTCTGACCAAGAAGAAAACTCATGGAGACAAAGAAAGGTTGAgctaagcgcagggacttcccgaatctcggtattatcccggtaagtgtggactatatttCTGGGTGGAAGCGGG
CAD2.low:Start-1188|PCA1:1189-End|RT:22_nt_each CAGCGGCGGGTTTCAgcgacaacggtttaggtgggtacgggtccccattccttatatagaaatggcatgttagGATTGTCAGTATGGAGCCGATCGAAAATCATCTTAATCTTGAGGgctaagcgcagggacttcccgaatctcggtattatcccggtaagtgtggactatatttCTGGGTGGAAGCGGG
CAD2.low:Start-1257|PCA1:1258-End|RT:22_nt_each CAGCGGCGGGTTTCAgcgacaacggtttaggtgggtacgggtccccattccttatatagaaatggcatgttagAGTGTTGTCAGTAAGTGGAATGTCCTGTACTGGTTGTGAATCAAgctaagcgcagggacttcccgaatctcggtattatcccggtaagtgtggactatatttCTGGGTGGAAGCGGG
CAD2.low:Start-1275|PCA1:1276-End|RT:22_nt_each CAGCGGCGGGTTTCAgcgacaacggtttaggtgggtacgggtccccattccttatatagaaatggcatgttagAATGACCTGTACTGGATGCGAGTCAAAACTTAAGAAATCATTTGgctaagcgcagggacttcccgaatctcggtattatcccggtaagtgtggactatatttCTGGGTGGAAGCGGG
CAD2.low:Start-1446|PCA1:1447-End|RT:22_nt_each CAGCGGCGGGTTTCAgcgacaacggtttaggtgggtacgggtccccattccttatatagaaatggcatgttagATATGAGCAAATCAGCAACCACGGTTCAACTATAGATGTTGTTGgctaagcgcagggacttcccgaatctcggtattatcccggtaagtgtggactatatttCTGGGTGGAAGCGGG
CAD2.low:Start-1467|PCA1:1468-End|RT:22_nt_each CAGCGGCGGGTTTCAgcgacaacggtttaggtgggtacgggtccccattccttatatagaaatggcatgttagCGCCTCTACAATTGATGTGGTGGTTCCTTATGCAGCAAAAGATTgctaagcgcagggacttcccgaatctcggtattatcccggtaagtgtggactatatttCTGGGTGGAAGCGGG
CAD2.low:Start-1545|PCA1:1546-End|RT:22_nt_each CAGCGGCGGGTTTCAgcgacaacggtttaggtgggtacgggtccccattccttatatagaaatggcatgttagGTTGAAGATCGTCGAACGCAACATCATTCGTATTTACTTTGACCgctaagcgcagggacttcccgaatctcggtattatcccggtaagtgtggactatatttCTGGGTGGAAGCGGG
CAD2.low:Start-1770|PCA1:1771-End|RT:22_nt_each CAGCGGCGGGTTTCAgcgacaacggtttaggtgggtacgggtccccattccttatatagaaatggcatgttagATTGAGAGAGAAGATCTCAACAATCTCCGCGTCAATGGTGCTAGgctaagcgcagggacttcccgaatctcggtattatcccggtaagtgtggactatatttCTGGGTGGAAGCGGG
CAD2.low:Start-1773|PCA1:1774-End|RT:22_nt_each CAGCGGCGGGTTTCAgcgacaacggtttaggtgggtacgggtccccattccttatatagaaatggcatgttagGAGAGAGAAGATCTCAACAATGTCCGCGTCAATGGTGCTAGCAAgctaagcgcagggacttcccgaatctcggtattatcccggtaagtgtggactatatttCTGGGTGGAAGCGGG
CAD2.low:Start-1944|PCA1:1945-End|RT:22_nt_each CAGCGGCGGGTTTCAgcgacaacggtttaggtgggtacgggtccccattccttatatagaaatggcatgttagTGTGAGTTTTGGTTACTTTGTAGTTGGACGCCCGTTATCTACGGgctaagcgcagggacttcccgaatctcggtattatcccggtaagtgtggactatatttCTGGGTGGAAGCGGG
CAD2.low:Start-1947|PCA1:1948-End|RT:22_nt_each CAGCGGCGGGTTTCAgcgacaacggtttaggtgggtacgggtccccattccttatatagaaatggcatgttagGAGTTTTGGTTACTTTGTAGCCGGACGCCCGTTATCTACGGAGCgctaagcgcagggacttcccgaatctcggtattatcccggtaagtgtggactatatttCTGGGTGGAAGCGGG
CAD2.low:Start-2127|PCA1:2128-End|RT:22_nt_each CAGCGGCGGGTTTCAgcgacaacggtttaggtgggtacgggtccccattccttatatagaaatggcatgttagGACAGGGAAGGAAACTGAGATAAATATTAGACTTCTCCAATATGgctaagcgcagggacttcccgaatctcggtattatcccggtaagtgtggactatatttCTGGGTGGAAGCGGG
CAD2.low:Start-2163|PCA1:2164-End|RT:22_nt_each CAGCGGCGGGTTTCAgcgacaacggtttaggtgggtacgggtccccattccttatatagaaatggcatgttagGCAGTACGGCGATATTTTCAAAGTTTTACCTGATTCAAGAATCCgctaagcgcagggacttcccgaatctcggtattatcccggtaagtgtggactatatttCTGGGTGGAAGCGGG
CAD2.low:Start-2505|PCA1:2506-End|RT:22_nt_each CAGCGGCGGGTTTCAgcgacaacggtttaggtgggtacgggtccccattccttatatagaaatggcatgttagGATTGCTGTGGGGATTAGGGTCGAAAAGCAATCCCGCTCCGATGgctaagcgcagggacttcccgaatctcggtattatcccggtaagtgtggactatatttCTGGGTGGAAGCGGG
CAD2.low:Start-2583|PCA1:2584-End|RT:22_nt_each CAGCGGCGGGTTTCAgcgacaacggtttaggtgggtacgggtccccattccttatatagaaatggcatgttagTTTAATTGTCAGTTGCCCATGCGTGATTGGACTTGCCGTTCCTAgctaagcgcagggacttcccgaatctcggtattatcccggtaagtgtggactatatttCTGGGTGGAAGCGGG
CAD2.low:Start-2907|PCA1:2908-End|RT:22_nt_each CAGCGGCGGGTTTCAgcgacaacggtttaggtgggtacgggtccccattccttatatagaaatggcatgttagCACCAAGGCAGTTACAGGGAAACGGGTAGAAGGAACATCATACTgctaagcgcagggacttcccgaatctcggtattatcccggtaagtgtggactatatttCTGGGTGGAAGCGGG
CAD2.low:Start-3339|PCA1:3340-End|RT:22_nt_each CAGCGGCGGGTTTCAgcgacaacggtttaggtgggtacgggtccccattccttatatagaaatggcatgttagTGATGGTACCAATGATGCTATTGGTTTGACTCAAGCAACGATTGgctaagcgcagggacttcccgaatctcggtattatcccggtaagtgtggactatatttCTGGGTGGAAGCGGG
CAD2.low:Start-3624|PCA1:3625-End|RT:22_nt_each CAGCGGCGGGTTTCAgcgacaacggtttaggtgggtacgggtccccattccttatatagaaatggcatgttagATTGCCAGTTATCTTCGTTGCTATACTTCTGCGTTATGCAAAGAgctaagcgcagggacttcccgaatctcggtattatcccggtaagtgtggactatatttCTGGGTGGAAGCGGG
CAD2.low:Start-3645|PCA1:3646-End|RT:22_nt_each CAGCGGCGGGTTTCAgcgacaacggtttaggtgggtacgggtccccattccttatatagaaatggcatgttagTACTTTGTTGAGATACGCTAAGATTTAGTCCAGGTACTGCTGCTgctaagcgcagggacttcccgaatctcggtattatcccggtaagtgtggactatatttCTGGGTGGAAGCGGG
CAD2.low:Start-3648|PCA1:3649-End|RT:22_nt_each CAGCGGCGGGTTTCAgcgacaacggtttaggtgggtacgggtccccattccttatatagaaatggcatgttagTTTGTTGAGATACGCTAAGGTATAGTCCAGGTACTGCTGCTATTgctaagcgcagggacttcccgaatctcggtattatcccggtaagtgtggactatatttCTGGGTGGAAGCGGG
CAD2.low:Start-114|PCA1:115-End|RT:25_nt_each CAGCGGCGGGTTTCAgcgacaacggtttaggtgggtacgggtccccattccttatatagaaatggcatgtGCAAGACAATCGGGGTGAATGTCATCGTAGATCCATAGAAATGCATGCTAaagcgcagggacttcccgaatctcggtattatcccggtaagtgtggactatatttCTGGGTGGAAGCGGG
CAD2.low:Start-129|PCA1:130-End|RT:25_nt_each CAGCGGCGGGTTTCAgcgacaacggtttaggtgggtacgggtccccattccttatatagaaatggcatgtTGAATGTCATCTGCGGTCAATCGAGATGCATGCTAATGACAATCTGGGATaagcgcagggacttcccgaatctcggtattatcccggtaagtgtggactatatttCTGGGTGGAAGCGGG
CAD2.low:Start-426|PCA1:427-End|RT:25_nt_each CAGCGGCGGGTTTCAgcgacaacggtttaggtgggtacgggtccccattccttatatagaaatggcatgtTCATACTAACGAGTCGTGTGTGGACGGATGCTGCGTTAGAGATTCTTCAGaagcgcagggacttcccgaatctcggtattatcccggtaagtgtggactatatttCTGGGTGGAAGCGGG
CAD2.low:Start-465|PCA1:466-End|RT:25_nt_each CAGCGGCGGGTTTCAgcgacaacggtttaggtgggtacgggtccccattccttatatagaaatggcatgtAGATTCTAGTGTAATGGTAGAAGAGGTTACAGGCAGCTGCGAAGCTGTATaagcgcagggacttcccgaatctcggtattatcccggtaagtgtggactatatttCTGGGTGGAAGCGGG
CAD2.low:Start-627|PCA1:628-End|RT:25_nt_each CAGCGGCGGGTTTCAgcgacaacggtttaggtgggtacgggtccccattccttatatagaaatggcatgtGCATACAGGTAAAGGAAGATTGTGTATCGAATCAAGTGACTCTACACTCAaagcgcagggacttcccgaatctcggtattatcccggtaagtgtggactatatttCTGGGTGGAAGCGGG
CAD2.low:Start-660|PCA1:661-End|RT:25_nt_each CAGCGGCGGGTTTCAgcgacaacggtttaggtgggtacgggtccccattccttatatagaaatggcatgtCAGTGATAGCACTTTAAAGAAAAGAAGTTGTAAAGTTAGCAGACAGAAAAaagcgcagggacttcccgaatctcggtattatcccggtaagtgtggactatatttCTGGGTGGAAGCGGG
CAD2.low:Start-774|PCA1:775-End|RT:25_nt_each CAGCGGCGGGTTTCAgcgacaacggtttaggtgggtacgggtccccattccttatatagaaatggcatgtTTGTGAGAAAAGAACGTTCAAGGGAAGCACCAATGTTGGAATTTCTGGGAaagcgcagggacttcccgaatctcggtattatcccggtaagtgtggactatatttCTGGGTGGAAGCGGG
CAD2.low:Start-1032|PCA1:1033-End|RT:25_nt_each CAGCGGCGGGTTTCAgcgacaacggtttaggtgggtacgggtccccattccttatatagaaatggcatgtTGGTTGTCTGACCAAGAAGAAAACTCATGGAGACAAAGAAAGGTTGAGCAaagcgcagggacttcccgaatctcggtattatcccggtaagtgtggactatatttCTGGGTGGAAGCGGG
CAD2.low:Start-1188|PCA1:1189-End|RT:25_nt_each CAGCGGCGGGTTTCAgcgacaacggtttaggtgggtacgggtccccattccttatatagaaatggcatgtGAGGATTGTCAGTATGGAGCCGATCGAAAATCATCTTAATCTTGAGGCAGaagcgcagggacttcccgaatctcggtattatcccggtaagtgtggactatatttCTGGGTGGAAGCGGG
CAD2.low:Start-1257|PCA1:1258-End|RT:25_nt_each CAGCGGCGGGTTTCAgcgacaacggtttaggtgggtacgggtccccattccttatatagaaatggcatgtCATAGTGTTGTCAGTAAGTGGAATGTCCTGTACTGGTTGTGAATCAAAACaagcgcagggacttcccgaatctcggtattatcccggtaagtgtggactatatttCTGGGTGGAAGCGGG
CAD2.low:Start-1275|PCA1:1276-End|RT:25_nt_each CAGCGGCGGGTTTCAgcgacaacggtttaggtgggtacgggtccccattccttatatagaaatggcatgtTGGAATGACCTGTACTGGATGCGAGTCAAAACTTAAGAAATCATTTGGCGaagcgcagggacttcccgaatctcggtattatcccggtaagtgtggactatatttCTGGGTGGAAGCGGG
CAD2.low:Start-1446|PCA1:1447-End|RT:25_nt_each CAGCGGCGGGTTTCAgcgacaacggtttaggtgggtacgggtccccattccttatatagaaatggcatgtTAAATATGAGCAAATCAGCAACCACGGTTCAACTATAGATGTTGTTGTTCaagcgcagggacttcccgaatctcggtattatcccggtaagtgtggactatatttCTGGGTGGAAGCGGG
CAD2.low:Start-1467|PCA1:1468-End|RT:25_nt_each CAGCGGCGGGTTTCAgcgacaacggtttaggtgggtacgggtccccattccttatatagaaatggcatgtCCACGCCTCTACAATTGATGTGGTGGTTCCTTATGCAGCAAAAGATTTTAaagcgcagggacttcccgaatctcggtattatcccggtaagtgtggactatatttCTGGGTGGAAGCGGG
CAD2.low:Start-1545|PCA1:1546-End|RT:25_nt_each CAGCGGCGGGTTTCAgcgacaacggtttaggtgggtacgggtccccattccttatatagaaatggcatgtGGAGTTGAAGATCGTCGAACGCAACATCATTCGTATTTACTTTGACCCAAaagcgcagggacttcccgaatctcggtattatcccggtaagtgtggactatatttCTGGGTGGAAGCGGG
CAD2.low:Start-1770|PCA1:1771-End|RT:25_nt_each CAGCGGCGGGTTTCAgcgacaacggtttaggtgggtacgggtccccattccttatatagaaatggcatgtGCAATTGAGAGAGAAGATCTCAACAATCTCCGCGTCAATGGTGCTAGCAAaagcgcagggacttcccgaatctcggtattatcccggtaagtgtggactatatttCTGGGTGGAAGCGGG
CAD2.low:Start-1773|PCA1:1774-End|RT:25_nt_each CAGCGGCGGGTTTCAgcgacaacggtttaggtgggtacgggtccccattccttatatagaaatggcatgtATTGAGAGAGAAGATCTCAACAATGTCCGCGTCAATGGTGCTAGCAACTAaagcgcagggacttcccgaatctcggtattatcccggtaagtgtggactatatttCTGGGTGGAAGCGGG
CAD2.low:Start-1944|PCA1:1945-End|RT:25_nt_each CAGCGGCGGGTTTCAgcgacaacggtttaggtgggtacgggtccccattccttatatagaaatggcatgtTATTGTGAGTTTTGGTTACTTTGTAGTTGGACGCCCGTTATCTACGGAGCaagcgcagggacttcccgaatctcggtattatcccggtaagtgtggactatatttCTGGGTGGAAGCGGG
CAD2.low:Start-1947|PCA1:1948-End|RT:25_nt_each CAGCGGCGGGTTTCAgcgacaacggtttaggtgggtacgggtccccattccttatatagaaatggcatgtTGTGAGTTTTGGTTACTTTGTAGCCGGACGCCCGTTATCTACGGAGCAGTaagcgcagggacttcccgaatctcggtattatcccggtaagtgtggactatatttCTGGGTGGAAGCGGG
CAD2.low:Start-2127|PCA1:2128-End|RT:25_nt_each CAGCGGCGGGTTTCAgcgacaacggtttaggtgggtacgggtccccattccttatatagaaatggcatgtCAAGACAGGGAAGGAAACTGAGATAAATATTAGACTTCTCCAATATGGCGaagcgcagggacttcccgaatctcggtattatcccggtaagtgtggactatatttCTGGGTGGAAGCGGG
CAD2.low:Start-2163|PCA1:2164-End|RT:25_nt_each CAGCGGCGGGTTTCAgcgacaacggtttaggtgggtacgggtccccattccttatatagaaatggcatgtGTTGCAGTACGGCGATATTTTCAAAGTTTTACCTGATTCAAGAATCCCAAaagcgcagggacttcccgaatctcggtattatcccggtaagtgtggactatatttCTGGGTGGAAGCGGG
CAD2.low:Start-2505|PCA1:2506-End|RT:25_nt_each CAGCGGCGGGTTTCAgcgacaacggtttaggtgggtacgggtccccattccttatatagaaatggcatgtCTGGATTGCTGTGGGGATTAGGGTCGAAAAGCAATCCCGCTCCGATGCCGaagcgcagggacttcccgaatctcggtattatcccggtaagtgtggactatatttCTGGGTGGAAGCGGG
CAD2.low:Start-2583|PCA1:2584-End|RT:25_nt_each CAGCGGCGGGTTTCAgcgacaacggtttaggtgggtacgggtccccattccttatatagaaatggcatgtTGTTTTAATTGTCAGTTGCCCATGCGTGATTGGACTTGCCGTTCCTATCGaagcgcagggacttcccgaatctcggtattatcccggtaagtgtggactatatttCTGGGTGGAAGCGGG
CAD2.low:Start-2907|PCA1:2908-End|RT:25_nt_each CAGCGGCGGGTTTCAgcgacaacggtttaggtgggtacgggtccccattccttatatagaaatggcatgtAAACACCAAGGCAGTTACAGGGAAACGGGTAGAAGGAACATCATACTCTGaagcgcagggacttcccgaatctcggtattatcccggtaagtgtggactatatttCTGGGTGGAAGCGGG
CAD2.low:Start-3339|PCA1:3340-End|RT:25_nt_each CAGCGGCGGGTTTCAgcgacaacggtttaggtgggtacgggtccccattccttatatagaaatggcatgtTGGTGATGGTACCAATGATGCTATTGGTTTGACTCAAGCAACGATTGGAGaagcgcagggacttcccgaatctcggtattatcccggtaagtgtggactatatttCTGGGTGGAAGCGGG
CAD2.low:Start-3624|PCA1:3625-End|RT:25_nt_each CAGCGGCGGGTTTCAgcgacaacggtttaggtgggtacgggtccccattccttatatagaaatggcatgtAATATTGCCAGTTATCTTCGTTGCTATACTTCTGCGTTATGCAAAGATTTaagcgcagggacttcccgaatctcggtattatcccggtaagtgtggactatatttCTGGGTGGAAGCGGG
CAD2.low:Start-3645|PCA1:3646-End|RT:25_nt_each CAGCGGCGGGTTTCAgcgacaacggtttaggtgggtacgggtccccattccttatatagaaatggcatgtTGCTACTTTGTTGAGATACGCTAAGATTTAGTCCAGGTACTGCTGCTATTaagcgcagggacttcccgaatctcggtattatcccggtaagtgtggactatatttCTGGGTGGAAGCGGG
CAD2.low:Start-3648|PCA1:3649-End|RT:25_nt_each CAGCGGCGGGTTTCAgcgacaacggtttaggtgggtacgggtccccattccttatatagaaatggcatgtTACTTTGTTGAGATACGCTAAGGTATAGTCCAGGTACTGCTGCTATTTGAaagcgcagggacttcccgaatctcggtattatcccggtaagtgtggactatatttCTGGGTGGAAGCGGG
CAD2.low:Start-114|PCA1:115-End|RT:29_nt_each CAGCGGCGGGTTTCAgcgacaacggtttaggtgggtacgggtccccattccttatatagaaatggcCAATGCAAGACAATCGGGGTGAATGTCATCGTAGATCCATAGAAATGCATGCTAATGAgcagggacttcccgaatctcggtattatcccggtaagtgtggactatatttCTGGGTGGAAGCGGG
CAD2.low:Start-129|PCA1:130-End|RT:29_nt_each CAGCGGCGGGTTTCAgcgacaacggtttaggtgggtacgggtccccattccttatatagaaatggcGGGGTGAATGTCATCTGCGGTCAATCGAGATGCATGCTAATGACAATCTGGGATTGGTgcagggacttcccgaatctcggtattatcccggtaagtgtggactatatttCTGGGTGGAAGCGGG
CAD2.low:Start-426|PCA1:427-End|RT:29_nt_each CAGCGGCGGGTTTCAgcgacaacggtttaggtgggtacgggtccccattccttatatagaaatggcGTGATCATACTAACGAGTCGTGTGTGGACGGATGCTGCGTTAGAGATTCTTCAGTGATgcagggacttcccgaatctcggtattatcccggtaagtgtggactatatttCTGGGTGGAAGCGGG
CAD2.low:Start-465|PCA1:466-End|RT:29_nt_each CAGCGGCGGGTTTCAgcgacaacggtttaggtgggtacgggtccccattccttatatagaaatggcTCCGAGATTCTAGTGTAATGGTAGAAGAGGTTACAGGCAGCTGCGAAGCTGTATCTTCgcagggacttcccgaatctcggtattatcccggtaagtgtggactatatttCTGGGTGGAAGCGGG
CAD2.low:Start-627|PCA1:628-End|RT:29_nt_each CAGCGGCGGGTTTCAgcgacaacggtttaggtgggtacgggtccccattccttatatagaaatggcATCAGCATACAGGTAAAGGAAGATTGTGTATCGAATCAAGTGACTCTACACTCAAGAAgcagggacttcccgaatctcggtattatcccggtaagtgtggactatatttCTGGGTGGAAGCGGG
CAD2.low:Start-660|PCA1:661-End|RT:29_nt_each CAGCGGCGGGTTTCAgcgacaacggtttaggtgggtacgggtccccattccttatatagaaatggcAGAGCAGTGATAGCACTTTAAAGAAAAGAAGTTGTAAAGTTAGCAGACAGAAAATTGAgcagggacttcccgaatctcggtattatcccggtaagtgtggactatatttCTGGGTGGAAGCGGG
CAD2.low:Start-774|PCA1:775-End|RT:29_nt_each CAGCGGCGGGTTTCAgcgacaacggtttaggtgggtacgggtccccattccttatatagaaatggcGATCTTGTGAGAAAAGAACGTTCAAGGGAAGCACCAATGTTGGAATTTCTGGGAGTAGgcagggacttcccgaatctcggtattatcccggtaagtgtggactatatttCTGGGTGGAAGCGGG
CAD2.low:Start-1032|PCA1:1033-End|RT:29_nt_each CAGCGGCGGGTTTCAgcgacaacggtttaggtgggtacgggtccccattccttatatagaaatggcCTAGTGGTTGTCTGACCAAGAAGAAAACTCATGGAGACAAAGAAAGGTTGAGCAATGAgcagggacttcccgaatctcggtattatcccggtaagtgtggactatatttCTGGGTGGAAGCGGG
CAD2.low:Start-1188|PCA1:1189-End|RT:29_nt_each CAGCGGCGGGTTTCAgcgacaacggtttaggtgggtacgggtccccattccttatatagaaatggcTCTCGAGGATTGTCAGTATGGAGCCGATCGAAAATCATCTTAATCTTGAGGCAGGATCgcagggacttcccgaatctcggtattatcccggtaagtgtggactatatttCTGGGTGGAAGCGGG
CAD2.low:Start-1257|PCA1:1258-End|RT:29_nt_each CAGCGGCGGGTTTCAgcgacaacggtttaggtgggtacgggtccccattccttatatagaaatggcAACACATAGTGTTGTCAGTAAGTGGAATGTCCTGTACTGGTTGTGAATCAAAACTTAAgcagggacttcccgaatctcggtattatcccggtaagtgtggactatatttCTGGGTGGAAGCGGG
CAD2.low:Start-1275|PCA1:1276-End|RT:29_nt_each CAGCGGCGGGTTTCAgcgacaacggtttaggtgggtacgggtccccattccttatatagaaatggcTAAGTGGAATGACCTGTACTGGATGCGAGTCAAAACTTAAGAAATCATTTGGCGCGCTgcagggacttcccgaatctcggtattatcccggtaagtgtggactatatttCTGGGTGGAAGCGGG
CAD2.low:Start-1446|PCA1:1447-End|RT:29_nt_each CAGCGGCGGGTTTCAgcgacaacggtttaggtgggtacgggtccccattccttatatagaaatggcAGTTTAAATATGAGCAAATCAGCAACCACGGTTCAACTATAGATGTTGTTGTTCCTTAgcagggacttcccgaatctcggtattatcccggtaagtgtggactatatttCTGGGTGGAAGCGGG
CAD2.low:Start-1467|PCA1:1468-End|RT:29_nt_each CAGCGGCGGGTTTCAgcgacaacggtttaggtgggtacgggtccccattccttatatagaaatggcGCAACCACGCCTCTACAATTGATGTGGTGGTTCCTTATGCAGCAAAAGATTTTATTAAgcagggacttcccgaatctcggtattatcccggtaagtgtggactatatttCTGGGTGGAAGCGGG
CAD2.low:Start-1545|PCA1:1546-End|RT:29_nt_each CAGCGGCGGGTTTCAgcgacaacggtttaggtgggtacgggtccccattccttatatagaaatggcTAACGGAGTTGAAGATCGTCGAACGCAACATCATTCGTATTTACTTTGACCCAAAGGTgcagggacttcccgaatctcggtattatcccggtaagtgtggactatatttCTGGGTGGAAGCGGG
CAD2.low:Start-1770|PCA1:1771-End|RT:29_nt_each CAGCGGCGGGTTTCAgcgacaacggtttaggtgggtacgggtccccattccttatatagaaatggcCCCCGCAATTGAGAGAGAAGATCTCAACAATCTCCGCGTCAATGGTGCTAGCAACTATgcagggacttcccgaatctcggtattatcccggtaagtgtggactatatttCTGGGTGGAAGCGGG
CAD2.low:Start-1773|PCA1:1774-End|RT:29_nt_each CAGCGGCGGGTTTCAgcgacaacggtttaggtgggtacgggtccccattccttatatagaaatggcCGCAATTGAGAGAGAAGATCTCAACAATGTCCGCGTCAATGGTGCTAGCAACTATTATgcagggacttcccgaatctcggtattatcccggtaagtgtggactatatttCTGGGTGGAAGCGGG
CAD2.low:Start-1944|PCA1:1945-End|RT:29_nt_each CAGCGGCGGGTTTCAgcgacaacggtttaggtgggtacgggtccccattccttatatagaaatggcTTAGTATTGTGAGTTTTGGTTACTTTGTAGTTGGACGCCCGTTATCTACGGAGCAGTTgcagggacttcccgaatctcggtattatcccggtaagtgtggactatatttCTGGGTGGAAGCGGG
CAD2.low:Start-1947|PCA1:1948-End|RT:29_nt_each CAGCGGCGGGTTTCAgcgacaacggtttaggtgggtacgggtccccattccttatatagaaatggcGTATTGTGAGTTTTGGTTACTTTGTAGCCGGACGCCCGTTATCTACGGAGCAGTTTTTgcagggacttcccgaatctcggtattatcccggtaagtgtggactatatttCTGGGTGGAAGCGGG
CAD2.low:Start-2127|PCA1:2128-End|RT:29_nt_each CAGCGGCGGGTTTCAgcgacaacggtttaggtgggtacgggtccccattccttatatagaaatggcTCGACAAGACAGGGAAGGAAACTGAGATAAATATTAGACTTCTCCAATATGGCGATATgcagggacttcccgaatctcggtattatcccggtaagtgtggactatatttCTGGGTGGAAGCGGG
CAD2.low:Start-2163|PCA1:2164-End|RT:29_nt_each CAGCGGCGGGTTTCAgcgacaacggtttaggtgggtacgggtccccattccttatatagaaatggcGCCTGTTGCAGTACGGCGATATTTTCAAAGTTTTACCTGATTCAAGAATCCCAACTGAgcagggacttcccgaatctcggtattatcccggtaagtgtggactatatttCTGGGTGGAAGCGGG
CAD2.low:Start-2505|PCA1:2506-End|RT:29_nt_each CAGCGGCGGGTTTCAgcgacaacggtttaggtgggtacgggtccccattccttatatagaaatggcGTGTCTGGATTGCTGTGGGGATTAGGGTCGAAAAGCAATCCCGCTCCGATGCCGTAATgcagggacttcccgaatctcggtattatcccggtaagtgtggactatatttCTGGGTGGAAGCGGG
CAD2.low:Start-2583|PCA1:2584-End|RT:29_nt_each CAGCGGCGGGTTTCAgcgacaacggtttaggtgggtacgggtccccattccttatatagaaatggcTAACTGTTTTAATTGTCAGTTGCCCATGCGTGATTGGACTTGCCGTTCCTATCGTATTgcagggacttcccgaatctcggtattatcccggtaagtgtggactatatttCTGGGTGGAAGCGGG
CAD2.low:Start-2907|PCA1:2908-End|RT:29_nt_each CAGCGGCGGGTTTCAgcgacaacggtttaggtgggtacgggtccccattccttatatagaaatggcTTTCAAACACCAAGGCAGTTACAGGGAAACGGGTAGAAGGAACATCATACTCTGGTTTgcagggacttcccgaatctcggtattatcccggtaagtgtggactatatttCTGGGTGGAAGCGGG
CAD2.low:Start-3339|PCA1:3340-End|RT:29_nt_each CAGCGGCGGGTTTCAgcgacaacggtttaggtgggtacgggtccccattccttatatagaaatggcTCTGTGGTGATGGTACCAATGATGCTATTGGTTTGACTCAAGCAACGATTGGAGTTCAgcagggacttcccgaatctcggtattatcccggtaagtgtggactatatttCTGGGTGGAAGCGGG
CAD2.low:Start-3624|PCA1:3625-End|RT:29_nt_each CAGCGGCGGGTTTCAgcgacaacggtttaggtgggtacgggtccccattccttatatagaaatggcTATCAATATTGCCAGTTATCTTCGTTGCTATACTTCTGCGTTATGCAAAGATTTAGTCgcagggacttcccgaatctcggtattatcccggtaagtgtggactatatttCTGGGTGGAAGCGGG
CAD2.low:Start-3645|PCA1:3646-End|RT:29_nt_each CAGCGGCGGGTTTCAgcgacaacggtttaggtgggtacgggtccccattccttatatagaaatggcTCGTTGCTACTTTGTTGAGATACGCTAAGATTTAGTCCAGGTACTGCTGCTATTTGATgcagggacttcccgaatctcggtattatcccggtaagtgtggactatatttCTGGGTGGAAGCGGG
CAD2.low:Start-3648|PCA1:3649-End|RT:29_nt_each CAGCGGCGGGTTTCAgcgacaacggtttaggtgggtacgggtccccattccttatatagaaatggcTTGCTACTTTGTTGAGATACGCTAAGGTATAGTCCAGGTACTGCTGCTATTTGATTGTgcagggacttcccgaatctcggtattatcccggtaagtgtggactatatttCTGGGTGGAAGCGGG
CAD2.low:Start-114|PCA1:115-End|RT:34_nt_each CAGCGGCGGGTTTCAgcgacaacggtttaggtgggtacgggtccccattccttatatagaaTGACGCAATGCAAGACAATCGGGGTGAATGTCATCGTAGATCCATAGAAATGCATGCTAATGACAATCgacttcccgaatctcggtattatcccggtaagtgtggactatatttCTGGGTGGAAGCGGG
CAD2.low:Start-129|PCA1:130-End|RT:34_nt_each CAGCGGCGGGTTTCAgcgacaacggtttaggtgggtacgggtccccattccttatatagaaCAATCGGGGTGAATGTCATCTGCGGTCAATCGAGATGCATGCTAATGACAATCTGGGATTGGTCTCCCgacttcccgaatctcggtattatcccggtaagtgtggactatatttCTGGGTGGAAGCGGG
CAD2.low:Start-426|PCA1:427-End|RT:34_nt_each CAGCGGCGGGTTTCAgcgacaacggtttaggtgggtacgggtccccattccttatatagaaTGGTGGTGATCATACTAACGAGTCGTGTGTGGACGGATGCTGCGTTAGAGATTCTTCAGTGATGGTCGgacttcccgaatctcggtattatcccggtaagtgtggactatatttCTGGGTGGAAGCGGG
CAD2.low:Start-465|PCA1:466-End|RT:34_nt_each CAGCGGCGGGTTTCAgcgacaacggtttaggtgggtacgggtccccattccttatatagaaTTGTGTCCGAGATTCTAGTGTAATGGTAGAAGAGGTTACAGGCAGCTGCGAAGCTGTATCTTCTAAAGgacttcccgaatctcggtattatcccggtaagtgtggactatatttCTGGGTGGAAGCGGG
CAD2.low:Start-627|PCA1:628-End|RT:34_nt_each CAGCGGCGGGTTTCAgcgacaacggtttaggtgggtacgggtccccattccttatatagaaCAGCAATCAGCATACAGGTAAAGGAAGATTGTGTATCGAATCAAGTGACTCTACACTCAAGAAAAGAAgacttcccgaatctcggtattatcccggtaagtgtggactatatttCTGGGTGGAAGCGGG
CAD2.low:Start-660|PCA1:661-End|RT:34_nt_each CAGCGGCGGGTTTCAgcgacaacggtttaggtgggtacgggtccccattccttatatagaaTCTTGAGAGCAGTGATAGCACTTTAAAGAAAAGAAGTTGTAAAGTTAGCAGACAGAAAATTGAGGTTTgacttcccgaatctcggtattatcccggtaagtgtggactatatttCTGGGTGGAAGCGGG
CAD2.low:Start-774|PCA1:775-End|RT:34_nt_each CAGCGGCGGGTTTCAgcgacaacggtttaggtgggtacgggtccccattccttatatagaaTAGTAGATCTTGTGAGAAAAGAACGTTCAAGGGAAGCACCAATGTTGGAATTTCTGGGAGTAGCTCTAgacttcccgaatctcggtattatcccggtaagtgtggactatatttCTGGGTGGAAGCGGG
CAD2.low:Start-1032|PCA1:1033-End|RT:34_nt_each CAGCGGCGGGTTTCAgcgacaacggtttaggtgggtacgggtccccattccttatatagaaGAATTCTAGTGGTTGTCTGACCAAGAAGAAAACTCATGGAGACAAAGAAAGGTTGAGCAATGACAATGgacttcccgaatctcggtattatcccggtaagtgtggactatatttCTGGGTGGAAGCGGG
CAD2.low:Start-1188|PCA1:1189-End|RT:34_nt_each CAGCGGCGGGTTTCAgcgacaacggtttaggtgggtacgggtccccattccttatatagaaAGAGATCTCGAGGATTGTCAGTATGGAGCCGATCGAAAATCATCTTAATCTTGAGGCAGGATCTACCGgacttcccgaatctcggtattatcccggtaagtgtggactatatttCTGGGTGGAAGCGGG
CAD2.low:Start-1257|PCA1:1258-End|RT:34_nt_each CAGCGGCGGGTTTCAgcgacaacggtttaggtgggtacgggtccccattccttatatagaaTACTGAACACATAGTGTTGTCAGTAAGTGGAATGTCCTGTACTGGTTGTGAATCAAAACTTAAGAAATgacttcccgaatctcggtattatcccggtaagtgtggactatatttCTGGGTGGAAGCGGG
CAD2.low:Start-1275|PCA1:1276-End|RT:34_nt_each CAGCGGCGGGTTTCAgcgacaacggtttaggtgggtacgggtccccattccttatatagaaGTCAGTAAGTGGAATGACCTGTACTGGATGCGAGTCAAAACTTAAGAAATCATTTGGCGCGCTCAAATgacttcccgaatctcggtattatcccggtaagtgtggactatatttCTGGGTGGAAGCGGG
CAD2.low:Start-1446|PCA1:1447-End|RT:34_nt_each CAGCGGCGGGTTTCAgcgacaacggtttaggtgggtacgggtccccattccttatatagaaGACAGAGTTTAAATATGAGCAAATCAGCAACCACGGTTCAACTATAGATGTTGTTGTTCCTTATGCAGgacttcccgaatctcggtattatcccggtaagtgtggactatatttCTGGGTGGAAGCGGG
CAD2.low:Start-1467|PCA1:1468-End|RT:34_nt_each CAGCGGCGGGTTTCAgcgacaacggtttaggtgggtacgggtccccattccttatatagaaAATCAGCAACCACGCCTCTACAATTGATGTGGTGGTTCCTTATGCAGCAAAAGATTTTATTAATGAGGgacttcccgaatctcggtattatcccggtaagtgtggactatatttCTGGGTGGAAGCGGG
CAD2.low:Start-1545|PCA1:1546-End|RT:34_nt_each CAGCGGCGGGTTTCAgcgacaacggtttaggtgggtacgggtccccattccttatatagaaAGGGGTAACGGAGTTGAAGATCGTCGAACGCAACATCATTCGTATTTACTTTGACCCAAAGGTTATAGgacttcccgaatctcggtattatcccggtaagtgtggactatatttCTGGGTGGAAGCGGG
CAD2.low:Start-1770|PCA1:1771-End|RT:34_nt_each CAGCGGCGGGTTTCAgcgacaacggtttaggtgggtacgggtccccattccttatatagaaGTGGGCCCCGCAATTGAGAGAGAAGATCTCAACAATCTCCGCGTCAATGGTGCTAGCAACTATTATTCgacttcccgaatctcggtattatcccggtaagtgtggactatatttCTGGGTGGAAGCGGG
CAD2.low:Start-1773|PCA1:1774-End|RT:34_nt_each CAGCGGCGGGTTTCAgcgacaacggtttaggtgggtacgggtccccattccttatatagaaGGCCCCGCAATTGAGAGAGAAGATCTCAACAATGTCCGCGTCAATGGTGCTAGCAACTATTATTCAATgacttcccgaatctcggtattatcccggtaagtgtggactatatttCTGGGTGGAAGCGGG
CAD2.low:Start-1944|PCA1:1945-End|RT:34_nt_each CAGCGGCGGGTTTCAgcgacaacggtttaggtgggtacgggtccccattccttatatagaaTATCTTTAGTATTGTGAGTTTTGGTTACTTTGTAGTTGGACGCCCGTTATCTACGGAGCAGTTTTTTGgacttcccgaatctcggtattatcccggtaagtgtggactatatttCTGGGTGGAAGCGGG
CAD2.low:Start-1947|PCA1:1948-End|RT:34_nt_each CAGCGGCGGGTTTCAgcgacaacggtttaggtgggtacgggtccccattccttatatagaaCTTTAGTATTGTGAGTTTTGGTTACTTTGTAGCCGGACGCCCGTTATCTACGGAGCAGTTTTTTGAAAgacttcccgaatctcggtattatcccggtaagtgtggactatatttCTGGGTGGAAGCGGG
CAD2.low:Start-2127|PCA1:2128-End|RT:34_nt_each CAGCGGCGGGTTTCAgcgacaacggtttaggtgggtacgggtccccattccttatatagaaACTGGTCGACAAGACAGGGAAGGAAACTGAGATAAATATTAGACTTCTCCAATATGGCGATATTTTTAgacttcccgaatctcggtattatcccggtaagtgtggactatatttCTGGGTGGAAGCGGG
CAD2.low:Start-2163|PCA1:2164-End|RT:34_nt_each CAGCGGCGGGTTTCAgcgacaacggtttaggtgggtacgggtccccattccttatatagaaCATACGCCTGTTGCAGTACGGCGATATTTTCAAAGTTTTACCTGATTCAAGAATCCCAACTGATGGAAgacttcccgaatctcggtattatcccggtaagtgtggactatatttCTGGGTGGAAGCGGG
CAD2.low:Start-2505|PCA1:2506-End|RT:34_nt_each CAGCGGCGGGTTTCAgcgacaacggtttaggtgggtacgggtccccattccttatatagaaTTTCTGTGTCTGGATTGCTGTGGGGATTAGGGTCGAAAAGCAATCCCGCTCCGATGCCGTAATTCAGGgacttcccgaatctcggtattatcccggtaagtgtggactatatttCTGGGTGGAAGCGGG
CAD2.low:Start-2583|PCA1:2584-End|RT:34_nt_each CAGCGGCGGGTTTCAgcgacaacggtttaggtgggtacgggtccccattccttatatagaaTGCTATAACTGTTTTAATTGTCAGTTGCCCATGCGTGATTGGACTTGCCGTTCCTATCGTATTTGTTAgacttcccgaatctcggtattatcccggtaagtgtggactatatttCTGGGTGGAAGCGGG
CAD2.low:Start-2907|PCA1:2908-End|RT:34_nt_each CAGCGGCGGGTTTCAgcgacaacggtttaggtgggtacgggtccccattccttatatagaaAAACGTTTCAAACACCAAGGCAGTTACAGGGAAACGGGTAGAAGGAACATCATACTCTGGTTTGAAGTgacttcccgaatctcggtattatcccggtaagtgtggactatatttCTGGGTGGAAGCGGG
CAD2.low:Start-3339|PCA1:3340-End|RT:34_nt_each CAGCGGCGGGTTTCAgcgacaacggtttaggtgggtacgggtccccattccttatatagaaAGTGTTCTGTGGTGATGGTACCAATGATGCTATTGGTTTGACTCAAGCAACGATTGGAGTTCATATCAgacttcccgaatctcggtattatcccggtaagtgtggactatatttCTGGGTGGAAGCGGG
CAD2.low:Start-3624|PCA1:3625-End|RT:34_nt_each CAGCGGCGGGTTTCAgcgacaacggtttaggtgggtacgggtccccattccttatatagaaATTGGTATCAATATTGCCAGTTATCTTCGTTGCTATACTTCTGCGTTATGCAAAGATTTAGTCCAGGTgacttcccgaatctcggtattatcccggtaagtgtggactatatttCTGGGTGGAAGCGGG
CAD2.low:Start-3645|PCA1:3646-End|RT:34_nt_each CAGCGGCGGGTTTCAgcgacaacggtttaggtgggtacgggtccccattccttatatagaaTATCTTCGTTGCTACTTTGTTGAGATACGCTAAGATTTAGTCCAGGTACTGCTGCTATTTGATTGTAGgacttcccgaatctcggtattatcccggtaagtgtggactatatttCTGGGTGGAAGCGGG
CAD2.low:Start-3648|PCA1:3649-End|RT:34_nt_each CAGCGGCGGGTTTCAgcgacaacggtttaggtgggtacgggtccccattccttatatagaaCTTCGTTGCTACTTTGTTGAGATACGCTAAGGTATAGTCCAGGTACTGCTGCTATTTGATTGTAGATTgacttcccgaatctcggtattatcccggtaagtgtggactatatttCTGGGTGGAAGCGGG
CAD2.low:Start-114|PCA1:115-End|RT:40_nt_each CAGCGGCGGGTTTCAgcgacaacggtttaggtgggtacgggtccccattccttatCTCTATTGACGCAATGCAAGACAATCGGGGTGAATGTCATCGTAGATCCATAGAAATGCATGCTAATGACAATCTGGGATccgaatctcggtattatcccggtaagtgtggactatatttCTGGGTGGAAGCGGG
CAD2.low:Start-129|PCA1:130-End|RT:40_nt_each CAGCGGCGGGTTTCAgcgacaacggtttaggtgggtacgggtccccattccttatGCAAGACAATCGGGGTGAATGTCATCTGCGGTCAATCGAGATGCATGCTAATGACAATCTGGGATTGGTCTCCCAGCGAGccgaatctcggtattatcccggtaagtgtggactatatttCTGGGTGGAAGCGGG
CAD2.low:Start-426|PCA1:427-End|RT:40_nt_each CAGCGGCGGGTTTCAgcgacaacggtttaggtgggtacgggtccccattccttatACAGACTGGTGGTGATCATACTAACGAGTCGTGTGTGGACGGATGCTGCGTTAGAGATTCTTCAGTGATGGTCGAGGAAGccgaatctcggtattatcccggtaagtgtggactatatttCTGGGTGGAAGCGGG
CAD2.low:Start-465|PCA1:466-End|RT:40_nt_each CAGCGGCGGGTTTCAgcgacaacggtttaggtgggtacgggtccccattccttatCGAATGTTGTGTCCGAGATTCTAGTGTAATGGTAGAAGAGGTTACAGGCAGCTGCGAAGCTGTATCTTCTAAAGAACAATccgaatctcggtattatcccggtaagtgtggactatatttCTGGGTGGAAGCGGG
CAD2.low:Start-627|PCA1:628-End|RT:40_nt_each CAGCGGCGGGTTTCAgcgacaacggtttaggtgggtacgggtccccattccttatTACTAACAGCAATCAGCATACAGGTAAAGGAAGATTGTGTATCGAATCAAGTGACTCTACACTCAAGAAAAGAAGTTGTAccgaatctcggtattatcccggtaagtgtggactatatttCTGGGTGGAAGCGGG
CAD2.low:Start-660|PCA1:661-End|RT:40_nt_each CAGCGGCGGGTTTCAgcgacaacggtttaggtgggtacgggtccccattccttatATTGTGTCTTGAGAGCAGTGATAGCACTTTAAAGAAAAGAAGTTGTAAAGTTAGCAGACAGAAAATTGAGGTTTCCAGTAccgaatctcggtattatcccggtaagtgtggactatatttCTGGGTGGAAGCGGG
CAD2.low:Start-774|PCA1:775-End|RT:40_nt_each CAGCGGCGGGTTTCAgcgacaacggtttaggtgggtacgggtccccattccttatAATCGCTAGTAGATCTTGTGAGAAAAGAACGTTCAAGGGAAGCACCAATGTTGGAATTTCTGGGAGTAGCTCTACCGACAccgaatctcggtattatcccggtaagtgtggactatatttCTGGGTGGAAGCGGG
CAD2.low:Start-1032|PCA1:1033-End|RT:40_nt_each CAGCGGCGGGTTTCAgcgacaacggtttaggtgggtacgggtccccattccttatTTATAGGAATTCTAGTGGTTGTCTGACCAAGAAGAAAACTCATGGAGACAAAGAAAGGTTGAGCAATGACAATGGCCATGccgaatctcggtattatcccggtaagtgtggactatatttCTGGGTGGAAGCGGG
CAD2.low:Start-1188|PCA1:1189-End|RT:40_nt_each CAGCGGCGGGTTTCAgcgacaacggtttaggtgggtacgggtccccattccttatCAGTTCAGAGATCTCGAGGATTGTCAGTATGGAGCCGATCGAAAATCATCTTAATCTTGAGGCAGGATCTACCGGTACCGccgaatctcggtattatcccggtaagtgtggactatatttCTGGGTGGAAGCGGG
CAD2.low:Start-1257|PCA1:1258-End|RT:40_nt_each CAGCGGCGGGTTTCAgcgacaacggtttaggtgggtacgggtccccattccttatCACTGGTACTGAACACATAGTGTTGTCAGTAAGTGGAATGTCCTGTACTGGTTGTGAATCAAAACTTAAGAAATCATTTGccgaatctcggtattatcccggtaagtgtggactatatttCTGGGTGGAAGCGGG
CAD2.low:Start-1275|PCA1:1276-End|RT:40_nt_each CAGCGGCGGGTTTCAgcgacaacggtttaggtgggtacgggtccccattccttatAGTGTTGTCAGTAAGTGGAATGACCTGTACTGGATGCGAGTCAAAACTTAAGAAATCATTTGGCGCGCTCAAATGTGTTCccgaatctcggtattatcccggtaagtgtggactatatttCTGGGTGGAAGCGGG
CAD2.low:Start-1446|PCA1:1447-End|RT:40_nt_each CAGCGGCGGGTTTCAgcgacaacggtttaggtgggtacgggtccccattccttatTAAAACGACAGAGTTTAAATATGAGCAAATCAGCAACCACGGTTCAACTATAGATGTTGTTGTTCCTTATGCAGCAAAAGccgaatctcggtattatcccggtaagtgtggactatatttCTGGGTGGAAGCGGG
CAD2.low:Start-1467|PCA1:1468-End|RT:40_nt_each CAGCGGCGGGTTTCAgcgacaacggtttaggtgggtacgggtccccattccttatTGAGCAAATCAGCAACCACGCCTCTACAATTGATGTGGTGGTTCCTTATGCAGCAAAAGATTTTATTAATGAGGAATGGCccgaatctcggtattatcccggtaagtgtggactatatttCTGGGTGGAAGCGGG
CAD2.low:Start-1545|PCA1:1546-End|RT:40_nt_each CAGCGGCGGGTTTCAgcgacaacggtttaggtgggtacgggtccccattccttatGCCTCAAGGGGTAACGGAGTTGAAGATCGTCGAACGCAACATCATTCGTATTTACTTTGACCCAAAGGTTATAGGTGCCAccgaatctcggtattatcccggtaagtgtggactatatttCTGGGTGGAAGCGGG
CAD2.low:Start-1770|PCA1:1771-End|RT:40_nt_each CAGCGGCGGGTTTCAgcgacaacggtttaggtgggtacgggtccccattccttatTATGGCGTGGGCCCCGCAATTGAGAGAGAAGATCTCAACAATCTCCGCGTCAATGGTGCTAGCAACTATTATTCAATTTGccgaatctcggtattatcccggtaagtgtggactatatttCTGGGTGGAAGCGGG
CAD2.low:Start-1773|PCA1:1774-End|RT:40_nt_each CAGCGGCGGGTTTCAgcgacaacggtttaggtgggtacgggtccccattccttatGGCGTGGGCCCCGCAATTGAGAGAGAAGATCTCAACAATGTCCGCGTCAATGGTGCTAGCAACTATTATTCAATTTGTTAccgaatctcggtattatcccggtaagtgtggactatatttCTGGGTGGAAGCGGG
CAD2.low:Start-1944|PCA1:1945-End|RT:40_nt_each CAGCGGCGGGTTTCAgcgacaacggtttaggtgggtacgggtccccattccttatGGCATATATCTTTAGTATTGTGAGTTTTGGTTACTTTGTAGTTGGACGCCCGTTATCTACGGAGCAGTTTTTTGAAACCAccgaatctcggtattatcccggtaagtgtggactatatttCTGGGTGGAAGCGGG
CAD2.low:Start-1947|PCA1:1948-End|RT:40_nt_each CAGCGGCGGGTTTCAgcgacaacggtttaggtgggtacgggtccccattccttatATATATCTTTAGTATTGTGAGTTTTGGTTACTTTGTAGCCGGACGCCCGTTATCTACGGAGCAGTTTTTTGAAACCAGCTccgaatctcggtattatcccggtaagtgtggactatatttCTGGGTGGAAGCGGG
CAD2.low:Start-2127|PCA1:2128-End|RT:40_nt_each CAGCGGCGGGTTTCAgcgacaacggtttaggtgggtacgggtccccattccttatTGCAATACTGGTCGACAAGACAGGGAAGGAAACTGAGATAAATATTAGACTTCTCCAATATGGCGATATTTTTAAGGTTTccgaatctcggtattatcccggtaagtgtggactatatttCTGGGTGGAAGCGGG
CAD2.low:Start-2163|PCA1:2164-End|RT:40_nt_each CAGCGGCGGGTTTCAgcgacaacggtttaggtgggtacgggtccccattccttatGATAGACATACGCCTGTTGCAGTACGGCGATATTTTCAAAGTTTTACCTGATTCAAGAATCCCAACTGATGGAACAGTCAccgaatctcggtattatcccggtaagtgtggactatatttCTGGGTGGAAGCGGG
CAD2.low:Start-2505|PCA1:2506-End|RT:40_nt_each CAGCGGCGGGTTTCAgcgacaacggtttaggtgggtacgggtccccattccttatGGTTACTTTCTGTGTCTGGATTGCTGTGGGGATTAGGGTCGAAAAGCAATCCCGCTCCGATGCCGTAATTCAGGCCATTAccgaatctcggtattatcccggtaagtgtggactatatttCTGGGTGGAAGCGGG
CAD2.low:Start-2583|PCA1:2584-End|RT:40_nt_each CAGCGGCGGGTTTCAgcgacaacggtttaggtgggtacgggtccccattccttatAATTTATGCTATAACTGTTTTAATTGTCAGTTGCCCATGCGTGATTGGACTTGCCGTTCCTATCGTATTTGTTATTGCAAccgaatctcggtattatcccggtaagtgtggactatatttCTGGGTGGAAGCGGG
CAD2.low:Start-2907|PCA1:2908-End|RT:40_nt_each CAGCGGCGGGTTTCAgcgacaacggtttaggtgggtacgggtccccattccttatCGCCCAAAACGTTTCAAACACCAAGGCAGTTACAGGGAAACGGGTAGAAGGAACATCATACTCTGGTTTGAAGTTACAAGccgaatctcggtattatcccggtaagtgtggactatatttCTGGGTGGAAGCGGG
CAD2.low:Start-3339|PCA1:3340-End|RT:40_nt_each CAGCGGCGGGTTTCAgcgacaacggtttaggtgggtacgggtccccattccttatTGTAGTAGTGTTCTGTGGTGATGGTACCAATGATGCTATTGGTTTGACTCAAGCAACGATTGGAGTTCATATCAATGAGGccgaatctcggtattatcccggtaagtgtggactatatttCTGGGTGGAAGCGGG
CAD2.low:Start-3624|PCA1:3625-End|RT:40_nt_each CAGCGGCGGGTTTCAgcgacaacggtttaggtgggtacgggtccccattccttatGGGCGAATTGGTATCAATATTGCCAGTTATCTTCGTTGCTATACTTCTGCGTTATGCAAAGATTTAGTCCAGGTACTGCTccgaatctcggtattatcccggtaagtgtggactatatttCTGGGTGGAAGCGGG
CAD2.low:Start-3645|PCA1:3646-End|RT:40_nt_each CAGCGGCGGGTTTCAgcgacaacggtttaggtgggtacgggtccccattccttatGCCAGTTATCTTCGTTGCTACTTTGTTGAGATACGCTAAGATTTAGTCCAGGTACTGCTGCTATTTGATTGTAGATTTTCccgaatctcggtattatcccggtaagtgtggactatatttCTGGGTGGAAGCGGG
CAD2.low:Start-3648|PCA1:3649-End|RT:40_nt_each CAGCGGCGGGTTTCAgcgacaacggtttaggtgggtacgggtccccattccttatAGTTATCTTCGTTGCTACTTTGTTGAGATACGCTAAGGTATAGTCCAGGTACTGCTGCTATTTGATTGTAGATTTTCTTTccgaatctcggtattatcccggtaagtgtggactatatttCTGGGTGGAAGCGGG
CAD2.low:Start-114|PCA1:115-End|RT:47_nt_each CAGCGGCGGGTTTCAgcgacaacggtttaggtgggtacgggtccccatAGAATATCTCTATTGACGCAATGCAAGACAATCGGGGTGAATGTCATCGTAGATCCATAGAAATGCATGCTAATGACAATCTGGGATTGGTCTCtcggtattatcccggtaagtgtggactatatttCTGGGTGGAAGCGGG
CAD2.low:Start-129|PCA1:130-End|RT:47_nt_each CAGCGGCGGGTTTCAgcgacaacggtttaggtgggtacgggtccccatACGCAATGCAAGACAATCGGGGTGAATGTCATCTGCGGTCAATCGAGATGCATGCTAATGACAATCTGGGATTGGTCTCCCAGCGAGACTGTACtcggtattatcccggtaagtgtggactatatttCTGGGTGGAAGCGGG
CAD2.low:Start-426|PCA1:427-End|RT:47_nt_each CAGCGGCGGGTTTCAgcgacaacggtttaggtgggtacgggtccccatGGGACGCACAGACTGGTGGTGATCATACTAACGAGTCGTGTGTGGACGGATGCTGCGTTAGAGATTCTTCAGTGATGGTCGAGGAAGTTACAGGtcggtattatcccggtaagtgtggactatatttCTGGGTGGAAGCGGG
CAD2.low:Start-465|PCA1:466-End|RT:47_nt_each CAGCGGCGGGTTTCAgcgacaacggtttaggtgggtacgggtccccatGTGTGGACGAATGTTGTGTCCGAGATTCTAGTGTAATGGTAGAAGAGGTTACAGGCAGCTGCGAAGCTGTATCTTCTAAAGAACAATTGCTGACtcggtattatcccggtaagtgtggactatatttCTGGGTGGAAGCGGG
CAD2.low:Start-627|PCA1:628-End|RT:47_nt_each CAGCGGCGGGTTTCAgcgacaacggtttaggtgggtacgggtccccatGATGTAATACTAACAGCAATCAGCATACAGGTAAAGGAAGATTGTGTATCGAATCAAGTGACTCTACACTCAAGAAAAGAAGTTGTAAAGTTAGtcggtattatcccggtaagtgtggactatatttCTGGGTGGAAGCGGG
CAD2.low:Start-660|PCA1:661-End|RT:47_nt_each CAGCGGCGGGTTTCAgcgacaacggtttaggtgggtacgggtccccatAAGGAAGATTGTGTCTTGAGAGCAGTGATAGCACTTTAAAGAAAAGAAGTTGTAAAGTTAGCAGACAGAAAATTGAGGTTTCCAGTAAGCCTGAtcggtattatcccggtaagtgtggactatatttCTGGGTGGAAGCGGG
CAD2.low:Start-774|PCA1:775-End|RT:47_nt_each CAGCGGCGGGTTTCAgcgacaacggtttaggtgggtacgggtccccatTCGAAAGAATCGCTAGTAGATCTTGTGAGAAAAGAACGTTCAAGGGAAGCACCAATGTTGGAATTTCTGGGAGTAGCTCTACCGACAGTTTAAGtcggtattatcccggtaagtgtggactatatttCTGGGTGGAAGCGGG
CAD2.low:Start-1032|PCA1:1033-End|RT:47_nt_each CAGCGGCGGGTTTCAgcgacaacggtttaggtgggtacgggtccccatAGTATAGTTATAGGAATTCTAGTGGTTGTCTGACCAAGAAGAAAACTCATGGAGACAAAGAAAGGTTGAGCAATGACAATGGCCATGCTGATTTtcggtattatcccggtaagtgtggactatatttCTGGGTGGAAGCGGG
CAD2.low:Start-1188|PCA1:1189-End|RT:47_nt_each CAGCGGCGGGTTTCAgcgacaacggtttaggtgggtacgggtccccatGACATTCCAGTTCAGAGATCTCGAGGATTGTCAGTATGGAGCCGATCGAAAATCATCTTAATCTTGAGGCAGGATCTACCGGTACCGAGCACATtcggtattatcccggtaagtgtggactatatttCTGGGTGGAAGCGGG
CAD2.low:Start-1257|PCA1:1258-End|RT:47_nt_each CAGCGGCGGGTTTCAgcgacaacggtttaggtgggtacgggtccccatCTGGCAGCACTGGTACTGAACACATAGTGTTGTCAGTAAGTGGAATGTCCTGTACTGGTTGTGAATCAAAACTTAAGAAATCATTTGGCGCGCTtcggtattatcccggtaagtgtggactatatttCTGGGTGGAAGCGGG
CAD2.low:Start-1275|PCA1:1276-End|RT:47_nt_each CAGCGGCGGGTTTCAgcgacaacggtttaggtgggtacgggtccccatAACACATAGTGTTGTCAGTAAGTGGAATGACCTGTACTGGATGCGAGTCAAAACTTAAGAAATCATTTGGCGCGCTCAAATGTGTTCACGGTTTtcggtattatcccggtaagtgtggactatatttCTGGGTGGAAGCGGG
CAD2.low:Start-1446|PCA1:1447-End|RT:47_nt_each CAGCGGCGGGTTTCAgcgacaacggtttaggtgggtacgggtccccatATCTTTCTAAAACGACAGAGTTTAAATATGAGCAAATCAGCAACCACGGTTCAACTATAGATGTTGTTGTTCCTTATGCAGCAAAAGATTTTATtcggtattatcccggtaagtgtggactatatttCTGGGTGGAAGCGGG
CAD2.low:Start-1467|PCA1:1468-End|RT:47_nt_each CAGCGGCGGGTTTCAgcgacaacggtttaggtgggtacgggtccccatTTAAATATGAGCAAATCAGCAACCACGCCTCTACAATTGATGTGGTGGTTCCTTATGCAGCAAAAGATTTTATTAATGAGGAATGGCCACAAGGtcggtattatcccggtaagtgtggactatatttCTGGGTGGAAGCGGG
CAD2.low:Start-1545|PCA1:1546-End|RT:47_nt_each CAGCGGCGGGTTTCAgcgacaacggtttaggtgggtacgggtccccatAGGAATGGCCTCAAGGGGTAACGGAGTTGAAGATCGTCGAACGCAACATCATTCGTATTTACTTTGACCCAAAGGTTATAGGTGCCAGAGATCTtcggtattatcccggtaagtgtggactatatttCTGGGTGGAAGCGGG
CAD2.low:Start-1770|PCA1:1771-End|RT:47_nt_each CAGCGGCGGGTTTCAgcgacaacggtttaggtgggtacgggtccccatTATTAGTTATGGCGTGGGCCCCGCAATTGAGAGAGAAGATCTCAACAATCTCCGCGTCAATGGTGCTAGCAACTATTATTCAATTTGTTATTGCtcggtattatcccggtaagtgtggactatatttCTGGGTGGAAGCGGG
CAD2.low:Start-1773|PCA1:1774-End|RT:47_nt_each CAGCGGCGGGTTTCAgcgacaacggtttaggtgggtacgggtccccatTAGTTATGGCGTGGGCCCCGCAATTGAGAGAGAAGATCTCAACAATGTCCGCGTCAATGGTGCTAGCAACTATTATTCAATTTGTTATTGCAGGtcggtattatcccggtaagtgtggactatatttCTGGGTGGAAGCGGG
CAD2.low:Start-1944|PCA1:1945-End|RT:47_nt_each CAGCGGCGGGTTTCAgcgacaacggtttaggtgggtacgggtccccatCGAGCGCGGCATATATCTTTAGTATTGTGAGTTTTGGTTACTTTGTAGTTGGACGCCCGTTATCTACGGAGCAGTTTTTTGAAACCAGCTCTTTtcggtattatcccggtaagtgtggactatatttCTGGGTGGAAGCGGG
CAD2.low:Start-1947|PCA1:1948-End|RT:47_nt_each CAGCGGCGGGTTTCAgcgacaacggtttaggtgggtacgggtccccatGCGCGGCATATATCTTTAGTATTGTGAGTTTTGGTTACTTTGTAGCCGGACGCCCGTTATCTACGGAGCAGTTTTTTGAAACCAGCTCTTTGCTtcggtattatcccggtaagtgtggactatatttCTGGGTGGAAGCGGG
CAD2.low:Start-2127|PCA1:2128-End|RT:47_nt_each CAGCGGCGGGTTTCAgcgacaacggtttaggtgggtacgggtccccatCTTCATCTGCAATACTGGTCGACAAGACAGGGAAGGAAACTGAGATAAATATTAGACTTCTCCAATATGGCGATATTTTTAAGGTTTTACCTGAtcggtattatcccggtaagtgtggactatatttCTGGGTGGAAGCGGG
CAD2.low:Start-2163|PCA1:2164-End|RT:47_nt_each CAGCGGCGGGTTTCAgcgacaacggtttaggtgggtacgggtccccatAAACTGAGATAGACATACGCCTGTTGCAGTACGGCGATATTTTCAAAGTTTTACCTGATTCAAGAATCCCAACTGATGGAACAGTCATTTCTGGtcggtattatcccggtaagtgtggactatatttCTGGGTGGAAGCGGG
CAD2.low:Start-2505|PCA1:2506-End|RT:47_nt_each CAGCGGCGGGTTTCAgcgacaacggtttaggtgggtacgggtccccatTTACCGTGGTTACTTTCTGTGTCTGGATTGCTGTGGGGATTAGGGTCGAAAAGCAATCCCGCTCCGATGCCGTAATTCAGGCCATTATATATGCtcggtattatcccggtaagtgtggactatatttCTGGGTGGAAGCGGG
CAD2.low:Start-2583|PCA1:2584-End|RT:47_nt_each CAGCGGCGGGTTTCAgcgacaacggtttaggtgggtacgggtccccatAAGCGATAATTTATGCTATAACTGTTTTAATTGTCAGTTGCCCATGCGTGATTGGACTTGCCGTTCCTATCGTATTTGTTATTGCAAGTGGCGTtcggtattatcccggtaagtgtggactatatttCTGGGTGGAAGCGGG
CAD2.low:Start-2907|PCA1:2908-End|RT:47_nt_each CAGCGGCGGGTTTCAgcgacaacggtttaggtgggtacgggtccccatGAGTGAGCGCCCAAAACGTTTCAAACACCAAGGCAGTTACAGGGAAACGGGTAGAAGGAACATCATACTCTGGTTTGAAGTTACAAGGAGGGAAtcggtattatcccggtaagtgtggactatatttCTGGGTGGAAGCGGG
CAD2.low:Start-3339|PCA1:3340-End|RT:47_nt_each CAGCGGCGGGTTTCAgcgacaacggtttaggtgggtacgggtccccatAGAGGCCTGTAGTAGTGTTCTGTGGTGATGGTACCAATGATGCTATTGGTTTGACTCAAGCAACGATTGGAGTTCATATCAATGAGGGAAGTGAtcggtattatcccggtaagtgtggactatatttCTGGGTGGAAGCGGG
CAD2.low:Start-3624|PCA1:3625-End|RT:47_nt_each CAGCGGCGGGTTTCAgcgacaacggtttaggtgggtacgggtccccatCCGGATTGGGCGAATTGGTATCAATATTGCCAGTTATCTTCGTTGCTATACTTCTGCGTTATGCAAAGATTTAGTCCAGGTACTGCTGCTATTTtcggtattatcccggtaagtgtggactatatttCTGGGTGGAAGCGGG
CAD2.low:Start-3645|PCA1:3646-End|RT:47_nt_each CAGCGGCGGGTTTCAgcgacaacggtttaggtgggtacgggtccccatCAATATTGCCAGTTATCTTCGTTGCTACTTTGTTGAGATACGCTAAGATTTAGTCCAGGTACTGCTGCTATTTGATTGTAGATTTTCTTTTTTCtcggtattatcccggtaagtgtggactatatttCTGGGTGGAAGCGGG
CAD2.low:Start-3648|PCA1:3649-End|RT:47_nt_each CAGCGGCGGGTTTCAgcgacaacggtttaggtgggtacgggtccccatTATTGCCAGTTATCTTCGTTGCTACTTTGTTGAGATACGCTAAGGTATAGTCCAGGTACTGCTGCTATTTGATTGTAGATTTTCTTTTTTCTTTtcggtattatcccggtaagtgtggactatatttCTGGGTGGAAGCGGG
CAD2.low:Start-114|PCA1:115-End|RT:55_nt_each CAGCGGCGGGTTTCAgcgacaacggtttaggtgggtacggGAATAGCGAGAATATCTCTATTGACGCAATGCAAGACAATCGGGGTGAATGTCATCGTAGATCCATAGAAATGCATGCTAATGACAATCTGGGATTGGTCTCCCAGCGAGatcccggtaagtgtggactatatttCTGGGTGGAAGCGGG
CAD2.low:Start-129|PCA1:130-End|RT:55_nt_each CAGCGGCGGGTTTCAgcgacaacggtttaggtgggtacggCTCTATTGACGCAATGCAAGACAATCGGGGTGAATGTCATCTGCGGTCAATCGAGATGCATGCTAATGACAATCTGGGATTGGTCTCCCAGCGAGACTGTACCAATCGGCatcccggtaagtgtggactatatttCTGGGTGGAAGCGGG
CAD2.low:Start-426|PCA1:427-End|RT:55_nt_each CAGCGGCGGGTTTCAgcgacaacggtttaggtgggtacggGTGCTGTGGGGACGCACAGACTGGTGGTGATCATACTAACGAGTCGTGTGTGGACGGATGCTGCGTTAGAGATTCTTCAGTGATGGTCGAGGAAGTTACAGGCAGCTGCGatcccggtaagtgtggactatatttCTGGGTGGAAGCGGG
CAD2.low:Start-465|PCA1:466-End|RT:55_nt_each CAGCGGCGGGTTTCAgcgacaacggtttaggtgggtacggCGAGTCGTGTGTGGACGAATGTTGTGTCCGAGATTCTAGTGTAATGGTAGAAGAGGTTACAGGCAGCTGCGAAGCTGTATCTTCTAAAGAACAATTGCTGACCAGCTTTGatcccggtaagtgtggactatatttCTGGGTGGAAGCGGG
CAD2.low:Start-627|PCA1:628-End|RT:55_nt_each CAGCGGCGGGTTTCAgcgacaacggtttaggtgggtacggAACCACAAGATGTAATACTAACAGCAATCAGCATACAGGTAAAGGAAGATTGTGTATCGAATCAAGTGACTCTACACTCAAGAAAAGAAGTTGTAAAGTTAGCAGACAGAatcccggtaagtgtggactatatttCTGGGTGGAAGCGGG
CAD2.low:Start-660|PCA1:661-End|RT:55_nt_each CAGCGGCGGGTTTCAgcgacaacggtttaggtgggtacggTACAGGTAAAGGAAGATTGTGTCTTGAGAGCAGTGATAGCACTTTAAAGAAAAGAAGTTGTAAAGTTAGCAGACAGAAAATTGAGGTTTCCAGTAAGCCTGAGTGCTGCAatcccggtaagtgtggactatatttCTGGGTGGAAGCGGG
CAD2.low:Start-774|PCA1:775-End|RT:55_nt_each CAGCGGCGGGTTTCAgcgacaacggtttaggtgggtacggAAGCTGCGTCGAAAGAATCGCTAGTAGATCTTGTGAGAAAAGAACGTTCAAGGGAAGCACCAATGTTGGAATTTCTGGGAGTAGCTCTACCGACAGTTTAAGCGAGAAGTatcccggtaagtgtggactatatttCTGGGTGGAAGCGGG
CAD2.low:Start-1032|PCA1:1033-End|RT:55_nt_each CAGCGGCGGGTTTCAgcgacaacggtttaggtgggtacggGAAGACAAAGTATAGTTATAGGAATTCTAGTGGTTGTCTGACCAAGAAGAAAACTCATGGAGACAAAGAAAGGTTGAGCAATGACAATGGCCATGCTGATTTTGTTTGTTatcccggtaagtgtggactatatttCTGGGTGGAAGCGGG
CAD2.low:Start-1188|PCA1:1189-End|RT:55_nt_each CAGCGGCGGGTTTCAgcgacaacggtttaggtgggtacggGATTTCGGGACATTCCAGTTCAGAGATCTCGAGGATTGTCAGTATGGAGCCGATCGAAAATCATCTTAATCTTGAGGCAGGATCTACCGGTACCGAGCACATTGTTCTTAatcccggtaagtgtggactatatttCTGGGTGGAAGCGGG
CAD2.low:Start-1257|PCA1:1258-End|RT:55_nt_each CAGCGGCGGGTTTCAgcgacaacggtttaggtgggtacggCTTGGAAGCTGGCAGCACTGGTACTGAACACATAGTGTTGTCAGTAAGTGGAATGTCCTGTACTGGTTGTGAATCAAAACTTAAGAAATCATTTGGCGCGCTCAAATGTGatcccggtaagtgtggactatatttCTGGGTGGAAGCGGG
CAD2.low:Start-1275|PCA1:1276-End|RT:55_nt_each CAGCGGCGGGTTTCAgcgacaacggtttaggtgggtacggTGGTACTGAACACATAGTGTTGTCAGTAAGTGGAATGACCTGTACTGGATGCGAGTCAAAACTTAAGAAATCATTTGGCGCGCTCAAATGTGTTCACGGTTTGAAGACCAatcccggtaagtgtggactatatttCTGGGTGGAAGCGGG
CAD2.low:Start-1446|PCA1:1447-End|RT:55_nt_each CAGCGGCGGGTTTCAgcgacaacggtttaggtgggtacggCATAAAACATCTTTCTAAAACGACAGAGTTTAAATATGAGCAAATCAGCAACCACGGTTCAACTATAGATGTTGTTGTTCCTTATGCAGCAAAAGATTTTATTAATGAGGatcccggtaagtgtggactatatttCTGGGTGGAAGCGGG
CAD2.low:Start-1467|PCA1:1468-End|RT:55_nt_each CAGCGGCGGGTTTCAgcgacaacggtttaggtgggtacggGACAGAGTTTAAATATGAGCAAATCAGCAACCACGCCTCTACAATTGATGTGGTGGTTCCTTATGCAGCAAAAGATTTTATTAATGAGGAATGGCCACAAGGTGTCACAGatcccggtaagtgtggactatatttCTGGGTGGAAGCGGG
CAD2.low:Start-1545|PCA1:1546-End|RT:55_nt_each CAGCGGCGGGTTTCAgcgacaacggtttaggtgggtacggCATAAACGAGGAATGGCCTCAAGGGGTAACGGAGTTGAAGATCGTCGAACGCAACATCATTCGTATTTACTTTGACCCAAAGGTTATAGGTGCCAGAGATCTTGTCAATGatcccggtaagtgtggactatatttCTGGGTGGAAGCGGG
CAD2.low:Start-1770|PCA1:1771-End|RT:55_nt_each CAGCGGCGGGTTTCAgcgacaacggtttaggtgggtacggCATACCCATATTAGTTATGGCGTGGGCCCCGCAATTGAGAGAGAAGATCTCAACAATCTCCGCGTCAATGGTGCTAGCAACTATTATTCAATTTGTTATTGCAGGACCGTatcccggtaagtgtggactatatttCTGGGTGGAAGCGGG
CAD2.low:Start-1773|PCA1:1774-End|RT:55_nt_each CAGCGGCGGGTTTCAgcgacaacggtttaggtgggtacggACCCATATTAGTTATGGCGTGGGCCCCGCAATTGAGAGAGAAGATCTCAACAATGTCCGCGTCAATGGTGCTAGCAACTATTATTCAATTTGTTATTGCAGGACCGTTTTatcccggtaagtgtggactatatttCTGGGTGGAAGCGGG
CAD2.low:Start-1944|PCA1:1945-End|RT:55_nt_each CAGCGGCGGGTTTCAgcgacaacggtttaggtgggtacggCTTGTCTACGAGCGCGGCATATATCTTTAGTATTGTGAGTTTTGGTTACTTTGTAGTTGGACGCCCGTTATCTACGGAGCAGTTTTTTGAAACCAGCTCTTTGCTTGTAAatcccggtaagtgtggactatatttCTGGGTGGAAGCGGG
CAD2.low:Start-1947|PCA1:1948-End|RT:55_nt_each CAGCGGCGGGTTTCAgcgacaacggtttaggtgggtacggGTCTACGAGCGCGGCATATATCTTTAGTATTGTGAGTTTTGGTTACTTTGTAGCCGGACGCCCGTTATCTACGGAGCAGTTTTTTGAAACCAGCTCTTTGCTTGTAACTCatcccggtaagtgtggactatatttCTGGGTGGAAGCGGG
CAD2.low:Start-2127|PCA1:2128-End|RT:55_nt_each CAGCGGCGGGTTTCAgcgacaacggtttaggtgggtacggACTGCAAGCTTCATCTGCAATACTGGTCGACAAGACAGGGAAGGAAACTGAGATAAATATTAGACTTCTCCAATATGGCGATATTTTTAAGGTTTTACCTGATTCAAGAAatcccggtaagtgtggactatatttCTGGGTGGAAGCGGG
CAD2.low:Start-2163|PCA1:2164-End|RT:55_nt_each CAGCGGCGGGTTTCAgcgacaacggtttaggtgggtacggAGGGAAGGAAACTGAGATAGACATACGCCTGTTGCAGTACGGCGATATTTTCAAAGTTTTACCTGATTCAAGAATCCCAACTGATGGAACAGTCATTTCTGGGTCTTCTGatcccggtaagtgtggactatatttCTGGGTGGAAGCGGG
CAD2.low:Start-2505|PCA1:2506-End|RT:55_nt_each CAGCGGCGGGTTTCAgcgacaacggtttaggtgggtacggTATTGGCATTACCGTGGTTACTTTCTGTGTCTGGATTGCTGTGGGGATTAGGGTCGAAAAGCAATCCCGCTCCGATGCCGTAATTCAGGCCATTATATATGCCATTACGGatcccggtaagtgtggactatatttCTGGGTGGAAGCGGG
CAD2.low:Start-2583|PCA1:2584-End|RT:55_nt_each CAGCGGCGGGTTTCAgcgacaacggtttaggtgggtacggTGTTATCCAAGCGATAATTTATGCTATAACTGTTTTAATTGTCAGTTGCCCATGCGTGATTGGACTTGCCGTTCCTATCGTATTTGTTATTGCAAGTGGCGTCGCTGCGAatcccggtaagtgtggactatatttCTGGGTGGAAGCGGG
CAD2.low:Start-2907|PCA1:2908-End|RT:55_nt_each CAGCGGCGGGTTTCAgcgacaacggtttaggtgggtacggAGAAAAGGGAGTGAGCGCCCAAAACGTTTCAAACACCAAGGCAGTTACAGGGAAACGGGTAGAAGGAACATCATACTCTGGTTTGAAGTTACAAGGAGGGAACTGTCGTTatcccggtaagtgtggactatatttCTGGGTGGAAGCGGG
CAD2.low:Start-3339|PCA1:3340-End|RT:55_nt_each CAGCGGCGGGTTTCAgcgacaacggtttaggtgggtacggACAAAGCAAGAGGCCTGTAGTAGTGTTCTGTGGTGATGGTACCAATGATGCTATTGGTTTGACTCAAGCAACGATTGGAGTTCATATCAATGAGGGAAGTGAGGTTGCCAatcccggtaagtgtggactatatttCTGGGTGGAAGCGGG
CAD2.low:Start-3624|PCA1:3625-End|RT:55_nt_each CAGCGGCGGGTTTCAgcgacaacggtttaggtgggtacggCGAATACGCCGGATTGGGCGAATTGGTATCAATATTGCCAGTTATCTTCGTTGCTATACTTCTGCGTTATGCAAAGATTTAGTCCAGGTACTGCTGCTATTTGATTGTAGatcccggtaagtgtggactatatttCTGGGTGGAAGCGGG
CAD2.low:Start-3645|PCA1:3646-End|RT:55_nt_each CAGCGGCGGGTTTCAgcgacaacggtttaggtgggtacggATTGGTATCAATATTGCCAGTTATCTTCGTTGCTACTTTGTTGAGATACGCTAAGATTTAGTCCAGGTACTGCTGCTATTTGATTGTAGATTTTCTTTTTTCTTTTCTTTatcccggtaagtgtggactatatttCTGGGTGGAAGCGGG
CAD2.low:Start-3648|PCA1:3649-End|RT:55_nt_each CAGCGGCGGGTTTCAgcgacaacggtttaggtgggtacggGGTATCAATATTGCCAGTTATCTTCGTTGCTACTTTGTTGAGATACGCTAAGGTATAGTCCAGGTACTGCTGCTATTTGATTGTAGATTTTCTTTTTTCTTTTCTTTTTTatcccggtaagtgtggactatatttCTGGGTGGAAGCGGG
CAD2.low:Start-114|PCA1:115-End|RT:64_nt_each CAGCGGCGGGTTTCAgcgacaacggtttaggTGGTGTTGTGAATAGCGAGAATATCTCTATTGACGCAATGCAAGACAATCGGGGTGAATGTCATCGTAGATCCATAGAAATGCATGCTAATGACAATCTGGGATTGGTCTCCCAGCGAGACTGTACCAagtgtggactatatttCTGGGTGGAAGCGGG
CAD2.low:Start-129|PCA1:130-End|RT:64_nt_each CAGCGGCGGGTTTCAgcgacaacggtttaggCGAGAATATCTCTATTGACGCAATGCAAGACAATCGGGGTGAATGTCATCTGCGGTCAATCGAGATGCATGCTAATGACAATCTGGGATTGGTCTCCCAGCGAGACTGTACCAATCGGCCCAAAATTAagtgtggactatatttCTGGGTGGAAGCGGG
CAD2.low:Start-426|PCA1:427-End|RT:64_nt_each CAGCGGCGGGTTTCAgcgacaacggtttaggCGTTGATTCGTGCTGTGGGGACGCACAGACTGGTGGTGATCATACTAACGAGTCGTGTGTGGACGGATGCTGCGTTAGAGATTCTTCAGTGATGGTCGAGGAAGTTACAGGCAGCTGCGAAGCTGTATagtgtggactatatttCTGGGTGGAAGCGGG
CAD2.low:Start-465|PCA1:466-End|RT:64_nt_each CAGCGGCGGGTTTCAgcgacaacggtttaggTCATACTAACGAGTCGTGTGTGGACGAATGTTGTGTCCGAGATTCTAGTGTAATGGTAGAAGAGGTTACAGGCAGCTGCGAAGCTGTATCTTCTAAAGAACAATTGCTGACCAGCTTTGAAGTTGTTCagtgtggactatatttCTGGGTGGAAGCGGG
CAD2.low:Start-627|PCA1:628-End|RT:64_nt_each CAGCGGCGGGTTTCAgcgacaacggtttaggCATTCGCGAAACCACAAGATGTAATACTAACAGCAATCAGCATACAGGTAAAGGAAGATTGTGTATCGAATCAAGTGACTCTACACTCAAGAAAAGAAGTTGTAAAGTTAGCAGACAGAAAATTGAGGagtgtggactatatttCTGGGTGGAAGCGGG
CAD2.low:Start-660|PCA1:661-End|RT:64_nt_each CAGCGGCGGGTTTCAgcgacaacggtttaggCAATCAGCATACAGGTAAAGGAAGATTGTGTCTTGAGAGCAGTGATAGCACTTTAAAGAAAAGAAGTTGTAAAGTTAGCAGACAGAAAATTGAGGTTTCCAGTAAGCCTGAGTGCTGCAACATTTCATagtgtggactatatttCTGGGTGGAAGCGGG
CAD2.low:Start-774|PCA1:775-End|RT:64_nt_each CAGCGGCGGGTTTCAgcgacaacggtttaggTTGTAATATAAGCTGCGTCGAAAGAATCGCTAGTAGATCTTGTGAGAAAAGAACGTTCAAGGGAAGCACCAATGTTGGAATTTCTGGGAGTAGCTCTACCGACAGTTTAAGCGAGAAGTTCTTCAGCGagtgtggactatatttCTGGGTGGAAGCGGG
CAD2.low:Start-1032|PCA1:1033-End|RT:64_nt_each CAGCGGCGGGTTTCAgcgacaacggtttaggCGCGAGCAAGAAGACAAAGTATAGTTATAGGAATTCTAGTGGTTGTCTGACCAAGAAGAAAACTCATGGAGACAAAGAAAGGTTGAGCAATGACAATGGCCATGCTGATTTTGTTTGTTCTAAAAGTTagtgtggactatatttCTGGGTGGAAGCGGG
CAD2.low:Start-1188|PCA1:1189-End|RT:64_nt_each CAGCGGCGGGTTTCAgcgacaacggtttaggGACTTCCACGATTTCGGGACATTCCAGTTCAGAGATCTCGAGGATTGTCAGTATGGAGCCGATCGAAAATCATCTTAATCTTGAGGCAGGATCTACCGGTACCGAGCACATTGTTCTTAGTGTTTCAGagtgtggactatatttCTGGGTGGAAGCGGG
CAD2.low:Start-1257|PCA1:1258-End|RT:64_nt_each CAGCGGCGGGTTTCAgcgacaacggtttaggTCATTTGAACTTGGAAGCTGGCAGCACTGGTACTGAACACATAGTGTTGTCAGTAAGTGGAATGTCCTGTACTGGTTGTGAATCAAAACTTAAGAAATCATTTGGCGCGCTCAAATGTGTTCACGGTTagtgtggactatatttCTGGGTGGAAGCGGG
CAD2.low:Start-1275|PCA1:1276-End|RT:64_nt_each CAGCGGCGGGTTTCAgcgacaacggtttaggTGGCAGCACTGGTACTGAACACATAGTGTTGTCAGTAAGTGGAATGACCTGTACTGGATGCGAGTCAAAACTTAAGAAATCATTTGGCGCGCTCAAATGTGTTCACGGTTTGAAGACCAGTTTAATATagtgtggactatatttCTGGGTGGAAGCGGG
CAD2.low:Start-1446|PCA1:1447-End|RT:64_nt_each CAGCGGCGGGTTTCAgcgacaacggtttaggTAAAGACGTCATAAAACATCTTTCTAAAACGACAGAGTTTAAATATGAGCAAATCAGCAACCACGGTTCAACTATAGATGTTGTTGTTCCTTATGCAGCAAAAGATTTTATTAATGAGGAATGGCCACagtgtggactatatttCTGGGTGGAAGCGGG
CAD2.low:Start-1467|PCA1:1468-End|RT:64_nt_each CAGCGGCGGGTTTCAgcgacaacggtttaggTTCTAAAACGACAGAGTTTAAATATGAGCAAATCAGCAACCACGCCTCTACAATTGATGTGGTGGTTCCTTATGCAGCAAAAGATTTTATTAATGAGGAATGGCCACAAGGTGTCACAGAGCTGAAAAagtgtggactatatttCTGGGTGGAAGCGGG
CAD2.low:Start-1545|PCA1:1546-End|RT:64_nt_each CAGCGGCGGGTTTCAgcgacaacggtttaggTAAAGACTTCATAAACGAGGAATGGCCTCAAGGGGTAACGGAGTTGAAGATCGTCGAACGCAACATCATTCGTATTTACTTTGACCCAAAGGTTATAGGTGCCAGAGATCTTGTCAATGAAGGATGGAagtgtggactatatttCTGGGTGGAAGCGGG
CAD2.low:Start-1770|PCA1:1771-End|RT:64_nt_each CAGCGGCGGGTTTCAgcgacaacggtttaggTATTCTAACCATACCCATATTAGTTATGGCGTGGGCCCCGCAATTGAGAGAGAAGATCTCAACAATCTCCGCGTCAATGGTGCTAGCAACTATTATTCAATTTGTTATTGCAGGACCGTTTTACTTAAagtgtggactatatttCTGGGTGGAAGCGGG
CAD2.low:Start-1773|PCA1:1774-End|RT:64_nt_each CAGCGGCGGGTTTCAgcgacaacggtttaggTCTAACCATACCCATATTAGTTATGGCGTGGGCCCCGCAATTGAGAGAGAAGATCTCAACAATGTCCGCGTCAATGGTGCTAGCAACTATTATTCAATTTGTTATTGCAGGACCGTTTTACTTAAATGagtgtggactatatttCTGGGTGGAAGCGGG
CAD2.low:Start-1944|PCA1:1945-End|RT:64_nt_each CAGCGGCGGGTTTCAgcgacaacggtttaggGTTGATTGTCTTGTCTACGAGCGCGGCATATATCTTTAGTATTGTGAGTTTTGGTTACTTTGTAGTTGGACGCCCGTTATCTACGGAGCAGTTTTTTGAAACCAGCTCTTTGCTTGTAACTCTCATCAagtgtggactatatttCTGGGTGGAAGCGGG
CAD2.low:Start-1947|PCA1:1948-End|RT:64_nt_each CAGCGGCGGGTTTCAgcgacaacggtttaggGATTGTCTTGTCTACGAGCGCGGCATATATCTTTAGTATTGTGAGTTTTGGTTACTTTGTAGCCGGACGCCCGTTATCTACGGAGCAGTTTTTTGAAACCAGCTCTTTGCTTGTAACTCTCATCATGGagtgtggactatatttCTGGGTGGAAGCGGG
CAD2.low:Start-2127|PCA1:2128-End|RT:64_nt_each CAGCGGCGGGTTTCAgcgacaacggtttaggCGTGCGCTCACTGCAAGCTTCATCTGCAATACTGGTCGACAAGACAGGGAAGGAAACTGAGATAAATATTAGACTTCTCCAATATGGCGATATTTTTAAGGTTTTACCTGATTCAAGAATCCCAACTGagtgtggactatatttCTGGGTGGAAGCGGG
CAD2.low:Start-2163|PCA1:2164-End|RT:64_nt_each CAGCGGCGGGTTTCAgcgacaacggtttaggCGACAAGACAGGGAAGGAAACTGAGATAGACATACGCCTGTTGCAGTACGGCGATATTTTCAAAGTTTTACCTGATTCAAGAATCCCAACTGATGGAACAGTCATTTCTGGGTCTTCTGAAGTCGACGagtgtggactatatttCTGGGTGGAAGCGGG
CAD2.low:Start-2505|PCA1:2506-End|RT:64_nt_each CAGCGGCGGGTTTCAgcgacaacggtttaggTCCCACCATTATTGGCATTACCGTGGTTACTTTCTGTGTCTGGATTGCTGTGGGGATTAGGGTCGAAAAGCAATCCCGCTCCGATGCCGTAATTCAGGCCATTATATATGCCATTACGGTACTTATCGagtgtggactatatttCTGGGTGGAAGCGGG
CAD2.low:Start-2583|PCA1:2584-End|RT:64_nt_each CAGCGGCGGGTTTCAgcgacaacggtttaggGAGCGATGCTGTTATCCAAGCGATAATTTATGCTATAACTGTTTTAATTGTCAGTTGCCCATGCGTGATTGGACTTGCCGTTCCTATCGTATTTGTTATTGCAAGTGGCGTCGCTGCGAAAAGAGGGGagtgtggactatatttCTGGGTGGAAGCGGG
CAD2.low:Start-2907|PCA1:2908-End|RT:64_nt_each CAGCGGCGGGTTTCAgcgacaacggtttaggCTACTTAAAAGAAAAGGGAGTGAGCGCCCAAAACGTTTCAAACACCAAGGCAGTTACAGGGAAACGGGTAGAAGGAACATCATACTCTGGTTTGAAGTTACAAGGAGGGAACTGTCGTTGGCTTGGTCagtgtggactatatttCTGGGTGGAAGCGGG
CAD2.low:Start-3339|PCA1:3340-End|RT:64_nt_each CAGCGGCGGGTTTCAgcgacaacggtttaggCTCATCTTCACAAAGCAAGAGGCCTGTAGTAGTGTTCTGTGGTGATGGTACCAATGATGCTATTGGTTTGACTCAAGCAACGATTGGAGTTCATATCAATGAGGGAAGTGAGGTTGCCAAGCTAGCTGagtgtggactatatttCTGGGTGGAAGCGGG
CAD2.low:Start-3624|PCA1:3625-End|RT:64_nt_each CAGCGGCGGGTTTCAgcgacaacggtttaggTATACCTCCCGAATACGCCGGATTGGGCGAATTGGTATCAATATTGCCAGTTATCTTCGTTGCTATACTTCTGCGTTATGCAAAGATTTAGTCCAGGTACTGCTGCTATTTGATTGTAGATTTTCTTTagtgtggactatatttCTGGGTGGAAGCGGG
CAD2.low:Start-3645|PCA1:3646-End|RT:64_nt_each CAGCGGCGGGTTTCAgcgacaacggtttaggATTGGGCGAATTGGTATCAATATTGCCAGTTATCTTCGTTGCTACTTTGTTGAGATACGCTAAGATTTAGTCCAGGTACTGCTGCTATTTGATTGTAGATTTTCTTTTTTCTTTTCTTTTTTTTTTTTagtgtggactatatttCTGGGTGGAAGCGGG
CAD2.low:Start-3648|PCA1:3649-End|RT:64_nt_each CAGCGGCGGGTTTCAgcgacaacggtttaggGGGCGAATTGGTATCAATATTGCCAGTTATCTTCGTTGCTACTTTGTTGAGATACGCTAAGGTATAGTCCAGGTACTGCTGCTATTTGATTGTAGATTTTCTTTTTTCTTTTCTTTTTTTTTTTTGACagtgtggactatatttCTGGGTGGAAGCGGG
CAD2.low:Start-114|PCA1:115-End|RT:74_nt_each CAGCGGCGGGTTTCAgcgacaACGGTGAGTATGGTGTTGTGAATAGCGAGAATATCTCTATTGACGCAATGCAAGACAATCGGGGTGAATGTCATCGTAGATCCATAGAAATGCATGCTAATGACAATCTGGGATTGGTCTCCCAGCGAGACTGTACCAATCGGCCCAAatatttCTGGGTGGAAGCGGG
CAD2.low:Start-129|PCA1:130-End|RT:74_nt_each CAGCGGCGGGTTTCAgcgacaTTGTGAATAGCGAGAATATCTCTATTGACGCAATGCAAGACAATCGGGGTGAATGTCATCTGCGGTCAATCGAGATGCATGCTAATGACAATCTGGGATTGGTCTCCCAGCGAGACTGTACCAATCGGCCCAAAATTACTCCTCAGGAatatttCTGGGTGGAAGCGGG
CAD2.low:Start-426|PCA1:427-End|RT:74_nt_each CAGCGGCGGGTTTCAgcgacaCCGGTCTCGACGTTGATTCGTGCTGTGGGGACGCACAGACTGGTGGTGATCATACTAACGAGTCGTGTGTGGACGGATGCTGCGTTAGAGATTCTTCAGTGATGGTCGAGGAAGTTACAGGCAGCTGCGAAGCTGTATCTTCTAAAGAatatttCTGGGTGGAAGCGGG
CAD2.low:Start-465|PCA1:466-End|RT:74_nt_each CAGCGGCGGGTTTCAgcgacaCTGGTGGTGATCATACTAACGAGTCGTGTGTGGACGAATGTTGTGTCCGAGATTCTAGTGTAATGGTAGAAGAGGTTACAGGCAGCTGCGAAGCTGTATCTTCTAAAGAACAATTGCTGACCAGCTTTGAAGTTGTTCCAAGCAAATCatatttCTGGGTGGAAGCGGG
CAD2.low:Start-627|PCA1:628-End|RT:74_nt_each CAGCGGCGGGTTTCAgcgacaGTATACACGACATTCGCGAAACCACAAGATGTAATACTAACAGCAATCAGCATACAGGTAAAGGAAGATTGTGTATCGAATCAAGTGACTCTACACTCAAGAAAAGAAGTTGTAAAGTTAGCAGACAGAAAATTGAGGTTTCCAGTAAatatttCTGGGTGGAAGCGGG
CAD2.low:Start-660|PCA1:661-End|RT:74_nt_each CAGCGGCGGGTTTCAgcgacaATACTAACAGCAATCAGCATACAGGTAAAGGAAGATTGTGTCTTGAGAGCAGTGATAGCACTTTAAAGAAAAGAAGTTGTAAAGTTAGCAGACAGAAAATTGAGGTTTCCAGTAAGCCTGAGTGCTGCAACATTTCATGTGTTGAGCGatatttCTGGGTGGAAGCGGG
CAD2.low:Start-774|PCA1:775-End|RT:74_nt_each CAGCGGCGGGTTTCAgcgacaAACCCGAATGTTGTAATATAAGCTGCGTCGAAAGAATCGCTAGTAGATCTTGTGAGAAAAGAACGTTCAAGGGAAGCACCAATGTTGGAATTTCTGGGAGTAGCTCTACCGACAGTTTAAGCGAGAAGTTCTTCAGCGAACAGTACTCatatttCTGGGTGGAAGCGGG
CAD2.low:Start-1032|PCA1:1033-End|RT:74_nt_each CAGCGGCGGGTTTCAgcgacaCCGGTGAAGGCGCGAGCAAGAAGACAAAGTATAGTTATAGGAATTCTAGTGGTTGTCTGACCAAGAAGAAAACTCATGGAGACAAAGAAAGGTTGAGCAATGACAATGGCCATGCTGATTTTGTTTGTTCTAAAAGTTGTTGCACTAAatatttCTGGGTGGAAGCGGG
CAD2.low:Start-1188|PCA1:1189-End|RT:74_nt_each CAGCGGCGGGTTTCAgcgacaACTGCGCCGTGACTTCCACGATTTCGGGACATTCCAGTTCAGAGATCTCGAGGATTGTCAGTATGGAGCCGATCGAAAATCATCTTAATCTTGAGGCAGGATCTACCGGTACCGAGCACATTGTTCTTAGTGTTTCAGGAATGTCCTGatatttCTGGGTGGAAGCGGG
CAD2.low:Start-1257|PCA1:1258-End|RT:74_nt_each CAGCGGCGGGTTTCAgcgacaCGATCGGGAATCATTTGAACTTGGAAGCTGGCAGCACTGGTACTGAACACATAGTGTTGTCAGTAAGTGGAATGTCCTGTACTGGTTGTGAATCAAAACTTAAGAAATCATTTGGCGCGCTCAAATGTGTTCACGGTTTGAAGACCAGatatttCTGGGTGGAAGCGGG
CAD2.low:Start-1275|PCA1:1276-End|RT:74_nt_each CAGCGGCGGGTTTCAgcgacaACTTGGAAGCTGGCAGCACTGGTACTGAACACATAGTGTTGTCAGTAAGTGGAATGACCTGTACTGGATGCGAGTCAAAACTTAAGAAATCATTTGGCGCGCTCAAATGTGTTCACGGTTTGAAGACCAGTTTAATATTATCGCAAGCatatttCTGGGTGGAAGCGGG
CAD2.low:Start-1446|PCA1:1447-End|RT:74_nt_each CAGCGGCGGGTTTCAgcgacaAAGGTAGTGTTAAAGACGTCATAAAACATCTTTCTAAAACGACAGAGTTTAAATATGAGCAAATCAGCAACCACGGTTCAACTATAGATGTTGTTGTTCCTTATGCAGCAAAAGATTTTATTAATGAGGAATGGCCACAAGGTGTCACatatttCTGGGTGGAAGCGGG
CAD2.low:Start-1467|PCA1:1468-End|RT:74_nt_each CAGCGGCGGGTTTCAgcgacaTAAAACATCTTTCTAAAACGACAGAGTTTAAATATGAGCAAATCAGCAACCACGCCTCTACAATTGATGTGGTGGTTCCTTATGCAGCAAAAGATTTTATTAATGAGGAATGGCCACAAGGTGTCACAGAGCTGAAAATTGTTGAGAGatatttCTGGGTGGAAGCGGG
CAD2.low:Start-1545|PCA1:1546-End|RT:74_nt_each CAGCGGCGGGTTTCAgcgacaCCTACGCAGCTAAAGACTTCATAAACGAGGAATGGCCTCAAGGGGTAACGGAGTTGAAGATCGTCGAACGCAACATCATTCGTATTTACTTTGACCCAAAGGTTATAGGTGCCAGAGATCTTGTCAATGAAGGATGGAGCGTGCCTGTatatttCTGGGTGGAAGCGGG
CAD2.low:Start-1770|PCA1:1771-End|RT:74_nt_each CAGCGGCGGGTTTCAgcgacaCACTTAGTATTATTCTAACCATACCCATATTAGTTATGGCGTGGGCCCCGCAATTGAGAGAGAAGATCTCAACAATCTCCGCGTCAATGGTGCTAGCAACTATTATTCAATTTGTTATTGCAGGACCGTTTTACTTAAATGCCTTGAAatatttCTGGGTGGAAGCGGG
CAD2.low:Start-1773|PCA1:1774-End|RT:74_nt_each CAGCGGCGGGTTTCAgcgacaTTAGTATTATTCTAACCATACCCATATTAGTTATGGCGTGGGCCCCGCAATTGAGAGAGAAGATCTCAACAATGTCCGCGTCAATGGTGCTAGCAACTATTATTCAATTTGTTATTGCAGGACCGTTTTACTTAAATGCCTTGAAGAGatatttCTGGGTGGAAGCGGG
CAD2.low:Start-1944|PCA1:1945-End|RT:74_nt_each CAGCGGCGGGTTTCAgcgacaAGATGGACTTGTTGATTGTCTTGTCTACGAGCGCGGCATATATCTTTAGTATTGTGAGTTTTGGTTACTTTGTAGTTGGACGCCCGTTATCTACGGAGCAGTTTTTTGAAACCAGCTCTTTGCTTGTAACTCTCATCATGGTTGGTCGatatttCTGGGTGGAAGCGGG
CAD2.low:Start-1947|PCA1:1948-End|RT:74_nt_each CAGCGGCGGGTTTCAgcgacaTGGACTTGTTGATTGTCTTGTCTACGAGCGCGGCATATATCTTTAGTATTGTGAGTTTTGGTTACTTTGTAGCCGGACGCCCGTTATCTACGGAGCAGTTTTTTGAAACCAGCTCTTTGCTTGTAACTCTCATCATGGTTGGTCGCTTatatttCTGGGTGGAAGCGGG
CAD2.low:Start-2127|PCA1:2128-End|RT:74_nt_each CAGCGGCGGGTTTCAgcgacaAATCGATTAGCGTGCGCTCACTGCAAGCTTCATCTGCAATACTGGTCGACAAGACAGGGAAGGAAACTGAGATAAATATTAGACTTCTCCAATATGGCGATATTTTTAAGGTTTTACCTGATTCAAGAATCCCAACTGATGGAACAGTatatttCTGGGTGGAAGCGGG
CAD2.low:Start-2163|PCA1:2164-End|RT:74_nt_each CAGCGGCGGGTTTCAgcgacaCAATACTGGTCGACAAGACAGGGAAGGAAACTGAGATAGACATACGCCTGTTGCAGTACGGCGATATTTTCAAAGTTTTACCTGATTCAAGAATCCCAACTGATGGAACAGTCATTTCTGGGTCTTCTGAAGTCGACGAAGCGTTAATatatttCTGGGTGGAAGCGGG
CAD2.low:Start-2505|PCA1:2506-End|RT:74_nt_each CAGCGGCGGGTTTCAgcgacaCTTACTTTGTTCCCACCATTATTGGCATTACCGTGGTTACTTTCTGTGTCTGGATTGCTGTGGGGATTAGGGTCGAAAAGCAATCCCGCTCCGATGCCGTAATTCAGGCCATTATATATGCCATTACGGTACTTATCGTTTCGTGTCCatatttCTGGGTGGAAGCGGG
CAD2.low:Start-2583|PCA1:2584-End|RT:74_nt_each CAGCGGCGGGTTTCAgcgacaAGCAGTCTAGGAGCGATGCTGTTATCCAAGCGATAATTTATGCTATAACTGTTTTAATTGTCAGTTGCCCATGCGTGATTGGACTTGCCGTTCCTATCGTATTTGTTATTGCAAGTGGCGTCGCTGCGAAAAGAGGGGTAATCTTCAAatatttCTGGGTGGAAGCGGG
CAD2.low:Start-2907|PCA1:2908-End|RT:74_nt_each CAGCGGCGGGTTTCAgcgacaCTATTGCCAGCTACTTAAAAGAAAAGGGAGTGAGCGCCCAAAACGTTTCAAACACCAAGGCAGTTACAGGGAAACGGGTAGAAGGAACATCATACTCTGGTTTGAAGTTACAAGGAGGGAACTGTCGTTGGCTTGGTCATAACAATGAatatttCTGGGTGGAAGCGGG
CAD2.low:Start-3339|PCA1:3340-End|RT:74_nt_each CAGCGGCGGGTTTCAgcgacaGAAACTGTGACTCATCTTCACAAAGCAAGAGGCCTGTAGTAGTGTTCTGTGGTGATGGTACCAATGATGCTATTGGTTTGACTCAAGCAACGATTGGAGTTCATATCAATGAGGGAAGTGAGGTTGCCAAGCTAGCTGCTGATGTAGTatatttCTGGGTGGAAGCGGG
CAD2.low:Start-3624|PCA1:3625-End|RT:74_nt_each CAGCGGCGGGTTTCAgcgacaTAGACTTTCATATACCTCCCGAATACGCCGGATTGGGCGAATTGGTATCAATATTGCCAGTTATCTTCGTTGCTATACTTCTGCGTTATGCAAAGATTTAGTCCAGGTACTGCTGCTATTTGATTGTAGATTTTCTTTTTTCTTTTCTatatttCTGGGTGGAAGCGGG
CAD2.low:Start-3645|PCA1:3646-End|RT:74_nt_each CAGCGGCGGGTTTCAgcgacaAATACGCCGGATTGGGCGAATTGGTATCAATATTGCCAGTTATCTTCGTTGCTACTTTGTTGAGATACGCTAAGATTTAGTCCAGGTACTGCTGCTATTTGATTGTAGATTTTCTTTTTTCTTTTCTTTTTTTTTTTTGACGACTCTGatatttCTGGGTGGAAGCGGG
CAD2.low:Start-3648|PCA1:3649-End|RT:74_nt_each CAGCGGCGGGTTTCAgcgacaACGCCGGATTGGGCGAATTGGTATCAATATTGCCAGTTATCTTCGTTGCTACTTTGTTGAGATACGCTAAGGTATAGTCCAGGTACTGCTGCTATTTGATTGTAGATTTTCTTTTTTCTTTTCTTTTTTTTTTTTGACGACTCTGTAAatatttCTGGGTGGAAGCGGG
CAD2.low:Start-114|PCA1:115-End|RT:80_nt_each CAGCGGCGGGTTTCACTTCTGACGGTGAGTATGGTGTTGTGAATAGCGAGAATATCTCTATTGACGCAATGCAAGACAATCGGGGTGAATGTCATCGTAGATCCATAGAAATGCATGCTAATGACAATCTGGGATTGGTCTCCCAGCGAGACTGTACCAATCGGCCCAAAATTACCTGGGTGGAAGCGGG
CAD2.low:Start-129|PCA1:130-End|RT:80_nt_each CAGCGGCGGGTTTCAATGGTGTTGTGAATAGCGAGAATATCTCTATTGACGCAATGCAAGACAATCGGGGTGAATGTCATCTGCGGTCAATCGAGATGCATGCTAATGACAATCTGGGATTGGTCTCCCAGCGAGACTGTACCAATCGGCCCAAAATTACTCCTCAGGAATGTTTCTGGGTGGAAGCGGG
CAD2.low:Start-426|PCA1:427-End|RT:80_nt_each CAGCGGCGGGTTTCACAGAAACCGGTCTCGACGTTGATTCGTGCTGTGGGGACGCACAGACTGGTGGTGATCATACTAACGAGTCGTGTGTGGACGGATGCTGCGTTAGAGATTCTTCAGTGATGGTCGAGGAAGTTACAGGCAGCTGCGAAGCTGTATCTTCTAAAGAACAATTCTGGGTGGAAGCGGG
CAD2.low:Start-465|PCA1:466-End|RT:80_nt_each CAGCGGCGGGTTTCACACAGACTGGTGGTGATCATACTAACGAGTCGTGTGTGGACGAATGTTGTGTCCGAGATTCTAGTGTAATGGTAGAAGAGGTTACAGGCAGCTGCGAAGCTGTATCTTCTAAAGAACAATTGCTGACCAGCTTTGAAGTTGTTCCAAGCAAATCTGAAGGCTGGGTGGAAGCGGG
CAD2.low:Start-627|PCA1:628-End|RT:80_nt_each CAGCGGCGGGTTTCATGCAGAGTATACACGACATTCGCGAAACCACAAGATGTAATACTAACAGCAATCAGCATACAGGTAAAGGAAGATTGTGTATCGAATCAAGTGACTCTACACTCAAGAAAAGAAGTTGTAAAGTTAGCAGACAGAAAATTGAGGTTTCCAGTAAGCCTGACTGGGTGGAAGCGGG
CAD2.low:Start-660|PCA1:661-End|RT:80_nt_each CAGCGGCGGGTTTCAGATGTAATACTAACAGCAATCAGCATACAGGTAAAGGAAGATTGTGTCTTGAGAGCAGTGATAGCACTTTAAAGAAAAGAAGTTGTAAAGTTAGCAGACAGAAAATTGAGGTTTCCAGTAAGCCTGAGTGCTGCAACATTTCATGTGTTGAGCGGATTGCCTGGGTGGAAGCGGG
CAD2.low:Start-774|PCA1:775-End|RT:80_nt_each CAGCGGCGGGTTTCAGCTCAAAACCCGAATGTTGTAATATAAGCTGCGTCGAAAGAATCGCTAGTAGATCTTGTGAGAAAAGAACGTTCAAGGGAAGCACCAATGTTGGAATTTCTGGGAGTAGCTCTACCGACAGTTTAAGCGAGAAGTTCTTCAGCGAACAGTACTCTAGAATCTGGGTGGAAGCGGG
CAD2.low:Start-1032|PCA1:1033-End|RT:80_nt_each CAGCGGCGGGTTTCATCTGCTCCGGTGAAGGCGCGAGCAAGAAGACAAAGTATAGTTATAGGAATTCTAGTGGTTGTCTGACCAAGAAGAAAACTCATGGAGACAAAGAAAGGTTGAGCAATGACAATGGCCATGCTGATTTTGTTTGTTCTAAAAGTTGTTGCACTAAAATGAACTGGGTGGAAGCGGG
CAD2.low:Start-1188|PCA1:1189-End|RT:80_nt_each CAGCGGCGGGTTTCATGAAAGACTGCGCCGTGACTTCCACGATTTCGGGACATTCCAGTTCAGAGATCTCGAGGATTGTCAGTATGGAGCCGATCGAAAATCATCTTAATCTTGAGGCAGGATCTACCGGTACCGAGCACATTGTTCTTAGTGTTTCAGGAATGTCCTGTACTGGCTGGGTGGAAGCGGG
CAD2.low:Start-1257|PCA1:1258-End|RT:80_nt_each CAGCGGCGGGTTTCATGGAGCCGATCGGGAATCATTTGAACTTGGAAGCTGGCAGCACTGGTACTGAACACATAGTGTTGTCAGTAAGTGGAATGTCCTGTACTGGTTGTGAATCAAAACTTAAGAAATCATTTGGCGCGCTCAAATGTGTTCACGGTTTGAAGACCAGTTTAATCTGGGTGGAAGCGGG
CAD2.low:Start-1275|PCA1:1276-End|RT:80_nt_each CAGCGGCGGGTTTCAATTTGAACTTGGAAGCTGGCAGCACTGGTACTGAACACATAGTGTTGTCAGTAAGTGGAATGACCTGTACTGGATGCGAGTCAAAACTTAAGAAATCATTTGGCGCGCTCAAATGTGTTCACGGTTTGAAGACCAGTTTAATATTATCGCAAGCTGAATTCTGGGTGGAAGCGGG
CAD2.low:Start-1446|PCA1:1447-End|RT:80_nt_each CAGCGGCGGGTTTCATGGCACAAGGTAGTGTTAAAGACGTCATAAAACATCTTTCTAAAACGACAGAGTTTAAATATGAGCAAATCAGCAACCACGGTTCAACTATAGATGTTGTTGTTCCTTATGCAGCAAAAGATTTTATTAATGAGGAATGGCCACAAGGTGTCACAGAGCTCTGGGTGGAAGCGGG
CAD2.low:Start-1467|PCA1:1468-End|RT:80_nt_each CAGCGGCGGGTTTCAACGTCATAAAACATCTTTCTAAAACGACAGAGTTTAAATATGAGCAAATCAGCAACCACGCCTCTACAATTGATGTGGTGGTTCCTTATGCAGCAAAAGATTTTATTAATGAGGAATGGCCACAAGGTGTCACAGAGCTGAAAATTGTTGAGAGAAATATCTGGGTGGAAGCGGG
CAD2.low:Start-1545|PCA1:1546-End|RT:80_nt_each CAGCGGCGGGTTTCATGGCGCCCTACGCAGCTAAAGACTTCATAAACGAGGAATGGCCTCAAGGGGTAACGGAGTTGAAGATCGTCGAACGCAACATCATTCGTATTTACTTTGACCCAAAGGTTATAGGTGCCAGAGATCTTGTCAATGAAGGATGGAGCGTGCCTGTTAGTATCTGGGTGGAAGCGGG
CAD2.low:Start-1770|PCA1:1771-End|RT:80_nt_each CAGCGGCGGGTTTCACAACGGCACTTAGTATTATTCTAACCATACCCATATTAGTTATGGCGTGGGCCCCGCAATTGAGAGAGAAGATCTCAACAATCTCCGCGTCAATGGTGCTAGCAACTATTATTCAATTTGTTATTGCAGGACCGTTTTACTTAAATGCCTTGAAGAGTTTCTGGGTGGAAGCGGG
CAD2.low:Start-1773|PCA1:1774-End|RT:80_nt_each CAGCGGCGGGTTTCACGGCACTTAGTATTATTCTAACCATACCCATATTAGTTATGGCGTGGGCCCCGCAATTGAGAGAGAAGATCTCAACAATGTCCGCGTCAATGGTGCTAGCAACTATTATTCAATTTGTTATTGCAGGACCGTTTTACTTAAATGCCTTGAAGAGTTTGATCTGGGTGGAAGCGGG
CAD2.low:Start-1944|PCA1:1945-End|RT:80_nt_each CAGCGGCGGGTTTCATGATTGAGATGGACTTGTTGATTGTCTTGTCTACGAGCGCGGCATATATCTTTAGTATTGTGAGTTTTGGTTACTTTGTAGTTGGACGCCCGTTATCTACGGAGCAGTTTTTTGAAACCAGCTCTTTGCTTGTAACTCTCATCATGGTTGGTCGCTTTGTCTGGGTGGAAGCGGG
CAD2.low:Start-1947|PCA1:1948-End|RT:80_nt_each CAGCGGCGGGTTTCATTGAGATGGACTTGTTGATTGTCTTGTCTACGAGCGCGGCATATATCTTTAGTATTGTGAGTTTTGGTTACTTTGTAGCCGGACGCCCGTTATCTACGGAGCAGTTTTTTGAAACCAGCTCTTTGCTTGTAACTCTCATCATGGTTGGTCGCTTTGTGAGCTGGGTGGAAGCGGG
CAD2.low:Start-2127|PCA1:2128-End|RT:80_nt_each CAGCGGCGGGTTTCACCGTTAAATCGATTAGCGTGCGCTCACTGCAAGCTTCATCTGCAATACTGGTCGACAAGACAGGGAAGGAAACTGAGATAAATATTAGACTTCTCCAATATGGCGATATTTTTAAGGTTTTACCTGATTCAAGAATCCCAACTGATGGAACAGTCATTTCCTGGGTGGAAGCGGG
CAD2.low:Start-2163|PCA1:2164-End|RT:80_nt_each CAGCGGCGGGTTTCACATCTGCAATACTGGTCGACAAGACAGGGAAGGAAACTGAGATAGACATACGCCTGTTGCAGTACGGCGATATTTTCAAAGTTTTACCTGATTCAAGAATCCCAACTGATGGAACAGTCATTTCTGGGTCTTCTGAAGTCGACGAAGCGTTAATCACAGGCTGGGTGGAAGCGGG
CAD2.low:Start-2505|PCA1:2506-End|RT:80_nt_each CAGCGGCGGGTTTCATCGCGTCTTACTTTGTTCCCACCATTATTGGCATTACCGTGGTTACTTTCTGTGTCTGGATTGCTGTGGGGATTAGGGTCGAAAAGCAATCCCGCTCCGATGCCGTAATTCAGGCCATTATATATGCCATTACGGTACTTATCGTTTCGTGTCCCTGCGTCTGGGTGGAAGCGGG
CAD2.low:Start-2583|PCA1:2584-End|RT:80_nt_each CAGCGGCGGGTTTCATCCAAAAGCAGTCTAGGAGCGATGCTGTTATCCAAGCGATAATTTATGCTATAACTGTTTTAATTGTCAGTTGCCCATGCGTGATTGGACTTGCCGTTCCTATCGTATTTGTTATTGCAAGTGGCGTCGCTGCGAAAAGAGGGGTAATCTTCAAATCAGCCTGGGTGGAAGCGGG
CAD2.low:Start-2907|PCA1:2908-End|RT:80_nt_each CAGCGGCGGGTTTCACTATGGCTATTGCCAGCTACTTAAAAGAAAAGGGAGTGAGCGCCCAAAACGTTTCAAACACCAAGGCAGTTACAGGGAAACGGGTAGAAGGAACATCATACTCTGGTTTGAAGTTACAAGGAGGGAACTGTCGTTGGCTTGGTCATAACAATGATCCTGACTGGGTGGAAGCGGG
CAD2.low:Start-3339|PCA1:3340-End|RT:80_nt_each CAGCGGCGGGTTTCAAGGGACGAAACTGTGACTCATCTTCACAAAGCAAGAGGCCTGTAGTAGTGTTCTGTGGTGATGGTACCAATGATGCTATTGGTTTGACTCAAGCAACGATTGGAGTTCATATCAATGAGGGAAGTGAGGTTGCCAAGCTAGCTGCTGATGTAGTTATGTTCTGGGTGGAAGCGGG
CAD2.low:Start-3624|PCA1:3625-End|RT:80_nt_each CAGCGGCGGGTTTCACGTTTGTAGACTTTCATATACCTCCCGAATACGCCGGATTGGGCGAATTGGTATCAATATTGCCAGTTATCTTCGTTGCTATACTTCTGCGTTATGCAAAGATTTAGTCCAGGTACTGCTGCTATTTGATTGTAGATTTTCTTTTTTCTTTTCTTTTTTTCTGGGTGGAAGCGGG
CAD2.low:Start-3645|PCA1:3646-End|RT:80_nt_each CAGCGGCGGGTTTCACTCCCGAATACGCCGGATTGGGCGAATTGGTATCAATATTGCCAGTTATCTTCGTTGCTACTTTGTTGAGATACGCTAAGATTTAGTCCAGGTACTGCTGCTATTTGATTGTAGATTTTCTTTTTTCTTTTCTTTTTTTTTTTTGACGACTCTGTAATACCTGGGTGGAAGCGGG
CAD2.low:Start-3648|PCA1:3649-End|RT:80_nt_each CAGCGGCGGGTTTCACCGAATACGCCGGATTGGGCGAATTGGTATCAATATTGCCAGTTATCTTCGTTGCTACTTTGTTGAGATACGCTAAGGTATAGTCCAGGTACTGCTGCTATTTGATTGTAGATTTTCTTTTTTCTTTTCTTTTTTTTTTTTGACGACTCTGTAATACTCTCTGGGTGGAAGCGGG
