>CAD2:Start-114|PCA1:115-End|RT:20_nt_each CGTGCAATGTGGCGTgcgacaacggtttaggtgggtacgggtccccattccttatatagaaatggcatgttagatATAATAGAGGCGAGTGTCATCGTAGATCCATAGAAATGCAtagctaagcgcagggacttcccgaatctcggtattatcccggtaagtgtggactatatttACCACGAGTCCAGCG
CAD2:Start-129|PCA1:130-End|RT:20_nt_each CGTGCAATGTGGCGTgcgacaacggtttaggtgggtacgggtccccattccttatatagaaatggcatgttagatGTCATCTTAGGTCCATAGAAATGCATGCTAATGACAATCTtagctaagcgcagggacttcccgaatctcggtattatcccggtaagtgtggactatatttACCACGAGTCCAGCG
CAD2:Start-426|PCA1:427-End|RT:20_nt_each CGTGCAATGTGGCGTgcgacaacggtttaggtgggtacgggtccccattccttatatagaaatggcatgttagatCCAATGAATCCTGTGTTGATGGATGCTGCGTTAGAGATTCtagctaagcgcagggacttcccgaatctcggtattatcccggtaagtgtggactatatttACCACGAGTCCAGCG
CAD2:Start-465|PCA1:466-End|RT:20_nt_each CGTGCAATGTGGCGTgcgacaacggtttaggtgggtacgggtccccattccttatatagaaatggcatgttagatCTTCAGTGATGGTCGAGGAAGTTACAGGCAGCTGCGAAGCtagctaagcgcagggacttcccgaatctcggtattatcccggtaagtgtggactatatttACCACGAGTCCAGCG
CAD2:Start-627|PCA1:628-End|RT:20_nt_each CGTGCAATGTGGCGTgcgacaacggtttaggtgggtacgggtccccattccttatatagaaatggcatgttagatCAGGGAAGGGTAGGCTTTGCATCGAATCAAGTGACTCTACtagctaagcgcagggacttcccgaatctcggtattatcccggtaagtgtggactatatttACCACGAGTCCAGCG
CAD2:Start-660|PCA1:661-End|RT:20_nt_each CGTGCAATGTGGCGTgcgacaacggtttaggtgggtacgggtccccattccttatatagaaatggcatgttagatACTCTACACTCAAGAAAAGAAGTTGTAAAGTTAGCAGACAtagctaagcgcagggacttcccgaatctcggtattatcccggtaagtgtggactatatttACCACGAGTCCAGCG
CAD2:Start-774|PCA1:775-End|RT:20_nt_each CGTGCAATGTGGCGTgcgacaacggtttaggtgggtacgggtccccattccttatatagaaatggcatgttagatAAAAGAGGACTTTTAAAGGTAGCACCAATGTTGGAATTTCtagctaagcgcagggacttcccgaatctcggtattatcccggtaagtgtggactatatttACCACGAGTCCAGCG
CAD2:Start-1032|PCA1:1033-End|RT:20_nt_each CGTGCAATGTGGCGTgcgacaacggtttaggtgggtacgggtccccattccttatatagaaatggcatgttagatGTTTAACAAAGAAAAAGACCCATGGAGACAAAGAAAGGTTtagctaagcgcagggacttcccgaatctcggtattatcccggtaagtgtggactatatttACCACGAGTCCAGCG
CAD2:Start-1188|PCA1:1189-End|RT:20_nt_each CGTGCAATGTGGCGTgcgacaacggtttaggtgggtacgggtccccattccttatatagaaatggcatgttagatTCGTATCAATGGAACCAATTGAAAATCATCTTAATCTTGAtagctaagcgcagggacttcccgaatctcggtattatcccggtaagtgtggactatatttACCACGAGTCCAGCG
CAD2:Start-1257|PCA1:1258-End|RT:20_nt_each CGTGCAATGTGGCGTgcgacaacggtttaggtgggtacgggtccccattccttatatagaaatggcatgttagatTTCTTAGTGTTTCAGGAATGTCCTGTACTGGTTGTGAATCtagctaagcgcagggacttcccgaatctcggtattatcccggtaagtgtggactatatttACCACGAGTCCAGCG
CAD2:Start-1275|PCA1:1276-End|RT:20_nt_each CGTGCAATGTGGCGTgcgacaacggtttaggtgggtacgggtccccattccttatatagaaatggcatgttagatTGACCTGTACTGGTTGTGAATCAAAACTTAAGAAATCATTtagctaagcgcagggacttcccgaatctcggtattatcccggtaagtgtggactatatttACCACGAGTCCAGCG
CAD2:Start-1446|PCA1:1447-End|RT:20_nt_each CGTGCAATGTGGCGTgcgacaacggtttaggtgggtacgggtccccattccttatatagaaatggcatgttagatACGAACAGATTTCAAATCATGGTTCAACTATAGATGTTGTtagctaagcgcagggacttcccgaatctcggtattatcccggtaagtgtggactatatttACCACGAGTCCAGCG
CAD2:Start-1467|PCA1:1468-End|RT:20_nt_each CGTGCAATGTGGCGTgcgacaacggtttaggtgggtacgggtccccattccttatatagaaatggcatgttagatCTTCAACTATAGATGTTGTTGTTCCTTATGCAGCAAAAGAtagctaagcgcagggacttcccgaatctcggtattatcccggtaagtgtggactatatttACCACGAGTCCAGCG
CAD2:Start-1545|PCA1:1546-End|RT:20_nt_each CGTGCAATGTGGCGTgcgacaacggtttaggtgggtacgggtccccattccttatatagaaatggcatgttagatTGAAAATTGTTGAGAGAAATATCATTCGTATTTACTTTGAtagctaagcgcagggacttcccgaatctcggtattatcccggtaagtgtggactatatttACCACGAGTCCAGCG
CAD2:Start-1770|PCA1:1771-End|RT:20_nt_each CGTGCAATGTGGCGTgcgacaacggtttaggtgggtacgggtccccattccttatatagaaatggcatgttagatTTCGTGAAAAAATTTCAACTATCTCCGCGTCAATGGTGCTtagctaagcgcagggacttcccgaatctcggtattatcccggtaagtgtggactatatttACCACGAGTCCAGCG
CAD2:Start-1773|PCA1:1774-End|RT:20_nt_each CGTGCAATGTGGCGTgcgacaacggtttaggtgggtacgggtccccattccttatatagaaatggcatgttagatGTGAAAAAATTTCAACTATGTCCGCGTCAATGGTGCTAGCtagctaagcgcagggacttcccgaatctcggtattatcccggtaagtgtggactatatttACCACGAGTCCAGCG
CAD2:Start-1944|PCA1:1945-End|RT:20_nt_each CGTGCAATGTGGCGTgcgacaacggtttaggtgggtacgggtccccattccttatatagaaatggcatgttagatTATCATTTGGATATTTCGTTGTTGGACGCCCGTTATCTACtagctaagcgcagggacttcccgaatctcggtattatcccggtaagtgtggactatatttACCACGAGTCCAGCG
CAD2:Start-1947|PCA1:1948-End|RT:20_nt_each CGTGCAATGTGGCGTgcgacaacggtttaggtgggtacgggtccccattccttatatagaaatggcatgttagatCATTTGGATATTTCGTTGCTGGACGCCCGTTATCTACGGAtagctaagcgcagggacttcccgaatctcggtattatcccggtaagtgtggactatatttACCACGAGTCCAGCG
CAD2:Start-2127|PCA1:2128-End|RT:20_nt_each CGTGCAATGTGGCGTgcgacaacggtttaggtgggtacgggtccccattccttatatagaaatggcatgttagatCTGGTAAAGAGACGGAAATTAATATTAGACTTCTCCAATAtagctaagcgcagggacttcccgaatctcggtattatcccggtaagtgtggactatatttACCACGAGTCCAGCG
CAD2:Start-2163|PCA1:2164-End|RT:20_nt_each CGTGCAATGTGGCGTgcgacaacggtttaggtgggtacgggtccccattccttatatagaaatggcatgttagatAATATGGCGATATTTTTAAGGTTTTACCTGATTCAAGAATtagctaagcgcagggacttcccgaatctcggtattatcccggtaagtgtggactatatttACCACGAGTCCAGCG
CAD2:Start-2505|PCA1:2506-End|RT:20_nt_each CGTGCAATGTGGCGTgcgacaacggtttaggtgggtacgggtccccattccttatatagaaatggcatgttagatTAGCGGTTGGAATCCGTGTGGAAAAGCAATCCCGCTCCGAtagctaagcgcagggacttcccgaatctcggtattatcccggtaagtgtggactatatttACCACGAGTCCAGCG
CAD2:Start-2583|PCA1:2584-End|RT:20_nt_each CGTGCAATGTGGCGTgcgacaacggtttaggtgggtacgggtccccattccttatatagaaatggcatgttagatTTATCGTGTCATGTCCCTGCGTGATTGGACTTGCCGTTCCtagctaagcgcagggacttcccgaatctcggtattatcccggtaagtgtggactatatttACCACGAGTCCAGCG
CAD2:Start-2907|PCA1:2908-End|RT:20_nt_each CGTGCAATGTGGCGTgcgacaacggtttaggtgggtacgggtccccattccttatatagaaatggcatgttagatCAAAAGCTGTGACTGGTAAGCGGGTAGAAGGAACATCATAtagctaagcgcagggacttcccgaatctcggtattatcccggtaagtgtggactatatttACCACGAGTCCAGCG
CAD2:Start-3339|PCA1:3340-End|RT:20_nt_each CGTGCAATGTGGCGTgcgacaacggtttaggtgggtacgggtccccattccttatatagaaatggcatgttagatACGGAACAAACGACGCAATTGGTTTGACTCAAGCAACGATtagctaagcgcagggacttcccgaatctcggtattatcccggtaagtgtggactatatttACCACGAGTCCAGCG
CAD2:Start-3624|PCA1:3625-End|RT:20_nt_each CGTGCAATGTGGCGTgcgacaacggtttaggtgggtacgggtccccattccttatatagaaatggcatgttagatTCCCTGTAATTTTTGTAGCTATACTTCTGCGTTATGCAAAtagctaagcgcagggacttcccgaatctcggtattatcccggtaagtgtggactatatttACCACGAGTCCAGCG
CAD2:Start-3645|PCA1:3646-End|RT:20_nt_each CGTGCAATGTGGCGTgcgacaacggtttaggtgggtacgggtccccattccttatatagaaatggcatgttagatCACTTCTGCGTTATGCAAAGATTTAGTCCAGGTACTGCTGtagctaagcgcagggacttcccgaatctcggtattatcccggtaagtgtggactatatttACCACGAGTCCAGCG
CAD2:Start-3648|PCA1:3649-End|RT:20_nt_each CGTGCAATGTGGCGTgcgacaacggtttaggtgggtacgggtccccattccttatatagaaatggcatgttagatTTCTGCGTTATGCAAAGGTTTAGTCCAGGTACTGCTGCTAtagctaagcgcagggacttcccgaatctcggtattatcccggtaagtgtggactatatttACCACGAGTCCAGCG
CAD2:Start-114|PCA1:115-End|RT:22_nt_each CGTGCAATGTGGCGTgcgacaacggtttaggtgggtacgggtccccattccttatatagaaatggcatgttagAGATAATAGAGGCGAGTGTCATCGTAGATCCATAGAAATGCATGgctaagcgcagggacttcccgaatctcggtattatcccggtaagtgtggactatatttACCACGAGTCCAGCG
CAD2:Start-129|PCA1:130-End|RT:22_nt_each CGTGCAATGTGGCGTgcgacaacggtttaggtgggtacgggtccccattccttatatagaaatggcatgttagGTGTCATCTTAGGTCCATAGAAATGCATGCTAATGACAATCTGGgctaagcgcagggacttcccgaatctcggtattatcccggtaagtgtggactatatttACCACGAGTCCAGCG
CAD2:Start-426|PCA1:427-End|RT:22_nt_each CGTGCAATGTGGCGTgcgacaacggtttaggtgggtacgggtccccattccttatatagaaatggcatgttagCACCAATGAATCCTGTGTTGATGGATGCTGCGTTAGAGATTCTTgctaagcgcagggacttcccgaatctcggtattatcccggtaagtgtggactatatttACCACGAGTCCAGCG
CAD2:Start-465|PCA1:466-End|RT:22_nt_each CGTGCAATGTGGCGTgcgacaacggtttaggtgggtacgggtccccattccttatatagaaatggcatgttagTTCTTCAGTGATGGTCGAGGAAGTTACAGGCAGCTGCGAAGCTGgctaagcgcagggacttcccgaatctcggtattatcccggtaagtgtggactatatttACCACGAGTCCAGCG
CAD2:Start-627|PCA1:628-End|RT:22_nt_each CGTGCAATGTGGCGTgcgacaacggtttaggtgggtacgggtccccattccttatatagaaatggcatgttagCACAGGGAAGGGTAGGCTTTGCATCGAATCAAGTGACTCTACACgctaagcgcagggacttcccgaatctcggtattatcccggtaagtgtggactatatttACCACGAGTCCAGCG
CAD2:Start-660|PCA1:661-End|RT:22_nt_each CGTGCAATGTGGCGTgcgacaacggtttaggtgggtacgggtccccattccttatatagaaatggcatgttagTGACTCTACACTCAAGAAAAGAAGTTGTAAAGTTAGCAGACAGAgctaagcgcagggacttcccgaatctcggtattatcccggtaagtgtggactatatttACCACGAGTCCAGCG
CAD2:Start-774|PCA1:775-End|RT:22_nt_each CGTGCAATGTGGCGTgcgacaacggtttaggtgggtacgggtccccattccttatatagaaatggcatgttagTGAAAAGAGGACTTTTAAAGGTAGCACCAATGTTGGAATTTCTGgctaagcgcagggacttcccgaatctcggtattatcccggtaagtgtggactatatttACCACGAGTCCAGCG
CAD2:Start-1032|PCA1:1033-End|RT:22_nt_each CGTGCAATGTGGCGTgcgacaacggtttaggtgggtacgggtccccattccttatatagaaatggcatgttagATGTTTAACAAAGAAAAAGACCCATGGAGACAAAGAAAGGTTGAgctaagcgcagggacttcccgaatctcggtattatcccggtaagtgtggactatatttACCACGAGTCCAGCG
CAD2:Start-1188|PCA1:1189-End|RT:22_nt_each CGTGCAATGTGGCGTgcgacaacggtttaggtgggtacgggtccccattccttatatagaaatggcatgttagAATCGTATCAATGGAACCAATTGAAAATCATCTTAATCTTGAGGgctaagcgcagggacttcccgaatctcggtattatcccggtaagtgtggactatatttACCACGAGTCCAGCG
CAD2:Start-1257|PCA1:1258-End|RT:22_nt_each CGTGCAATGTGGCGTgcgacaacggtttaggtgggtacgggtccccattccttatatagaaatggcatgttagTGTTCTTAGTGTTTCAGGAATGTCCTGTACTGGTTGTGAATCAAgctaagcgcagggacttcccgaatctcggtattatcccggtaagtgtggactatatttACCACGAGTCCAGCG
CAD2:Start-1275|PCA1:1276-End|RT:22_nt_each CGTGCAATGTGGCGTgcgacaacggtttaggtgggtacgggtccccattccttatatagaaatggcatgttagAATGACCTGTACTGGTTGTGAATCAAAACTTAAGAAATCATTTGgctaagcgcagggacttcccgaatctcggtattatcccggtaagtgtggactatatttACCACGAGTCCAGCG
CAD2:Start-1446|PCA1:1447-End|RT:22_nt_each CGTGCAATGTGGCGTgcgacaacggtttaggtgggtacgggtccccattccttatatagaaatggcatgttagGTACGAACAGATTTCAAATCATGGTTCAACTATAGATGTTGTTGgctaagcgcagggacttcccgaatctcggtattatcccggtaagtgtggactatatttACCACGAGTCCAGCG
CAD2:Start-1467|PCA1:1468-End|RT:22_nt_each CGTGCAATGTGGCGTgcgacaacggtttaggtgggtacgggtccccattccttatatagaaatggcatgttagTGCTTCAACTATAGATGTTGTTGTTCCTTATGCAGCAAAAGATTgctaagcgcagggacttcccgaatctcggtattatcccggtaagtgtggactatatttACCACGAGTCCAGCG
CAD2:Start-1545|PCA1:1546-End|RT:22_nt_each CGTGCAATGTGGCGTgcgacaacggtttaggtgggtacgggtccccattccttatatagaaatggcatgttagGCTGAAAATTGTTGAGAGAAATATCATTCGTATTTACTTTGACCgctaagcgcagggacttcccgaatctcggtattatcccggtaagtgtggactatatttACCACGAGTCCAGCG
CAD2:Start-1770|PCA1:1771-End|RT:22_nt_each CGTGCAATGTGGCGTgcgacaacggtttaggtgggtacgggtccccattccttatatagaaatggcatgttagGCTTCGTGAAAAAATTTCAACTATCTCCGCGTCAATGGTGCTAGgctaagcgcagggacttcccgaatctcggtattatcccggtaagtgtggactatatttACCACGAGTCCAGCG
CAD2:Start-1773|PCA1:1774-End|RT:22_nt_each CGTGCAATGTGGCGTgcgacaacggtttaggtgggtacgggtccccattccttatatagaaatggcatgttagTCGTGAAAAAATTTCAACTATGTCCGCGTCAATGGTGCTAGCAAgctaagcgcagggacttcccgaatctcggtattatcccggtaagtgtggactatatttACCACGAGTCCAGCG
CAD2:Start-1944|PCA1:1945-End|RT:22_nt_each CGTGCAATGTGGCGTgcgacaacggtttaggtgggtacgggtccccattccttatatagaaatggcatgttagTGTATCATTTGGATATTTCGTTGTTGGACGCCCGTTATCTACGGgctaagcgcagggacttcccgaatctcggtattatcccggtaagtgtggactatatttACCACGAGTCCAGCG
CAD2:Start-1947|PCA1:1948-End|RT:22_nt_each CGTGCAATGTGGCGTgcgacaacggtttaggtgggtacgggtccccattccttatatagaaatggcatgttagATCATTTGGATATTTCGTTGCTGGACGCCCGTTATCTACGGAGCgctaagcgcagggacttcccgaatctcggtattatcccggtaagtgtggactatatttACCACGAGTCCAGCG
CAD2:Start-2127|PCA1:2128-End|RT:22_nt_each CGTGCAATGTGGCGTgcgacaacggtttaggtgggtacgggtccccattccttatatagaaatggcatgttagAACTGGTAAAGAGACGGAAATTAATATTAGACTTCTCCAATATGgctaagcgcagggacttcccgaatctcggtattatcccggtaagtgtggactatatttACCACGAGTCCAGCG
CAD2:Start-2163|PCA1:2164-End|RT:22_nt_each CGTGCAATGTGGCGTgcgacaacggtttaggtgggtacgggtccccattccttatatagaaatggcatgttagCCAATATGGCGATATTTTTAAGGTTTTACCTGATTCAAGAATCCgctaagcgcagggacttcccgaatctcggtattatcccggtaagtgtggactatatttACCACGAGTCCAGCG
CAD2:Start-2505|PCA1:2506-End|RT:22_nt_each CGTGCAATGTGGCGTgcgacaacggtttaggtgggtacgggtccccattccttatatagaaatggcatgttagGATAGCGGTTGGAATCCGTGTGGAAAAGCAATCCCGCTCCGATGgctaagcgcagggacttcccgaatctcggtattatcccggtaagtgtggactatatttACCACGAGTCCAGCG
CAD2:Start-2583|PCA1:2584-End|RT:22_nt_each CGTGCAATGTGGCGTgcgacaacggtttaggtgggtacgggtccccattccttatatagaaatggcatgttagACTTATCGTGTCATGTCCCTGCGTGATTGGACTTGCCGTTCCTAgctaagcgcagggacttcccgaatctcggtattatcccggtaagtgtggactatatttACCACGAGTCCAGCG
CAD2:Start-2907|PCA1:2908-End|RT:22_nt_each CGTGCAATGTGGCGTgcgacaacggtttaggtgggtacgggtccccattccttatatagaaatggcatgttagTACAAAAGCTGTGACTGGTAAGCGGGTAGAAGGAACATCATACTgctaagcgcagggacttcccgaatctcggtattatcccggtaagtgtggactatatttACCACGAGTCCAGCG
CAD2:Start-3339|PCA1:3340-End|RT:22_nt_each CGTGCAATGTGGCGTgcgacaacggtttaggtgggtacgggtccccattccttatatagaaatggcatgttagTGACGGAACAAACGACGCAATTGGTTTGACTCAAGCAACGATTGgctaagcgcagggacttcccgaatctcggtattatcccggtaagtgtggactatatttACCACGAGTCCAGCG
CAD2:Start-3624|PCA1:3625-End|RT:22_nt_each CGTGCAATGTGGCGTgcgacaacggtttaggtgggtacgggtccccattccttatatagaaatggcatgttagCCTCCCTGTAATTTTTGTAGCTATACTTCTGCGTTATGCAAAGAgctaagcgcagggacttcccgaatctcggtattatcccggtaagtgtggactatatttACCACGAGTCCAGCG
CAD2:Start-3645|PCA1:3646-End|RT:22_nt_each CGTGCAATGTGGCGTgcgacaacggtttaggtgggtacgggtccccattccttatatagaaatggcatgttagTACACTTCTGCGTTATGCAAAGATTTAGTCCAGGTACTGCTGCTgctaagcgcagggacttcccgaatctcggtattatcccggtaagtgtggactatatttACCACGAGTCCAGCG
CAD2:Start-3648|PCA1:3649-End|RT:22_nt_each CGTGCAATGTGGCGTgcgacaacggtttaggtgggtacgggtccccattccttatatagaaatggcatgttagACTTCTGCGTTATGCAAAGGTTTAGTCCAGGTACTGCTGCTATTgctaagcgcagggacttcccgaatctcggtattatcccggtaagtgtggactatatttACCACGAGTCCAGCG
CAD2:Start-114|PCA1:115-End|RT:25_nt_each CGTGCAATGTGGCGTgcgacaacggtttaggtgggtacgggtccccattccttatatagaaatggcatgtGCAAGATAATAGAGGCGAGTGTCATCGTAGATCCATAGAAATGCATGCTAaagcgcagggacttcccgaatctcggtattatcccggtaagtgtggactatatttACCACGAGTCCAGCG
CAD2:Start-129|PCA1:130-End|RT:25_nt_each CGTGCAATGTGGCGTgcgacaacggtttaggtgggtacgggtccccattccttatatagaaatggcatgtCGAGTGTCATCTTAGGTCCATAGAAATGCATGCTAATGACAATCTGGGATaagcgcagggacttcccgaatctcggtattatcccggtaagtgtggactatatttACCACGAGTCCAGCG
CAD2:Start-426|PCA1:427-End|RT:25_nt_each CGTGCAATGTGGCGTgcgacaacggtttaggtgggtacgggtccccattccttatatagaaatggcatgtCCACACCAATGAATCCTGTGTTGATGGATGCTGCGTTAGAGATTCTTCAGaagcgcagggacttcccgaatctcggtattatcccggtaagtgtggactatatttACCACGAGTCCAGCG
CAD2:Start-465|PCA1:466-End|RT:25_nt_each CGTGCAATGTGGCGTgcgacaacggtttaggtgggtacgggtccccattccttatatagaaatggcatgtAGATTCTTCAGTGATGGTCGAGGAAGTTACAGGCAGCTGCGAAGCTGTATaagcgcagggacttcccgaatctcggtattatcccggtaagtgtggactatatttACCACGAGTCCAGCG
CAD2:Start-627|PCA1:628-End|RT:25_nt_each CGTGCAATGTGGCGTgcgacaacggtttaggtgggtacgggtccccattccttatatagaaatggcatgtACACACAGGGAAGGGTAGGCTTTGCATCGAATCAAGTGACTCTACACTCAaagcgcagggacttcccgaatctcggtattatcccggtaagtgtggactatatttACCACGAGTCCAGCG
CAD2:Start-660|PCA1:661-End|RT:25_nt_each CGTGCAATGTGGCGTgcgacaacggtttaggtgggtacgggtccccattccttatatagaaatggcatgtCAGTGACTCTACACTCAAGAAAAGAAGTTGTAAAGTTAGCAGACAGAAAAaagcgcagggacttcccgaatctcggtattatcccggtaagtgtggactatatttACCACGAGTCCAGCG
CAD2:Start-774|PCA1:775-End|RT:25_nt_each CGTGCAATGTGGCGTgcgacaacggtttaggtgggtacgggtccccattccttatatagaaatggcatgtCTGTGAAAAGAGGACTTTTAAAGGTAGCACCAATGTTGGAATTTCTGGGAaagcgcagggacttcccgaatctcggtattatcccggtaagtgtggactatatttACCACGAGTCCAGCG
CAD2:Start-1032|PCA1:1033-End|RT:25_nt_each CGTGCAATGTGGCGTgcgacaacggtttaggtgggtacgggtccccattccttatatagaaatggcatgtTGGATGTTTAACAAAGAAAAAGACCCATGGAGACAAAGAAAGGTTGAGCAaagcgcagggacttcccgaatctcggtattatcccggtaagtgtggactatatttACCACGAGTCCAGCG
CAD2:Start-1188|PCA1:1189-End|RT:25_nt_each CGTGCAATGTGGCGTgcgacaacggtttaggtgggtacgggtccccattccttatatagaaatggcatgtAAGAATCGTATCAATGGAACCAATTGAAAATCATCTTAATCTTGAGGCAGaagcgcagggacttcccgaatctcggtattatcccggtaagtgtggactatatttACCACGAGTCCAGCG
CAD2:Start-1257|PCA1:1258-End|RT:25_nt_each CGTGCAATGTGGCGTgcgacaacggtttaggtgggtacgggtccccattccttatatagaaatggcatgtCATTGTTCTTAGTGTTTCAGGAATGTCCTGTACTGGTTGTGAATCAAAACaagcgcagggacttcccgaatctcggtattatcccggtaagtgtggactatatttACCACGAGTCCAGCG
CAD2:Start-1275|PCA1:1276-End|RT:25_nt_each CGTGCAATGTGGCGTgcgacaacggtttaggtgggtacgggtccccattccttatatagaaatggcatgtAGGAATGACCTGTACTGGTTGTGAATCAAAACTTAAGAAATCATTTGGCGaagcgcagggacttcccgaatctcggtattatcccggtaagtgtggactatatttACCACGAGTCCAGCG
CAD2:Start-1446|PCA1:1447-End|RT:25_nt_each CGTGCAATGTGGCGTgcgacaacggtttaggtgggtacgggtccccattccttatatagaaatggcatgtCAAGTACGAACAGATTTCAAATCATGGTTCAACTATAGATGTTGTTGTTCaagcgcagggacttcccgaatctcggtattatcccggtaagtgtggactatatttACCACGAGTCCAGCG
CAD2:Start-1467|PCA1:1468-End|RT:25_nt_each CGTGCAATGTGGCGTgcgacaacggtttaggtgggtacgggtccccattccttatatagaaatggcatgtTCATGCTTCAACTATAGATGTTGTTGTTCCTTATGCAGCAAAAGATTTTAaagcgcagggacttcccgaatctcggtattatcccggtaagtgtggactatatttACCACGAGTCCAGCG
CAD2:Start-1545|PCA1:1546-End|RT:25_nt_each CGTGCAATGTGGCGTgcgacaacggtttaggtgggtacgggtccccattccttatatagaaatggcatgtAGAGCTGAAAATTGTTGAGAGAAATATCATTCGTATTTACTTTGACCCAAaagcgcagggacttcccgaatctcggtattatcccggtaagtgtggactatatttACCACGAGTCCAGCG
CAD2:Start-1770|PCA1:1771-End|RT:25_nt_each CGTGCAATGTGGCGTgcgacaacggtttaggtgggtacgggtccccattccttatatagaaatggcatgtACAGCTTCGTGAAAAAATTTCAACTATCTCCGCGTCAATGGTGCTAGCAAaagcgcagggacttcccgaatctcggtattatcccggtaagtgtggactatatttACCACGAGTCCAGCG
CAD2:Start-1773|PCA1:1774-End|RT:25_nt_each CGTGCAATGTGGCGTgcgacaacggtttaggtgggtacgggtccccattccttatatagaaatggcatgtGCTTCGTGAAAAAATTTCAACTATGTCCGCGTCAATGGTGCTAGCAACTAaagcgcagggacttcccgaatctcggtattatcccggtaagtgtggactatatttACCACGAGTCCAGCG
CAD2:Start-1944|PCA1:1945-End|RT:25_nt_each CGTGCAATGTGGCGTgcgacaacggtttaggtgggtacgggtccccattccttatatagaaatggcatgtGATTGTATCATTTGGATATTTCGTTGTTGGACGCCCGTTATCTACGGAGCaagcgcagggacttcccgaatctcggtattatcccggtaagtgtggactatatttACCACGAGTCCAGCG
CAD2:Start-1947|PCA1:1948-End|RT:25_nt_each CGTGCAATGTGGCGTgcgacaacggtttaggtgggtacgggtccccattccttatatagaaatggcatgtTGTATCATTTGGATATTTCGTTGCTGGACGCCCGTTATCTACGGAGCAGTaagcgcagggacttcccgaatctcggtattatcccggtaagtgtggactatatttACCACGAGTCCAGCG
CAD2:Start-2127|PCA1:2128-End|RT:25_nt_each CGTGCAATGTGGCGTgcgacaacggtttaggtgggtacgggtccccattccttatatagaaatggcatgtTAAAACTGGTAAAGAGACGGAAATTAATATTAGACTTCTCCAATATGGCGaagcgcagggacttcccgaatctcggtattatcccggtaagtgtggactatatttACCACGAGTCCAGCG
CAD2:Start-2163|PCA1:2164-End|RT:25_nt_each CGTGCAATGTGGCGTgcgacaacggtttaggtgggtacgggtccccattccttatatagaaatggcatgtTCTCCAATATGGCGATATTTTTAAGGTTTTACCTGATTCAAGAATCCCAAaagcgcagggacttcccgaatctcggtattatcccggtaagtgtggactatatttACCACGAGTCCAGCG
CAD2:Start-2505|PCA1:2506-End|RT:25_nt_each CGTGCAATGTGGCGTgcgacaacggtttaggtgggtacgggtccccattccttatatagaaatggcatgtTTGGATAGCGGTTGGAATCCGTGTGGAAAAGCAATCCCGCTCCGATGCCGaagcgcagggacttcccgaatctcggtattatcccggtaagtgtggactatatttACCACGAGTCCAGCG
CAD2:Start-2583|PCA1:2584-End|RT:25_nt_each CGTGCAATGTGGCGTgcgacaacggtttaggtgggtacgggtccccattccttatatagaaatggcatgtGGTACTTATCGTGTCATGTCCCTGCGTGATTGGACTTGCCGTTCCTATCGaagcgcagggacttcccgaatctcggtattatcccggtaagtgtggactatatttACCACGAGTCCAGCG
CAD2:Start-2907|PCA1:2908-End|RT:25_nt_each CGTGCAATGTGGCGTgcgacaacggtttaggtgggtacgggtccccattccttatatagaaatggcatgtTAATACAAAAGCTGTGACTGGTAAGCGGGTAGAAGGAACATCATACTCTGaagcgcagggacttcccgaatctcggtattatcccggtaagtgtggactatatttACCACGAGTCCAGCG
CAD2:Start-3339|PCA1:3340-End|RT:25_nt_each CGTGCAATGTGGCGTgcgacaacggtttaggtgggtacgggtccccattccttatatagaaatggcatgtCGGTGACGGAACAAACGACGCAATTGGTTTGACTCAAGCAACGATTGGAGaagcgcagggacttcccgaatctcggtattatcccggtaagtgtggactatatttACCACGAGTCCAGCG
CAD2:Start-3624|PCA1:3625-End|RT:25_nt_each CGTGCAATGTGGCGTgcgacaacggtttaggtgggtacgggtccccattccttatatagaaatggcatgtTATCCTCCCTGTAATTTTTGTAGCTATACTTCTGCGTTATGCAAAGATTTaagcgcagggacttcccgaatctcggtattatcccggtaagtgtggactatatttACCACGAGTCCAGCG
CAD2:Start-3645|PCA1:3646-End|RT:25_nt_each CGTGCAATGTGGCGTgcgacaacggtttaggtgggtacgggtccccattccttatatagaaatggcatgtAGCTACACTTCTGCGTTATGCAAAGATTTAGTCCAGGTACTGCTGCTATTaagcgcagggacttcccgaatctcggtattatcccggtaagtgtggactatatttACCACGAGTCCAGCG
CAD2:Start-3648|PCA1:3649-End|RT:25_nt_each CGTGCAATGTGGCGTgcgacaacggtttaggtgggtacgggtccccattccttatatagaaatggcatgtTACACTTCTGCGTTATGCAAAGGTTTAGTCCAGGTACTGCTGCTATTTGAaagcgcagggacttcccgaatctcggtattatcccggtaagtgtggactatatttACCACGAGTCCAGCG
CAD2:Start-114|PCA1:115-End|RT:29_nt_each CGTGCAATGTGGCGTgcgacaacggtttaggtgggtacgggtccccattccttatatagaaatggcCTATGCAAGATAATAGAGGCGAGTGTCATCGTAGATCCATAGAAATGCATGCTAATGAgcagggacttcccgaatctcggtattatcccggtaagtgtggactatatttACCACGAGTCCAGCG
CAD2:Start-129|PCA1:130-End|RT:29_nt_each CGTGCAATGTGGCGTgcgacaacggtttaggtgggtacgggtccccattccttatatagaaatggcGAGGCGAGTGTCATCTTAGGTCCATAGAAATGCATGCTAATGACAATCTGGGATTGGTgcagggacttcccgaatctcggtattatcccggtaagtgtggactatatttACCACGAGTCCAGCG
CAD2:Start-426|PCA1:427-End|RT:29_nt_each CGTGCAATGTGGCGTgcgacaacggtttaggtgggtacgggtccccattccttatatagaaatggcGGGACCACACCAATGAATCCTGTGTTGATGGATGCTGCGTTAGAGATTCTTCAGTGATgcagggacttcccgaatctcggtattatcccggtaagtgtggactatatttACCACGAGTCCAGCG
CAD2:Start-465|PCA1:466-End|RT:29_nt_each CGTGCAATGTGGCGTgcgacaacggtttaggtgggtacgggtccccattccttatatagaaatggcTTAGAGATTCTTCAGTGATGGTCGAGGAAGTTACAGGCAGCTGCGAAGCTGTATCTTCgcagggacttcccgaatctcggtattatcccggtaagtgtggactatatttACCACGAGTCCAGCG
CAD2:Start-627|PCA1:628-End|RT:29_nt_each CGTGCAATGTGGCGTgcgacaacggtttaggtgggtacgggtccccattccttatatagaaatggcACCAACACACAGGGAAGGGTAGGCTTTGCATCGAATCAAGTGACTCTACACTCAAGAAgcagggacttcccgaatctcggtattatcccggtaagtgtggactatatttACCACGAGTCCAGCG
CAD2:Start-660|PCA1:661-End|RT:29_nt_each CGTGCAATGTGGCGTgcgacaacggtttaggtgggtacgggtccccattccttatatagaaatggcAATCCAGTGACTCTACACTCAAGAAAAGAAGTTGTAAAGTTAGCAGACAGAAAATTGAgcagggacttcccgaatctcggtattatcccggtaagtgtggactatatttACCACGAGTCCAGCG
CAD2:Start-774|PCA1:775-End|RT:29_nt_each CGTGCAATGTGGCGTgcgacaacggtttaggtgggtacgggtccccattccttatatagaaatggcGTAGCTGTGAAAAGAGGACTTTTAAAGGTAGCACCAATGTTGGAATTTCTGGGAGTAGgcagggacttcccgaatctcggtattatcccggtaagtgtggactatatttACCACGAGTCCAGCG
CAD2:Start-1032|PCA1:1033-End|RT:29_nt_each CGTGCAATGTGGCGTgcgacaacggtttaggtgggtacgggtccccattccttatatagaaatggcGTTCTGGATGTTTAACAAAGAAAAAGACCCATGGAGACAAAGAAAGGTTGAGCAATGAgcagggacttcccgaatctcggtattatcccggtaagtgtggactatatttACCACGAGTCCAGCG
CAD2:Start-1188|PCA1:1189-End|RT:29_nt_each CGTGCAATGTGGCGTgcgacaacggtttaggtgggtacgggtccccattccttatatagaaatggcTTTCAAGAATCGTATCAATGGAACCAATTGAAAATCATCTTAATCTTGAGGCAGGATCgcagggacttcccgaatctcggtattatcccggtaagtgtggactatatttACCACGAGTCCAGCG
CAD2:Start-1257|PCA1:1258-End|RT:29_nt_each CGTGCAATGTGGCGTgcgacaacggtttaggtgggtacgggtccccattccttatatagaaatggcAGCACATTGTTCTTAGTGTTTCAGGAATGTCCTGTACTGGTTGTGAATCAAAACTTAAgcagggacttcccgaatctcggtattatcccggtaagtgtggactatatttACCACGAGTCCAGCG
CAD2:Start-1275|PCA1:1276-End|RT:29_nt_each CGTGCAATGTGGCGTgcgacaacggtttaggtgggtacgggtccccattccttatatagaaatggcTTTCAGGAATGACCTGTACTGGTTGTGAATCAAAACTTAAGAAATCATTTGGCGCGCTgcagggacttcccgaatctcggtattatcccggtaagtgtggactatatttACCACGAGTCCAGCG
CAD2:Start-1446|PCA1:1447-End|RT:29_nt_each CGTGCAATGTGGCGTgcgacaacggtttaggtgggtacgggtccccattccttatatagaaatggcAATTCAAGTACGAACAGATTTCAAATCATGGTTCAACTATAGATGTTGTTGTTCCTTAgcagggacttcccgaatctcggtattatcccggtaagtgtggactatatttACCACGAGTCCAGCG
CAD2:Start-1467|PCA1:1468-End|RT:29_nt_each CGTGCAATGTGGCGTgcgacaacggtttaggtgggtacgggtccccattccttatatagaaatggcCAAATCATGCTTCAACTATAGATGTTGTTGTTCCTTATGCAGCAAAAGATTTTATTAAgcagggacttcccgaatctcggtattatcccggtaagtgtggactatatttACCACGAGTCCAGCG
CAD2:Start-1545|PCA1:1546-End|RT:29_nt_each CGTGCAATGTGGCGTgcgacaacggtttaggtgggtacgggtccccattccttatatagaaatggcTCACAGAGCTGAAAATTGTTGAGAGAAATATCATTCGTATTTACTTTGACCCAAAGGTgcagggacttcccgaatctcggtattatcccggtaagtgtggactatatttACCACGAGTCCAGCG
CAD2:Start-1770|PCA1:1771-End|RT:29_nt_each CGTGCAATGTGGCGTgcgacaacggtttaggtgggtacgggtccccattccttatatagaaatggcCTCCACAGCTTCGTGAAAAAATTTCAACTATCTCCGCGTCAATGGTGCTAGCAACTATgcagggacttcccgaatctcggtattatcccggtaagtgtggactatatttACCACGAGTCCAGCG
CAD2:Start-1773|PCA1:1774-End|RT:29_nt_each CGTGCAATGTGGCGTgcgacaacggtttaggtgggtacgggtccccattccttatatagaaatggcCACAGCTTCGTGAAAAAATTTCAACTATGTCCGCGTCAATGGTGCTAGCAACTATTATgcagggacttcccgaatctcggtattatcccggtaagtgtggactatatttACCACGAGTCCAGCG
CAD2:Start-1944|PCA1:1945-End|RT:29_nt_each CGTGCAATGTGGCGTgcgacaacggtttaggtgggtacgggtccccattccttatatagaaatggcTTTCGATTGTATCATTTGGATATTTCGTTGTTGGACGCCCGTTATCTACGGAGCAGTTgcagggacttcccgaatctcggtattatcccggtaagtgtggactatatttACCACGAGTCCAGCG
CAD2:Start-1947|PCA1:1948-End|RT:29_nt_each CGTGCAATGTGGCGTgcgacaacggtttaggtgggtacgggtccccattccttatatagaaatggcCGATTGTATCATTTGGATATTTCGTTGCTGGACGCCCGTTATCTACGGAGCAGTTTTTgcagggacttcccgaatctcggtattatcccggtaagtgtggactatatttACCACGAGTCCAGCG
CAD2:Start-2127|PCA1:2128-End|RT:29_nt_each CGTGCAATGTGGCGTgcgacaacggtttaggtgggtacgggtccccattccttatatagaaatggcTAGATAAAACTGGTAAAGAGACGGAAATTAATATTAGACTTCTCCAATATGGCGATATgcagggacttcccgaatctcggtattatcccggtaagtgtggactatatttACCACGAGTCCAGCG
CAD2:Start-2163|PCA1:2164-End|RT:29_nt_each CGTGCAATGTGGCGTgcgacaacggtttaggtgggtacgggtccccattccttatatagaaatggcGACTTCTCCAATATGGCGATATTTTTAAGGTTTTACCTGATTCAAGAATCCCAACTGAgcagggacttcccgaatctcggtattatcccggtaagtgtggactatatttACCACGAGTCCAGCG
CAD2:Start-2505|PCA1:2506-End|RT:29_nt_each CGTGCAATGTGGCGTgcgacaacggtttaggtgggtacgggtccccattccttatatagaaatggcGCGTTTGGATAGCGGTTGGAATCCGTGTGGAAAAGCAATCCCGCTCCGATGCCGTAATgcagggacttcccgaatctcggtattatcccggtaagtgtggactatatttACCACGAGTCCAGCG
CAD2:Start-2583|PCA1:2584-End|RT:29_nt_each CGTGCAATGTGGCGTgcgacaacggtttaggtgggtacgggtccccattccttatatagaaatggcTTACGGTACTTATCGTGTCATGTCCCTGCGTGATTGGACTTGCCGTTCCTATCGTATTgcagggacttcccgaatctcggtattatcccggtaagtgtggactatatttACCACGAGTCCAGCG
CAD2:Start-2907|PCA1:2908-End|RT:29_nt_each CGTGCAATGTGGCGTgcgacaacggtttaggtgggtacgggtccccattccttatatagaaatggcTTTCTAATACAAAAGCTGTGACTGGTAAGCGGGTAGAAGGAACATCATACTCTGGTTTgcagggacttcccgaatctcggtattatcccggtaagtgtggactatatttACCACGAGTCCAGCG
CAD2:Start-3339|PCA1:3340-End|RT:29_nt_each CGTGCAATGTGGCGTgcgacaacggtttaggtgggtacgggtccccattccttatatagaaatggcTTTGCGGTGACGGAACAAACGACGCAATTGGTTTGACTCAAGCAACGATTGGAGTTCAgcagggacttcccgaatctcggtattatcccggtaagtgtggactatatttACCACGAGTCCAGCG
CAD2:Start-3624|PCA1:3625-End|RT:29_nt_each CGTGCAATGTGGCGTgcgacaacggtttaggtgggtacgggtccccattccttatatagaaatggcTTAGTATCCTCCCTGTAATTTTTGTAGCTATACTTCTGCGTTATGCAAAGATTTAGTCgcagggacttcccgaatctcggtattatcccggtaagtgtggactatatttACCACGAGTCCAGCG
CAD2:Start-3645|PCA1:3646-End|RT:29_nt_each CGTGCAATGTGGCGTgcgacaacggtttaggtgggtacgggtccccattccttatatagaaatggcTTGTAGCTACACTTCTGCGTTATGCAAAGATTTAGTCCAGGTACTGCTGCTATTTGATgcagggacttcccgaatctcggtattatcccggtaagtgtggactatatttACCACGAGTCCAGCG
CAD2:Start-3648|PCA1:3649-End|RT:29_nt_each CGTGCAATGTGGCGTgcgacaacggtttaggtgggtacgggtccccattccttatatagaaatggcTAGCTACACTTCTGCGTTATGCAAAGGTTTAGTCCAGGTACTGCTGCTATTTGATTGTgcagggacttcccgaatctcggtattatcccggtaagtgtggactatatttACCACGAGTCCAGCG
CAD2:Start-114|PCA1:115-End|RT:34_nt_each CGTGCAATGTGGCGTgcgacaacggtttaggtgggtacgggtccccattccttatatagaaAGATGCTATGCAAGATAATAGAGGCGAGTGTCATCGTAGATCCATAGAAATGCATGCTAATGACAATCgacttcccgaatctcggtattatcccggtaagtgtggactatatttACCACGAGTCCAGCG
CAD2:Start-129|PCA1:130-End|RT:34_nt_each CGTGCAATGTGGCGTgcgacaacggtttaggtgggtacgggtccccattccttatatagaaTAATAGAGGCGAGTGTCATCTTAGGTCCATAGAAATGCATGCTAATGACAATCTGGGATTGGTCTCCCgacttcccgaatctcggtattatcccggtaagtgtggactatatttACCACGAGTCCAGCG
CAD2:Start-426|PCA1:427-End|RT:34_nt_each CGTGCAATGTGGCGTgcgacaacggtttaggtgggtacgggtccccattccttatatagaaCGGTGGGGACCACACCAATGAATCCTGTGTTGATGGATGCTGCGTTAGAGATTCTTCAGTGATGGTCGgacttcccgaatctcggtattatcccggtaagtgtggactatatttACCACGAGTCCAGCG
CAD2:Start-465|PCA1:466-End|RT:34_nt_each CGTGCAATGTGGCGTgcgacaacggtttaggtgggtacgggtccccattccttatatagaaCTGCGTTAGAGATTCTTCAGTGATGGTCGAGGAAGTTACAGGCAGCTGCGAAGCTGTATCTTCTAAAGgacttcccgaatctcggtattatcccggtaagtgtggactatatttACCACGAGTCCAGCG
CAD2:Start-627|PCA1:628-End|RT:34_nt_each CGTGCAATGTGGCGTgcgacaacggtttaggtgggtacgggtccccattccttatatagaaTTCCAACCAACACACAGGGAAGGGTAGGCTTTGCATCGAATCAAGTGACTCTACACTCAAGAAAAGAAgacttcccgaatctcggtattatcccggtaagtgtggactatatttACCACGAGTCCAGCG
CAD2:Start-660|PCA1:661-End|RT:34_nt_each CGTGCAATGTGGCGTgcgacaacggtttaggtgggtacgggtccccattccttatatagaaCCTTGAATCCAGTGACTCTACACTCAAGAAAAGAAGTTGTAAAGTTAGCAGACAGAAAATTGAGGTTTgacttcccgaatctcggtattatcccggtaagtgtggactatatttACCACGAGTCCAGCG
CAD2:Start-774|PCA1:775-End|RT:34_nt_each CGTGCAATGTGGCGTgcgacaacggtttaggtgggtacgggtccccattccttatatagaaATCTCGTAGCTGTGAAAAGAGGACTTTTAAAGGTAGCACCAATGTTGGAATTTCTGGGAGTAGCTCTAgacttcccgaatctcggtattatcccggtaagtgtggactatatttACCACGAGTCCAGCG
CAD2:Start-1032|PCA1:1033-End|RT:34_nt_each CGTGCAATGTGGCGTgcgacaacggtttaggtgggtacgggtccccattccttatatagaaCAACAGTTCTGGATGTTTAACAAAGAAAAAGACCCATGGAGACAAAGAAAGGTTGAGCAATGACAATGgacttcccgaatctcggtattatcccggtaagtgtggactatatttACCACGAGTCCAGCG
CAD2:Start-1188|PCA1:1189-End|RT:34_nt_each CGTGCAATGTGGCGTgcgacaacggtttaggtgggtacgggtccccattccttatatagaaTGAAATTTCAAGAATCGTATCAATGGAACCAATTGAAAATCATCTTAATCTTGAGGCAGGATCTACCGgacttcccgaatctcggtattatcccggtaagtgtggactatatttACCACGAGTCCAGCG
CAD2:Start-1257|PCA1:1258-End|RT:34_nt_each CGTGCAATGTGGCGTgcgacaacggtttaggtgggtacgggtccccattccttatatagaaTACTGAGCACATTGTTCTTAGTGTTTCAGGAATGTCCTGTACTGGTTGTGAATCAAAACTTAAGAAATgacttcccgaatctcggtattatcccggtaagtgtggactatatttACCACGAGTCCAGCG
CAD2:Start-1275|PCA1:1276-End|RT:34_nt_each CGTGCAATGTGGCGTgcgacaacggtttaggtgggtacgggtccccattccttatatagaaTAGTGTTTCAGGAATGACCTGTACTGGTTGTGAATCAAAACTTAAGAAATCATTTGGCGCGCTCAAATgacttcccgaatctcggtattatcccggtaagtgtggactatatttACCACGAGTCCAGCG
CAD2:Start-1446|PCA1:1447-End|RT:34_nt_each CGTGCAATGTGGCGTgcgacaacggtttaggtgggtacgggtccccattccttatatagaaTACTGAATTCAAGTACGAACAGATTTCAAATCATGGTTCAACTATAGATGTTGTTGTTCCTTATGCAGgacttcccgaatctcggtattatcccggtaagtgtggactatatttACCACGAGTCCAGCG
CAD2:Start-1467|PCA1:1468-End|RT:34_nt_each CGTGCAATGTGGCGTgcgacaacggtttaggtgggtacgggtccccattccttatatagaaGATTTCAAATCATGCTTCAACTATAGATGTTGTTGTTCCTTATGCAGCAAAAGATTTTATTAATGAGGgacttcccgaatctcggtattatcccggtaagtgtggactatatttACCACGAGTCCAGCG
CAD2:Start-1545|PCA1:1546-End|RT:34_nt_each CGTGCAATGTGGCGTgcgacaacggtttaggtgggtacgggtccccattccttatatagaaAGGTGTCACAGAGCTGAAAATTGTTGAGAGAAATATCATTCGTATTTACTTTGACCCAAAGGTTATAGgacttcccgaatctcggtattatcccggtaagtgtggactatatttACCACGAGTCCAGCG
CAD2:Start-1770|PCA1:1771-End|RT:34_nt_each CGTGCAATGTGGCGTgcgacaacggtttaggtgggtacgggtccccattccttatatagaaTTGGGCTCCACAGCTTCGTGAAAAAATTTCAACTATCTCCGCGTCAATGGTGCTAGCAACTATTATTCgacttcccgaatctcggtattatcccggtaagtgtggactatatttACCACGAGTCCAGCG
CAD2:Start-1773|PCA1:1774-End|RT:34_nt_each CGTGCAATGTGGCGTgcgacaacggtttaggtgggtacgggtccccattccttatatagaaGGCTCCACAGCTTCGTGAAAAAATTTCAACTATGTCCGCGTCAATGGTGCTAGCAACTATTATTCAATgacttcccgaatctcggtattatcccggtaagtgtggactatatttACCACGAGTCCAGCG
CAD2:Start-1944|PCA1:1945-End|RT:34_nt_each CGTGCAATGTGGCGTgcgacaacggtttaggtgggtacgggtccccattccttatatagaaCATATTTTCGATTGTATCATTTGGATATTTCGTTGTTGGACGCCCGTTATCTACGGAGCAGTTTTTTGgacttcccgaatctcggtattatcccggtaagtgtggactatatttACCACGAGTCCAGCG
CAD2:Start-1947|PCA1:1948-End|RT:34_nt_each CGTGCAATGTGGCGTgcgacaacggtttaggtgggtacgggtccccattccttatatagaaATTTTCGATTGTATCATTTGGATATTTCGTTGCTGGACGCCCGTTATCTACGGAGCAGTTTTTTGAAAgacttcccgaatctcggtattatcccggtaagtgtggactatatttACCACGAGTCCAGCG
CAD2:Start-2127|PCA1:2128-End|RT:34_nt_each CGTGCAATGTGGCGTgcgacaacggtttaggtgggtacgggtccccattccttatatagaaTCTGGTAGATAAAACTGGTAAAGAGACGGAAATTAATATTAGACTTCTCCAATATGGCGATATTTTTAgacttcccgaatctcggtattatcccggtaagtgtggactatatttACCACGAGTCCAGCG
CAD2:Start-2163|PCA1:2164-End|RT:34_nt_each CGTGCAATGTGGCGTgcgacaacggtttaggtgggtacgggtccccattccttatatagaaTATTAGACTTCTCCAATATGGCGATATTTTTAAGGTTTTACCTGATTCAAGAATCCCAACTGATGGAAgacttcccgaatctcggtattatcccggtaagtgtggactatatttACCACGAGTCCAGCG
CAD2:Start-2505|PCA1:2506-End|RT:34_nt_each CGTGCAATGTGGCGTgcgacaacggtttaggtgggtacgggtccccattccttatatagaaCTTTTGCGTTTGGATAGCGGTTGGAATCCGTGTGGAAAAGCAATCCCGCTCCGATGCCGTAATTCAGGgacttcccgaatctcggtattatcccggtaagtgtggactatatttACCACGAGTCCAGCG
CAD2:Start-2583|PCA1:2584-End|RT:34_nt_each CGTGCAATGTGGCGTgcgacaacggtttaggtgggtacgggtccccattccttatatagaaTGCCATTACGGTACTTATCGTGTCATGTCCCTGCGTGATTGGACTTGCCGTTCCTATCGTATTTGTTAgacttcccgaatctcggtattatcccggtaagtgtggactatatttACCACGAGTCCAGCG
CAD2:Start-2907|PCA1:2908-End|RT:34_nt_each CGTGCAATGTGGCGTgcgacaacggtttaggtgggtacgggtccccattccttatatagaaAAATGTTTCTAATACAAAAGCTGTGACTGGTAAGCGGGTAGAAGGAACATCATACTCTGGTTTGAAGTgacttcccgaatctcggtattatcccggtaagtgtggactatatttACCACGAGTCCAGCG
CAD2:Start-3339|PCA1:3340-End|RT:34_nt_each CGTGCAATGTGGCGTgcgacaacggtttaggtgggtacgggtccccattccttatatagaaTGTTTTTTGCGGTGACGGAACAAACGACGCAATTGGTTTGACTCAAGCAACGATTGGAGTTCATATCAgacttcccgaatctcggtattatcccggtaagtgtggactatatttACCACGAGTCCAGCG
CAD2:Start-3624|PCA1:3625-End|RT:34_nt_each CGTGCAATGTGGCGTgcgacaacggtttaggtgggtacgggtccccattccttatatagaaACTAGTTAGTATCCTCCCTGTAATTTTTGTAGCTATACTTCTGCGTTATGCAAAGATTTAGTCCAGGTgacttcccgaatctcggtattatcccggtaagtgtggactatatttACCACGAGTCCAGCG
CAD2:Start-3645|PCA1:3646-End|RT:34_nt_each CGTGCAATGTGGCGTgcgacaacggtttaggtgggtacgggtccccattccttatatagaaAATTTTTGTAGCTACACTTCTGCGTTATGCAAAGATTTAGTCCAGGTACTGCTGCTATTTGATTGTAGgacttcccgaatctcggtattatcccggtaagtgtggactatatttACCACGAGTCCAGCG
CAD2:Start-3648|PCA1:3649-End|RT:34_nt_each CGTGCAATGTGGCGTgcgacaacggtttaggtgggtacgggtccccattccttatatagaaTTTTGTAGCTACACTTCTGCGTTATGCAAAGGTTTAGTCCAGGTACTGCTGCTATTTGATTGTAGATTgacttcccgaatctcggtattatcccggtaagtgtggactatatttACCACGAGTCCAGCG
CAD2:Start-114|PCA1:115-End|RT:40_nt_each CGTGCAATGTGGCGTgcgacaacggtttaggtgggtacgggtccccattccttatATCAATAGATGCTATGCAAGATAATAGAGGCGAGTGTCATCGTAGATCCATAGAAATGCATGCTAATGACAATCTGGGATccgaatctcggtattatcccggtaagtgtggactatatttACCACGAGTCCAGCG
CAD2:Start-129|PCA1:130-End|RT:40_nt_each CGTGCAATGTGGCGTgcgacaacggtttaggtgggtacgggtccccattccttatGCAAGATAATAGAGGCGAGTGTCATCTTAGGTCCATAGAAATGCATGCTAATGACAATCTGGGATTGGTCTCCCAGCGAGccgaatctcggtattatcccggtaagtgtggactatatttACCACGAGTCCAGCG
CAD2:Start-426|PCA1:427-End|RT:40_nt_each CGTGCAATGTGGCGTgcgacaacggtttaggtgggtacgggtccccattccttatTCAAACCGGTGGGGACCACACCAATGAATCCTGTGTTGATGGATGCTGCGTTAGAGATTCTTCAGTGATGGTCGAGGAAGccgaatctcggtattatcccggtaagtgtggactatatttACCACGAGTCCAGCG
CAD2:Start-465|PCA1:466-End|RT:40_nt_each CGTGCAATGTGGCGTgcgacaacggtttaggtgggtacgggtccccattccttatTGAATGCTGCGTTAGAGATTCTTCAGTGATGGTCGAGGAAGTTACAGGCAGCTGCGAAGCTGTATCTTCTAAAGAACAATccgaatctcggtattatcccggtaagtgtggactatatttACCACGAGTCCAGCG
CAD2:Start-627|PCA1:628-End|RT:40_nt_each CGTGCAATGTGGCGTgcgacaacggtttaggtgggtacgggtccccattccttatTACCAATTCCAACCAACACACAGGGAAGGGTAGGCTTTGCATCGAATCAAGTGACTCTACACTCAAGAAAAGAAGTTGTAccgaatctcggtattatcccggtaagtgtggactatatttACCACGAGTCCAGCG
CAD2:Start-660|PCA1:661-End|RT:40_nt_each CGTGCAATGTGGCGTgcgacaacggtttaggtgggtacgggtccccattccttatGCTTTGCCTTGAATCCAGTGACTCTACACTCAAGAAAAGAAGTTGTAAAGTTAGCAGACAGAAAATTGAGGTTTCCAGTAccgaatctcggtattatcccggtaagtgtggactatatttACCACGAGTCCAGCG
CAD2:Start-774|PCA1:775-End|RT:40_nt_each CGTGCAATGTGGCGTgcgacaacggtttaggtgggtacgggtccccattccttatGATTGCATCTCGTAGCTGTGAAAAGAGGACTTTTAAAGGTAGCACCAATGTTGGAATTTCTGGGAGTAGCTCTACCGACAccgaatctcggtattatcccggtaagtgtggactatatttACCACGAGTCCAGCG
CAD2:Start-1032|PCA1:1033-End|RT:40_nt_each CGTGCAATGTGGCGTgcgacaacggtttaggtgggtacgggtccccattccttatCTACCGCAACAGTTCTGGATGTTTAACAAAGAAAAAGACCCATGGAGACAAAGAAAGGTTGAGCAATGACAATGGCCATGccgaatctcggtattatcccggtaagtgtggactatatttACCACGAGTCCAGCG
CAD2:Start-1188|PCA1:1189-End|RT:40_nt_each CGTGCAATGTGGCGTgcgacaacggtttaggtgggtacgggtccccattccttatTTCGAGTGAAATTTCAAGAATCGTATCAATGGAACCAATTGAAAATCATCTTAATCTTGAGGCAGGATCTACCGGTACCGccgaatctcggtattatcccggtaagtgtggactatatttACCACGAGTCCAGCG
CAD2:Start-1257|PCA1:1258-End|RT:40_nt_each CGTGCAATGTGGCGTgcgacaacggtttaggtgggtacgggtccccattccttatTACCGGTACTGAGCACATTGTTCTTAGTGTTTCAGGAATGTCCTGTACTGGTTGTGAATCAAAACTTAAGAAATCATTTGccgaatctcggtattatcccggtaagtgtggactatatttACCACGAGTCCAGCG
CAD2:Start-1275|PCA1:1276-End|RT:40_nt_each CGTGCAATGTGGCGTgcgacaacggtttaggtgggtacgggtccccattccttatTGTTCTTAGTGTTTCAGGAATGACCTGTACTGGTTGTGAATCAAAACTTAAGAAATCATTTGGCGCGCTCAAATGTGTTCccgaatctcggtattatcccggtaagtgtggactatatttACCACGAGTCCAGCG
CAD2:Start-1446|PCA1:1447-End|RT:40_nt_each CGTGCAATGTGGCGTgcgacaacggtttaggtgggtacgggtccccattccttatCAAAACTACTGAATTCAAGTACGAACAGATTTCAAATCATGGTTCAACTATAGATGTTGTTGTTCCTTATGCAGCAAAAGccgaatctcggtattatcccggtaagtgtggactatatttACCACGAGTCCAGCG
CAD2:Start-1467|PCA1:1468-End|RT:40_nt_each CGTGCAATGTGGCGTgcgacaacggtttaggtgggtacgggtccccattccttatCGAACAGATTTCAAATCATGCTTCAACTATAGATGTTGTTGTTCCTTATGCAGCAAAAGATTTTATTAATGAGGAATGGCccgaatctcggtattatcccggtaagtgtggactatatttACCACGAGTCCAGCG
CAD2:Start-1545|PCA1:1546-End|RT:40_nt_each CGTGCAATGTGGCGTgcgacaacggtttaggtgggtacgggtccccattccttatGCCACAAGGTGTCACAGAGCTGAAAATTGTTGAGAGAAATATCATTCGTATTTACTTTGACCCAAAGGTTATAGGTGCCAccgaatctcggtattatcccggtaagtgtggactatatttACCACGAGTCCAGCG
CAD2:Start-1770|PCA1:1771-End|RT:40_nt_each CGTGCAATGTGGCGTgcgacaacggtttaggtgggtacgggtccccattccttatGATGGCTTGGGCTCCACAGCTTCGTGAAAAAATTTCAACTATCTCCGCGTCAATGGTGCTAGCAACTATTATTCAATTTGccgaatctcggtattatcccggtaagtgtggactatatttACCACGAGTCCAGCG
CAD2:Start-1773|PCA1:1774-End|RT:40_nt_each CGTGCAATGTGGCGTgcgacaacggtttaggtgggtacgggtccccattccttatGGCTTGGGCTCCACAGCTTCGTGAAAAAATTTCAACTATGTCCGCGTCAATGGTGCTAGCAACTATTATTCAATTTGTTAccgaatctcggtattatcccggtaagtgtggactatatttACCACGAGTCCAGCG
CAD2:Start-1944|PCA1:1945-End|RT:40_nt_each CGTGCAATGTGGCGTgcgacaacggtttaggtgggtacgggtccccattccttatTGCCTACATATTTTCGATTGTATCATTTGGATATTTCGTTGTTGGACGCCCGTTATCTACGGAGCAGTTTTTTGAAACCAccgaatctcggtattatcccggtaagtgtggactatatttACCACGAGTCCAGCG
CAD2:Start-1947|PCA1:1948-End|RT:40_nt_each CGTGCAATGTGGCGTgcgacaacggtttaggtgggtacgggtccccattccttatCTACATATTTTCGATTGTATCATTTGGATATTTCGTTGCTGGACGCCCGTTATCTACGGAGCAGTTTTTTGAAACCAGCTccgaatctcggtattatcccggtaagtgtggactatatttACCACGAGTCCAGCG
CAD2:Start-2127|PCA1:2128-End|RT:40_nt_each CGTGCAATGTGGCGTgcgacaacggtttaggtgggtacgggtccccattccttatTGCTATTCTGGTAGATAAAACTGGTAAAGAGACGGAAATTAATATTAGACTTCTCCAATATGGCGATATTTTTAAGGTTTccgaatctcggtattatcccggtaagtgtggactatatttACCACGAGTCCAGCG
CAD2:Start-2163|PCA1:2164-End|RT:40_nt_each CGTGCAATGTGGCGTgcgacaacggtttaggtgggtacgggtccccattccttatAATTGATATTAGACTTCTCCAATATGGCGATATTTTTAAGGTTTTACCTGATTCAAGAATCCCAACTGATGGAACAGTCAccgaatctcggtattatcccggtaagtgtggactatatttACCACGAGTCCAGCG
CAD2:Start-2505|PCA1:2506-End|RT:40_nt_each CGTGCAATGTGGCGTgcgacaacggtttaggtgggtacgggtccccattccttatCGTCACCTTTTGCGTTTGGATAGCGGTTGGAATCCGTGTGGAAAAGCAATCCCGCTCCGATGCCGTAATTCAGGCCATTAccgaatctcggtattatcccggtaagtgtggactatatttACCACGAGTCCAGCG
CAD2:Start-2583|PCA1:2584-End|RT:40_nt_each CGTGCAATGTGGCGTgcgacaacggtttaggtgggtacgggtccccattccttatTATATATGCCATTACGGTACTTATCGTGTCATGTCCCTGCGTGATTGGACTTGCCGTTCCTATCGTATTTGTTATTGCAAccgaatctcggtattatcccggtaagtgtggactatatttACCACGAGTCCAGCG
CAD2:Start-2907|PCA1:2908-End|RT:40_nt_each CGTGCAATGTGGCGTgcgacaacggtttaggtgggtacgggtccccattccttatTGCTCAAAATGTTTCTAATACAAAAGCTGTGACTGGTAAGCGGGTAGAAGGAACATCATACTCTGGTTTGAAGTTACAAGccgaatctcggtattatcccggtaagtgtggactatatttACCACGAGTCCAGCG
CAD2:Start-3339|PCA1:3340-End|RT:40_nt_each CGTGCAATGTGGCGTgcgacaacggtttaggtgggtacgggtccccattccttatGGTTGTTGTTTTTTGCGGTGACGGAACAAACGACGCAATTGGTTTGACTCAAGCAACGATTGGAGTTCATATCAATGAGGccgaatctcggtattatcccggtaagtgtggactatatttACCACGAGTCCAGCG
CAD2:Start-3624|PCA1:3625-End|RT:40_nt_each CGTGCAATGTGGCGTgcgacaacggtttaggtgggtacgggtccccattccttatAGGGGAACTAGTTAGTATCCTCCCTGTAATTTTTGTAGCTATACTTCTGCGTTATGCAAAGATTTAGTCCAGGTACTGCTccgaatctcggtattatcccggtaagtgtggactatatttACCACGAGTCCAGCG
CAD2:Start-3645|PCA1:3646-End|RT:40_nt_each CGTGCAATGTGGCGTgcgacaacggtttaggtgggtacgggtccccattccttatCCCTGTAATTTTTGTAGCTACACTTCTGCGTTATGCAAAGATTTAGTCCAGGTACTGCTGCTATTTGATTGTAGATTTTCccgaatctcggtattatcccggtaagtgtggactatatttACCACGAGTCCAGCG
CAD2:Start-3648|PCA1:3649-End|RT:40_nt_each CGTGCAATGTGGCGTgcgacaacggtttaggtgggtacgggtccccattccttatTGTAATTTTTGTAGCTACACTTCTGCGTTATGCAAAGGTTTAGTCCAGGTACTGCTGCTATTTGATTGTAGATTTTCTTTccgaatctcggtattatcccggtaagtgtggactatatttACCACGAGTCCAGCG
CAD2:Start-114|PCA1:115-End|RT:47_nt_each CGTGCAATGTGGCGTgcgacaacggtttaggtgggtacgggtccccatAGAACATATCAATAGATGCTATGCAAGATAATAGAGGCGAGTGTCATCGTAGATCCATAGAAATGCATGCTAATGACAATCTGGGATTGGTCTCtcggtattatcccggtaagtgtggactatatttACCACGAGTCCAGCG
CAD2:Start-129|PCA1:130-End|RT:47_nt_each CGTGCAATGTGGCGTgcgacaacggtttaggtgggtacgggtccccatATGCTATGCAAGATAATAGAGGCGAGTGTCATCTTAGGTCCATAGAAATGCATGCTAATGACAATCTGGGATTGGTCTCCCAGCGAGACTGTACtcggtattatcccggtaagtgtggactatatttACCACGAGTCCAGCG
CAD2:Start-426|PCA1:427-End|RT:47_nt_each CGTGCAATGTGGCGTgcgacaacggtttaggtgggtacgggtccccatGCGATGCTCAAACCGGTGGGGACCACACCAATGAATCCTGTGTTGATGGATGCTGCGTTAGAGATTCTTCAGTGATGGTCGAGGAAGTTACAGGtcggtattatcccggtaagtgtggactatatttACCACGAGTCCAGCG
CAD2:Start-465|PCA1:466-End|RT:47_nt_each CGTGCAATGTGGCGTgcgacaacggtttaggtgggtacgggtccccatGTGTTGATGAATGCTGCGTTAGAGATTCTTCAGTGATGGTCGAGGAAGTTACAGGCAGCTGCGAAGCTGTATCTTCTAAAGAACAATTGCTGACtcggtattatcccggtaagtgtggactatatttACCACGAGTCCAGCG
CAD2:Start-627|PCA1:628-End|RT:47_nt_each CGTGCAATGTGGCGTgcgacaacggtttaggtgggtacgggtccccatGCTGCAATACCAATTCCAACCAACACACAGGGAAGGGTAGGCTTTGCATCGAATCAAGTGACTCTACACTCAAGAAAAGAAGTTGTAAAGTTAGtcggtattatcccggtaagtgtggactatatttACCACGAGTCCAGCG
CAD2:Start-660|PCA1:661-End|RT:47_nt_each CGTGCAATGTGGCGTgcgacaacggtttaggtgggtacgggtccccatAGGGTAGGCTTTGCCTTGAATCCAGTGACTCTACACTCAAGAAAAGAAGTTGTAAAGTTAGCAGACAGAAAATTGAGGTTTCCAGTAAGCCTGAtcggtattatcccggtaagtgtggactatatttACCACGAGTCCAGCG
CAD2:Start-774|PCA1:775-End|RT:47_nt_each CGTGCAATGTGGCGTgcgacaacggtttaggtgggtacgggtccccatTTGAGCGGATTGCATCTCGTAGCTGTGAAAAGAGGACTTTTAAAGGTAGCACCAATGTTGGAATTTCTGGGAGTAGCTCTACCGACAGTTTAAGtcggtattatcccggtaagtgtggactatatttACCACGAGTCCAGCG
CAD2:Start-1032|PCA1:1033-End|RT:47_nt_each CGTGCAATGTGGCGTgcgacaacggtttaggtgggtacgggtccccatAATACTCCTACCGCAACAGTTCTGGATGTTTAACAAAGAAAAAGACCCATGGAGACAAAGAAAGGTTGAGCAATGACAATGGCCATGCTGATTTtcggtattatcccggtaagtgtggactatatttACCACGAGTCCAGCG
CAD2:Start-1188|PCA1:1189-End|RT:47_nt_each CGTGCAATGTGGCGTgcgacaacggtttaggtgggtacgggtccccatGACACTCTTCGAGTGAAATTTCAAGAATCGTATCAATGGAACCAATTGAAAATCATCTTAATCTTGAGGCAGGATCTACCGGTACCGAGCACATtcggtattatcccggtaagtgtggactatatttACCACGAGTCCAGCG
CAD2:Start-1257|PCA1:1258-End|RT:47_nt_each CGTGCAATGTGGCGTgcgacaacggtttaggtgggtacgggtccccatCAGGATCTACCGGTACTGAGCACATTGTTCTTAGTGTTTCAGGAATGTCCTGTACTGGTTGTGAATCAAAACTTAAGAAATCATTTGGCGCGCTtcggtattatcccggtaagtgtggactatatttACCACGAGTCCAGCG
CAD2:Start-1275|PCA1:1276-End|RT:47_nt_each CGTGCAATGTGGCGTgcgacaacggtttaggtgggtacgggtccccatAGCACATTGTTCTTAGTGTTTCAGGAATGACCTGTACTGGTTGTGAATCAAAACTTAAGAAATCATTTGGCGCGCTCAAATGTGTTCACGGTTTtcggtattatcccggtaagtgtggactatatttACCACGAGTCCAGCG
CAD2:Start-1446|PCA1:1447-End|RT:47_nt_each CGTGCAATGTGGCGTgcgacaacggtttaggtgggtacgggtccccatACTTGAGCAAAACTACTGAATTCAAGTACGAACAGATTTCAAATCATGGTTCAACTATAGATGTTGTTGTTCCTTATGCAGCAAAAGATTTTATtcggtattatcccggtaagtgtggactatatttACCACGAGTCCAGCG
CAD2:Start-1467|PCA1:1468-End|RT:47_nt_each CGTGCAATGTGGCGTgcgacaacggtttaggtgggtacgggtccccatTCAAGTACGAACAGATTTCAAATCATGCTTCAACTATAGATGTTGTTGTTCCTTATGCAGCAAAAGATTTTATTAATGAGGAATGGCCACAAGGtcggtattatcccggtaagtgtggactatatttACCACGAGTCCAGCG
CAD2:Start-1545|PCA1:1546-End|RT:47_nt_each CGTGCAATGTGGCGTgcgacaacggtttaggtgggtacgggtccccatAGGAATGGCCACAAGGTGTCACAGAGCTGAAAATTGTTGAGAGAAATATCATTCGTATTTACTTTGACCCAAAGGTTATAGGTGCCAGAGATCTtcggtattatcccggtaagtgtggactatatttACCACGAGTCCAGCG
CAD2:Start-1770|PCA1:1771-End|RT:47_nt_each CGTGCAATGTGGCGTgcgacaacggtttaggtgggtacgggtccccatTTCTCGTGATGGCTTGGGCTCCACAGCTTCGTGAAAAAATTTCAACTATCTCCGCGTCAATGGTGCTAGCAACTATTATTCAATTTGTTATTGCtcggtattatcccggtaagtgtggactatatttACCACGAGTCCAGCG
CAD2:Start-1773|PCA1:1774-End|RT:47_nt_each CGTGCAATGTGGCGTgcgacaacggtttaggtgggtacgggtccccatTCGTGATGGCTTGGGCTCCACAGCTTCGTGAAAAAATTTCAACTATGTCCGCGTCAATGGTGCTAGCAACTATTATTCAATTTGTTATTGCAGGtcggtattatcccggtaagtgtggactatatttACCACGAGTCCAGCG
CAD2:Start-1944|PCA1:1945-End|RT:47_nt_each CGTGCAATGTGGCGTgcgacaacggtttaggtgggtacgggtccccatCTAGCGCTGCCTACATATTTTCGATTGTATCATTTGGATATTTCGTTGTTGGACGCCCGTTATCTACGGAGCAGTTTTTTGAAACCAGCTCTTTtcggtattatcccggtaagtgtggactatatttACCACGAGTCCAGCG
CAD2:Start-1947|PCA1:1948-End|RT:47_nt_each CGTGCAATGTGGCGTgcgacaacggtttaggtgggtacgggtccccatGCGCTGCCTACATATTTTCGATTGTATCATTTGGATATTTCGTTGCTGGACGCCCGTTATCTACGGAGCAGTTTTTTGAAACCAGCTCTTTGCTtcggtattatcccggtaagtgtggactatatttACCACGAGTCCAGCG
CAD2:Start-2127|PCA1:2128-End|RT:47_nt_each CGTGCAATGTGGCGTgcgacaacggtttaggtgggtacgggtccccatCCTCTTCTGCTATTCTGGTAGATAAAACTGGTAAAGAGACGGAAATTAATATTAGACTTCTCCAATATGGCGATATTTTTAAGGTTTTACCTGAtcggtattatcccggtaagtgtggactatatttACCACGAGTCCAGCG
CAD2:Start-2163|PCA1:2164-End|RT:47_nt_each CGTGCAATGTGGCGTgcgacaacggtttaggtgggtacgggtccccatAGACGGAAATTGATATTAGACTTCTCCAATATGGCGATATTTTTAAGGTTTTACCTGATTCAAGAATCCCAACTGATGGAACAGTCATTTCTGGtcggtattatcccggtaagtgtggactatatttACCACGAGTCCAGCG
CAD2:Start-2505|PCA1:2506-End|RT:47_nt_each CGTGCAATGTGGCGTgcgacaacggtttaggtgggtacgggtccccatTCACTGTCGTCACCTTTTGCGTTTGGATAGCGGTTGGAATCCGTGTGGAAAAGCAATCCCGCTCCGATGCCGTAATTCAGGCCATTATATATGCtcggtattatcccggtaagtgtggactatatttACCACGAGTCCAGCG
CAD2:Start-2583|PCA1:2584-End|RT:47_nt_each CGTGCAATGTGGCGTgcgacaacggtttaggtgggtacgggtccccatAGGCCATTATATATGCCATTACGGTACTTATCGTGTCATGTCCCTGCGTGATTGGACTTGCCGTTCCTATCGTATTTGTTATTGCAAGTGGCGTtcggtattatcccggtaagtgtggactatatttACCACGAGTCCAGCG
CAD2:Start-2907|PCA1:2908-End|RT:47_nt_each CGTGCAATGTGGCGTgcgacaacggtttaggtgggtacgggtccccatGTGTTTCTGCTCAAAATGTTTCTAATACAAAAGCTGTGACTGGTAAGCGGGTAGAAGGAACATCATACTCTGGTTTGAAGTTACAAGGAGGGAAtcggtattatcccggtaagtgtggactatatttACCACGAGTCCAGCG
CAD2:Start-3339|PCA1:3340-End|RT:47_nt_each CGTGCAATGTGGCGTgcgacaacggtttaggtgggtacgggtccccatAAAGACCGGTTGTTGTTTTTTGCGGTGACGGAACAAACGACGCAATTGGTTTGACTCAAGCAACGATTGGAGTTCATATCAATGAGGGAAGTGAtcggtattatcccggtaagtgtggactatatttACCACGAGTCCAGCG
CAD2:Start-3624|PCA1:3625-End|RT:47_nt_each CGTGCAATGTGGCGTgcgacaacggtttaggtgggtacgggtccccatCGGGTTTAGGGGAACTAGTTAGTATCCTCCCTGTAATTTTTGTAGCTATACTTCTGCGTTATGCAAAGATTTAGTCCAGGTACTGCTGCTATTTtcggtattatcccggtaagtgtggactatatttACCACGAGTCCAGCG
CAD2:Start-3645|PCA1:3646-End|RT:47_nt_each CGTGCAATGTGGCGTgcgacaacggtttaggtgggtacgggtccccatGTATCCTCCCTGTAATTTTTGTAGCTACACTTCTGCGTTATGCAAAGATTTAGTCCAGGTACTGCTGCTATTTGATTGTAGATTTTCTTTTTTCtcggtattatcccggtaagtgtggactatatttACCACGAGTCCAGCG
CAD2:Start-3648|PCA1:3649-End|RT:47_nt_each CGTGCAATGTGGCGTgcgacaacggtttaggtgggtacgggtccccatTCCTCCCTGTAATTTTTGTAGCTACACTTCTGCGTTATGCAAAGGTTTAGTCCAGGTACTGCTGCTATTTGATTGTAGATTTTCTTTTTTCTTTtcggtattatcccggtaagtgtggactatatttACCACGAGTCCAGCG
CAD2:Start-114|PCA1:115-End|RT:55_nt_each CGTGCAATGTGGCGTgcgacaacggtttaggtgggtacggAAATAGCGAGAACATATCAATAGATGCTATGCAAGATAATAGAGGCGAGTGTCATCGTAGATCCATAGAAATGCATGCTAATGACAATCTGGGATTGGTCTCCCAGCGAGatcccggtaagtgtggactatatttACCACGAGTCCAGCG
CAD2:Start-129|PCA1:130-End|RT:55_nt_each CGTGCAATGTGGCGTgcgacaacggtttaggtgggtacggATCAATAGATGCTATGCAAGATAATAGAGGCGAGTGTCATCTTAGGTCCATAGAAATGCATGCTAATGACAATCTGGGATTGGTCTCCCAGCGAGACTGTACCAATCGGCatcccggtaagtgtggactatatttACCACGAGTCCAGCG
CAD2:Start-426|PCA1:427-End|RT:55_nt_each CGTGCAATGTGGCGTgcgacaacggtttaggtgggtacggCTGTTGCGGCGATGCTCAAACCGGTGGGGACCACACCAATGAATCCTGTGTTGATGGATGCTGCGTTAGAGATTCTTCAGTGATGGTCGAGGAAGTTACAGGCAGCTGCGatcccggtaagtgtggactatatttACCACGAGTCCAGCG
CAD2:Start-465|PCA1:466-End|RT:55_nt_each CGTGCAATGTGGCGTgcgacaacggtttaggtgggtacggTGAATCCTGTGTTGATGAATGCTGCGTTAGAGATTCTTCAGTGATGGTCGAGGAAGTTACAGGCAGCTGCGAAGCTGTATCTTCTAAAGAACAATTGCTGACCAGCTTTGatcccggtaagtgtggactatatttACCACGAGTCCAGCG
CAD2:Start-627|PCA1:628-End|RT:55_nt_each CGTGCAATGTGGCGTgcgacaacggtttaggtgggtacggGACAACTCGCTGCAATACCAATTCCAACCAACACACAGGGAAGGGTAGGCTTTGCATCGAATCAAGTGACTCTACACTCAAGAAAAGAAGTTGTAAAGTTAGCAGACAGAatcccggtaagtgtggactatatttACCACGAGTCCAGCG
CAD2:Start-660|PCA1:661-End|RT:55_nt_each CGTGCAATGTGGCGTgcgacaacggtttaggtgggtacggCACAGGGAAGGGTAGGCTTTGCCTTGAATCCAGTGACTCTACACTCAAGAAAAGAAGTTGTAAAGTTAGCAGACAGAAAATTGAGGTTTCCAGTAAGCCTGAGTGCTGCAatcccggtaagtgtggactatatttACCACGAGTCCAGCG
CAD2:Start-774|PCA1:775-End|RT:55_nt_each CGTGCAATGTGGCGTgcgacaacggtttaggtgggtacggTTCATGTGTTGAGCGGATTGCATCTCGTAGCTGTGAAAAGAGGACTTTTAAAGGTAGCACCAATGTTGGAATTTCTGGGAGTAGCTCTACCGACAGTTTAAGCGAGAAGTatcccggtaagtgtggactatatttACCACGAGTCCAGCG
CAD2:Start-1032|PCA1:1033-End|RT:55_nt_each CGTGCAATGTGGCGTgcgacaacggtttaggtgggtacggAAAGACAAAATACTCCTACCGCAACAGTTCTGGATGTTTAACAAAGAAAAAGACCCATGGAGACAAAGAAAGGTTGAGCAATGACAATGGCCATGCTGATTTTGTTTGTTatcccggtaagtgtggactatatttACCACGAGTCCAGCG
CAD2:Start-1188|PCA1:1189-End|RT:55_nt_each CGTGCAATGTGGCGTgcgacaacggtttaggtgggtacggTATTTCTGGACACTCTTCGAGTGAAATTTCAAGAATCGTATCAATGGAACCAATTGAAAATCATCTTAATCTTGAGGCAGGATCTACCGGTACCGAGCACATTGTTCTTAatcccggtaagtgtggactatatttACCACGAGTCCAGCG
CAD2:Start-1257|PCA1:1258-End|RT:55_nt_each CGTGCAATGTGGCGTgcgacaacggtttaggtgggtacggTCTTGAGGCAGGATCTACCGGTACTGAGCACATTGTTCTTAGTGTTTCAGGAATGTCCTGTACTGGTTGTGAATCAAAACTTAAGAAATCATTTGGCGCGCTCAAATGTGatcccggtaagtgtggactatatttACCACGAGTCCAGCG
CAD2:Start-1275|PCA1:1276-End|RT:55_nt_each CGTGCAATGTGGCGTgcgacaacggtttaggtgggtacggCGGTACTGAGCACATTGTTCTTAGTGTTTCAGGAATGACCTGTACTGGTTGTGAATCAAAACTTAAGAAATCATTTGGCGCGCTCAAATGTGTTCACGGTTTGAAGACCAatcccggtaagtgtggactatatttACCACGAGTCCAGCG
CAD2:Start-1446|PCA1:1447-End|RT:55_nt_each CGTGCAATGTGGCGTgcgacaacggtttaggtgggtacggTATCAAGCACTTGAGCAAAACTACTGAATTCAAGTACGAACAGATTTCAAATCATGGTTCAACTATAGATGTTGTTGTTCCTTATGCAGCAAAAGATTTTATTAATGAGGatcccggtaagtgtggactatatttACCACGAGTCCAGCG
CAD2:Start-1467|PCA1:1468-End|RT:55_nt_each CGTGCAATGTGGCGTgcgacaacggtttaggtgggtacggTACTGAATTCAAGTACGAACAGATTTCAAATCATGCTTCAACTATAGATGTTGTTGTTCCTTATGCAGCAAAAGATTTTATTAATGAGGAATGGCCACAAGGTGTCACAGatcccggtaagtgtggactatatttACCACGAGTCCAGCG
CAD2:Start-1545|PCA1:1546-End|RT:55_nt_each CGTGCAATGTGGCGTgcgacaacggtttaggtgggtacggTATTAATGAGGAATGGCCACAAGGTGTCACAGAGCTGAAAATTGTTGAGAGAAATATCATTCGTATTTACTTTGACCCAAAGGTTATAGGTGCCAGAGATCTTGTCAATGatcccggtaagtgtggactatatttACCACGAGTCCAGCG
CAD2:Start-1770|PCA1:1771-End|RT:55_nt_each CGTGCAATGTGGCGTgcgacaacggtttaggtgggtacggGATCCCGATTCTCGTGATGGCTTGGGCTCCACAGCTTCGTGAAAAAATTTCAACTATCTCCGCGTCAATGGTGCTAGCAACTATTATTCAATTTGTTATTGCAGGACCGTatcccggtaagtgtggactatatttACCACGAGTCCAGCG
CAD2:Start-1773|PCA1:1774-End|RT:55_nt_each CGTGCAATGTGGCGTgcgacaacggtttaggtgggtacggCCCGATTCTCGTGATGGCTTGGGCTCCACAGCTTCGTGAAAAAATTTCAACTATGTCCGCGTCAATGGTGCTAGCAACTATTATTCAATTTGTTATTGCAGGACCGTTTTatcccggtaagtgtggactatatttACCACGAGTCCAGCG
CAD2:Start-1944|PCA1:1945-End|RT:55_nt_each CGTGCAATGTGGCGTgcgacaacggtttaggtgggtacggTTTAAGCACTAGCGCTGCCTACATATTTTCGATTGTATCATTTGGATATTTCGTTGTTGGACGCCCGTTATCTACGGAGCAGTTTTTTGAAACCAGCTCTTTGCTTGTAAatcccggtaagtgtggactatatttACCACGAGTCCAGCG
CAD2:Start-1947|PCA1:1948-End|RT:55_nt_each CGTGCAATGTGGCGTgcgacaacggtttaggtgggtacggAAGCACTAGCGCTGCCTACATATTTTCGATTGTATCATTTGGATATTTCGTTGCTGGACGCCCGTTATCTACGGAGCAGTTTTTTGAAACCAGCTCTTTGCTTGTAACTCatcccggtaagtgtggactatatttACCACGAGTCCAGCG
CAD2:Start-2127|PCA1:2128-End|RT:55_nt_each CGTGCAATGTGGCGTgcgacaacggtttaggtgggtacggTTTACAGGCCTCTTCTGCTATTCTGGTAGATAAAACTGGTAAAGAGACGGAAATTAATATTAGACTTCTCCAATATGGCGATATTTTTAAGGTTTTACCTGATTCAAGAAatcccggtaagtgtggactatatttACCACGAGTCCAGCG
CAD2:Start-2163|PCA1:2164-End|RT:55_nt_each CGTGCAATGTGGCGTgcgacaacggtttaggtgggtacggTGGTAAAGAGACGGAAATTGATATTAGACTTCTCCAATATGGCGATATTTTTAAGGTTTTACCTGATTCAAGAATCCCAACTGATGGAACAGTCATTTCTGGGTCTTCTGatcccggtaagtgtggactatatttACCACGAGTCCAGCG
CAD2:Start-2505|PCA1:2506-End|RT:55_nt_each CGTGCAATGTGGCGTgcgacaacggtttaggtgggtacggCATTGGAATCACTGTCGTCACCTTTTGCGTTTGGATAGCGGTTGGAATCCGTGTGGAAAAGCAATCCCGCTCCGATGCCGTAATTCAGGCCATTATATATGCCATTACGGatcccggtaagtgtggactatatttACCACGAGTCCAGCG
CAD2:Start-2583|PCA1:2584-End|RT:55_nt_each CGTGCAATGTGGCGTgcgacaacggtttaggtgggtacggCGTAATTCAGGCCATTATATATGCCATTACGGTACTTATCGTGTCATGTCCCTGCGTGATTGGACTTGCCGTTCCTATCGTATTTGTTATTGCAAGTGGCGTCGCTGCGAatcccggtaagtgtggactatatttACCACGAGTCCAGCG
CAD2:Start-2907|PCA1:2908-End|RT:55_nt_each CGTGCAATGTGGCGTgcgacaacggtttaggtgggtacggAGAAAAAGGTGTTTCTGCTCAAAATGTTTCTAATACAAAAGCTGTGACTGGTAAGCGGGTAGAAGGAACATCATACTCTGGTTTGAAGTTACAAGGAGGGAACTGTCGTTatcccggtaagtgtggactatatttACCACGAGTCCAGCG
CAD2:Start-3339|PCA1:3340-End|RT:55_nt_each CGTGCAATGTGGCGTgcgacaacggtttaggtgggtacggGCAGTCAAAAAGACCGGTTGTTGTTTTTTGCGGTGACGGAACAAACGACGCAATTGGTTTGACTCAAGCAACGATTGGAGTTCATATCAATGAGGGAAGTGAGGTTGCCAatcccggtaagtgtggactatatttACCACGAGTCCAGCG
CAD2:Start-3624|PCA1:3625-End|RT:55_nt_each CGTGCAATGTGGCGTgcgacaacggtttaggtgggtacggAGAGTATGCGGGTTTAGGGGAACTAGTTAGTATCCTCCCTGTAATTTTTGTAGCTATACTTCTGCGTTATGCAAAGATTTAGTCCAGGTACTGCTGCTATTTGATTGTAGatcccggtaagtgtggactatatttACCACGAGTCCAGCG
CAD2:Start-3645|PCA1:3646-End|RT:55_nt_each CGTGCAATGTGGCGTgcgacaacggtttaggtgggtacggACTAGTTAGTATCCTCCCTGTAATTTTTGTAGCTACACTTCTGCGTTATGCAAAGATTTAGTCCAGGTACTGCTGCTATTTGATTGTAGATTTTCTTTTTTCTTTTCTTTatcccggtaagtgtggactatatttACCACGAGTCCAGCG
CAD2:Start-3648|PCA1:3649-End|RT:55_nt_each CGTGCAATGTGGCGTgcgacaacggtttaggtgggtacggAGTTAGTATCCTCCCTGTAATTTTTGTAGCTACACTTCTGCGTTATGCAAAGGTTTAGTCCAGGTACTGCTGCTATTTGATTGTAGATTTTCTTTTTTCTTTTCTTTTTTatcccggtaagtgtggactatatttACCACGAGTCCAGCG
CAD2:Start-114|PCA1:115-End|RT:64_nt_each CGTGCAATGTGGCGTgcgacaacggtttaggTGGAGTGGTAAATAGCGAGAACATATCAATAGATGCTATGCAAGATAATAGAGGCGAGTGTCATCGTAGATCCATAGAAATGCATGCTAATGACAATCTGGGATTGGTCTCCCAGCGAGACTGTACCAagtgtggactatatttACCACGAGTCCAGCG
CAD2:Start-129|PCA1:130-End|RT:64_nt_each CGTGCAATGTGGCGTgcgacaacggtttaggCGAGAACATATCAATAGATGCTATGCAAGATAATAGAGGCGAGTGTCATCTTAGGTCCATAGAAATGCATGCTAATGACAATCTGGGATTGGTCTCCCAGCGAGACTGTACCAATCGGCCCAAAATTAagtgtggactatatttACCACGAGTCCAGCG
CAD2:Start-426|PCA1:427-End|RT:64_nt_each CGTGCAATGTGGCGTgcgacaacggtttaggTGTGGACAGCTGTTGCGGCGATGCTCAAACCGGTGGGGACCACACCAATGAATCCTGTGTTGATGGATGCTGCGTTAGAGATTCTTCAGTGATGGTCGAGGAAGTTACAGGCAGCTGCGAAGCTGTATagtgtggactatatttACCACGAGTCCAGCG
CAD2:Start-465|PCA1:466-End|RT:64_nt_each CGTGCAATGTGGCGTgcgacaacggtttaggCCACACCAATGAATCCTGTGTTGATGAATGCTGCGTTAGAGATTCTTCAGTGATGGTCGAGGAAGTTACAGGCAGCTGCGAAGCTGTATCTTCTAAAGAACAATTGCTGACCAGCTTTGAAGTTGTTCagtgtggactatatttACCACGAGTCCAGCG
CAD2:Start-627|PCA1:628-End|RT:64_nt_each CGTGCAATGTGGCGTgcgacaacggtttaggTATTAGAGAGACAACTCGCTGCAATACCAATTCCAACCAACACACAGGGAAGGGTAGGCTTTGCATCGAATCAAGTGACTCTACACTCAAGAAAAGAAGTTGTAAAGTTAGCAGACAGAAAATTGAGGagtgtggactatatttACCACGAGTCCAGCG
CAD2:Start-660|PCA1:661-End|RT:64_nt_each CGTGCAATGTGGCGTgcgacaacggtttaggCAACCAACACACAGGGAAGGGTAGGCTTTGCCTTGAATCCAGTGACTCTACACTCAAGAAAAGAAGTTGTAAAGTTAGCAGACAGAAAATTGAGGTTTCCAGTAAGCCTGAGTGCTGCAACATTTCATagtgtggactatatttACCACGAGTCCAGCG
CAD2:Start-774|PCA1:775-End|RT:64_nt_each CGTGCAATGTGGCGTgcgacaacggtttaggCTGCAACATTTCATGTGTTGAGCGGATTGCATCTCGTAGCTGTGAAAAGAGGACTTTTAAAGGTAGCACCAATGTTGGAATTTCTGGGAGTAGCTCTACCGACAGTTTAAGCGAGAAGTTCTTCAGCGagtgtggactatatttACCACGAGTCCAGCG
CAD2:Start-1032|PCA1:1033-End|RT:64_nt_each CGTGCAATGTGGCGTgcgacaacggtttaggTGCTTCTAAAAAGACAAAATACTCCTACCGCAACAGTTCTGGATGTTTAACAAAGAAAAAGACCCATGGAGACAAAGAAAGGTTGAGCAATGACAATGGCCATGCTGATTTTGTTTGTTCTAAAAGTTagtgtggactatatttACCACGAGTCCAGCG
CAD2:Start-1188|PCA1:1189-End|RT:64_nt_each CGTGCAATGTGGCGTgcgacaacggtttaggTACTTCAACTATTTCTGGACACTCTTCGAGTGAAATTTCAAGAATCGTATCAATGGAACCAATTGAAAATCATCTTAATCTTGAGGCAGGATCTACCGGTACCGAGCACATTGTTCTTAGTGTTTCAGagtgtggactatatttACCACGAGTCCAGCG
CAD2:Start-1257|PCA1:1258-End|RT:64_nt_each CGTGCAATGTGGCGTgcgacaacggtttaggTCATCTTAATCTTGAGGCAGGATCTACCGGTACTGAGCACATTGTTCTTAGTGTTTCAGGAATGTCCTGTACTGGTTGTGAATCAAAACTTAAGAAATCATTTGGCGCGCTCAAATGTGTTCACGGTTagtgtggactatatttACCACGAGTCCAGCG
CAD2:Start-1275|PCA1:1276-End|RT:64_nt_each CGTGCAATGTGGCGTgcgacaacggtttaggAGGATCTACCGGTACTGAGCACATTGTTCTTAGTGTTTCAGGAATGACCTGTACTGGTTGTGAATCAAAACTTAAGAAATCATTTGGCGCGCTCAAATGTGTTCACGGTTTGAAGACCAGTTTAATATagtgtggactatatttACCACGAGTCCAGCG
CAD2:Start-1446|PCA1:1447-End|RT:64_nt_each CGTGCAATGTGGCGTgcgacaacggtttaggCAAGGACGTTATCAAGCACTTGAGCAAAACTACTGAATTCAAGTACGAACAGATTTCAAATCATGGTTCAACTATAGATGTTGTTGTTCCTTATGCAGCAAAAGATTTTATTAATGAGGAATGGCCACagtgtggactatatttACCACGAGTCCAGCG
CAD2:Start-1467|PCA1:1468-End|RT:64_nt_each CGTGCAATGTGGCGTgcgacaacggtttaggGAGCAAAACTACTGAATTCAAGTACGAACAGATTTCAAATCATGCTTCAACTATAGATGTTGTTGTTCCTTATGCAGCAAAAGATTTTATTAATGAGGAATGGCCACAAGGTGTCACAGAGCTGAAAAagtgtggactatatttACCACGAGTCCAGCG
CAD2:Start-1545|PCA1:1546-End|RT:64_nt_each CGTGCAATGTGGCGTgcgacaacggtttaggAAAAGATTTTATTAATGAGGAATGGCCACAAGGTGTCACAGAGCTGAAAATTGTTGAGAGAAATATCATTCGTATTTACTTTGACCCAAAGGTTATAGGTGCCAGAGATCTTGTCAATGAAGGATGGAagtgtggactatatttACCACGAGTCCAGCG
CAD2:Start-1770|PCA1:1771-End|RT:64_nt_each CGTGCAATGTGGCGTgcgacaacggtttaggAATATTGACGATCCCGATTCTCGTGATGGCTTGGGCTCCACAGCTTCGTGAAAAAATTTCAACTATCTCCGCGTCAATGGTGCTAGCAACTATTATTCAATTTGTTATTGCAGGACCGTTTTACTTAAagtgtggactatatttACCACGAGTCCAGCG
CAD2:Start-1773|PCA1:1774-End|RT:64_nt_each CGTGCAATGTGGCGTgcgacaacggtttaggATTGACGATCCCGATTCTCGTGATGGCTTGGGCTCCACAGCTTCGTGAAAAAATTTCAACTATGTCCGCGTCAATGGTGCTAGCAACTATTATTCAATTTGTTATTGCAGGACCGTTTTACTTAAATGagtgtggactatatttACCACGAGTCCAGCG
CAD2:Start-1944|PCA1:1945-End|RT:64_nt_each CGTGCAATGTGGCGTgcgacaacggtttaggACTAATAGTTTTAAGCACTAGCGCTGCCTACATATTTTCGATTGTATCATTTGGATATTTCGTTGTTGGACGCCCGTTATCTACGGAGCAGTTTTTTGAAACCAGCTCTTTGCTTGTAACTCTCATCAagtgtggactatatttACCACGAGTCCAGCG
CAD2:Start-1947|PCA1:1948-End|RT:64_nt_each CGTGCAATGTGGCGTgcgacaacggtttaggAATAGTTTTAAGCACTAGCGCTGCCTACATATTTTCGATTGTATCATTTGGATATTTCGTTGCTGGACGCCCGTTATCTACGGAGCAGTTTTTTGAAACCAGCTCTTTGCTTGTAACTCTCATCATGGagtgtggactatatttACCACGAGTCCAGCG
CAD2:Start-2127|PCA1:2128-End|RT:64_nt_each CGTGCAATGTGGCGTgcgacaacggtttaggAGTACGTTCTTTACAGGCCTCTTCTGCTATTCTGGTAGATAAAACTGGTAAAGAGACGGAAATTAATATTAGACTTCTCCAATATGGCGATATTTTTAAGGTTTTACCTGATTCAAGAATCCCAACTGagtgtggactatatttACCACGAGTCCAGCG
CAD2:Start-2163|PCA1:2164-End|RT:64_nt_each CGTGCAATGTGGCGTgcgacaacggtttaggAGATAAAACTGGTAAAGAGACGGAAATTGATATTAGACTTCTCCAATATGGCGATATTTTTAAGGTTTTACCTGATTCAAGAATCCCAACTGATGGAACAGTCATTTCTGGGTCTTCTGAAGTCGACGagtgtggactatatttACCACGAGTCCAGCG
CAD2:Start-2505|PCA1:2506-End|RT:64_nt_each CGTGCAATGTGGCGTgcgacaacggtttaggGCCAACTATCATTGGAATCACTGTCGTCACCTTTTGCGTTTGGATAGCGGTTGGAATCCGTGTGGAAAAGCAATCCCGCTCCGATGCCGTAATTCAGGCCATTATATATGCCATTACGGTACTTATCGagtgtggactatatttACCACGAGTCCAGCG
CAD2:Start-2583|PCA1:2584-End|RT:64_nt_each CGTGCAATGTGGCGTgcgacaacggtttaggCTCCGATGCCGTAATTCAGGCCATTATATATGCCATTACGGTACTTATCGTGTCATGTCCCTGCGTGATTGGACTTGCCGTTCCTATCGTATTTGTTATTGCAAGTGGCGTCGCTGCGAAAAGAGGGGagtgtggactatatttACCACGAGTCCAGCG
CAD2:Start-2907|PCA1:2908-End|RT:64_nt_each CGTGCAATGTGGCGTgcgacaacggtttaggATATCTCAAAGAAAAAGGTGTTTCTGCTCAAAATGTTTCTAATACAAAAGCTGTGACTGGTAAGCGGGTAGAAGGAACATCATACTCTGGTTTGAAGTTACAAGGAGGGAACTGTCGTTGGCTTGGTCagtgtggactatatttACCACGAGTCCAGCG
CAD2:Start-3339|PCA1:3340-End|RT:64_nt_each CGTGCAATGTGGCGTgcgacaacggtttaggTAGTTCTTCGCAGTCAAAAAGACCGGTTGTTGTTTTTTGCGGTGACGGAACAAACGACGCAATTGGTTTGACTCAAGCAACGATTGGAGTTCATATCAATGAGGGAAGTGAGGTTGCCAAGCTAGCTGagtgtggactatatttACCACGAGTCCAGCG
CAD2:Start-3624|PCA1:3625-End|RT:64_nt_each CGTGCAATGTGGCGTgcgacaacggtttaggTATTCCACCAGAGTATGCGGGTTTAGGGGAACTAGTTAGTATCCTCCCTGTAATTTTTGTAGCTATACTTCTGCGTTATGCAAAGATTTAGTCCAGGTACTGCTGCTATTTGATTGTAGATTTTCTTTagtgtggactatatttACCACGAGTCCAGCG
CAD2:Start-3645|PCA1:3646-End|RT:64_nt_each CGTGCAATGTGGCGTgcgacaacggtttaggTTTAGGGGAACTAGTTAGTATCCTCCCTGTAATTTTTGTAGCTACACTTCTGCGTTATGCAAAGATTTAGTCCAGGTACTGCTGCTATTTGATTGTAGATTTTCTTTTTTCTTTTCTTTTTTTTTTTTagtgtggactatatttACCACGAGTCCAGCG
CAD2:Start-3648|PCA1:3649-End|RT:64_nt_each CGTGCAATGTGGCGTgcgacaacggtttaggAGGGGAACTAGTTAGTATCCTCCCTGTAATTTTTGTAGCTACACTTCTGCGTTATGCAAAGGTTTAGTCCAGGTACTGCTGCTATTTGATTGTAGATTTTCTTTTTTCTTTTCTTTTTTTTTTTTGACagtgtggactatatttACCACGAGTCCAGCG
CAD2:Start-114|PCA1:115-End|RT:74_nt_each CGTGCAATGTGGCGTgcgacaATGGCGAGTATGGAGTGGTAAATAGCGAGAACATATCAATAGATGCTATGCAAGATAATAGAGGCGAGTGTCATCGTAGATCCATAGAAATGCATGCTAATGACAATCTGGGATTGGTCTCCCAGCGAGACTGTACCAATCGGCCCAAatatttACCACGAGTCCAGCG
CAD2:Start-129|PCA1:130-End|RT:74_nt_each CGTGCAATGTGGCGTgcgacaTGGTAAATAGCGAGAACATATCAATAGATGCTATGCAAGATAATAGAGGCGAGTGTCATCTTAGGTCCATAGAAATGCATGCTAATGACAATCTGGGATTGGTCTCCCAGCGAGACTGTACCAATCGGCCCAAAATTACTCCTCAGGAatatttACCACGAGTCCAGCG
CAD2:Start-426|PCA1:427-End|RT:74_nt_each CGTGCAATGTGGCGTgcgacaCTGGCTTGGATGTGGACAGCTGTTGCGGCGATGCTCAAACCGGTGGGGACCACACCAATGAATCCTGTGTTGATGGATGCTGCGTTAGAGATTCTTCAGTGATGGTCGAGGAAGTTACAGGCAGCTGCGAAGCTGTATCTTCTAAAGAatatttACCACGAGTCCAGCG
CAD2:Start-465|PCA1:466-End|RT:74_nt_each CGTGCAATGTGGCGTgcgacaCCGGTGGGGACCACACCAATGAATCCTGTGTTGATGAATGCTGCGTTAGAGATTCTTCAGTGATGGTCGAGGAAGTTACAGGCAGCTGCGAAGCTGTATCTTCTAAAGAACAATTGCTGACCAGCTTTGAAGTTGTTCCAAGCAAATCatatttACCACGAGTCCAGCG
CAD2:Start-627|PCA1:628-End|RT:74_nt_each CGTGCAATGTGGCGTgcgacaCTATTCATGATATTAGAGAGACAACTCGCTGCAATACCAATTCCAACCAACACACAGGGAAGGGTAGGCTTTGCATCGAATCAAGTGACTCTACACTCAAGAAAAGAAGTTGTAAAGTTAGCAGACAGAAAATTGAGGTTTCCAGTAAatatttACCACGAGTCCAGCG
CAD2:Start-660|PCA1:661-End|RT:74_nt_each CGTGCAATGTGGCGTgcgacaATACCAATTCCAACCAACACACAGGGAAGGGTAGGCTTTGCCTTGAATCCAGTGACTCTACACTCAAGAAAAGAAGTTGTAAAGTTAGCAGACAGAAAATTGAGGTTTCCAGTAAGCCTGAGTGCTGCAACATTTCATGTGTTGAGCGatatttACCACGAGTCCAGCG
CAD2:Start-774|PCA1:775-End|RT:74_nt_each CGTGCAATGTGGCGTgcgacaAGCCTGAGTGCTGCAACATTTCATGTGTTGAGCGGATTGCATCTCGTAGCTGTGAAAAGAGGACTTTTAAAGGTAGCACCAATGTTGGAATTTCTGGGAGTAGCTCTACCGACAGTTTAAGCGAGAAGTTCTTCAGCGAACAGTACTCatatttACCACGAGTCCAGCG
CAD2:Start-1032|PCA1:1033-End|RT:74_nt_each CGTGCAATGTGGCGTgcgacaGCGGGGAGGGTGCTTCTAAAAAGACAAAATACTCCTACCGCAACAGTTCTGGATGTTTAACAAAGAAAAAGACCCATGGAGACAAAGAAAGGTTGAGCAATGACAATGGCCATGCTGATTTTGTTTGTTCTAAAAGTTGTTGCACTAAatatttACCACGAGTCCAGCG
CAD2:Start-1188|PCA1:1189-End|RT:74_nt_each CGTGCAATGTGGCGTgcgacaATTGTGCTGTTACTTCAACTATTTCTGGACACTCTTCGAGTGAAATTTCAAGAATCGTATCAATGGAACCAATTGAAAATCATCTTAATCTTGAGGCAGGATCTACCGGTACCGAGCACATTGTTCTTAGTGTTTCAGGAATGTCCTGatatttACCACGAGTCCAGCG
CAD2:Start-1257|PCA1:1258-End|RT:74_nt_each CGTGCAATGTGGCGTgcgacaCAATTGGAAATCATCTTAATCTTGAGGCAGGATCTACCGGTACTGAGCACATTGTTCTTAGTGTTTCAGGAATGTCCTGTACTGGTTGTGAATCAAAACTTAAGAAATCATTTGGCGCGCTCAAATGTGTTCACGGTTTGAAGACCAGatatttACCACGAGTCCAGCG
CAD2:Start-1275|PCA1:1276-End|RT:74_nt_each CGTGCAATGTGGCGTgcgacaATCTTGAGGCAGGATCTACCGGTACTGAGCACATTGTTCTTAGTGTTTCAGGAATGACCTGTACTGGTTGTGAATCAAAACTTAAGAAATCATTTGGCGCGCTCAAATGTGTTCACGGTTTGAAGACCAGTTTAATATTATCGCAAGCatatttACCACGAGTCCAGCG
CAD2:Start-1446|PCA1:1447-End|RT:74_nt_each CGTGCAATGTGGCGTgcgacaAGGGATCTGTCAAGGACGTTATCAAGCACTTGAGCAAAACTACTGAATTCAAGTACGAACAGATTTCAAATCATGGTTCAACTATAGATGTTGTTGTTCCTTATGCAGCAAAAGATTTTATTAATGAGGAATGGCCACAAGGTGTCACatatttACCACGAGTCCAGCG
CAD2:Start-1467|PCA1:1468-End|RT:74_nt_each CGTGCAATGTGGCGTgcgacaTCAAGCACTTGAGCAAAACTACTGAATTCAAGTACGAACAGATTTCAAATCATGCTTCAACTATAGATGTTGTTGTTCCTTATGCAGCAAAAGATTTTATTAATGAGGAATGGCCACAAGGTGTCACAGAGCTGAAAATTGTTGAGAGatatttACCACGAGTCCAGCG
CAD2:Start-1545|PCA1:1546-End|RT:74_nt_each CGTGCAATGTGGCGTgcgacaCTTATGCAGCAAAAGATTTTATTAATGAGGAATGGCCACAAGGTGTCACAGAGCTGAAAATTGTTGAGAGAAATATCATTCGTATTTACTTTGACCCAAAGGTTATAGGTGCCAGAGATCTTGTCAATGAAGGATGGAGCGTGCCTGTatatttACCACGAGTCCAGCG
CAD2:Start-1770|PCA1:1771-End|RT:74_nt_each CGTGCAATGTGGCGTgcgacaCTTTATCCATAATATTGACGATCCCGATTCTCGTGATGGCTTGGGCTCCACAGCTTCGTGAAAAAATTTCAACTATCTCCGCGTCAATGGTGCTAGCAACTATTATTCAATTTGTTATTGCAGGACCGTTTTACTTAAATGCCTTGAAatatttACCACGAGTCCAGCG
CAD2:Start-1773|PCA1:1774-End|RT:74_nt_each CGTGCAATGTGGCGTgcgacaTATCCATAATATTGACGATCCCGATTCTCGTGATGGCTTGGGCTCCACAGCTTCGTGAAAAAATTTCAACTATGTCCGCGTCAATGGTGCTAGCAACTATTATTCAATTTGTTATTGCAGGACCGTTTTACTTAAATGCCTTGAAGAGatatttACCACGAGTCCAGCG
CAD2:Start-1944|PCA1:1945-End|RT:74_nt_each CGTGCAATGTGGCGTgcgacaAAATGGATCTACTAATAGTTTTAAGCACTAGCGCTGCCTACATATTTTCGATTGTATCATTTGGATATTTCGTTGTTGGACGCCCGTTATCTACGGAGCAGTTTTTTGAAACCAGCTCTTTGCTTGTAACTCTCATCATGGTTGGTCGatatttACCACGAGTCCAGCG
CAD2:Start-1947|PCA1:1948-End|RT:74_nt_each CGTGCAATGTGGCGTgcgacaTGGATCTACTAATAGTTTTAAGCACTAGCGCTGCCTACATATTTTCGATTGTATCATTTGGATATTTCGTTGCTGGACGCCCGTTATCTACGGAGCAGTTTTTTGAAACCAGCTCTTTGCTTGTAACTCTCATCATGGTTGGTCGCTTatatttACCACGAGTCCAGCG
CAD2:Start-2127|PCA1:2128-End|RT:74_nt_each CGTGCAATGTGGCGTgcgacaAGTCAATATCAGTACGTTCTTTACAGGCCTCTTCTGCTATTCTGGTAGATAAAACTGGTAAAGAGACGGAAATTAATATTAGACTTCTCCAATATGGCGATATTTTTAAGGTTTTACCTGATTCAAGAATCCCAACTGATGGAACAGTatatttACCACGAGTCCAGCG
CAD2:Start-2163|PCA1:2164-End|RT:74_nt_each CGTGCAATGTGGCGTgcgacaCTATTCTGGTAGATAAAACTGGTAAAGAGACGGAAATTGATATTAGACTTCTCCAATATGGCGATATTTTTAAGGTTTTACCTGATTCAAGAATCCCAACTGATGGAACAGTCATTTCTGGGTCTTCTGAAGTCGACGAAGCGTTAATatatttACCACGAGTCCAGCG
CAD2:Start-2505|PCA1:2506-End|RT:74_nt_each CGTGCAATGTGGCGTgcgacaGTTATTTCGTGCCAACTATCATTGGAATCACTGTCGTCACCTTTTGCGTTTGGATAGCGGTTGGAATCCGTGTGGAAAAGCAATCCCGCTCCGATGCCGTAATTCAGGCCATTATATATGCCATTACGGTACTTATCGTTTCGTGTCCatatttACCACGAGTCCAGCG
CAD2:Start-2583|PCA1:2584-End|RT:74_nt_each CGTGCAATGTGGCGTgcgacaAGCAATCCCGCTCCGATGCCGTAATTCAGGCCATTATATATGCCATTACGGTACTTATCGTGTCATGTCCCTGCGTGATTGGACTTGCCGTTCCTATCGTATTTGTTATTGCAAGTGGCGTCGCTGCGAAAAGAGGGGTAATCTTCAAatatttACCACGAGTCCAGCG
CAD2:Start-2907|PCA1:2908-End|RT:74_nt_each CGTGCAATGTGGCGTgcgacaCAATAGCATCATATCTCAAAGAAAAAGGTGTTTCTGCTCAAAATGTTTCTAATACAAAAGCTGTGACTGGTAAGCGGGTAGAAGGAACATCATACTCTGGTTTGAAGTTACAAGGAGGGAACTGTCGTTGGCTTGGTCATAACAATGAatatttACCACGAGTCCAGCG
CAD2:Start-3339|PCA1:3340-End|RT:74_nt_each CGTGCAATGTGGCGTgcgacaGAAATTGCGATAGTTCTTCGCAGTCAAAAAGACCGGTTGTTGTTTTTTGCGGTGACGGAACAAACGACGCAATTGGTTTGACTCAAGCAACGATTGGAGTTCATATCAATGAGGGAAGTGAGGTTGCCAAGCTAGCTGCTGATGTAGTatatttACCACGAGTCCAGCG
CAD2:Start-3624|PCA1:3625-End|RT:74_nt_each CGTGCAATGTGGCGTgcgacaTTGACTTTCATATTCCACCAGAGTATGCGGGTTTAGGGGAACTAGTTAGTATCCTCCCTGTAATTTTTGTAGCTATACTTCTGCGTTATGCAAAGATTTAGTCCAGGTACTGCTGCTATTTGATTGTAGATTTTCTTTTTTCTTTTCTatatttACCACGAGTCCAGCG
CAD2:Start-3645|PCA1:3646-End|RT:74_nt_each CGTGCAATGTGGCGTgcgacaAGTATGCGGGTTTAGGGGAACTAGTTAGTATCCTCCCTGTAATTTTTGTAGCTACACTTCTGCGTTATGCAAAGATTTAGTCCAGGTACTGCTGCTATTTGATTGTAGATTTTCTTTTTTCTTTTCTTTTTTTTTTTTGACGACTCTGatatttACCACGAGTCCAGCG
CAD2:Start-3648|PCA1:3649-End|RT:74_nt_each CGTGCAATGTGGCGTgcgacaATGCGGGTTTAGGGGAACTAGTTAGTATCCTCCCTGTAATTTTTGTAGCTACACTTCTGCGTTATGCAAAGGTTTAGTCCAGGTACTGCTGCTATTTGATTGTAGATTTTCTTTTTTCTTTTCTTTTTTTTTTTTGACGACTCTGTAAatatttACCACGAGTCCAGCG
CAD2:Start-114|PCA1:115-End|RT:80_nt_each CGTGCAATGTGGCGTCCAGCGATGGCGAGTATGGAGTGGTAAATAGCGAGAACATATCAATAGATGCTATGCAAGATAATAGAGGCGAGTGTCATCGTAGATCCATAGAAATGCATGCTAATGACAATCTGGGATTGGTCTCCCAGCGAGACTGTACCAATCGGCCCAAAATTACACCACGAGTCCAGCG
CAD2:Start-129|PCA1:130-End|RT:80_nt_each CGTGCAATGTGGCGTATGGAGTGGTAAATAGCGAGAACATATCAATAGATGCTATGCAAGATAATAGAGGCGAGTGTCATCTTAGGTCCATAGAAATGCATGCTAATGACAATCTGGGATTGGTCTCCCAGCGAGACTGTACCAATCGGCCCAAAATTACTCCTCAGGAATGTTTACCACGAGTCCAGCG
CAD2:Start-426|PCA1:427-End|RT:80_nt_each CGTGCAATGTGGCGTCTGAGACTGGCTTGGATGTGGACAGCTGTTGCGGCGATGCTCAAACCGGTGGGGACCACACCAATGAATCCTGTGTTGATGGATGCTGCGTTAGAGATTCTTCAGTGATGGTCGAGGAAGTTACAGGCAGCTGCGAAGCTGTATCTTCTAAAGAACAATTACCACGAGTCCAGCG
CAD2:Start-465|PCA1:466-End|RT:80_nt_each CGTGCAATGTGGCGTCTCAAACCGGTGGGGACCACACCAATGAATCCTGTGTTGATGAATGCTGCGTTAGAGATTCTTCAGTGATGGTCGAGGAAGTTACAGGCAGCTGCGAAGCTGTATCTTCTAAAGAACAATTGCTGACCAGCTTTGAAGTTGTTCCAAGCAAATCTGAAGGACCACGAGTCCAGCG
CAD2:Start-627|PCA1:628-End|RT:80_nt_each CGTGCAATGTGGCGTTGCAATCTATTCATGATATTAGAGAGACAACTCGCTGCAATACCAATTCCAACCAACACACAGGGAAGGGTAGGCTTTGCATCGAATCAAGTGACTCTACACTCAAGAAAAGAAGTTGTAAAGTTAGCAGACAGAAAATTGAGGTTTCCAGTAAGCCTGAACCACGAGTCCAGCG
CAD2:Start-660|PCA1:661-End|RT:80_nt_each CGTGCAATGTGGCGTGCTGCAATACCAATTCCAACCAACACACAGGGAAGGGTAGGCTTTGCCTTGAATCCAGTGACTCTACACTCAAGAAAAGAAGTTGTAAAGTTAGCAGACAGAAAATTGAGGTTTCCAGTAAGCCTGAGTGCTGCAACATTTCATGTGTTGAGCGGATTGCACCACGAGTCCAGCG
CAD2:Start-774|PCA1:775-End|RT:80_nt_each CGTGCAATGTGGCGTCCAGTAAGCCTGAGTGCTGCAACATTTCATGTGTTGAGCGGATTGCATCTCGTAGCTGTGAAAAGAGGACTTTTAAAGGTAGCACCAATGTTGGAATTTCTGGGAGTAGCTCTACCGACAGTTTAAGCGAGAAGTTCTTCAGCGAACAGTACTCTAGAATACCACGAGTCCAGCG
CAD2:Start-1032|PCA1:1033-End|RT:80_nt_each CGTGCAATGTGGCGTTTTGTAGCGGGGAGGGTGCTTCTAAAAAGACAAAATACTCCTACCGCAACAGTTCTGGATGTTTAACAAAGAAAAAGACCCATGGAGACAAAGAAAGGTTGAGCAATGACAATGGCCATGCTGATTTTGTTTGTTCTAAAAGTTGTTGCACTAAAATGAAACCACGAGTCCAGCG
CAD2:Start-1188|PCA1:1189-End|RT:80_nt_each CGTGCAATGTGGCGTTGAAGGATTGTGCTGTTACTTCAACTATTTCTGGACACTCTTCGAGTGAAATTTCAAGAATCGTATCAATGGAACCAATTGAAAATCATCTTAATCTTGAGGCAGGATCTACCGGTACCGAGCACATTGTTCTTAGTGTTTCAGGAATGTCCTGTACTGGACCACGAGTCCAGCG
CAD2:Start-1257|PCA1:1258-End|RT:80_nt_each CGTGCAATGTGGCGTTGGAACCAATTGGAAATCATCTTAATCTTGAGGCAGGATCTACCGGTACTGAGCACATTGTTCTTAGTGTTTCAGGAATGTCCTGTACTGGTTGTGAATCAAAACTTAAGAAATCATTTGGCGCGCTCAAATGTGTTCACGGTTTGAAGACCAGTTTAATACCACGAGTCCAGCG
CAD2:Start-1275|PCA1:1276-End|RT:80_nt_each CGTGCAATGTGGCGTATCTTAATCTTGAGGCAGGATCTACCGGTACTGAGCACATTGTTCTTAGTGTTTCAGGAATGACCTGTACTGGTTGTGAATCAAAACTTAAGAAATCATTTGGCGCGCTCAAATGTGTTCACGGTTTGAAGACCAGTTTAATATTATCGCAAGCTGAATTACCACGAGTCCAGCG
CAD2:Start-1446|PCA1:1447-End|RT:80_nt_each CGTGCAATGTGGCGTTTGCTCAGGGATCTGTCAAGGACGTTATCAAGCACTTGAGCAAAACTACTGAATTCAAGTACGAACAGATTTCAAATCATGGTTCAACTATAGATGTTGTTGTTCCTTATGCAGCAAAAGATTTTATTAATGAGGAATGGCCACAAGGTGTCACAGAGCTACCACGAGTCCAGCG
CAD2:Start-1467|PCA1:1468-End|RT:80_nt_each CGTGCAATGTGGCGTACGTTATCAAGCACTTGAGCAAAACTACTGAATTCAAGTACGAACAGATTTCAAATCATGCTTCAACTATAGATGTTGTTGTTCCTTATGCAGCAAAAGATTTTATTAATGAGGAATGGCCACAAGGTGTCACAGAGCTGAAAATTGTTGAGAGAAATATACCACGAGTCCAGCG
CAD2:Start-1545|PCA1:1546-End|RT:80_nt_each CGTGCAATGTGGCGTTTGCTCCTTATGCAGCAAAAGATTTTATTAATGAGGAATGGCCACAAGGTGTCACAGAGCTGAAAATTGTTGAGAGAAATATCATTCGTATTTACTTTGACCCAAAGGTTATAGGTGCCAGAGATCTTGTCAATGAAGGATGGAGCGTGCCTGTTAGTATACCACGAGTCCAGCG
CAD2:Start-1770|PCA1:1771-End|RT:80_nt_each CGTGCAATGTGGCGTCGACCGCTTTATCCATAATATTGACGATCCCGATTCTCGTGATGGCTTGGGCTCCACAGCTTCGTGAAAAAATTTCAACTATCTCCGCGTCAATGGTGCTAGCAACTATTATTCAATTTGTTATTGCAGGACCGTTTTACTTAAATGCCTTGAAGAGTTTACCACGAGTCCAGCG
CAD2:Start-1773|PCA1:1774-End|RT:80_nt_each CGTGCAATGTGGCGTCCGCTTTATCCATAATATTGACGATCCCGATTCTCGTGATGGCTTGGGCTCCACAGCTTCGTGAAAAAATTTCAACTATGTCCGCGTCAATGGTGCTAGCAACTATTATTCAATTTGTTATTGCAGGACCGTTTTACTTAAATGCCTTGAAGAGTTTGATACCACGAGTCCAGCG
CAD2:Start-1944|PCA1:1945-End|RT:80_nt_each CGTGCAATGTGGCGTTCATTGAAATGGATCTACTAATAGTTTTAAGCACTAGCGCTGCCTACATATTTTCGATTGTATCATTTGGATATTTCGTTGTTGGACGCCCGTTATCTACGGAGCAGTTTTTTGAAACCAGCTCTTTGCTTGTAACTCTCATCATGGTTGGTCGCTTTGTACCACGAGTCCAGCG
CAD2:Start-1947|PCA1:1948-End|RT:80_nt_each CGTGCAATGTGGCGTTTGAAATGGATCTACTAATAGTTTTAAGCACTAGCGCTGCCTACATATTTTCGATTGTATCATTTGGATATTTCGTTGCTGGACGCCCGTTATCTACGGAGCAGTTTTTTGAAACCAGCTCTTTGCTTGTAACTCTCATCATGGTTGGTCGCTTTGTGAGACCACGAGTCCAGCG
CAD2:Start-2127|PCA1:2128-End|RT:80_nt_each CGTGCAATGTGGCGTCTGTAAAGTCAATATCAGTACGTTCTTTACAGGCCTCTTCTGCTATTCTGGTAGATAAAACTGGTAAAGAGACGGAAATTAATATTAGACTTCTCCAATATGGCGATATTTTTAAGGTTTTACCTGATTCAAGAATCCCAACTGATGGAACAGTCATTTCACCACGAGTCCAGCG
CAD2:Start-2163|PCA1:2164-End|RT:80_nt_each CGTGCAATGTGGCGTCTTCTGCTATTCTGGTAGATAAAACTGGTAAAGAGACGGAAATTGATATTAGACTTCTCCAATATGGCGATATTTTTAAGGTTTTACCTGATTCAAGAATCCCAACTGATGGAACAGTCATTTCTGGGTCTTCTGAAGTCGACGAAGCGTTAATCACAGGACCACGAGTCCAGCG
CAD2:Start-2505|PCA1:2506-End|RT:80_nt_each CGTGCAATGTGGCGTTTGCAAGTTATTTCGTGCCAACTATCATTGGAATCACTGTCGTCACCTTTTGCGTTTGGATAGCGGTTGGAATCCGTGTGGAAAAGCAATCCCGCTCCGATGCCGTAATTCAGGCCATTATATATGCCATTACGGTACTTATCGTTTCGTGTCCCTGCGTACCACGAGTCCAGCG
CAD2:Start-2583|PCA1:2584-End|RT:80_nt_each CGTGCAATGTGGCGTTGCAAAAGCAATCCCGCTCCGATGCCGTAATTCAGGCCATTATATATGCCATTACGGTACTTATCGTGTCATGTCCCTGCGTGATTGGACTTGCCGTTCCTATCGTATTTGTTATTGCAAGTGGCGTCGCTGCGAAAAGAGGGGTAATCTTCAAATCAGCACCACGAGTCCAGCG
CAD2:Start-2907|PCA1:2908-End|RT:80_nt_each CGTGCAATGTGGCGTCCATGGCAATAGCATCATATCTCAAAGAAAAAGGTGTTTCTGCTCAAAATGTTTCTAATACAAAAGCTGTGACTGGTAAGCGGGTAGAAGGAACATCATACTCTGGTTTGAAGTTACAAGGAGGGAACTGTCGTTGGCTTGGTCATAACAATGATCCTGAACCACGAGTCCAGCG
CAD2:Start-3339|PCA1:3340-End|RT:80_nt_each CGTGCAATGTGGCGTAAGGAAGAAATTGCGATAGTTCTTCGCAGTCAAAAAGACCGGTTGTTGTTTTTTGCGGTGACGGAACAAACGACGCAATTGGTTTGACTCAAGCAACGATTGGAGTTCATATCAATGAGGGAAGTGAGGTTGCCAAGCTAGCTGCTGATGTAGTTATGTTACCACGAGTCCAGCG
CAD2:Start-3624|PCA1:3625-End|RT:80_nt_each CGTGCAATGTGGCGTCCTTTGTTGACTTTCATATTCCACCAGAGTATGCGGGTTTAGGGGAACTAGTTAGTATCCTCCCTGTAATTTTTGTAGCTATACTTCTGCGTTATGCAAAGATTTAGTCCAGGTACTGCTGCTATTTGATTGTAGATTTTCTTTTTTCTTTTCTTTTTTTACCACGAGTCCAGCG
CAD2:Start-3645|PCA1:3646-End|RT:80_nt_each CGTGCAATGTGGCGTCACCAGAGTATGCGGGTTTAGGGGAACTAGTTAGTATCCTCCCTGTAATTTTTGTAGCTACACTTCTGCGTTATGCAAAGATTTAGTCCAGGTACTGCTGCTATTTGATTGTAGATTTTCTTTTTTCTTTTCTTTTTTTTTTTTGACGACTCTGTAATACACCACGAGTCCAGCG
CAD2:Start-3648|PCA1:3649-End|RT:80_nt_each CGTGCAATGTGGCGTCAGAGTATGCGGGTTTAGGGGAACTAGTTAGTATCCTCCCTGTAATTTTTGTAGCTACACTTCTGCGTTATGCAAAGGTTTAGTCCAGGTACTGCTGCTATTTGATTGTAGATTTTCTTTTTTCTTTTCTTTTTTTTTTTTGACGACTCTGTAATACTCTACCACGAGTCCAGCG
