>CAD2.medium:Start-114|PCA1:115-End|RT:20_nt_each CGCATGGCCTTCACCgcgacaacggtttaggtgggtacgggtccccattccttatatagaaatggcatgttagatATAATCGTGGGGAATGTCATCGTAGATCCATAGAAATGCAtagctaagcgcagggacttcccgaatctcggtattatcccggtaagtgtggactatatttTTGAGGGCGCCAGAG
CAD2.medium:Start-129|PCA1:130-End|RT:20_nt_each CGCATGGCCTTCACCgcgacaacggtttaggtgggtacgggtccccattccttatatagaaatggcatgttagatGTCATCTGCGTAGTATAGAAATGCATGCTAATGACAATCTtagctaagcgcagggacttcccgaatctcggtattatcccggtaagtgtggactatatttTTGAGGGCGCCAGAG
CAD2.medium:Start-426|PCA1:427-End|RT:20_nt_each CGCATGGCCTTCACCgcgacaacggtttaggtgggtacgggtccccattccttatatagaaatggcatgttagatCGAATGAAAGCTGTGTTGACGGATGCTGCGTTAGAGATTCtagctaagcgcagggacttcccgaatctcggtattatcccggtaagtgtggactatatttTTGAGGGCGCCAGAG
CAD2.medium:Start-465|PCA1:466-End|RT:20_nt_each CGCATGGCCTTCACCgcgacaacggtttaggtgggtacgggtccccattccttatatagaaatggcatgttagatCTTCCGTTATGGTTGAAGAAGTTACAGGCAGCTGCGAAGCtagctaagcgcagggacttcccgaatctcggtattatcccggtaagtgtggactatatttTTGAGGGCGCCAGAG
CAD2.medium:Start-627|PCA1:628-End|RT:20_nt_each CGCATGGCCTTCACCgcgacaacggtttaggtgggtacgggtccccattccttatatagaaatggcatgttagatCAGGTAAAGGCAGATTGTGTATCGAATCAAGTGACTCTACtagctaagcgcagggacttcccgaatctcggtattatcccggtaagtgtggactatatttTTGAGGGCGCCAGAG
CAD2.medium:Start-660|PCA1:661-End|RT:20_nt_each CGCATGGCCTTCACCgcgacaacggtttaggtgggtacgggtccccattccttatatagaaatggcatgttagatACAGCACTTTAAAGAAGCGTAGTTGTAAAGTTAGCAGACAtagctaagcgcagggacttcccgaatctcggtattatcccggtaagtgtggactatatttTTGAGGGCGCCAGAG
CAD2.medium:Start-774|PCA1:775-End|RT:20_nt_each CGCATGGCCTTCACCgcgacaacggtttaggtgggtacgggtccccattccttatatagaaatggcatgttagatAAAAGAGAACATTCAAAGGCAGCACCAATGTTGGAATTTCtagctaagcgcagggacttcccgaatctcggtattatcccggtaagtgtggactatatttTTGAGGGCGCCAGAG
CAD2.medium:Start-1032|PCA1:1033-End|RT:20_nt_each CGCATGGCCTTCACCgcgacaacggtttaggtgggtacgggtccccattccttatatagaaatggcatgttagatGCTTAACTAAGAAGAAGACTCATGGAGACAAAGAAAGGTTtagctaagcgcagggacttcccgaatctcggtattatcccggtaagtgtggactatatttTTGAGGGCGCCAGAG
CAD2.medium:Start-1188|PCA1:1189-End|RT:20_nt_each CGCATGGCCTTCACCgcgacaacggtttaggtgggtacgggtccccattccttatatagaaatggcatgttagatTTGTTAGTATGGAACCAATTGAAAATCATCTTAATCTTGAtagctaagcgcagggacttcccgaatctcggtattatcccggtaagtgtggactatatttTTGAGGGCGCCAGAG
CAD2.medium:Start-1257|PCA1:1258-End|RT:20_nt_each CGCATGGCCTTCACCgcgacaacggtttaggtgggtacgggtccccattccttatatagaaatggcatgttagatTTTTATCGGTCAGTGGAATGTCCTGTACTGGTTGTGAATCtagctaagcgcagggacttcccgaatctcggtattatcccggtaagtgtggactatatttTTGAGGGCGCCAGAG
CAD2.medium:Start-1275|PCA1:1276-End|RT:20_nt_each CGCATGGCCTTCACCgcgacaacggtttaggtgggtacgggtccccattccttatatagaaatggcatgttagatTGACTTGTACTGGATGTGAGTCAAAACTTAAGAAATCATTtagctaagcgcagggacttcccgaatctcggtattatcccggtaagtgtggactatatttTTGAGGGCGCCAGAG
CAD2.medium:Start-1446|PCA1:1447-End|RT:20_nt_each CGCATGGCCTTCACCgcgacaacggtttaggtgggtacgggtccccattccttatatagaaatggcatgttagatATGAACAAATTTCAAATCATGGTTCAACTATAGATGTTGTtagctaagcgcagggacttcccgaatctcggtattatcccggtaagtgtggactatatttTTGAGGGCGCCAGAG
CAD2.medium:Start-1467|PCA1:1468-End|RT:20_nt_each CGCATGGCCTTCACCgcgacaacggtttaggtgggtacgggtccccattccttatatagaaatggcatgttagatCGTCAACCATCGATGTTGTGGTTCCTTATGCAGCAAAAGAtagctaagcgcagggacttcccgaatctcggtattatcccggtaagtgtggactatatttTTGAGGGCGCCAGAG
CAD2.medium:Start-1545|PCA1:1546-End|RT:20_nt_each CGCATGGCCTTCACCgcgacaacggtttaggtgggtacgggtccccattccttatatagaaatggcatgttagatTGAAGATAGTCGAGAGAAATATCATTCGTATTTACTTTGAtagctaagcgcagggacttcccgaatctcggtattatcccggtaagtgtggactatatttTTGAGGGCGCCAGAG
CAD2.medium:Start-1770|PCA1:1771-End|RT:20_nt_each CGCATGGCCTTCACCgcgacaacggtttaggtgggtacgggtccccattccttatatagaaatggcatgttagatTGAGAGAAAAGATATCGACTATCTCCGCGTCAATGGTGCTtagctaagcgcagggacttcccgaatctcggtattatcccggtaagtgtggactatatttTTGAGGGCGCCAGAG
CAD2.medium:Start-1773|PCA1:1774-End|RT:20_nt_each CGCATGGCCTTCACCgcgacaacggtttaggtgggtacgggtccccattccttatatagaaatggcatgttagatGAGAAAAGATATCGACTATGTCCGCGTCAATGGTGCTAGCtagctaagcgcagggacttcccgaatctcggtattatcccggtaagtgtggactatatttTTGAGGGCGCCAGAG
CAD2.medium:Start-1944|PCA1:1945-End|RT:20_nt_each CGCATGGCCTTCACCgcgacaacggtttaggtgggtacgggtccccattccttatatagaaatggcatgttagatTATCTTTTGGCTATTTTGTTGTTGGACGCCCGTTATCTACtagctaagcgcagggacttcccgaatctcggtattatcccggtaagtgtggactatatttTTGAGGGCGCCAGAG
CAD2.medium:Start-1947|PCA1:1948-End|RT:20_nt_each CGCATGGCCTTCACCgcgacaacggtttaggtgggtacgggtccccattccttatatagaaatggcatgttagatCTTTTGGCTATTTTGTTGCGGGACGCCCGTTATCTACGGAtagctaagcgcagggacttcccgaatctcggtattatcccggtaagtgtggactatatttTTGAGGGCGCCAGAG
CAD2.medium:Start-2127|PCA1:2128-End|RT:20_nt_each CGCATGGCCTTCACCgcgacaacggtttaggtgggtacgggtccccattccttatatagaaatggcatgttagatCCGGCAAGGAAACGGAAATCAATATTAGACTTCTCCAATAtagctaagcgcagggacttcccgaatctcggtattatcccggtaagtgtggactatatttTTGAGGGCGCCAGAG
CAD2.medium:Start-2163|PCA1:2164-End|RT:20_nt_each CGCATGGCCTTCACCgcgacaacggtttaggtgggtacgggtccccattccttatatagaaatggcatgttagatAATATGGGGATATATTTAAAGTTTTACCTGATTCAAGAATtagctaagcgcagggacttcccgaatctcggtattatcccggtaagtgtggactatatttTTGAGGGCGCCAGAG
CAD2.medium:Start-2505|PCA1:2506-End|RT:20_nt_each CGCATGGCCTTCACCgcgacaacggtttaggtgggtacgggtccccattccttatatagaaatggcatgttagatTAGCAGTAGGCATAAGGGTAGAAAAGCAATCCCGCTCCGAtagctaagcgcagggacttcccgaatctcggtattatcccggtaagtgtggactatatttTTGAGGGCGCCAGAG
CAD2.medium:Start-2583|PCA1:2584-End|RT:20_nt_each CGCATGGCCTTCACCgcgacaacggtttaggtgggtacgggtccccattccttatatagaaatggcatgttagatTAATTGTGTCTTGCCCATGCGTGATTGGACTTGCCGTTCCtagctaagcgcagggacttcccgaatctcggtattatcccggtaagtgtggactatatttTTGAGGGCGCCAGAG
CAD2.medium:Start-2907|PCA1:2908-End|RT:20_nt_each CGCATGGCCTTCACCgcgacaacggtttaggtgggtacgggtccccattccttatatagaaatggcatgttagatCTAAGGCTGTGACCGGTAAACGGGTAGAAGGAACATCATAtagctaagcgcagggacttcccgaatctcggtattatcccggtaagtgtggactatatttTTGAGGGCGCCAGAG
CAD2.medium:Start-3339|PCA1:3340-End|RT:20_nt_each CGCATGGCCTTCACCgcgacaacggtttaggtgggtacgggtccccattccttatatagaaatggcatgttagatATGGAACAAATGATGCAATCGGTTTGACTCAAGCAACGATtagctaagcgcagggacttcccgaatctcggtattatcccggtaagtgtggactatatttTTGAGGGCGCCAGAG
CAD2.medium:Start-3624|PCA1:3625-End|RT:20_nt_each CGCATGGCCTTCACCgcgacaacggtttaggtgggtacgggtccccattccttatatagaaatggcatgttagatTACCTGTAATTTTCGTCGCCATACTTCTGCGTTATGCAAAtagctaagcgcagggacttcccgaatctcggtattatcccggtaagtgtggactatatttTTGAGGGCGCCAGAG
CAD2.medium:Start-3645|PCA1:3646-End|RT:20_nt_each CGCATGGCCTTCACCgcgacaacggtttaggtgggtacgggtccccattccttatatagaaatggcatgttagatCGCTTCTGAGATACGCTAAAATTTAGTCCAGGTACTGCTGtagctaagcgcagggacttcccgaatctcggtattatcccggtaagtgtggactatatttTTGAGGGCGCCAGAG
CAD2.medium:Start-3648|PCA1:3649-End|RT:20_nt_each CGCATGGCCTTCACCgcgacaacggtttaggtgggtacgggtccccattccttatatagaaatggcatgttagatTTCTGAGATACGCTAAAGTCTAGTCCAGGTACTGCTGCTAtagctaagcgcagggacttcccgaatctcggtattatcccggtaagtgtggactatatttTTGAGGGCGCCAGAG
CAD2.medium:Start-114|PCA1:115-End|RT:22_nt_each CGCATGGCCTTCACCgcgacaacggtttaggtgggtacgggtccccattccttatatagaaatggcatgttagAGATAATCGTGGGGAATGTCATCGTAGATCCATAGAAATGCATGgctaagcgcagggacttcccgaatctcggtattatcccggtaagtgtggactatatttTTGAGGGCGCCAGAG
CAD2.medium:Start-129|PCA1:130-End|RT:22_nt_each CGCATGGCCTTCACCgcgacaacggtttaggtgggtacgggtccccattccttatatagaaatggcatgttagATGTCATCTGCGTAGTATAGAAATGCATGCTAATGACAATCTGGgctaagcgcagggacttcccgaatctcggtattatcccggtaagtgtggactatatttTTGAGGGCGCCAGAG
CAD2.medium:Start-426|PCA1:427-End|RT:22_nt_each CGCATGGCCTTCACCgcgacaacggtttaggtgggtacgggtccccattccttatatagaaatggcatgttagTACGAATGAAAGCTGTGTTGACGGATGCTGCGTTAGAGATTCTTgctaagcgcagggacttcccgaatctcggtattatcccggtaagtgtggactatatttTTGAGGGCGCCAGAG
CAD2.medium:Start-465|PCA1:466-End|RT:22_nt_each CGCATGGCCTTCACCgcgacaacggtttaggtgggtacgggtccccattccttatatagaaatggcatgttagTTCTTCCGTTATGGTTGAAGAAGTTACAGGCAGCTGCGAAGCTGgctaagcgcagggacttcccgaatctcggtattatcccggtaagtgtggactatatttTTGAGGGCGCCAGAG
CAD2.medium:Start-627|PCA1:628-End|RT:22_nt_each CGCATGGCCTTCACCgcgacaacggtttaggtgggtacgggtccccattccttatatagaaatggcatgttagTACAGGTAAAGGCAGATTGTGTATCGAATCAAGTGACTCTACACgctaagcgcagggacttcccgaatctcggtattatcccggtaagtgtggactatatttTTGAGGGCGCCAGAG
CAD2.medium:Start-660|PCA1:661-End|RT:22_nt_each CGCATGGCCTTCACCgcgacaacggtttaggtgggtacgggtccccattccttatatagaaatggcatgttagCGACAGCACTTTAAAGAAGCGTAGTTGTAAAGTTAGCAGACAGAgctaagcgcagggacttcccgaatctcggtattatcccggtaagtgtggactatatttTTGAGGGCGCCAGAG
CAD2.medium:Start-774|PCA1:775-End|RT:22_nt_each CGCATGGCCTTCACCgcgacaacggtttaggtgggtacgggtccccattccttatatagaaatggcatgttagTGAAAAGAGAACATTCAAAGGCAGCACCAATGTTGGAATTTCTGgctaagcgcagggacttcccgaatctcggtattatcccggtaagtgtggactatatttTTGAGGGCGCCAGAG
CAD2.medium:Start-1032|PCA1:1033-End|RT:22_nt_each CGCATGGCCTTCACCgcgacaacggtttaggtgggtacgggtccccattccttatatagaaatggcatgttagATGCTTAACTAAGAAGAAGACTCATGGAGACAAAGAAAGGTTGAgctaagcgcagggacttcccgaatctcggtattatcccggtaagtgtggactatatttTTGAGGGCGCCAGAG
CAD2.medium:Start-1188|PCA1:1189-End|RT:22_nt_each CGCATGGCCTTCACCgcgacaacggtttaggtgggtacgggtccccattccttatatagaaatggcatgttagAATTGTTAGTATGGAACCAATTGAAAATCATCTTAATCTTGAGGgctaagcgcagggacttcccgaatctcggtattatcccggtaagtgtggactatatttTTGAGGGCGCCAGAG
CAD2.medium:Start-1257|PCA1:1258-End|RT:22_nt_each CGCATGGCCTTCACCgcgacaacggtttaggtgggtacgggtccccattccttatatagaaatggcatgttagAGTTTTATCGGTCAGTGGAATGTCCTGTACTGGTTGTGAATCAAgctaagcgcagggacttcccgaatctcggtattatcccggtaagtgtggactatatttTTGAGGGCGCCAGAG
CAD2.medium:Start-1275|PCA1:1276-End|RT:22_nt_each CGCATGGCCTTCACCgcgacaacggtttaggtgggtacgggtccccattccttatatagaaatggcatgttagAATGACTTGTACTGGATGTGAGTCAAAACTTAAGAAATCATTTGgctaagcgcagggacttcccgaatctcggtattatcccggtaagtgtggactatatttTTGAGGGCGCCAGAG
CAD2.medium:Start-1446|PCA1:1447-End|RT:22_nt_each CGCATGGCCTTCACCgcgacaacggtttaggtgggtacgggtccccattccttatatagaaatggcatgttagATATGAACAAATTTCAAATCATGGTTCAACTATAGATGTTGTTGgctaagcgcagggacttcccgaatctcggtattatcccggtaagtgtggactatatttTTGAGGGCGCCAGAG
CAD2.medium:Start-1467|PCA1:1468-End|RT:22_nt_each CGCATGGCCTTCACCgcgacaacggtttaggtgggtacgggtccccattccttatatagaaatggcatgttagTGCGTCAACCATCGATGTTGTGGTTCCTTATGCAGCAAAAGATTgctaagcgcagggacttcccgaatctcggtattatcccggtaagtgtggactatatttTTGAGGGCGCCAGAG
CAD2.medium:Start-1545|PCA1:1546-End|RT:22_nt_each CGCATGGCCTTCACCgcgacaacggtttaggtgggtacgggtccccattccttatatagaaatggcatgttagGTTGAAGATAGTCGAGAGAAATATCATTCGTATTTACTTTGACCgctaagcgcagggacttcccgaatctcggtattatcccggtaagtgtggactatatttTTGAGGGCGCCAGAG
CAD2.medium:Start-1770|PCA1:1771-End|RT:22_nt_each CGCATGGCCTTCACCgcgacaacggtttaggtgggtacgggtccccattccttatatagaaatggcatgttagACTGAGAGAAAAGATATCGACTATCTCCGCGTCAATGGTGCTAGgctaagcgcagggacttcccgaatctcggtattatcccggtaagtgtggactatatttTTGAGGGCGCCAGAG
CAD2.medium:Start-1773|PCA1:1774-End|RT:22_nt_each CGCATGGCCTTCACCgcgacaacggtttaggtgggtacgggtccccattccttatatagaaatggcatgttagGAGAGAAAAGATATCGACTATGTCCGCGTCAATGGTGCTAGCAAgctaagcgcagggacttcccgaatctcggtattatcccggtaagtgtggactatatttTTGAGGGCGCCAGAG
CAD2.medium:Start-1944|PCA1:1945-End|RT:22_nt_each CGCATGGCCTTCACCgcgacaacggtttaggtgggtacgggtccccattccttatatagaaatggcatgttagAGTATCTTTTGGCTATTTTGTTGTTGGACGCCCGTTATCTACGGgctaagcgcagggacttcccgaatctcggtattatcccggtaagtgtggactatatttTTGAGGGCGCCAGAG
CAD2.medium:Start-1947|PCA1:1948-End|RT:22_nt_each CGCATGGCCTTCACCgcgacaacggtttaggtgggtacgggtccccattccttatatagaaatggcatgttagATCTTTTGGCTATTTTGTTGCGGGACGCCCGTTATCTACGGAGCgctaagcgcagggacttcccgaatctcggtattatcccggtaagtgtggactatatttTTGAGGGCGCCAGAG
CAD2.medium:Start-2127|PCA1:2128-End|RT:22_nt_each CGCATGGCCTTCACCgcgacaacggtttaggtgggtacgggtccccattccttatatagaaatggcatgttagGACCGGCAAGGAAACGGAAATCAATATTAGACTTCTCCAATATGgctaagcgcagggacttcccgaatctcggtattatcccggtaagtgtggactatatttTTGAGGGCGCCAGAG
CAD2.medium:Start-2163|PCA1:2164-End|RT:22_nt_each CGCATGGCCTTCACCgcgacaacggtttaggtgggtacgggtccccattccttatatagaaatggcatgttagACAATATGGGGATATATTTAAAGTTTTACCTGATTCAAGAATCCgctaagcgcagggacttcccgaatctcggtattatcccggtaagtgtggactatatttTTGAGGGCGCCAGAG
CAD2.medium:Start-2505|PCA1:2506-End|RT:22_nt_each CGCATGGCCTTCACCgcgacaacggtttaggtgggtacgggtccccattccttatatagaaatggcatgttagGATAGCAGTAGGCATAAGGGTAGAAAAGCAATCCCGCTCCGATGgctaagcgcagggacttcccgaatctcggtattatcccggtaagtgtggactatatttTTGAGGGCGCCAGAG
CAD2.medium:Start-2583|PCA1:2584-End|RT:22_nt_each CGCATGGCCTTCACCgcgacaacggtttaggtgggtacgggtccccattccttatatagaaatggcatgttagACTAATTGTGTCTTGCCCATGCGTGATTGGACTTGCCGTTCCTAgctaagcgcagggacttcccgaatctcggtattatcccggtaagtgtggactatatttTTGAGGGCGCCAGAG
CAD2.medium:Start-2907|PCA1:2908-End|RT:22_nt_each CGCATGGCCTTCACCgcgacaacggtttaggtgggtacgggtccccattccttatatagaaatggcatgttagCACTAAGGCTGTGACCGGTAAACGGGTAGAAGGAACATCATACTgctaagcgcagggacttcccgaatctcggtattatcccggtaagtgtggactatatttTTGAGGGCGCCAGAG
CAD2.medium:Start-3339|PCA1:3340-End|RT:22_nt_each CGCATGGCCTTCACCgcgacaacggtttaggtgggtacgggtccccattccttatatagaaatggcatgttagGGATGGAACAAATGATGCAATCGGTTTGACTCAAGCAACGATTGgctaagcgcagggacttcccgaatctcggtattatcccggtaagtgtggactatatttTTGAGGGCGCCAGAG
CAD2.medium:Start-3624|PCA1:3625-End|RT:22_nt_each CGCATGGCCTTCACCgcgacaacggtttaggtgggtacgggtccccattccttatatagaaatggcatgttagTCTACCTGTAATTTTCGTCGCCATACTTCTGCGTTATGCAAAGAgctaagcgcagggacttcccgaatctcggtattatcccggtaagtgtggactatatttTTGAGGGCGCCAGAG
CAD2.medium:Start-3645|PCA1:3646-End|RT:22_nt_each CGCATGGCCTTCACCgcgacaacggtttaggtgggtacgggtccccattccttatatagaaatggcatgttagCACGCTTCTGAGATACGCTAAAATTTAGTCCAGGTACTGCTGCTgctaagcgcagggacttcccgaatctcggtattatcccggtaagtgtggactatatttTTGAGGGCGCCAGAG
CAD2.medium:Start-3648|PCA1:3649-End|RT:22_nt_each CGCATGGCCTTCACCgcgacaacggtttaggtgggtacgggtccccattccttatatagaaatggcatgttagGCTTCTGAGATACGCTAAAGTCTAGTCCAGGTACTGCTGCTATTgctaagcgcagggacttcccgaatctcggtattatcccggtaagtgtggactatatttTTGAGGGCGCCAGAG
CAD2.medium:Start-114|PCA1:115-End|RT:25_nt_each CGCATGGCCTTCACCgcgacaacggtttaggtgggtacgggtccccattccttatatagaaatggcatgtGCAAGATAATCGTGGGGAATGTCATCGTAGATCCATAGAAATGCATGCTAaagcgcagggacttcccgaatctcggtattatcccggtaagtgtggactatatttTTGAGGGCGCCAGAG
CAD2.medium:Start-129|PCA1:130-End|RT:25_nt_each CGCATGGCCTTCACCgcgacaacggtttaggtgggtacgggtccccattccttatatagaaatggcatgtGGAATGTCATCTGCGTAGTATAGAAATGCATGCTAATGACAATCTGGGATaagcgcagggacttcccgaatctcggtattatcccggtaagtgtggactatatttTTGAGGGCGCCAGAG
CAD2.medium:Start-426|PCA1:427-End|RT:25_nt_each CGCATGGCCTTCACCgcgacaacggtttaggtgggtacgggtccccattccttatatagaaatggcatgtTCATACGAATGAAAGCTGTGTTGACGGATGCTGCGTTAGAGATTCTTCAGaagcgcagggacttcccgaatctcggtattatcccggtaagtgtggactatatttTTGAGGGCGCCAGAG
CAD2.medium:Start-465|PCA1:466-End|RT:25_nt_each CGCATGGCCTTCACCgcgacaacggtttaggtgggtacgggtccccattccttatatagaaatggcatgtAGATTCTTCCGTTATGGTTGAAGAAGTTACAGGCAGCTGCGAAGCTGTATaagcgcagggacttcccgaatctcggtattatcccggtaagtgtggactatatttTTGAGGGCGCCAGAG
CAD2.medium:Start-627|PCA1:628-End|RT:25_nt_each CGCATGGCCTTCACCgcgacaacggtttaggtgggtacgggtccccattccttatatagaaatggcatgtGCATACAGGTAAAGGCAGATTGTGTATCGAATCAAGTGACTCTACACTCAaagcgcagggacttcccgaatctcggtattatcccggtaagtgtggactatatttTTGAGGGCGCCAGAG
CAD2.medium:Start-660|PCA1:661-End|RT:25_nt_each CGCATGGCCTTCACCgcgacaacggtttaggtgggtacgggtccccattccttatatagaaatggcatgtGTCCGACAGCACTTTAAAGAAGCGTAGTTGTAAAGTTAGCAGACAGAAAAaagcgcagggacttcccgaatctcggtattatcccggtaagtgtggactatatttTTGAGGGCGCCAGAG
CAD2.medium:Start-774|PCA1:775-End|RT:25_nt_each CGCATGGCCTTCACCgcgacaacggtttaggtgggtacgggtccccattccttatatagaaatggcatgtATGTGAAAAGAGAACATTCAAAGGCAGCACCAATGTTGGAATTTCTGGGAaagcgcagggacttcccgaatctcggtattatcccggtaagtgtggactatatttTTGAGGGCGCCAGAG
CAD2.medium:Start-1032|PCA1:1033-End|RT:25_nt_each CGCATGGCCTTCACCgcgacaacggtttaggtgggtacgggtccccattccttatatagaaatggcatgtTGGATGCTTAACTAAGAAGAAGACTCATGGAGACAAAGAAAGGTTGAGCAaagcgcagggacttcccgaatctcggtattatcccggtaagtgtggactatatttTTGAGGGCGCCAGAG
CAD2.medium:Start-1188|PCA1:1189-End|RT:25_nt_each CGCATGGCCTTCACCgcgacaacggtttaggtgggtacgggtccccattccttatatagaaatggcatgtTAGAATTGTTAGTATGGAACCAATTGAAAATCATCTTAATCTTGAGGCAGaagcgcagggacttcccgaatctcggtattatcccggtaagtgtggactatatttTTGAGGGCGCCAGAG
CAD2.medium:Start-1257|PCA1:1258-End|RT:25_nt_each CGCATGGCCTTCACCgcgacaacggtttaggtgggtacgggtccccattccttatatagaaatggcatgtTATAGTTTTATCGGTCAGTGGAATGTCCTGTACTGGTTGTGAATCAAAACaagcgcagggacttcccgaatctcggtattatcccggtaagtgtggactatatttTTGAGGGCGCCAGAG
CAD2.medium:Start-1275|PCA1:1276-End|RT:25_nt_each CGCATGGCCTTCACCgcgacaacggtttaggtgggtacgggtccccattccttatatagaaatggcatgtTGGAATGACTTGTACTGGATGTGAGTCAAAACTTAAGAAATCATTTGGCGaagcgcagggacttcccgaatctcggtattatcccggtaagtgtggactatatttTTGAGGGCGCCAGAG
CAD2.medium:Start-1446|PCA1:1447-End|RT:25_nt_each CGCATGGCCTTCACCgcgacaacggtttaggtgggtacgggtccccattccttatatagaaatggcatgtCAAATATGAACAAATTTCAAATCATGGTTCAACTATAGATGTTGTTGTTCaagcgcagggacttcccgaatctcggtattatcccggtaagtgtggactatatttTTGAGGGCGCCAGAG
CAD2.medium:Start-1467|PCA1:1468-End|RT:25_nt_each CGCATGGCCTTCACCgcgacaacggtttaggtgggtacgggtccccattccttatatagaaatggcatgtTCATGCGTCAACCATCGATGTTGTGGTTCCTTATGCAGCAAAAGATTTTAaagcgcagggacttcccgaatctcggtattatcccggtaagtgtggactatatttTTGAGGGCGCCAGAG
CAD2.medium:Start-1545|PCA1:1546-End|RT:25_nt_each CGCATGGCCTTCACCgcgacaacggtttaggtgggtacgggtccccattccttatatagaaatggcatgtGGAGTTGAAGATAGTCGAGAGAAATATCATTCGTATTTACTTTGACCCAAaagcgcagggacttcccgaatctcggtattatcccggtaagtgtggactatatttTTGAGGGCGCCAGAG
CAD2.medium:Start-1770|PCA1:1771-End|RT:25_nt_each CGCATGGCCTTCACCgcgacaacggtttaggtgggtacgggtccccattccttatatagaaatggcatgtTCAACTGAGAGAAAAGATATCGACTATCTCCGCGTCAATGGTGCTAGCAAaagcgcagggacttcccgaatctcggtattatcccggtaagtgtggactatatttTTGAGGGCGCCAGAG
CAD2.medium:Start-1773|PCA1:1774-End|RT:25_nt_each CGCATGGCCTTCACCgcgacaacggtttaggtgggtacgggtccccattccttatatagaaatggcatgtACTGAGAGAAAAGATATCGACTATGTCCGCGTCAATGGTGCTAGCAACTAaagcgcagggacttcccgaatctcggtattatcccggtaagtgtggactatatttTTGAGGGCGCCAGAG
CAD2.medium:Start-1944|PCA1:1945-End|RT:25_nt_each CGCATGGCCTTCACCgcgacaacggtttaggtgggtacgggtccccattccttatatagaaatggcatgtAATAGTATCTTTTGGCTATTTTGTTGTTGGACGCCCGTTATCTACGGAGCaagcgcagggacttcccgaatctcggtattatcccggtaagtgtggactatatttTTGAGGGCGCCAGAG
CAD2.medium:Start-1947|PCA1:1948-End|RT:25_nt_each CGCATGGCCTTCACCgcgacaacggtttaggtgggtacgggtccccattccttatatagaaatggcatgtAGTATCTTTTGGCTATTTTGTTGCGGGACGCCCGTTATCTACGGAGCAGTaagcgcagggacttcccgaatctcggtattatcccggtaagtgtggactatatttTTGAGGGCGCCAGAG
CAD2.medium:Start-2127|PCA1:2128-End|RT:25_nt_each CGCATGGCCTTCACCgcgacaacggtttaggtgggtacgggtccccattccttatatagaaatggcatgtTAAGACCGGCAAGGAAACGGAAATCAATATTAGACTTCTCCAATATGGCGaagcgcagggacttcccgaatctcggtattatcccggtaagtgtggactatatttTTGAGGGCGCCAGAG
CAD2.medium:Start-2163|PCA1:2164-End|RT:25_nt_each CGCATGGCCTTCACCgcgacaacggtttaggtgggtacgggtccccattccttatatagaaatggcatgtGTTACAATATGGGGATATATTTAAAGTTTTACCTGATTCAAGAATCCCAAaagcgcagggacttcccgaatctcggtattatcccggtaagtgtggactatatttTTGAGGGCGCCAGAG
CAD2.medium:Start-2505|PCA1:2506-End|RT:25_nt_each CGCATGGCCTTCACCgcgacaacggtttaggtgggtacgggtccccattccttatatagaaatggcatgtATGGATAGCAGTAGGCATAAGGGTAGAAAAGCAATCCCGCTCCGATGCCGaagcgcagggacttcccgaatctcggtattatcccggtaagtgtggactatatttTTGAGGGCGCCAGAG
CAD2.medium:Start-2583|PCA1:2584-End|RT:25_nt_each CGCATGGCCTTCACCgcgacaacggtttaggtgggtacgggtccccattccttatatagaaatggcatgtAGTACTAATTGTGTCTTGCCCATGCGTGATTGGACTTGCCGTTCCTATCGaagcgcagggacttcccgaatctcggtattatcccggtaagtgtggactatatttTTGAGGGCGCCAGAG
CAD2.medium:Start-2907|PCA1:2908-End|RT:25_nt_each CGCATGGCCTTCACCgcgacaacggtttaggtgggtacgggtccccattccttatatagaaatggcatgtGAACACTAAGGCTGTGACCGGTAAACGGGTAGAAGGAACATCATACTCTGaagcgcagggacttcccgaatctcggtattatcccggtaagtgtggactatatttTTGAGGGCGCCAGAG
CAD2.medium:Start-3339|PCA1:3340-End|RT:25_nt_each CGCATGGCCTTCACCgcgacaacggtttaggtgggtacgggtccccattccttatatagaaatggcatgtCGGGGATGGAACAAATGATGCAATCGGTTTGACTCAAGCAACGATTGGAGaagcgcagggacttcccgaatctcggtattatcccggtaagtgtggactatatttTTGAGGGCGCCAGAG
CAD2.medium:Start-3624|PCA1:3625-End|RT:25_nt_each CGCATGGCCTTCACCgcgacaacggtttaggtgggtacgggtccccattccttatatagaaatggcatgtTATTCTACCTGTAATTTTCGTCGCCATACTTCTGCGTTATGCAAAGATTTaagcgcagggacttcccgaatctcggtattatcccggtaagtgtggactatatttTTGAGGGCGCCAGAG
CAD2.medium:Start-3645|PCA1:3646-End|RT:25_nt_each CGCATGGCCTTCACCgcgacaacggtttaggtgggtacgggtccccattccttatatagaaatggcatgtCGCCACGCTTCTGAGATACGCTAAAATTTAGTCCAGGTACTGCTGCTATTaagcgcagggacttcccgaatctcggtattatcccggtaagtgtggactatatttTTGAGGGCGCCAGAG
CAD2.medium:Start-3648|PCA1:3649-End|RT:25_nt_each CGCATGGCCTTCACCgcgacaacggtttaggtgggtacgggtccccattccttatatagaaatggcatgtCACGCTTCTGAGATACGCTAAAGTCTAGTCCAGGTACTGCTGCTATTTGAaagcgcagggacttcccgaatctcggtattatcccggtaagtgtggactatatttTTGAGGGCGCCAGAG
CAD2.medium:Start-114|PCA1:115-End|RT:29_nt_each CGCATGGCCTTCACCgcgacaacggtttaggtgggtacgggtccccattccttatatagaaatggcCCATGCAAGATAATCGTGGGGAATGTCATCGTAGATCCATAGAAATGCATGCTAATGAgcagggacttcccgaatctcggtattatcccggtaagtgtggactatatttTTGAGGGCGCCAGAG
CAD2.medium:Start-129|PCA1:130-End|RT:29_nt_each CGCATGGCCTTCACCgcgacaacggtttaggtgggtacgggtccccattccttatatagaaatggcGTGGGGAATGTCATCTGCGTAGTATAGAAATGCATGCTAATGACAATCTGGGATTGGTgcagggacttcccgaatctcggtattatcccggtaagtgtggactatatttTTGAGGGCGCCAGAG
CAD2.medium:Start-426|PCA1:427-End|RT:29_nt_each CGCATGGCCTTCACCgcgacaacggtttaggtgggtacgggtccccattccttatatagaaatggcGTGATCATACGAATGAAAGCTGTGTTGACGGATGCTGCGTTAGAGATTCTTCAGTGATgcagggacttcccgaatctcggtattatcccggtaagtgtggactatatttTTGAGGGCGCCAGAG
CAD2.medium:Start-465|PCA1:466-End|RT:29_nt_each CGCATGGCCTTCACCgcgacaacggtttaggtgggtacgggtccccattccttatatagaaatggcTTAGAGATTCTTCCGTTATGGTTGAAGAAGTTACAGGCAGCTGCGAAGCTGTATCTTCgcagggacttcccgaatctcggtattatcccggtaagtgtggactatatttTTGAGGGCGCCAGAG
CAD2.medium:Start-627|PCA1:628-End|RT:29_nt_each CGCATGGCCTTCACCgcgacaacggtttaggtgggtacgggtccccattccttatatagaaatggcATCAGCATACAGGTAAAGGCAGATTGTGTATCGAATCAAGTGACTCTACACTCAAGAAgcagggacttcccgaatctcggtattatcccggtaagtgtggactatatttTTGAGGGCGCCAGAG
CAD2.medium:Start-660|PCA1:661-End|RT:29_nt_each CGCATGGCCTTCACCgcgacaacggtttaggtgggtacgggtccccattccttatatagaaatggcAGTCGTCCGACAGCACTTTAAAGAAGCGTAGTTGTAAAGTTAGCAGACAGAAAATTGAgcagggacttcccgaatctcggtattatcccggtaagtgtggactatatttTTGAGGGCGCCAGAG
CAD2.medium:Start-774|PCA1:775-End|RT:29_nt_each CGCATGGCCTTCACCgcgacaacggtttaggtgggtacgggtccccattccttatatagaaatggcGATCATGTGAAAAGAGAACATTCAAAGGCAGCACCAATGTTGGAATTTCTGGGAGTAGgcagggacttcccgaatctcggtattatcccggtaagtgtggactatatttTTGAGGGCGCCAGAG
CAD2.medium:Start-1032|PCA1:1033-End|RT:29_nt_each CGCATGGCCTTCACCgcgacaacggtttaggtgggtacgggtccccattccttatatagaaatggcGTAGTGGATGCTTAACTAAGAAGAAGACTCATGGAGACAAAGAAAGGTTGAGCAATGAgcagggacttcccgaatctcggtattatcccggtaagtgtggactatatttTTGAGGGCGCCAGAG
CAD2.medium:Start-1188|PCA1:1189-End|RT:29_nt_each CGCATGGCCTTCACCgcgacaacggtttaggtgggtacgggtccccattccttatatagaaatggcTATCTAGAATTGTTAGTATGGAACCAATTGAAAATCATCTTAATCTTGAGGCAGGATCgcagggacttcccgaatctcggtattatcccggtaagtgtggactatatttTTGAGGGCGCCAGAG
CAD2.medium:Start-1257|PCA1:1258-End|RT:29_nt_each CGCATGGCCTTCACCgcgacaacggtttaggtgggtacgggtccccattccttatatagaaatggcAACATATAGTTTTATCGGTCAGTGGAATGTCCTGTACTGGTTGTGAATCAAAACTTAAgcagggacttcccgaatctcggtattatcccggtaagtgtggactatatttTTGAGGGCGCCAGAG
CAD2.medium:Start-1275|PCA1:1276-End|RT:29_nt_each CGCATGGCCTTCACCgcgacaacggtttaggtgggtacgggtccccattccttatatagaaatggcTCAGTGGAATGACTTGTACTGGATGTGAGTCAAAACTTAAGAAATCATTTGGCGCGCTgcagggacttcccgaatctcggtattatcccggtaagtgtggactatatttTTGAGGGCGCCAGAG
CAD2.medium:Start-1446|PCA1:1447-End|RT:29_nt_each CGCATGGCCTTCACCgcgacaacggtttaggtgggtacgggtccccattccttatatagaaatggcAATTCAAATATGAACAAATTTCAAATCATGGTTCAACTATAGATGTTGTTGTTCCTTAgcagggacttcccgaatctcggtattatcccggtaagtgtggactatatttTTGAGGGCGCCAGAG
CAD2.medium:Start-1467|PCA1:1468-End|RT:29_nt_each CGCATGGCCTTCACCgcgacaacggtttaggtgggtacgggtccccattccttatatagaaatggcCAAATCATGCGTCAACCATCGATGTTGTGGTTCCTTATGCAGCAAAAGATTTTATTAAgcagggacttcccgaatctcggtattatcccggtaagtgtggactatatttTTGAGGGCGCCAGAG
CAD2.medium:Start-1545|PCA1:1546-End|RT:29_nt_each CGCATGGCCTTCACCgcgacaacggtttaggtgggtacgggtccccattccttatatagaaatggcTGACGGAGTTGAAGATAGTCGAGAGAAATATCATTCGTATTTACTTTGACCCAAAGGTgcagggacttcccgaatctcggtattatcccggtaagtgtggactatatttTTGAGGGCGCCAGAG
CAD2.medium:Start-1770|PCA1:1771-End|RT:29_nt_each CGCATGGCCTTCACCgcgacaacggtttaggtgggtacgggtccccattccttatatagaaatggcCACCTCAACTGAGAGAAAAGATATCGACTATCTCCGCGTCAATGGTGCTAGCAACTATgcagggacttcccgaatctcggtattatcccggtaagtgtggactatatttTTGAGGGCGCCAGAG
CAD2.medium:Start-1773|PCA1:1774-End|RT:29_nt_each CGCATGGCCTTCACCgcgacaacggtttaggtgggtacgggtccccattccttatatagaaatggcCTCAACTGAGAGAAAAGATATCGACTATGTCCGCGTCAATGGTGCTAGCAACTATTATgcagggacttcccgaatctcggtattatcccggtaagtgtggactatatttTTGAGGGCGCCAGAG
CAD2.medium:Start-1944|PCA1:1945-End|RT:29_nt_each CGCATGGCCTTCACCgcgacaacggtttaggtgggtacgggtccccattccttatatagaaatggcTCTCAATAGTATCTTTTGGCTATTTTGTTGTTGGACGCCCGTTATCTACGGAGCAGTTgcagggacttcccgaatctcggtattatcccggtaagtgtggactatatttTTGAGGGCGCCAGAG
CAD2.medium:Start-1947|PCA1:1948-End|RT:29_nt_each CGCATGGCCTTCACCgcgacaacggtttaggtgggtacgggtccccattccttatatagaaatggcCAATAGTATCTTTTGGCTATTTTGTTGCGGGACGCCCGTTATCTACGGAGCAGTTTTTgcagggacttcccgaatctcggtattatcccggtaagtgtggactatatttTTGAGGGCGCCAGAG
CAD2.medium:Start-2127|PCA1:2128-End|RT:29_nt_each CGCATGGCCTTCACCgcgacaacggtttaggtgggtacgggtccccattccttatatagaaatggcTAGATAAGACCGGCAAGGAAACGGAAATCAATATTAGACTTCTCCAATATGGCGATATgcagggacttcccgaatctcggtattatcccggtaagtgtggactatatttTTGAGGGCGCCAGAG
CAD2.medium:Start-2163|PCA1:2164-End|RT:29_nt_each CGCATGGCCTTCACCgcgacaacggtttaggtgggtacgggtccccattccttatatagaaatggcGGTTGTTACAATATGGGGATATATTTAAAGTTTTACCTGATTCAAGAATCCCAACTGAgcagggacttcccgaatctcggtattatcccggtaagtgtggactatatttTTGAGGGCGCCAGAG
CAD2.medium:Start-2505|PCA1:2506-End|RT:29_nt_each CGCATGGCCTTCACCgcgacaacggtttaggtgggtacgggtccccattccttatatagaaatggcGTGTATGGATAGCAGTAGGCATAAGGGTAGAAAAGCAATCCCGCTCCGATGCCGTAATgcagggacttcccgaatctcggtattatcccggtaagtgtggactatatttTTGAGGGCGCCAGAG
CAD2.medium:Start-2583|PCA1:2584-End|RT:29_nt_each CGCATGGCCTTCACCgcgacaacggtttaggtgggtacgggtccccattccttatatagaaatggcTAACAGTACTAATTGTGTCTTGCCCATGCGTGATTGGACTTGCCGTTCCTATCGTATTgcagggacttcccgaatctcggtattatcccggtaagtgtggactatatttTTGAGGGCGCCAGAG
CAD2.medium:Start-2907|PCA1:2908-End|RT:29_nt_each CGCATGGCCTTCACCgcgacaacggtttaggtgggtacgggtccccattccttatatagaaatggcTCTCGAACACTAAGGCTGTGACCGGTAAACGGGTAGAAGGAACATCATACTCTGGTTTgcagggacttcccgaatctcggtattatcccggtaagtgtggactatatttTTGAGGGCGCCAGAG
CAD2.medium:Start-3339|PCA1:3340-End|RT:29_nt_each CGCATGGCCTTCACCgcgacaacggtttaggtgggtacgggtccccattccttatatagaaatggcTCTGCGGGGATGGAACAAATGATGCAATCGGTTTGACTCAAGCAACGATTGGAGTTCAgcagggacttcccgaatctcggtattatcccggtaagtgtggactatatttTTGAGGGCGCCAGAG
CAD2.medium:Start-3624|PCA1:3625-End|RT:29_nt_each CGCATGGCCTTCACCgcgacaacggtttaggtgggtacgggtccccattccttatatagaaatggcTCAGTATTCTACCTGTAATTTTCGTCGCCATACTTCTGCGTTATGCAAAGATTTAGTCgcagggacttcccgaatctcggtattatcccggtaagtgtggactatatttTTGAGGGCGCCAGAG
CAD2.medium:Start-3645|PCA1:3646-End|RT:29_nt_each CGCATGGCCTTCACCgcgacaacggtttaggtgggtacgggtccccattccttatatagaaatggcTCGTCGCCACGCTTCTGAGATACGCTAAAATTTAGTCCAGGTACTGCTGCTATTTGATgcagggacttcccgaatctcggtattatcccggtaagtgtggactatatttTTGAGGGCGCCAGAG
CAD2.medium:Start-3648|PCA1:3649-End|RT:29_nt_each CGCATGGCCTTCACCgcgacaacggtttaggtgggtacgggtccccattccttatatagaaatggcTCGCCACGCTTCTGAGATACGCTAAAGTCTAGTCCAGGTACTGCTGCTATTTGATTGTgcagggacttcccgaatctcggtattatcccggtaagtgtggactatatttTTGAGGGCGCCAGAG
CAD2.medium:Start-114|PCA1:115-End|RT:34_nt_each CGCATGGCCTTCACCgcgacaacggtttaggtgggtacgggtccccattccttatatagaaCGACGCCATGCAAGATAATCGTGGGGAATGTCATCGTAGATCCATAGAAATGCATGCTAATGACAATCgacttcccgaatctcggtattatcccggtaagtgtggactatatttTTGAGGGCGCCAGAG
CAD2.medium:Start-129|PCA1:130-End|RT:34_nt_each CGCATGGCCTTCACCgcgacaacggtttaggtgggtacgggtccccattccttatatagaaTAATCGTGGGGAATGTCATCTGCGTAGTATAGAAATGCATGCTAATGACAATCTGGGATTGGTCTCCCgacttcccgaatctcggtattatcccggtaagtgtggactatatttTTGAGGGCGCCAGAG
CAD2.medium:Start-426|PCA1:427-End|RT:34_nt_each CGCATGGCCTTCACCgcgacaacggtttaggtgggtacgggtccccattccttatatagaaTGGTGGTGATCATACGAATGAAAGCTGTGTTGACGGATGCTGCGTTAGAGATTCTTCAGTGATGGTCGgacttcccgaatctcggtattatcccggtaagtgtggactatatttTTGAGGGCGCCAGAG
CAD2.medium:Start-465|PCA1:466-End|RT:34_nt_each CGCATGGCCTTCACCgcgacaacggtttaggtgggtacgggtccccattccttatatagaaTTGTGTTAGAGATTCTTCCGTTATGGTTGAAGAAGTTACAGGCAGCTGCGAAGCTGTATCTTCTAAAGgacttcccgaatctcggtattatcccggtaagtgtggactatatttTTGAGGGCGCCAGAG
CAD2.medium:Start-627|PCA1:628-End|RT:34_nt_each CGCATGGCCTTCACCgcgacaacggtttaggtgggtacgggtccccattccttatatagaaTTCCAATCAGCATACAGGTAAAGGCAGATTGTGTATCGAATCAAGTGACTCTACACTCAAGAAAAGAAgacttcccgaatctcggtattatcccggtaagtgtggactatatttTTGAGGGCGCCAGAG
CAD2.medium:Start-660|PCA1:661-End|RT:34_nt_each CGCATGGCCTTCACCgcgacaacggtttaggtgggtacgggtccccattccttatatagaaTCTGGAGTCGTCCGACAGCACTTTAAAGAAGCGTAGTTGTAAAGTTAGCAGACAGAAAATTGAGGTTTgacttcccgaatctcggtattatcccggtaagtgtggactatatttTTGAGGGCGCCAGAG
CAD2.medium:Start-774|PCA1:775-End|RT:34_nt_each CGCATGGCCTTCACCgcgacaacggtttaggtgggtacgggtccccattccttatatagaaCTCAAGATCATGTGAAAAGAGAACATTCAAAGGCAGCACCAATGTTGGAATTTCTGGGAGTAGCTCTAgacttcccgaatctcggtattatcccggtaagtgtggactatatttTTGAGGGCGCCAGAG
CAD2.medium:Start-1032|PCA1:1033-End|RT:34_nt_each CGCATGGCCTTCACCgcgacaacggtttaggtgggtacgggtccccattccttatatagaaTAACAGTAGTGGATGCTTAACTAAGAAGAAGACTCATGGAGACAAAGAAAGGTTGAGCAATGACAATGgacttcccgaatctcggtattatcccggtaagtgtggactatatttTTGAGGGCGCCAGAG
CAD2.medium:Start-1188|PCA1:1189-End|RT:34_nt_each CGCATGGCCTTCACCgcgacaacggtttaggtgggtacgggtccccattccttatatagaaCGAGATATCTAGAATTGTTAGTATGGAACCAATTGAAAATCATCTTAATCTTGAGGCAGGATCTACCGgacttcccgaatctcggtattatcccggtaagtgtggactatatttTTGAGGGCGCCAGAG
CAD2.medium:Start-1257|PCA1:1258-End|RT:34_nt_each CGCATGGCCTTCACCgcgacaacggtttaggtgggtacgggtccccattccttatatagaaTACTGAACATATAGTTTTATCGGTCAGTGGAATGTCCTGTACTGGTTGTGAATCAAAACTTAAGAAATgacttcccgaatctcggtattatcccggtaagtgtggactatatttTTGAGGGCGCCAGAG
CAD2.medium:Start-1275|PCA1:1276-End|RT:34_nt_each CGCATGGCCTTCACCgcgacaacggtttaggtgggtacgggtccccattccttatatagaaATCGGTCAGTGGAATGACTTGTACTGGATGTGAGTCAAAACTTAAGAAATCATTTGGCGCGCTCAAATgacttcccgaatctcggtattatcccggtaagtgtggactatatttTTGAGGGCGCCAGAG
CAD2.medium:Start-1446|PCA1:1447-End|RT:34_nt_each CGCATGGCCTTCACCgcgacaacggtttaggtgggtacgggtccccattccttatatagaaAACAGAATTCAAATATGAACAAATTTCAAATCATGGTTCAACTATAGATGTTGTTGTTCCTTATGCAGgacttcccgaatctcggtattatcccggtaagtgtggactatatttTTGAGGGCGCCAGAG
CAD2.medium:Start-1467|PCA1:1468-End|RT:34_nt_each CGCATGGCCTTCACCgcgacaacggtttaggtgggtacgggtccccattccttatatagaaAATTTCAAATCATGCGTCAACCATCGATGTTGTGGTTCCTTATGCAGCAAAAGATTTTATTAATGAGGgacttcccgaatctcggtattatcccggtaagtgtggactatatttTTGAGGGCGCCAGAG
CAD2.medium:Start-1545|PCA1:1546-End|RT:34_nt_each CGCATGGCCTTCACCgcgacaacggtttaggtgggtacgggtccccattccttatatagaaGGGCGTGACGGAGTTGAAGATAGTCGAGAGAAATATCATTCGTATTTACTTTGACCCAAAGGTTATAGgacttcccgaatctcggtattatcccggtaagtgtggactatatttTTGAGGGCGCCAGAG
CAD2.medium:Start-1770|PCA1:1771-End|RT:34_nt_each CGCATGGCCTTCACCgcgacaacggtttaggtgggtacgggtccccattccttatatagaaATGGGCACCTCAACTGAGAGAAAAGATATCGACTATCTCCGCGTCAATGGTGCTAGCAACTATTATTCgacttcccgaatctcggtattatcccggtaagtgtggactatatttTTGAGGGCGCCAGAG
CAD2.medium:Start-1773|PCA1:1774-End|RT:34_nt_each CGCATGGCCTTCACCgcgacaacggtttaggtgggtacgggtccccattccttatatagaaGGCACCTCAACTGAGAGAAAAGATATCGACTATGTCCGCGTCAATGGTGCTAGCAACTATTATTCAATgacttcccgaatctcggtattatcccggtaagtgtggactatatttTTGAGGGCGCCAGAG
CAD2.medium:Start-1944|PCA1:1945-End|RT:34_nt_each CGCATGGCCTTCACCgcgacaacggtttaggtgggtacgggtccccattccttatatagaaTATTTTCTCAATAGTATCTTTTGGCTATTTTGTTGTTGGACGCCCGTTATCTACGGAGCAGTTTTTTGgacttcccgaatctcggtattatcccggtaagtgtggactatatttTTGAGGGCGCCAGAG
CAD2.medium:Start-1947|PCA1:1948-End|RT:34_nt_each CGCATGGCCTTCACCgcgacaacggtttaggtgggtacgggtccccattccttatatagaaTTTCTCAATAGTATCTTTTGGCTATTTTGTTGCGGGACGCCCGTTATCTACGGAGCAGTTTTTTGAAAgacttcccgaatctcggtattatcccggtaagtgtggactatatttTTGAGGGCGCCAGAG
CAD2.medium:Start-2127|PCA1:2128-End|RT:34_nt_each CGCATGGCCTTCACCgcgacaacggtttaggtgggtacgggtccccattccttatatagaaACTCGTAGATAAGACCGGCAAGGAAACGGAAATCAATATTAGACTTCTCCAATATGGCGATATTTTTAgacttcccgaatctcggtattatcccggtaagtgtggactatatttTTGAGGGCGCCAGAG
CAD2.medium:Start-2163|PCA1:2164-End|RT:34_nt_each CGCATGGCCTTCACCgcgacaacggtttaggtgggtacgggtccccattccttatatagaaCATTCGGTTGTTACAATATGGGGATATATTTAAAGTTTTACCTGATTCAAGAATCCCAACTGATGGAAgacttcccgaatctcggtattatcccggtaagtgtggactatatttTTGAGGGCGCCAGAG
CAD2.medium:Start-2505|PCA1:2506-End|RT:34_nt_each CGCATGGCCTTCACCgcgacaacggtttaggtgggtacgggtccccattccttatatagaaATTCTGTGTATGGATAGCAGTAGGCATAAGGGTAGAAAAGCAATCCCGCTCCGATGCCGTAATTCAGGgacttcccgaatctcggtattatcccggtaagtgtggactatatttTTGAGGGCGCCAGAG
CAD2.medium:Start-2583|PCA1:2584-End|RT:34_nt_each CGCATGGCCTTCACCgcgacaacggtttaggtgggtacgggtccccattccttatatagaaCGCTATAACAGTACTAATTGTGTCTTGCCCATGCGTGATTGGACTTGCCGTTCCTATCGTATTTGTTAgacttcccgaatctcggtattatcccggtaagtgtggactatatttTTGAGGGCGCCAGAG
CAD2.medium:Start-2907|PCA1:2908-End|RT:34_nt_each CGCATGGCCTTCACCgcgacaacggtttaggtgggtacgggtccccattccttatatagaaAAATGTCTCGAACACTAAGGCTGTGACCGGTAAACGGGTAGAAGGAACATCATACTCTGGTTTGAAGTgacttcccgaatctcggtattatcccggtaagtgtggactatatttTTGAGGGCGCCAGAG
CAD2.medium:Start-3339|PCA1:3340-End|RT:34_nt_each CGCATGGCCTTCACCgcgacaacggtttaggtgggtacgggtccccattccttatatagaaGGTTTTCTGCGGGGATGGAACAAATGATGCAATCGGTTTGACTCAAGCAACGATTGGAGTTCATATCAgacttcccgaatctcggtattatcccggtaagtgtggactatatttTTGAGGGCGCCAGAG
CAD2.medium:Start-3624|PCA1:3625-End|RT:34_nt_each CGCATGGCCTTCACCgcgacaacggtttaggtgggtacgggtccccattccttatatagaaACTAGTCAGTATTCTACCTGTAATTTTCGTCGCCATACTTCTGCGTTATGCAAAGATTTAGTCCAGGTgacttcccgaatctcggtattatcccggtaagtgtggactatatttTTGAGGGCGCCAGAG
CAD2.medium:Start-3645|PCA1:3646-End|RT:34_nt_each CGCATGGCCTTCACCgcgacaacggtttaggtgggtacgggtccccattccttatatagaaAATTTTCGTCGCCACGCTTCTGAGATACGCTAAAATTTAGTCCAGGTACTGCTGCTATTTGATTGTAGgacttcccgaatctcggtattatcccggtaagtgtggactatatttTTGAGGGCGCCAGAG
CAD2.medium:Start-3648|PCA1:3649-End|RT:34_nt_each CGCATGGCCTTCACCgcgacaacggtttaggtgggtacgggtccccattccttatatagaaTTTCGTCGCCACGCTTCTGAGATACGCTAAAGTCTAGTCCAGGTACTGCTGCTATTTGATTGTAGATTgacttcccgaatctcggtattatcccggtaagtgtggactatatttTTGAGGGCGCCAGAG
CAD2.medium:Start-114|PCA1:115-End|RT:40_nt_each CGCATGGCCTTCACCgcgacaacggtttaggtgggtacgggtccccattccttatTTCGATCGACGCCATGCAAGATAATCGTGGGGAATGTCATCGTAGATCCATAGAAATGCATGCTAATGACAATCTGGGATccgaatctcggtattatcccggtaagtgtggactatatttTTGAGGGCGCCAGAG
CAD2.medium:Start-129|PCA1:130-End|RT:40_nt_each CGCATGGCCTTCACCgcgacaacggtttaggtgggtacgggtccccattccttatGCAAGATAATCGTGGGGAATGTCATCTGCGTAGTATAGAAATGCATGCTAATGACAATCTGGGATTGGTCTCCCAGCGAGccgaatctcggtattatcccggtaagtgtggactatatttTTGAGGGCGCCAGAG
CAD2.medium:Start-426|PCA1:427-End|RT:40_nt_each CGCATGGCCTTCACCgcgacaacggtttaggtgggtacgggtccccattccttatTCAAACTGGTGGTGATCATACGAATGAAAGCTGTGTTGACGGATGCTGCGTTAGAGATTCTTCAGTGATGGTCGAGGAAGccgaatctcggtattatcccggtaagtgtggactatatttTTGAGGGCGCCAGAG
CAD2.medium:Start-465|PCA1:466-End|RT:40_nt_each CGCATGGCCTTCACCgcgacaacggtttaggtgggtacgggtccccattccttatCGAGTGTTGTGTTAGAGATTCTTCCGTTATGGTTGAAGAAGTTACAGGCAGCTGCGAAGCTGTATCTTCTAAAGAACAATccgaatctcggtattatcccggtaagtgtggactatatttTTGAGGGCGCCAGAG
CAD2.medium:Start-627|PCA1:628-End|RT:40_nt_each CGCATGGCCTTCACCgcgacaacggtttaggtgggtacgggtccccattccttatTACAAATTCCAATCAGCATACAGGTAAAGGCAGATTGTGTATCGAATCAAGTGACTCTACACTCAAGAAAAGAAGTTGTAccgaatctcggtattatcccggtaagtgtggactatatttTTGAGGGCGCCAGAG
CAD2.medium:Start-660|PCA1:661-End|RT:40_nt_each CGCATGGCCTTCACCgcgacaacggtttaggtgggtacgggtccccattccttatATTGTGTCTGGAGTCGTCCGACAGCACTTTAAAGAAGCGTAGTTGTAAAGTTAGCAGACAGAAAATTGAGGTTTCCAGTAccgaatctcggtattatcccggtaagtgtggactatatttTTGAGGGCGCCAGAG
CAD2.medium:Start-774|PCA1:775-End|RT:40_nt_each CGCATGGCCTTCACCgcgacaacggtttaggtgggtacgggtccccattccttatAATAGCCTCAAGATCATGTGAAAAGAGAACATTCAAAGGCAGCACCAATGTTGGAATTTCTGGGAGTAGCTCTACCGACAccgaatctcggtattatcccggtaagtgtggactatatttTTGAGGGCGCCAGAG
CAD2.medium:Start-1032|PCA1:1033-End|RT:40_nt_each CGCATGGCCTTCACCgcgacaacggtttaggtgggtacgggtccccattccttatCTATCGTAACAGTAGTGGATGCTTAACTAAGAAGAAGACTCATGGAGACAAAGAAAGGTTGAGCAATGACAATGGCCATGccgaatctcggtattatcccggtaagtgtggactatatttTTGAGGGCGCCAGAG
CAD2.medium:Start-1188|PCA1:1189-End|RT:40_nt_each CGCATGGCCTTCACCgcgacaacggtttaggtgggtacgggtccccattccttatCTCATCCGAGATATCTAGAATTGTTAGTATGGAACCAATTGAAAATCATCTTAATCTTGAGGCAGGATCTACCGGTACCGccgaatctcggtattatcccggtaagtgtggactatatttTTGAGGGCGCCAGAG
CAD2.medium:Start-1257|PCA1:1258-End|RT:40_nt_each CGCATGGCCTTCACCgcgacaacggtttaggtgggtacgggtccccattccttatAACAGGTACTGAACATATAGTTTTATCGGTCAGTGGAATGTCCTGTACTGGTTGTGAATCAAAACTTAAGAAATCATTTGccgaatctcggtattatcccggtaagtgtggactatatttTTGAGGGCGCCAGAG
CAD2.medium:Start-1275|PCA1:1276-End|RT:40_nt_each CGCATGGCCTTCACCgcgacaacggtttaggtgggtacgggtccccattccttatAGTTTTATCGGTCAGTGGAATGACTTGTACTGGATGTGAGTCAAAACTTAAGAAATCATTTGGCGCGCTCAAATGTGTTCccgaatctcggtattatcccggtaagtgtggactatatttTTGAGGGCGCCAGAG
CAD2.medium:Start-1446|PCA1:1447-End|RT:40_nt_each CGCATGGCCTTCACCgcgacaacggtttaggtgggtacgggtccccattccttatTAAGACAACAGAATTCAAATATGAACAAATTTCAAATCATGGTTCAACTATAGATGTTGTTGTTCCTTATGCAGCAAAAGccgaatctcggtattatcccggtaagtgtggactatatttTTGAGGGCGCCAGAG
CAD2.medium:Start-1467|PCA1:1468-End|RT:40_nt_each CGCATGGCCTTCACCgcgacaacggtttaggtgggtacgggtccccattccttatTGAACAAATTTCAAATCATGCGTCAACCATCGATGTTGTGGTTCCTTATGCAGCAAAAGATTTTATTAATGAGGAATGGCccgaatctcggtattatcccggtaagtgtggactatatttTTGAGGGCGCCAGAG
CAD2.medium:Start-1545|PCA1:1546-End|RT:40_nt_each CGCATGGCCTTCACCgcgacaacggtttaggtgggtacgggtccccattccttatGCCACAGGGCGTGACGGAGTTGAAGATAGTCGAGAGAAATATCATTCGTATTTACTTTGACCCAAAGGTTATAGGTGCCAccgaatctcggtattatcccggtaagtgtggactatatttTTGAGGGCGCCAGAG
CAD2.medium:Start-1770|PCA1:1771-End|RT:40_nt_each CGCATGGCCTTCACCgcgacaacggtttaggtgggtacgggtccccattccttatGATGGCATGGGCACCTCAACTGAGAGAAAAGATATCGACTATCTCCGCGTCAATGGTGCTAGCAACTATTATTCAATTTGccgaatctcggtattatcccggtaagtgtggactatatttTTGAGGGCGCCAGAG
CAD2.medium:Start-1773|PCA1:1774-End|RT:40_nt_each CGCATGGCCTTCACCgcgacaacggtttaggtgggtacgggtccccattccttatGGCATGGGCACCTCAACTGAGAGAAAAGATATCGACTATGTCCGCGTCAATGGTGCTAGCAACTATTATTCAATTTGTTAccgaatctcggtattatcccggtaagtgtggactatatttTTGAGGGCGCCAGAG
CAD2.medium:Start-1944|PCA1:1945-End|RT:40_nt_each CGCATGGCCTTCACCgcgacaacggtttaggtgggtacgggtccccattccttatCGCATATATTTTCTCAATAGTATCTTTTGGCTATTTTGTTGTTGGACGCCCGTTATCTACGGAGCAGTTTTTTGAAACCAccgaatctcggtattatcccggtaagtgtggactatatttTTGAGGGCGCCAGAG
CAD2.medium:Start-1947|PCA1:1948-End|RT:40_nt_each CGCATGGCCTTCACCgcgacaacggtttaggtgggtacgggtccccattccttatATATATTTTCTCAATAGTATCTTTTGGCTATTTTGTTGCGGGACGCCCGTTATCTACGGAGCAGTTTTTTGAAACCAGCTccgaatctcggtattatcccggtaagtgtggactatatttTTGAGGGCGCCAGAG
CAD2.medium:Start-2127|PCA1:2128-End|RT:40_nt_each CGCATGGCCTTCACCgcgacaacggtttaggtgggtacgggtccccattccttatCGCCATACTCGTAGATAAGACCGGCAAGGAAACGGAAATCAATATTAGACTTCTCCAATATGGCGATATTTTTAAGGTTTccgaatctcggtattatcccggtaagtgtggactatatttTTGAGGGCGCCAGAG
CAD2.medium:Start-2163|PCA1:2164-End|RT:40_nt_each CGCATGGCCTTCACCgcgacaacggtttaggtgggtacgggtccccattccttatAATCGACATTCGGTTGTTACAATATGGGGATATATTTAAAGTTTTACCTGATTCAAGAATCCCAACTGATGGAACAGTCAccgaatctcggtattatcccggtaagtgtggactatatttTTGAGGGCGCCAGAG
CAD2.medium:Start-2505|PCA1:2506-End|RT:40_nt_each CGCATGGCCTTCACCgcgacaacggtttaggtgggtacgggtccccattccttatAGTCACATTCTGTGTATGGATAGCAGTAGGCATAAGGGTAGAAAAGCAATCCCGCTCCGATGCCGTAATTCAGGCCATTAccgaatctcggtattatcccggtaagtgtggactatatttTTGAGGGCGCCAGAG
CAD2.medium:Start-2583|PCA1:2584-End|RT:40_nt_each CGCATGGCCTTCACCgcgacaacggtttaggtgggtacgggtccccattccttatAATTTACGCTATAACAGTACTAATTGTGTCTTGCCCATGCGTGATTGGACTTGCCGTTCCTATCGTATTTGTTATTGCAAccgaatctcggtattatcccggtaagtgtggactatatttTTGAGGGCGCCAGAG
CAD2.medium:Start-2907|PCA1:2908-End|RT:40_nt_each CGCATGGCCTTCACCgcgacaacggtttaggtgggtacgggtccccattccttatTGCGCAAAATGTCTCGAACACTAAGGCTGTGACCGGTAAACGGGTAGAAGGAACATCATACTCTGGTTTGAAGTTACAAGccgaatctcggtattatcccggtaagtgtggactatatttTTGAGGGCGCCAGAG
CAD2.medium:Start-3339|PCA1:3340-End|RT:40_nt_each CGCATGGCCTTCACCgcgacaacggtttaggtgggtacgggtccccattccttatCGTCGTGGTTTTCTGCGGGGATGGAACAAATGATGCAATCGGTTTGACTCAAGCAACGATTGGAGTTCATATCAATGAGGccgaatctcggtattatcccggtaagtgtggactatatttTTGAGGGCGCCAGAG
CAD2.medium:Start-3624|PCA1:3625-End|RT:40_nt_each CGCATGGCCTTCACCgcgacaacggtttaggtgggtacgggtccccattccttatGGGTGAACTAGTCAGTATTCTACCTGTAATTTTCGTCGCCATACTTCTGCGTTATGCAAAGATTTAGTCCAGGTACTGCTccgaatctcggtattatcccggtaagtgtggactatatttTTGAGGGCGCCAGAG
CAD2.medium:Start-3645|PCA1:3646-End|RT:40_nt_each CGCATGGCCTTCACCgcgacaacggtttaggtgggtacgggtccccattccttatACCTGTAATTTTCGTCGCCACGCTTCTGAGATACGCTAAAATTTAGTCCAGGTACTGCTGCTATTTGATTGTAGATTTTCccgaatctcggtattatcccggtaagtgtggactatatttTTGAGGGCGCCAGAG
CAD2.medium:Start-3648|PCA1:3649-End|RT:40_nt_each CGCATGGCCTTCACCgcgacaacggtttaggtgggtacgggtccccattccttatTGTAATTTTCGTCGCCACGCTTCTGAGATACGCTAAAGTCTAGTCCAGGTACTGCTGCTATTTGATTGTAGATTTTCTTTccgaatctcggtattatcccggtaagtgtggactatatttTTGAGGGCGCCAGAG
CAD2.medium:Start-114|PCA1:115-End|RT:47_nt_each CGCATGGCCTTCACCgcgacaacggtttaggtgggtacgggtccccatAGAATATTTCGATCGACGCCATGCAAGATAATCGTGGGGAATGTCATCGTAGATCCATAGAAATGCATGCTAATGACAATCTGGGATTGGTCTCtcggtattatcccggtaagtgtggactatatttTTGAGGGCGCCAGAG
CAD2.medium:Start-129|PCA1:130-End|RT:47_nt_each CGCATGGCCTTCACCgcgacaacggtttaggtgggtacgggtccccatACGCCATGCAAGATAATCGTGGGGAATGTCATCTGCGTAGTATAGAAATGCATGCTAATGACAATCTGGGATTGGTCTCCCAGCGAGACTGTACtcggtattatcccggtaagtgtggactatatttTTGAGGGCGCCAGAG
CAD2.medium:Start-426|PCA1:427-End|RT:47_nt_each CGCATGGCCTTCACCgcgacaacggtttaggtgggtacgggtccccatGAGATGCTCAAACTGGTGGTGATCATACGAATGAAAGCTGTGTTGACGGATGCTGCGTTAGAGATTCTTCAGTGATGGTCGAGGAAGTTACAGGtcggtattatcccggtaagtgtggactatatttTTGAGGGCGCCAGAG
CAD2.medium:Start-465|PCA1:466-End|RT:47_nt_each CGCATGGCCTTCACCgcgacaacggtttaggtgggtacgggtccccatGTGTTGACGAGTGTTGTGTTAGAGATTCTTCCGTTATGGTTGAAGAAGTTACAGGCAGCTGCGAAGCTGTATCTTCTAAAGAACAATTGCTGACtcggtattatcccggtaagtgtggactatatttTTGAGGGCGCCAGAG
CAD2.medium:Start-627|PCA1:628-End|RT:47_nt_each CGCATGGCCTTCACCgcgacaacggtttaggtgggtacgggtccccatGCTGTAATACAAATTCCAATCAGCATACAGGTAAAGGCAGATTGTGTATCGAATCAAGTGACTCTACACTCAAGAAAAGAAGTTGTAAAGTTAGtcggtattatcccggtaagtgtggactatatttTTGAGGGCGCCAGAG
CAD2.medium:Start-660|PCA1:661-End|RT:47_nt_each CGCATGGCCTTCACCgcgacaacggtttaggtgggtacgggtccccatAAGGCAGATTGTGTCTGGAGTCGTCCGACAGCACTTTAAAGAAGCGTAGTTGTAAAGTTAGCAGACAGAAAATTGAGGTTTCCAGTAAGCCTGAtcggtattatcccggtaagtgtggactatatttTTGAGGGCGCCAGAG
CAD2.medium:Start-774|PCA1:775-End|RT:47_nt_each CGCATGGCCTTCACCgcgacaacggtttaggtgggtacgggtccccatTCGAAAGAATAGCCTCAAGATCATGTGAAAAGAGAACATTCAAAGGCAGCACCAATGTTGGAATTTCTGGGAGTAGCTCTACCGACAGTTTAAGtcggtattatcccggtaagtgtggactatatttTTGAGGGCGCCAGAG
CAD2.medium:Start-1032|PCA1:1033-End|RT:47_nt_each CGCATGGCCTTCACCgcgacaacggtttaggtgggtacgggtccccatAGTATTCCTATCGTAACAGTAGTGGATGCTTAACTAAGAAGAAGACTCATGGAGACAAAGAAAGGTTGAGCAATGACAATGGCCATGCTGATTTtcggtattatcccggtaagtgtggactatatttTTGAGGGCGCCAGAG
CAD2.medium:Start-1188|PCA1:1189-End|RT:47_nt_each CGCATGGCCTTCACCgcgacaacggtttaggtgggtacgggtccccatGACATAGCTCATCCGAGATATCTAGAATTGTTAGTATGGAACCAATTGAAAATCATCTTAATCTTGAGGCAGGATCTACCGGTACCGAGCACATtcggtattatcccggtaagtgtggactatatttTTGAGGGCGCCAGAG
CAD2.medium:Start-1257|PCA1:1258-End|RT:47_nt_each CGCATGGCCTTCACCgcgacaacggtttaggtgggtacgggtccccatCAGGCTCAACAGGTACTGAACATATAGTTTTATCGGTCAGTGGAATGTCCTGTACTGGTTGTGAATCAAAACTTAAGAAATCATTTGGCGCGCTtcggtattatcccggtaagtgtggactatatttTTGAGGGCGCCAGAG
CAD2.medium:Start-1275|PCA1:1276-End|RT:47_nt_each CGCATGGCCTTCACCgcgacaacggtttaggtgggtacgggtccccatAACATATAGTTTTATCGGTCAGTGGAATGACTTGTACTGGATGTGAGTCAAAACTTAAGAAATCATTTGGCGCGCTCAAATGTGTTCACGGTTTtcggtattatcccggtaagtgtggactatatttTTGAGGGCGCCAGAG
CAD2.medium:Start-1446|PCA1:1447-End|RT:47_nt_each CGCATGGCCTTCACCgcgacaacggtttaggtgggtacgggtccccatATTTATCTAAGACAACAGAATTCAAATATGAACAAATTTCAAATCATGGTTCAACTATAGATGTTGTTGTTCCTTATGCAGCAAAAGATTTTATtcggtattatcccggtaagtgtggactatatttTTGAGGGCGCCAGAG
CAD2.medium:Start-1467|PCA1:1468-End|RT:47_nt_each CGCATGGCCTTCACCgcgacaacggtttaggtgggtacgggtccccatTCAAATATGAACAAATTTCAAATCATGCGTCAACCATCGATGTTGTGGTTCCTTATGCAGCAAAAGATTTTATTAATGAGGAATGGCCACAAGGtcggtattatcccggtaagtgtggactatatttTTGAGGGCGCCAGAG
CAD2.medium:Start-1545|PCA1:1546-End|RT:47_nt_each CGCATGGCCTTCACCgcgacaacggtttaggtgggtacgggtccccatAAGAATGGCCACAGGGCGTGACGGAGTTGAAGATAGTCGAGAGAAATATCATTCGTATTTACTTTGACCCAAAGGTTATAGGTGCCAGAGATCTtcggtattatcccggtaagtgtggactatatttTTGAGGGCGCCAGAG
CAD2.medium:Start-1770|PCA1:1771-End|RT:47_nt_each CGCATGGCCTTCACCgcgacaacggtttaggtgggtacgggtccccatTCTTGGTGATGGCATGGGCACCTCAACTGAGAGAAAAGATATCGACTATCTCCGCGTCAATGGTGCTAGCAACTATTATTCAATTTGTTATTGCtcggtattatcccggtaagtgtggactatatttTTGAGGGCGCCAGAG
CAD2.medium:Start-1773|PCA1:1774-End|RT:47_nt_each CGCATGGCCTTCACCgcgacaacggtttaggtgggtacgggtccccatTGGTGATGGCATGGGCACCTCAACTGAGAGAAAAGATATCGACTATGTCCGCGTCAATGGTGCTAGCAACTATTATTCAATTTGTTATTGCAGGtcggtattatcccggtaagtgtggactatatttTTGAGGGCGCCAGAG
CAD2.medium:Start-1944|PCA1:1945-End|RT:47_nt_each CGCATGGCCTTCACCgcgacaacggtttaggtgggtacgggtccccatCCTCGGCCGCATATATTTTCTCAATAGTATCTTTTGGCTATTTTGTTGTTGGACGCCCGTTATCTACGGAGCAGTTTTTTGAAACCAGCTCTTTtcggtattatcccggtaagtgtggactatatttTTGAGGGCGCCAGAG
CAD2.medium:Start-1947|PCA1:1948-End|RT:47_nt_each CGCATGGCCTTCACCgcgacaacggtttaggtgggtacgggtccccatCGGCCGCATATATTTTCTCAATAGTATCTTTTGGCTATTTTGTTGCGGGACGCCCGTTATCTACGGAGCAGTTTTTTGAAACCAGCTCTTTGCTtcggtattatcccggtaagtgtggactatatttTTGAGGGCGCCAGAG
CAD2.medium:Start-2127|PCA1:2128-End|RT:47_nt_each CGCATGGCCTTCACCgcgacaacggtttaggtgggtacgggtccccatCCTCAAGCGCCATACTCGTAGATAAGACCGGCAAGGAAACGGAAATCAATATTAGACTTCTCCAATATGGCGATATTTTTAAGGTTTTACCTGAtcggtattatcccggtaagtgtggactatatttTTGAGGGCGCCAGAG
CAD2.medium:Start-2163|PCA1:2164-End|RT:47_nt_each CGCATGGCCTTCACCgcgacaacggtttaggtgggtacgggtccccatAAACGGAAATCGACATTCGGTTGTTACAATATGGGGATATATTTAAAGTTTTACCTGATTCAAGAATCCCAACTGATGGAACAGTCATTTCTGGtcggtattatcccggtaagtgtggactatatttTTGAGGGCGCCAGAG
CAD2.medium:Start-2505|PCA1:2506-End|RT:47_nt_each CGCATGGCCTTCACCgcgacaacggtttaggtgggtacgggtccccatTAACGGTAGTCACATTCTGTGTATGGATAGCAGTAGGCATAAGGGTAGAAAAGCAATCCCGCTCCGATGCCGTAATTCAGGCCATTATATATGCtcggtattatcccggtaagtgtggactatatttTTGAGGGCGCCAGAG
CAD2.medium:Start-2583|PCA1:2584-End|RT:47_nt_each CGCATGGCCTTCACCgcgacaacggtttaggtgggtacgggtccccatAAGCTATAATTTACGCTATAACAGTACTAATTGTGTCTTGCCCATGCGTGATTGGACTTGCCGTTCCTATCGTATTTGTTATTGCAAGTGGCGTtcggtattatcccggtaagtgtggactatatttTTGAGGGCGCCAGAG
CAD2.medium:Start-2907|PCA1:2908-End|RT:47_nt_each CGCATGGCCTTCACCgcgacaacggtttaggtgggtacgggtccccatGTGTTAGTGCGCAAAATGTCTCGAACACTAAGGCTGTGACCGGTAAACGGGTAGAAGGAACATCATACTCTGGTTTGAAGTTACAAGGAGGGAAtcggtattatcccggtaagtgtggactatatttTTGAGGGCGCCAGAG
CAD2.medium:Start-3339|PCA1:3340-End|RT:47_nt_each CGCATGGCCTTCACCgcgacaacggtttaggtgggtacgggtccccatAAAGGCCCGTCGTGGTTTTCTGCGGGGATGGAACAAATGATGCAATCGGTTTGACTCAAGCAACGATTGGAGTTCATATCAATGAGGGAAGTGAtcggtattatcccggtaagtgtggactatatttTTGAGGGCGCCAGAG
CAD2.medium:Start-3624|PCA1:3625-End|RT:47_nt_each CGCATGGCCTTCACCgcgacaacggtttaggtgggtacgggtccccatCGGGTTTGGGTGAACTAGTCAGTATTCTACCTGTAATTTTCGTCGCCATACTTCTGCGTTATGCAAAGATTTAGTCCAGGTACTGCTGCTATTTtcggtattatcccggtaagtgtggactatatttTTGAGGGCGCCAGAG
CAD2.medium:Start-3645|PCA1:3646-End|RT:47_nt_each CGCATGGCCTTCACCgcgacaacggtttaggtgggtacgggtccccatGTATTCTACCTGTAATTTTCGTCGCCACGCTTCTGAGATACGCTAAAATTTAGTCCAGGTACTGCTGCTATTTGATTGTAGATTTTCTTTTTTCtcggtattatcccggtaagtgtggactatatttTTGAGGGCGCCAGAG
CAD2.medium:Start-3648|PCA1:3649-End|RT:47_nt_each CGCATGGCCTTCACCgcgacaacggtttaggtgggtacgggtccccatTTCTACCTGTAATTTTCGTCGCCACGCTTCTGAGATACGCTAAAGTCTAGTCCAGGTACTGCTGCTATTTGATTGTAGATTTTCTTTTTTCTTTtcggtattatcccggtaagtgtggactatatttTTGAGGGCGCCAGAG
CAD2.medium:Start-114|PCA1:115-End|RT:55_nt_each CGCATGGCCTTCACCgcgacaacggtttaggtgggtacggGAACTCTGAGAATATTTCGATCGACGCCATGCAAGATAATCGTGGGGAATGTCATCGTAGATCCATAGAAATGCATGCTAATGACAATCTGGGATTGGTCTCCCAGCGAGatcccggtaagtgtggactatatttTTGAGGGCGCCAGAG
CAD2.medium:Start-129|PCA1:130-End|RT:55_nt_each CGCATGGCCTTCACCgcgacaacggtttaggtgggtacggTTCGATCGACGCCATGCAAGATAATCGTGGGGAATGTCATCTGCGTAGTATAGAAATGCATGCTAATGACAATCTGGGATTGGTCTCCCAGCGAGACTGTACCAATCGGCatcccggtaagtgtggactatatttTTGAGGGCGCCAGAG
CAD2.medium:Start-426|PCA1:427-End|RT:55_nt_each CGCATGGCCTTCACCgcgacaacggtttaggtgggtacggTTGTTGTGGAGATGCTCAAACTGGTGGTGATCATACGAATGAAAGCTGTGTTGACGGATGCTGCGTTAGAGATTCTTCAGTGATGGTCGAGGAAGTTACAGGCAGCTGCGatcccggtaagtgtggactatatttTTGAGGGCGCCAGAG
CAD2.medium:Start-465|PCA1:466-End|RT:55_nt_each CGCATGGCCTTCACCgcgacaacggtttaggtgggtacggTGAAAGCTGTGTTGACGAGTGTTGTGTTAGAGATTCTTCCGTTATGGTTGAAGAAGTTACAGGCAGCTGCGAAGCTGTATCTTCTAAAGAACAATTGCTGACCAGCTTTGatcccggtaagtgtggactatatttTTGAGGGCGCCAGAG
CAD2.medium:Start-627|PCA1:628-End|RT:55_nt_each CGCATGGCCTTCACCgcgacaacggtttaggtgggtacggGACTACACGCTGTAATACAAATTCCAATCAGCATACAGGTAAAGGCAGATTGTGTATCGAATCAAGTGACTCTACACTCAAGAAAAGAAGTTGTAAAGTTAGCAGACAGAatcccggtaagtgtggactatatttTTGAGGGCGCCAGAG
CAD2.medium:Start-660|PCA1:661-End|RT:55_nt_each CGCATGGCCTTCACCgcgacaacggtttaggtgggtacggTACAGGTAAAGGCAGATTGTGTCTGGAGTCGTCCGACAGCACTTTAAAGAAGCGTAGTTGTAAAGTTAGCAGACAGAAAATTGAGGTTTCCAGTAAGCCTGAGTGCTGCAatcccggtaagtgtggactatatttTTGAGGGCGCCAGAG
CAD2.medium:Start-774|PCA1:775-End|RT:55_nt_each CGCATGGCCTTCACCgcgacaacggtttaggtgggtacggTTCTTGTGTCGAAAGAATAGCCTCAAGATCATGTGAAAAGAGAACATTCAAAGGCAGCACCAATGTTGGAATTTCTGGGAGTAGCTCTACCGACAGTTTAAGCGAGAAGTatcccggtaagtgtggactatatttTTGAGGGCGCCAGAG
CAD2.medium:Start-1032|PCA1:1033-End|RT:55_nt_each CGCATGGCCTTCACCgcgacaacggtttaggtgggtacggGAAGACTAAGTATTCCTATCGTAACAGTAGTGGATGCTTAACTAAGAAGAAGACTCATGGAGACAAAGAAAGGTTGAGCAATGACAATGGCCATGCTGATTTTGTTTGTTatcccggtaagtgtggactatatttTTGAGGGCGCCAGAG
CAD2.medium:Start-1188|PCA1:1189-End|RT:55_nt_each CGCATGGCCTTCACCgcgacaacggtttaggtgggtacggTATATCAGGACATAGCTCATCCGAGATATCTAGAATTGTTAGTATGGAACCAATTGAAAATCATCTTAATCTTGAGGCAGGATCTACCGGTACCGAGCACATTGTTCTTAatcccggtaagtgtggactatatttTTGAGGGCGCCAGAG
CAD2.medium:Start-1257|PCA1:1258-End|RT:55_nt_each CGCATGGCCTTCACCgcgacaacggtttaggtgggtacggTCTTGAAGCAGGCTCAACAGGTACTGAACATATAGTTTTATCGGTCAGTGGAATGTCCTGTACTGGTTGTGAATCAAAACTTAAGAAATCATTTGGCGCGCTCAAATGTGatcccggtaagtgtggactatatttTTGAGGGCGCCAGAG
CAD2.medium:Start-1275|PCA1:1276-End|RT:55_nt_each CGCATGGCCTTCACCgcgacaacggtttaggtgggtacggAGGTACTGAACATATAGTTTTATCGGTCAGTGGAATGACTTGTACTGGATGTGAGTCAAAACTTAAGAAATCATTTGGCGCGCTCAAATGTGTTCACGGTTTGAAGACCAatcccggtaagtgtggactatatttTTGAGGGCGCCAGAG
CAD2.medium:Start-1446|PCA1:1447-End|RT:55_nt_each CGCATGGCCTTCACCgcgacaacggtttaggtgggtacggCATTAAACATTTATCTAAGACAACAGAATTCAAATATGAACAAATTTCAAATCATGGTTCAACTATAGATGTTGTTGTTCCTTATGCAGCAAAAGATTTTATTAATGAGGatcccggtaagtgtggactatatttTTGAGGGCGCCAGAG
CAD2.medium:Start-1467|PCA1:1468-End|RT:55_nt_each CGCATGGCCTTCACCgcgacaacggtttaggtgggtacggAACAGAATTCAAATATGAACAAATTTCAAATCATGCGTCAACCATCGATGTTGTGGTTCCTTATGCAGCAAAAGATTTTATTAATGAGGAATGGCCACAAGGTGTCACAGatcccggtaagtgtggactatatttTTGAGGGCGCCAGAG
CAD2.medium:Start-1545|PCA1:1546-End|RT:55_nt_each CGCATGGCCTTCACCgcgacaacggtttaggtgggtacggTATCAACGAAGAATGGCCACAGGGCGTGACGGAGTTGAAGATAGTCGAGAGAAATATCATTCGTATTTACTTTGACCCAAAGGTTATAGGTGCCAGAGATCTTGTCAATGatcccggtaagtgtggactatatttTTGAGGGCGCCAGAG
CAD2.medium:Start-1770|PCA1:1771-End|RT:55_nt_each CGCATGGCCTTCACCgcgacaacggtttaggtgggtacggTATACCCATCTTGGTGATGGCATGGGCACCTCAACTGAGAGAAAAGATATCGACTATCTCCGCGTCAATGGTGCTAGCAACTATTATTCAATTTGTTATTGCAGGACCGTatcccggtaagtgtggactatatttTTGAGGGCGCCAGAG
CAD2.medium:Start-1773|PCA1:1774-End|RT:55_nt_each CGCATGGCCTTCACCgcgacaacggtttaggtgggtacggACCCATCTTGGTGATGGCATGGGCACCTCAACTGAGAGAAAAGATATCGACTATGTCCGCGTCAATGGTGCTAGCAACTATTATTCAATTTGTTATTGCAGGACCGTTTTatcccggtaagtgtggactatatttTTGAGGGCGCCAGAG
CAD2.medium:Start-1944|PCA1:1945-End|RT:55_nt_each CGCATGGCCTTCACCgcgacaacggtttaggtgggtacggGTTGAGCACCTCGGCCGCATATATTTTCTCAATAGTATCTTTTGGCTATTTTGTTGTTGGACGCCCGTTATCTACGGAGCAGTTTTTTGAAACCAGCTCTTTGCTTGTAAatcccggtaagtgtggactatatttTTGAGGGCGCCAGAG
CAD2.medium:Start-1947|PCA1:1948-End|RT:55_nt_each CGCATGGCCTTCACCgcgacaacggtttaggtgggtacggGAGCACCTCGGCCGCATATATTTTCTCAATAGTATCTTTTGGCTATTTTGTTGCGGGACGCCCGTTATCTACGGAGCAGTTTTTTGAAACCAGCTCTTTGCTTGTAACTCatcccggtaagtgtggactatatttTTGAGGGCGCCAGAG
CAD2.medium:Start-2127|PCA1:2128-End|RT:55_nt_each CGCATGGCCTTCACCgcgacaacggtttaggtgggtacggTCTACAAGCCTCAAGCGCCATACTCGTAGATAAGACCGGCAAGGAAACGGAAATCAATATTAGACTTCTCCAATATGGCGATATTTTTAAGGTTTTACCTGATTCAAGAAatcccggtaagtgtggactatatttTTGAGGGCGCCAGAG
CAD2.medium:Start-2163|PCA1:2164-End|RT:55_nt_each CGCATGGCCTTCACCgcgacaacggtttaggtgggtacggCGGCAAGGAAACGGAAATCGACATTCGGTTGTTACAATATGGGGATATATTTAAAGTTTTACCTGATTCAAGAATCCCAACTGATGGAACAGTCATTTCTGGGTCTTCTGatcccggtaagtgtggactatatttTTGAGGGCGCCAGAG
CAD2.medium:Start-2505|PCA1:2506-End|RT:55_nt_each CGCATGGCCTTCACCgcgacaacggtttaggtgggtacggAATAGGTATAACGGTAGTCACATTCTGTGTATGGATAGCAGTAGGCATAAGGGTAGAAAAGCAATCCCGCTCCGATGCCGTAATTCAGGCCATTATATATGCCATTACGGatcccggtaagtgtggactatatttTTGAGGGCGCCAGAG
CAD2.medium:Start-2583|PCA1:2584-End|RT:55_nt_each CGCATGGCCTTCACCgcgacaacggtttaggtgggtacggTGTCATTCAAGCTATAATTTACGCTATAACAGTACTAATTGTGTCTTGCCCATGCGTGATTGGACTTGCCGTTCCTATCGTATTTGTTATTGCAAGTGGCGTCGCTGCGAatcccggtaagtgtggactatatttTTGAGGGCGCCAGAG
CAD2.medium:Start-2907|PCA1:2908-End|RT:55_nt_each CGCATGGCCTTCACCgcgacaacggtttaggtgggtacggGGAAAAGGGTGTTAGTGCGCAAAATGTCTCGAACACTAAGGCTGTGACCGGTAAACGGGTAGAAGGAACATCATACTCTGGTTTGAAGTTACAAGGAGGGAACTGTCGTTatcccggtaagtgtggactatatttTTGAGGGCGCCAGAG
CAD2.medium:Start-3339|PCA1:3340-End|RT:55_nt_each CGCATGGCCTTCACCgcgacaacggtttaggtgggtacggACAAAGCAAAAGGCCCGTCGTGGTTTTCTGCGGGGATGGAACAAATGATGCAATCGGTTTGACTCAAGCAACGATTGGAGTTCATATCAATGAGGGAAGTGAGGTTGCCAatcccggtaagtgtggactatatttTTGAGGGCGCCAGAG
CAD2.medium:Start-3624|PCA1:3625-End|RT:55_nt_each CGCATGGCCTTCACCgcgacaacggtttaggtgggtacggCGAATATGCGGGTTTGGGTGAACTAGTCAGTATTCTACCTGTAATTTTCGTCGCCATACTTCTGCGTTATGCAAAGATTTAGTCCAGGTACTGCTGCTATTTGATTGTAGatcccggtaagtgtggactatatttTTGAGGGCGCCAGAG
CAD2.medium:Start-3645|PCA1:3646-End|RT:55_nt_each CGCATGGCCTTCACCgcgacaacggtttaggtgggtacggACTAGTCAGTATTCTACCTGTAATTTTCGTCGCCACGCTTCTGAGATACGCTAAAATTTAGTCCAGGTACTGCTGCTATTTGATTGTAGATTTTCTTTTTTCTTTTCTTTatcccggtaagtgtggactatatttTTGAGGGCGCCAGAG
CAD2.medium:Start-3648|PCA1:3649-End|RT:55_nt_each CGCATGGCCTTCACCgcgacaacggtttaggtgggtacggAGTCAGTATTCTACCTGTAATTTTCGTCGCCACGCTTCTGAGATACGCTAAAGTCTAGTCCAGGTACTGCTGCTATTTGATTGTAGATTTTCTTTTTTCTTTTCTTTTTTatcccggtaagtgtggactatatttTTGAGGGCGCCAGAG
CAD2.medium:Start-114|PCA1:115-End|RT:64_nt_each CGCATGGCCTTCACCgcgacaacggtttaggTGGTGTGGTGAACTCTGAGAATATTTCGATCGACGCCATGCAAGATAATCGTGGGGAATGTCATCGTAGATCCATAGAAATGCATGCTAATGACAATCTGGGATTGGTCTCCCAGCGAGACTGTACCAagtgtggactatatttTTGAGGGCGCCAGAG
CAD2.medium:Start-129|PCA1:130-End|RT:64_nt_each CGCATGGCCTTCACCgcgacaacggtttaggTGAGAATATTTCGATCGACGCCATGCAAGATAATCGTGGGGAATGTCATCTGCGTAGTATAGAAATGCATGCTAATGACAATCTGGGATTGGTCTCCCAGCGAGACTGTACCAATCGGCCCAAAATTAagtgtggactatatttTTGAGGGCGCCAGAG
CAD2.medium:Start-426|PCA1:427-End|RT:64_nt_each CGCATGGCCTTCACCgcgacaacggtttaggCGTAGATAGTTGTTGTGGAGATGCTCAAACTGGTGGTGATCATACGAATGAAAGCTGTGTTGACGGATGCTGCGTTAGAGATTCTTCAGTGATGGTCGAGGAAGTTACAGGCAGCTGCGAAGCTGTATagtgtggactatatttTTGAGGGCGCCAGAG
CAD2.medium:Start-465|PCA1:466-End|RT:64_nt_each CGCATGGCCTTCACCgcgacaacggtttaggTCATACGAATGAAAGCTGTGTTGACGAGTGTTGTGTTAGAGATTCTTCCGTTATGGTTGAAGAAGTTACAGGCAGCTGCGAAGCTGTATCTTCTAAAGAACAATTGCTGACCAGCTTTGAAGTTGTTCagtgtggactatatttTTGAGGGCGCCAGAG
CAD2.medium:Start-627|PCA1:628-End|RT:64_nt_each CGCATGGCCTTCACCgcgacaacggtttaggCATTAGAGAGACTACACGCTGTAATACAAATTCCAATCAGCATACAGGTAAAGGCAGATTGTGTATCGAATCAAGTGACTCTACACTCAAGAAAAGAAGTTGTAAAGTTAGCAGACAGAAAATTGAGGagtgtggactatatttTTGAGGGCGCCAGAG
CAD2.medium:Start-660|PCA1:661-End|RT:64_nt_each CGCATGGCCTTCACCgcgacaacggtttaggCAATCAGCATACAGGTAAAGGCAGATTGTGTCTGGAGTCGTCCGACAGCACTTTAAAGAAGCGTAGTTGTAAAGTTAGCAGACAGAAAATTGAGGTTTCCAGTAAGCCTGAGTGCTGCAACATTTCATagtgtggactatatttTTGAGGGCGCCAGAG
CAD2.medium:Start-774|PCA1:775-End|RT:64_nt_each CGCATGGCCTTCACCgcgacaacggtttaggCTGCAACATTTCTTGTGTCGAAAGAATAGCCTCAAGATCATGTGAAAAGAGAACATTCAAAGGCAGCACCAATGTTGGAATTTCTGGGAGTAGCTCTACCGACAGTTTAAGCGAGAAGTTCTTCAGCGagtgtggactatatttTTGAGGGCGCCAGAG
CAD2.medium:Start-1032|PCA1:1033-End|RT:64_nt_each CGCATGGCCTTCACCgcgacaacggtttaggTGCGAGTAAGAAGACTAAGTATTCCTATCGTAACAGTAGTGGATGCTTAACTAAGAAGAAGACTCATGGAGACAAAGAAAGGTTGAGCAATGACAATGGCCATGCTGATTTTGTTTGTTCTAAAAGTTagtgtggactatatttTTGAGGGCGCCAGAG
CAD2.medium:Start-1188|PCA1:1189-End|RT:64_nt_each CGCATGGCCTTCACCgcgacaacggtttaggGACTTCGACTATATCAGGACATAGCTCATCCGAGATATCTAGAATTGTTAGTATGGAACCAATTGAAAATCATCTTAATCTTGAGGCAGGATCTACCGGTACCGAGCACATTGTTCTTAGTGTTTCAGagtgtggactatatttTTGAGGGCGCCAGAG
CAD2.medium:Start-1257|PCA1:1258-End|RT:64_nt_each CGCATGGCCTTCACCgcgacaacggtttaggCCATCTTAATCTTGAAGCAGGCTCAACAGGTACTGAACATATAGTTTTATCGGTCAGTGGAATGTCCTGTACTGGTTGTGAATCAAAACTTAAGAAATCATTTGGCGCGCTCAAATGTGTTCACGGTTagtgtggactatatttTTGAGGGCGCCAGAG
CAD2.medium:Start-1275|PCA1:1276-End|RT:64_nt_each CGCATGGCCTTCACCgcgacaacggtttaggAGGCTCAACAGGTACTGAACATATAGTTTTATCGGTCAGTGGAATGACTTGTACTGGATGTGAGTCAAAACTTAAGAAATCATTTGGCGCGCTCAAATGTGTTCACGGTTTGAAGACCAGTTTAATATagtgtggactatatttTTGAGGGCGCCAGAG
CAD2.medium:Start-1446|PCA1:1447-End|RT:64_nt_each CGCATGGCCTTCACCgcgacaacggtttaggAAAAGATGTCATTAAACATTTATCTAAGACAACAGAATTCAAATATGAACAAATTTCAAATCATGGTTCAACTATAGATGTTGTTGTTCCTTATGCAGCAAAAGATTTTATTAATGAGGAATGGCCACagtgtggactatatttTTGAGGGCGCCAGAG
CAD2.medium:Start-1467|PCA1:1468-End|RT:64_nt_each CGCATGGCCTTCACCgcgacaacggtttaggATCTAAGACAACAGAATTCAAATATGAACAAATTTCAAATCATGCGTCAACCATCGATGTTGTGGTTCCTTATGCAGCAAAAGATTTTATTAATGAGGAATGGCCACAAGGTGTCACAGAGCTGAAAAagtgtggactatatttTTGAGGGCGCCAGAG
CAD2.medium:Start-1545|PCA1:1546-End|RT:64_nt_each CGCATGGCCTTCACCgcgacaacggtttaggGAAAGATTTTATCAACGAAGAATGGCCACAGGGCGTGACGGAGTTGAAGATAGTCGAGAGAAATATCATTCGTATTTACTTTGACCCAAAGGTTATAGGTGCCAGAGATCTTGTCAATGAAGGATGGAagtgtggactatatttTTGAGGGCGCCAGAG
CAD2.medium:Start-1770|PCA1:1771-End|RT:64_nt_each CGCATGGCCTTCACCgcgacaacggtttaggTATTCTTACTATACCCATCTTGGTGATGGCATGGGCACCTCAACTGAGAGAAAAGATATCGACTATCTCCGCGTCAATGGTGCTAGCAACTATTATTCAATTTGTTATTGCAGGACCGTTTTACTTAAagtgtggactatatttTTGAGGGCGCCAGAG
CAD2.medium:Start-1773|PCA1:1774-End|RT:64_nt_each CGCATGGCCTTCACCgcgacaacggtttaggTCTTACTATACCCATCTTGGTGATGGCATGGGCACCTCAACTGAGAGAAAAGATATCGACTATGTCCGCGTCAATGGTGCTAGCAACTATTATTCAATTTGTTATTGCAGGACCGTTTTACTTAAATGagtgtggactatatttTTGAGGGCGCCAGAG
CAD2.medium:Start-1944|PCA1:1945-End|RT:64_nt_each CGCATGGCCTTCACCgcgacaacggtttaggGCTTATTGTGTTGAGCACCTCGGCCGCATATATTTTCTCAATAGTATCTTTTGGCTATTTTGTTGTTGGACGCCCGTTATCTACGGAGCAGTTTTTTGAAACCAGCTCTTTGCTTGTAACTCTCATCAagtgtggactatatttTTGAGGGCGCCAGAG
CAD2.medium:Start-1947|PCA1:1948-End|RT:64_nt_each CGCATGGCCTTCACCgcgacaacggtttaggTATTGTGTTGAGCACCTCGGCCGCATATATTTTCTCAATAGTATCTTTTGGCTATTTTGTTGCGGGACGCCCGTTATCTACGGAGCAGTTTTTTGAAACCAGCTCTTTGCTTGTAACTCTCATCATGGagtgtggactatatttTTGAGGGCGCCAGAG
CAD2.medium:Start-2127|PCA1:2128-End|RT:64_nt_each CGCATGGCCTTCACCgcgacaacggtttaggAGTGAGATCTCTACAAGCCTCAAGCGCCATACTCGTAGATAAGACCGGCAAGGAAACGGAAATCAATATTAGACTTCTCCAATATGGCGATATTTTTAAGGTTTTACCTGATTCAAGAATCCCAACTGagtgtggactatatttTTGAGGGCGCCAGAG
CAD2.medium:Start-2163|PCA1:2164-End|RT:64_nt_each CGCATGGCCTTCACCgcgacaacggtttaggAGATAAGACCGGCAAGGAAACGGAAATCGACATTCGGTTGTTACAATATGGGGATATATTTAAAGTTTTACCTGATTCAAGAATCCCAACTGATGGAACAGTCATTTCTGGGTCTTCTGAAGTCGACGagtgtggactatatttTTGAGGGCGCCAGAG
CAD2.medium:Start-2505|PCA1:2506-End|RT:64_nt_each CGCATGGCCTTCACCgcgacaacggtttaggTCCAACGATAATAGGTATAACGGTAGTCACATTCTGTGTATGGATAGCAGTAGGCATAAGGGTAGAAAAGCAATCCCGCTCCGATGCCGTAATTCAGGCCATTATATATGCCATTACGGTACTTATCGagtgtggactatatttTTGAGGGCGCCAGAG
CAD2.medium:Start-2583|PCA1:2584-End|RT:64_nt_each CGCATGGCCTTCACCgcgacaacggtttaggATCCGATGCTGTCATTCAAGCTATAATTTACGCTATAACAGTACTAATTGTGTCTTGCCCATGCGTGATTGGACTTGCCGTTCCTATCGTATTTGTTATTGCAAGTGGCGTCGCTGCGAAAAGAGGGGagtgtggactatatttTTGAGGGCGCCAGAG
CAD2.medium:Start-2907|PCA1:2908-End|RT:64_nt_each CGCATGGCCTTCACCgcgacaacggtttaggTTACTTGAAGGAAAAGGGTGTTAGTGCGCAAAATGTCTCGAACACTAAGGCTGTGACCGGTAAACGGGTAGAAGGAACATCATACTCTGGTTTGAAGTTACAAGGAGGGAACTGTCGTTGGCTTGGTCagtgtggactatatttTTGAGGGCGCCAGAG
CAD2.medium:Start-3339|PCA1:3340-End|RT:64_nt_each CGCATGGCCTTCACCgcgacaacggtttaggTTCGTCATCACAAAGCAAAAGGCCCGTCGTGGTTTTCTGCGGGGATGGAACAAATGATGCAATCGGTTTGACTCAAGCAACGATTGGAGTTCATATCAATGAGGGAAGTGAGGTTGCCAAGCTAGCTGagtgtggactatatttTTGAGGGCGCCAGAG
CAD2.medium:Start-3624|PCA1:3625-End|RT:64_nt_each CGCATGGCCTTCACCgcgacaacggtttaggTATCCCACCCGAATATGCGGGTTTGGGTGAACTAGTCAGTATTCTACCTGTAATTTTCGTCGCCATACTTCTGCGTTATGCAAAGATTTAGTCCAGGTACTGCTGCTATTTGATTGTAGATTTTCTTTagtgtggactatatttTTGAGGGCGCCAGAG
CAD2.medium:Start-3645|PCA1:3646-End|RT:64_nt_each CGCATGGCCTTCACCgcgacaacggtttaggTTTGGGTGAACTAGTCAGTATTCTACCTGTAATTTTCGTCGCCACGCTTCTGAGATACGCTAAAATTTAGTCCAGGTACTGCTGCTATTTGATTGTAGATTTTCTTTTTTCTTTTCTTTTTTTTTTTTagtgtggactatatttTTGAGGGCGCCAGAG
CAD2.medium:Start-3648|PCA1:3649-End|RT:64_nt_each CGCATGGCCTTCACCgcgacaacggtttaggGGGTGAACTAGTCAGTATTCTACCTGTAATTTTCGTCGCCACGCTTCTGAGATACGCTAAAGTCTAGTCCAGGTACTGCTGCTATTTGATTGTAGATTTTCTTTTTTCTTTTCTTTTTTTTTTTTGACagtgtggactatatttTTGAGGGCGCCAGAG
CAD2.medium:Start-114|PCA1:115-End|RT:74_nt_each CGCATGGCCTTCACCgcgacaACGGCGAGTATGGTGTGGTGAACTCTGAGAATATTTCGATCGACGCCATGCAAGATAATCGTGGGGAATGTCATCGTAGATCCATAGAAATGCATGCTAATGACAATCTGGGATTGGTCTCCCAGCGAGACTGTACCAATCGGCCCAAatatttTTGAGGGCGCCAGAG
CAD2.medium:Start-129|PCA1:130-End|RT:74_nt_each CGCATGGCCTTCACCgcgacaTGGTGAACTCTGAGAATATTTCGATCGACGCCATGCAAGATAATCGTGGGGAATGTCATCTGCGTAGTATAGAAATGCATGCTAATGACAATCTGGGATTGGTCTCCCAGCGAGACTGTACCAATCGGCCCAAAATTACTCCTCAGGAatatttTTGAGGGCGCCAGAG
CAD2.medium:Start-426|PCA1:427-End|RT:74_nt_each CGCATGGCCTTCACCgcgacaCCGGTCTTGACGTAGATAGTTGTTGTGGAGATGCTCAAACTGGTGGTGATCATACGAATGAAAGCTGTGTTGACGGATGCTGCGTTAGAGATTCTTCAGTGATGGTCGAGGAAGTTACAGGCAGCTGCGAAGCTGTATCTTCTAAAGAatatttTTGAGGGCGCCAGAG
CAD2.medium:Start-465|PCA1:466-End|RT:74_nt_each CGCATGGCCTTCACCgcgacaCTGGTGGTGATCATACGAATGAAAGCTGTGTTGACGAGTGTTGTGTTAGAGATTCTTCCGTTATGGTTGAAGAAGTTACAGGCAGCTGCGAAGCTGTATCTTCTAAAGAACAATTGCTGACCAGCTTTGAAGTTGTTCCAAGCAAATCatatttTTGAGGGCGCCAGAG
CAD2.medium:Start-627|PCA1:628-End|RT:74_nt_each CGCATGGCCTTCACCgcgacaCTATACACGACATTAGAGAGACTACACGCTGTAATACAAATTCCAATCAGCATACAGGTAAAGGCAGATTGTGTATCGAATCAAGTGACTCTACACTCAAGAAAAGAAGTTGTAAAGTTAGCAGACAGAAAATTGAGGTTTCCAGTAAatatttTTGAGGGCGCCAGAG
CAD2.medium:Start-660|PCA1:661-End|RT:74_nt_each CGCATGGCCTTCACCgcgacaATACAAATTCCAATCAGCATACAGGTAAAGGCAGATTGTGTCTGGAGTCGTCCGACAGCACTTTAAAGAAGCGTAGTTGTAAAGTTAGCAGACAGAAAATTGAGGTTTCCAGTAAGCCTGAGTGCTGCAACATTTCATGTGTTGAGCGatatttTTGAGGGCGCCAGAG
CAD2.medium:Start-774|PCA1:775-End|RT:74_nt_each CGCATGGCCTTCACCgcgacaAGCCAGAATGCTGCAACATTTCTTGTGTCGAAAGAATAGCCTCAAGATCATGTGAAAAGAGAACATTCAAAGGCAGCACCAATGTTGGAATTTCTGGGAGTAGCTCTACCGACAGTTTAAGCGAGAAGTTCTTCAGCGAACAGTACTCatatttTTGAGGGCGCCAGAG
CAD2.medium:Start-1032|PCA1:1033-End|RT:74_nt_each CGCATGGCCTTCACCgcgacaGCGGTGAAGGTGCGAGTAAGAAGACTAAGTATTCCTATCGTAACAGTAGTGGATGCTTAACTAAGAAGAAGACTCATGGAGACAAAGAAAGGTTGAGCAATGACAATGGCCATGCTGATTTTGTTTGTTCTAAAAGTTGTTGCACTAAatatttTTGAGGGCGCCAGAG
CAD2.medium:Start-1188|PCA1:1189-End|RT:74_nt_each CGCATGGCCTTCACCgcgacaACTGCGCAGTGACTTCGACTATATCAGGACATAGCTCATCCGAGATATCTAGAATTGTTAGTATGGAACCAATTGAAAATCATCTTAATCTTGAGGCAGGATCTACCGGTACCGAGCACATTGTTCTTAGTGTTTCAGGAATGTCCTGatatttTTGAGGGCGCCAGAG
CAD2.medium:Start-1257|PCA1:1258-End|RT:74_nt_each CGCATGGCCTTCACCgcgacaCAATTGGCAACCATCTTAATCTTGAAGCAGGCTCAACAGGTACTGAACATATAGTTTTATCGGTCAGTGGAATGTCCTGTACTGGTTGTGAATCAAAACTTAAGAAATCATTTGGCGCGCTCAAATGTGTTCACGGTTTGAAGACCAGatatttTTGAGGGCGCCAGAG
CAD2.medium:Start-1275|PCA1:1276-End|RT:74_nt_each CGCATGGCCTTCACCgcgacaATCTTGAAGCAGGCTCAACAGGTACTGAACATATAGTTTTATCGGTCAGTGGAATGACTTGTACTGGATGTGAGTCAAAACTTAAGAAATCATTTGGCGCGCTCAAATGTGTTCACGGTTTGAAGACCAGTTTAATATTATCGCAAGCatatttTTGAGGGCGCCAGAG
CAD2.medium:Start-1446|PCA1:1447-End|RT:74_nt_each CGCATGGCCTTCACCgcgacaAAGGTTCTGTAAAAGATGTCATTAAACATTTATCTAAGACAACAGAATTCAAATATGAACAAATTTCAAATCATGGTTCAACTATAGATGTTGTTGTTCCTTATGCAGCAAAAGATTTTATTAATGAGGAATGGCCACAAGGTGTCACatatttTTGAGGGCGCCAGAG
CAD2.medium:Start-1467|PCA1:1468-End|RT:74_nt_each CGCATGGCCTTCACCgcgacaTTAAACATTTATCTAAGACAACAGAATTCAAATATGAACAAATTTCAAATCATGCGTCAACCATCGATGTTGTGGTTCCTTATGCAGCAAAAGATTTTATTAATGAGGAATGGCCACAAGGTGTCACAGAGCTGAAAATTGTTGAGAGatatttTTGAGGGCGCCAGAG
CAD2.medium:Start-1545|PCA1:1546-End|RT:74_nt_each CGCATGGCCTTCACCgcgacaCATATGCCGCGAAAGATTTTATCAACGAAGAATGGCCACAGGGCGTGACGGAGTTGAAGATAGTCGAGAGAAATATCATTCGTATTTACTTTGACCCAAAGGTTATAGGTGCCAGAGATCTTGTCAATGAAGGATGGAGCGTGCCTGTatatttTTGAGGGCGCCAGAG
CAD2.medium:Start-1770|PCA1:1771-End|RT:74_nt_each CGCATGGCCTTCACCgcgacaCCCTCTCCATTATTCTTACTATACCCATCTTGGTGATGGCATGGGCACCTCAACTGAGAGAAAAGATATCGACTATCTCCGCGTCAATGGTGCTAGCAACTATTATTCAATTTGTTATTGCAGGACCGTTTTACTTAAATGCCTTGAAatatttTTGAGGGCGCCAGAG
CAD2.medium:Start-1773|PCA1:1774-End|RT:74_nt_each CGCATGGCCTTCACCgcgacaTCTCCATTATTCTTACTATACCCATCTTGGTGATGGCATGGGCACCTCAACTGAGAGAAAAGATATCGACTATGTCCGCGTCAATGGTGCTAGCAACTATTATTCAATTTGTTATTGCAGGACCGTTTTACTTAAATGCCTTGAAGAGatatttTTGAGGGCGCCAGAG
CAD2.medium:Start-1944|PCA1:1945-End|RT:74_nt_each CGCATGGCCTTCACCgcgacaAAATGGATCTGCTTATTGTGTTGAGCACCTCGGCCGCATATATTTTCTCAATAGTATCTTTTGGCTATTTTGTTGTTGGACGCCCGTTATCTACGGAGCAGTTTTTTGAAACCAGCTCTTTGCTTGTAACTCTCATCATGGTTGGTCGatatttTTGAGGGCGCCAGAG
CAD2.medium:Start-1947|PCA1:1948-End|RT:74_nt_each CGCATGGCCTTCACCgcgacaTGGATCTGCTTATTGTGTTGAGCACCTCGGCCGCATATATTTTCTCAATAGTATCTTTTGGCTATTTTGTTGCGGGACGCCCGTTATCTACGGAGCAGTTTTTTGAAACCAGCTCTTTGCTTGTAACTCTCATCATGGTTGGTCGCTTatatttTTGAGGGCGCCAGAG
CAD2.medium:Start-2127|PCA1:2128-End|RT:74_nt_each CGCATGGCCTTCACCgcgacaAGAGCATCTCAGTGAGATCTCTACAAGCCTCAAGCGCCATACTCGTAGATAAGACCGGCAAGGAAACGGAAATCAATATTAGACTTCTCCAATATGGCGATATTTTTAAGGTTTTACCTGATTCAAGAATCCCAACTGATGGAACAGTatatttTTGAGGGCGCCAGAG
CAD2.medium:Start-2163|PCA1:2164-End|RT:74_nt_each CGCATGGCCTTCACCgcgacaCCATACTCGTAGATAAGACCGGCAAGGAAACGGAAATCGACATTCGGTTGTTACAATATGGGGATATATTTAAAGTTTTACCTGATTCAAGAATCCCAACTGATGGAACAGTCATTTCTGGGTCTTCTGAAGTCGACGAAGCGTTAATatatttTTGAGGGCGCCAGAG
CAD2.medium:Start-2505|PCA1:2506-End|RT:74_nt_each CGCATGGCCTTCACCgcgacaCATACTTTGTTCCAACGATAATAGGTATAACGGTAGTCACATTCTGTGTATGGATAGCAGTAGGCATAAGGGTAGAAAAGCAATCCCGCTCCGATGCCGTAATTCAGGCCATTATATATGCCATTACGGTACTTATCGTTTCGTGTCCatatttTTGAGGGCGCCAGAG
CAD2.medium:Start-2583|PCA1:2584-End|RT:74_nt_each CGCATGGCCTTCACCgcgacaAGCAGAGCAGATCCGATGCTGTCATTCAAGCTATAATTTACGCTATAACAGTACTAATTGTGTCTTGCCCATGCGTGATTGGACTTGCCGTTCCTATCGTATTTGTTATTGCAAGTGGCGTCGCTGCGAAAAGAGGGGTAATCTTCAAatatttTTGAGGGCGCCAGAG
CAD2.medium:Start-2907|PCA1:2908-End|RT:74_nt_each CGCATGGCCTTCACCgcgacaCAATTGCAAGTTACTTGAAGGAAAAGGGTGTTAGTGCGCAAAATGTCTCGAACACTAAGGCTGTGACCGGTAAACGGGTAGAAGGAACATCATACTCTGGTTTGAAGTTACAAGGAGGGAACTGTCGTTGGCTTGGTCATAACAATGAatatttTTGAGGGCGCCAGAG
CAD2.medium:Start-3339|PCA1:3340-End|RT:74_nt_each CGCATGGCCTTCACCgcgacaGAAACTGTGATTCGTCATCACAAAGCAAAAGGCCCGTCGTGGTTTTCTGCGGGGATGGAACAAATGATGCAATCGGTTTGACTCAAGCAACGATTGGAGTTCATATCAATGAGGGAAGTGAGGTTGCCAAGCTAGCTGCTGATGTAGTatatttTTGAGGGCGCCAGAG
CAD2.medium:Start-3624|PCA1:3625-End|RT:74_nt_each CGCATGGCCTTCACCgcgacaTCGATTTTCATATCCCACCCGAATATGCGGGTTTGGGTGAACTAGTCAGTATTCTACCTGTAATTTTCGTCGCCATACTTCTGCGTTATGCAAAGATTTAGTCCAGGTACTGCTGCTATTTGATTGTAGATTTTCTTTTTTCTTTTCTatatttTTGAGGGCGCCAGAG
CAD2.medium:Start-3645|PCA1:3646-End|RT:74_nt_each CGCATGGCCTTCACCgcgacaAATATGCGGGTTTGGGTGAACTAGTCAGTATTCTACCTGTAATTTTCGTCGCCACGCTTCTGAGATACGCTAAAATTTAGTCCAGGTACTGCTGCTATTTGATTGTAGATTTTCTTTTTTCTTTTCTTTTTTTTTTTTGACGACTCTGatatttTTGAGGGCGCCAGAG
CAD2.medium:Start-3648|PCA1:3649-End|RT:74_nt_each CGCATGGCCTTCACCgcgacaATGCGGGTTTGGGTGAACTAGTCAGTATTCTACCTGTAATTTTCGTCGCCACGCTTCTGAGATACGCTAAAGTCTAGTCCAGGTACTGCTGCTATTTGATTGTAGATTTTCTTTTTTCTTTTCTTTTTTTTTTTTGACGACTCTGTAAatatttTTGAGGGCGCCAGAG
CAD2.medium:Start-114|PCA1:115-End|RT:80_nt_each CGCATGGCCTTCACCCGTCTGACGGCGAGTATGGTGTGGTGAACTCTGAGAATATTTCGATCGACGCCATGCAAGATAATCGTGGGGAATGTCATCGTAGATCCATAGAAATGCATGCTAATGACAATCTGGGATTGGTCTCCCAGCGAGACTGTACCAATCGGCCCAAAATTACTTGAGGGCGCCAGAG
CAD2.medium:Start-129|PCA1:130-End|RT:80_nt_each CGCATGGCCTTCACCATGGTGTGGTGAACTCTGAGAATATTTCGATCGACGCCATGCAAGATAATCGTGGGGAATGTCATCTGCGTAGTATAGAAATGCATGCTAATGACAATCTGGGATTGGTCTCCCAGCGAGACTGTACCAATCGGCCCAAAATTACTCCTCAGGAATGTTTTTGAGGGCGCCAGAG
CAD2.medium:Start-426|PCA1:427-End|RT:80_nt_each CGCATGGCCTTCACCCTGAAACCGGTCTTGACGTAGATAGTTGTTGTGGAGATGCTCAAACTGGTGGTGATCATACGAATGAAAGCTGTGTTGACGGATGCTGCGTTAGAGATTCTTCAGTGATGGTCGAGGAAGTTACAGGCAGCTGCGAAGCTGTATCTTCTAAAGAACAATTTTGAGGGCGCCAGAG
CAD2.medium:Start-465|PCA1:466-End|RT:80_nt_each CGCATGGCCTTCACCCTCAAACTGGTGGTGATCATACGAATGAAAGCTGTGTTGACGAGTGTTGTGTTAGAGATTCTTCCGTTATGGTTGAAGAAGTTACAGGCAGCTGCGAAGCTGTATCTTCTAAAGAACAATTGCTGACCAGCTTTGAAGTTGTTCCAAGCAAATCTGAAGGTTGAGGGCGCCAGAG
CAD2.medium:Start-627|PCA1:628-End|RT:80_nt_each CGCATGGCCTTCACCTGCAATCTATACACGACATTAGAGAGACTACACGCTGTAATACAAATTCCAATCAGCATACAGGTAAAGGCAGATTGTGTATCGAATCAAGTGACTCTACACTCAAGAAAAGAAGTTGTAAAGTTAGCAGACAGAAAATTGAGGTTTCCAGTAAGCCTGATTGAGGGCGCCAGAG
CAD2.medium:Start-660|PCA1:661-End|RT:80_nt_each CGCATGGCCTTCACCGCTGTAATACAAATTCCAATCAGCATACAGGTAAAGGCAGATTGTGTCTGGAGTCGTCCGACAGCACTTTAAAGAAGCGTAGTTGTAAAGTTAGCAGACAGAAAATTGAGGTTTCCAGTAAGCCTGAGTGCTGCAACATTTCATGTGTTGAGCGGATTGCTTGAGGGCGCCAGAG
CAD2.medium:Start-774|PCA1:775-End|RT:80_nt_each CGCATGGCCTTCACCCCAGTAAGCCAGAATGCTGCAACATTTCTTGTGTCGAAAGAATAGCCTCAAGATCATGTGAAAAGAGAACATTCAAAGGCAGCACCAATGTTGGAATTTCTGGGAGTAGCTCTACCGACAGTTTAAGCGAGAAGTTCTTCAGCGAACAGTACTCTAGAATTTGAGGGCGCCAGAG
CAD2.medium:Start-1032|PCA1:1033-End|RT:80_nt_each CGCATGGCCTTCACCTTTGTAGCGGTGAAGGTGCGAGTAAGAAGACTAAGTATTCCTATCGTAACAGTAGTGGATGCTTAACTAAGAAGAAGACTCATGGAGACAAAGAAAGGTTGAGCAATGACAATGGCCATGCTGATTTTGTTTGTTCTAAAAGTTGTTGCACTAAAATGAATTGAGGGCGCCAGAG
CAD2.medium:Start-1188|PCA1:1189-End|RT:80_nt_each CGCATGGCCTTCACCTGAAGGACTGCGCAGTGACTTCGACTATATCAGGACATAGCTCATCCGAGATATCTAGAATTGTTAGTATGGAACCAATTGAAAATCATCTTAATCTTGAGGCAGGATCTACCGGTACCGAGCACATTGTTCTTAGTGTTTCAGGAATGTCCTGTACTGGTTGAGGGCGCCAGAG
CAD2.medium:Start-1257|PCA1:1258-End|RT:80_nt_each CGCATGGCCTTCACCTGGAACCAATTGGCAACCATCTTAATCTTGAAGCAGGCTCAACAGGTACTGAACATATAGTTTTATCGGTCAGTGGAATGTCCTGTACTGGTTGTGAATCAAAACTTAAGAAATCATTTGGCGCGCTCAAATGTGTTCACGGTTTGAAGACCAGTTTAATTTGAGGGCGCCAGAG
CAD2.medium:Start-1275|PCA1:1276-End|RT:80_nt_each CGCATGGCCTTCACCATCTTAATCTTGAAGCAGGCTCAACAGGTACTGAACATATAGTTTTATCGGTCAGTGGAATGACTTGTACTGGATGTGAGTCAAAACTTAAGAAATCATTTGGCGCGCTCAAATGTGTTCACGGTTTGAAGACCAGTTTAATATTATCGCAAGCTGAATTTTGAGGGCGCCAGAG
CAD2.medium:Start-1446|PCA1:1447-End|RT:80_nt_each CGCATGGCCTTCACCTAGCTCAAGGTTCTGTAAAAGATGTCATTAAACATTTATCTAAGACAACAGAATTCAAATATGAACAAATTTCAAATCATGGTTCAACTATAGATGTTGTTGTTCCTTATGCAGCAAAAGATTTTATTAATGAGGAATGGCCACAAGGTGTCACAGAGCTTTGAGGGCGCCAGAG
CAD2.medium:Start-1467|PCA1:1468-End|RT:80_nt_each CGCATGGCCTTCACCATGTCATTAAACATTTATCTAAGACAACAGAATTCAAATATGAACAAATTTCAAATCATGCGTCAACCATCGATGTTGTGGTTCCTTATGCAGCAAAAGATTTTATTAATGAGGAATGGCCACAAGGTGTCACAGAGCTGAAAATTGTTGAGAGAAATATTTGAGGGCGCCAGAG
CAD2.medium:Start-1545|PCA1:1546-End|RT:80_nt_each CGCATGGCCTTCACCTGGCTCCATATGCCGCGAAAGATTTTATCAACGAAGAATGGCCACAGGGCGTGACGGAGTTGAAGATAGTCGAGAGAAATATCATTCGTATTTACTTTGACCCAAAGGTTATAGGTGCCAGAGATCTTGTCAATGAAGGATGGAGCGTGCCTGTTAGTATTTGAGGGCGCCAGAG
CAD2.medium:Start-1770|PCA1:1771-End|RT:80_nt_each CGCATGGCCTTCACCCTACTGCCCTCTCCATTATTCTTACTATACCCATCTTGGTGATGGCATGGGCACCTCAACTGAGAGAAAAGATATCGACTATCTCCGCGTCAATGGTGCTAGCAACTATTATTCAATTTGTTATTGCAGGACCGTTTTACTTAAATGCCTTGAAGAGTTTTTGAGGGCGCCAGAG
CAD2.medium:Start-1773|PCA1:1774-End|RT:80_nt_each CGCATGGCCTTCACCCTGCCCTCTCCATTATTCTTACTATACCCATCTTGGTGATGGCATGGGCACCTCAACTGAGAGAAAAGATATCGACTATGTCCGCGTCAATGGTGCTAGCAACTATTATTCAATTTGTTATTGCAGGACCGTTTTACTTAAATGCCTTGAAGAGTTTGATTTGAGGGCGCCAGAG
CAD2.medium:Start-1944|PCA1:1945-End|RT:80_nt_each CGCATGGCCTTCACCTAATTGAAATGGATCTGCTTATTGTGTTGAGCACCTCGGCCGCATATATTTTCTCAATAGTATCTTTTGGCTATTTTGTTGTTGGACGCCCGTTATCTACGGAGCAGTTTTTTGAAACCAGCTCTTTGCTTGTAACTCTCATCATGGTTGGTCGCTTTGTTTGAGGGCGCCAGAG
CAD2.medium:Start-1947|PCA1:1948-End|RT:80_nt_each CGCATGGCCTTCACCTTGAAATGGATCTGCTTATTGTGTTGAGCACCTCGGCCGCATATATTTTCTCAATAGTATCTTTTGGCTATTTTGTTGCGGGACGCCCGTTATCTACGGAGCAGTTTTTTGAAACCAGCTCTTTGCTTGTAACTCTCATCATGGTTGGTCGCTTTGTGAGTTGAGGGCGCCAGAG
CAD2.medium:Start-2127|PCA1:2128-End|RT:80_nt_each CGCATGGCCTTCACCCTGTAAAGAGCATCTCAGTGAGATCTCTACAAGCCTCAAGCGCCATACTCGTAGATAAGACCGGCAAGGAAACGGAAATCAATATTAGACTTCTCCAATATGGCGATATTTTTAAGGTTTTACCTGATTCAAGAATCCCAACTGATGGAACAGTCATTTCTTGAGGGCGCCAGAG
CAD2.medium:Start-2163|PCA1:2164-End|RT:80_nt_each CGCATGGCCTTCACCCAAGCGCCATACTCGTAGATAAGACCGGCAAGGAAACGGAAATCGACATTCGGTTGTTACAATATGGGGATATATTTAAAGTTTTACCTGATTCAAGAATCCCAACTGATGGAACAGTCATTTCTGGGTCTTCTGAAGTCGACGAAGCGTTAATCACAGGTTGAGGGCGCCAGAG
CAD2.medium:Start-2505|PCA1:2506-End|RT:80_nt_each CGCATGGCCTTCACCTTGCCTCATACTTTGTTCCAACGATAATAGGTATAACGGTAGTCACATTCTGTGTATGGATAGCAGTAGGCATAAGGGTAGAAAAGCAATCCCGCTCCGATGCCGTAATTCAGGCCATTATATATGCCATTACGGTACTTATCGTTTCGTGTCCCTGCGTTTGAGGGCGCCAGAG
CAD2.medium:Start-2583|PCA1:2584-End|RT:80_nt_each CGCATGGCCTTCACCTACAAAAGCAGAGCAGATCCGATGCTGTCATTCAAGCTATAATTTACGCTATAACAGTACTAATTGTGTCTTGCCCATGCGTGATTGGACTTGCCGTTCCTATCGTATTTGTTATTGCAAGTGGCGTCGCTGCGAAAAGAGGGGTAATCTTCAAATCAGCTTGAGGGCGCCAGAG
CAD2.medium:Start-2907|PCA1:2908-End|RT:80_nt_each CGCATGGCCTTCACCCTATGGCAATTGCAAGTTACTTGAAGGAAAAGGGTGTTAGTGCGCAAAATGTCTCGAACACTAAGGCTGTGACCGGTAAACGGGTAGAAGGAACATCATACTCTGGTTTGAAGTTACAAGGAGGGAACTGTCGTTGGCTTGGTCATAACAATGATCCTGATTGAGGGCGCCAGAG
CAD2.medium:Start-3339|PCA1:3340-End|RT:80_nt_each CGCATGGCCTTCACCAAGGTAGAAACTGTGATTCGTCATCACAAAGCAAAAGGCCCGTCGTGGTTTTCTGCGGGGATGGAACAAATGATGCAATCGGTTTGACTCAAGCAACGATTGGAGTTCATATCAATGAGGGAAGTGAGGTTGCCAAGCTAGCTGCTGATGTAGTTATGTTTTGAGGGCGCCAGAG
CAD2.medium:Start-3624|PCA1:3625-End|RT:80_nt_each CGCATGGCCTTCACCCTTTTGTCGATTTTCATATCCCACCCGAATATGCGGGTTTGGGTGAACTAGTCAGTATTCTACCTGTAATTTTCGTCGCCATACTTCTGCGTTATGCAAAGATTTAGTCCAGGTACTGCTGCTATTTGATTGTAGATTTTCTTTTTTCTTTTCTTTTTTTTTGAGGGCGCCAGAG
CAD2.medium:Start-3645|PCA1:3646-End|RT:80_nt_each CGCATGGCCTTCACCCACCCGAATATGCGGGTTTGGGTGAACTAGTCAGTATTCTACCTGTAATTTTCGTCGCCACGCTTCTGAGATACGCTAAAATTTAGTCCAGGTACTGCTGCTATTTGATTGTAGATTTTCTTTTTTCTTTTCTTTTTTTTTTTTGACGACTCTGTAATACTTGAGGGCGCCAGAG
CAD2.medium:Start-3648|PCA1:3649-End|RT:80_nt_each CGCATGGCCTTCACCCCGAATATGCGGGTTTGGGTGAACTAGTCAGTATTCTACCTGTAATTTTCGTCGCCACGCTTCTGAGATACGCTAAAGTCTAGTCCAGGTACTGCTGCTATTTGATTGTAGATTTTCTTTTTTCTTTTCTTTTTTTTTTTTGACGACTCTGTAATACTCTTTGAGGGCGCCAGAG
