>CAD2.min:Start-114|PCA1:115-End|RT:20_nt_each,gcgacaacggtttaggtgggtacgggtccccattccttatatagaaatggcatgttagatACAACCGTGGAGAATGCCACCGTAGATCCATAGAAATGCAtagctaagcgcagggacttcccgaatctcggtattatcccggtaagtgtggactatattt
CAD2.min:Start-129|PCA1:130-End|RT:20_nt_each,gcgacaacggtttaggtgggtacgggtccccattccttatatagaaatggcatgttagatGCCACTTACGTAGTATCGAGATGCATGCTAATGACAATCTtagctaagcgcagggacttcccgaatctcggtattatcccggtaagtgtggactatattt
CAD2.min:Start-426|PCA1:427-End|RT:20_nt_each,gcgacaacggtttaggtgggtacgggtccccattccttatatagaaatggcatgttagatCAAACGAGAGTTGCGTAGACGGATGCTGCGTTAGAGATTCtagctaagcgcagggacttcccgaatctcggtattatcccggtaagtgtggactatattt
CAD2.min:Start-465|PCA1:466-End|RT:20_nt_each,gcgacaacggtttaggtgggtacgggtccccattccttatatagaaatggcatgttagatGCAGCGTCATGGTTGAAGAGGTTACAGGCAGCTGCGAAGCtagctaagcgcagggacttcccgaatctcggtattatcccggtaagtgtggactatattt
CAD2.min:Start-627|PCA1:628-End|RT:20_nt_each,gcgacaacggtttaggtgggtacgggtccccattccttatatagaaatggcatgttagatCCGGTAAAGGCCGATTGTGTATCGAATCAAGTGACTCTACtagctaagcgcagggacttcccgaatctcggtattatcccggtaagtgtggactatattt
CAD2.min:Start-660|PCA1:661-End|RT:20_nt_each,gcgacaacggtttaggtgggtacgggtccccattccttatatagaaatggcatgttagatATAGCACTTTAAAGAAGCGTAGTTGTAAAGTTAGCAGACAtagctaagcgcagggacttcccgaatctcggtattatcccggtaagtgtggactatattt
CAD2.min:Start-774|PCA1:775-End|RT:20_nt_each,gcgacaacggtttaggtgggtacgggtccccattccttatatagaaatggcatgttagatAGAAACGAACCTTCAAGGGCAGCACCAATGTTGGAATTTCtagctaagcgcagggacttcccgaatctcggtattatcccggtaagtgtggactatattt
CAD2.min:Start-1032|PCA1:1033-End|RT:20_nt_each,gcgacaacggtttaggtgggtacgggtccccattccttatatagaaatggcatgttagatGCCTGACGAAGAAGAAAACTCATGGAGACAAAGAAAGGTTtagctaagcgcagggacttcccgaatctcggtattatcccggtaagtgtggactatattt
CAD2.min:Start-1188|PCA1:1189-End|RT:20_nt_each,gcgacaacggtttaggtgggtacgggtccccattccttatatagaaatggcatgttagatTAGTTAGTATGGAGCCTATAGAAAATCATCTTAATCTTGAtagctaagcgcagggacttcccgaatctcggtattatcccggtaagtgtggactatattt
CAD2.min:Start-1257|PCA1:1258-End|RT:20_nt_each,gcgacaacggtttaggtgggtacgggtccccattccttatatagaaatggcatgttagatTGTTATCCGTAAGTGGTATGTCCTGTACTGGTTGTGAATCtagctaagcgcagggacttcccgaatctcggtattatcccggtaagtgtggactatattt
CAD2.min:Start-1275|PCA1:1276-End|RT:20_nt_each,gcgacaacggtttaggtgggtacgggtccccattccttatatagaaatggcatgttagatTGACATGCACCGGCTGCGAGTCAAAACTTAAGAAATCATTtagctaagcgcagggacttcccgaatctcggtattatcccggtaagtgtggactatattt
CAD2.min:Start-1446|PCA1:1447-End|RT:20_nt_each,gcgacaacggtttaggtgggtacgggtccccattccttatatagaaatggcatgttagatATGAGCAAATAAGCAACCACGGTTCAACTATAGATGTTGTtagctaagcgcagggacttcccgaatctcggtattatcccggtaagtgtggactatattt
CAD2.min:Start-1467|PCA1:1468-End|RT:20_nt_each,gcgacaacggtttaggtgggtacgggtccccattccttatatagaaatggcatgttagatCGAGCACCATTGACGTCGTGGTTCCTTATGCAGCAAAAGAtagctaagcgcagggacttcccgaatctcggtattatcccggtaagtgtggactatattt
CAD2.min:Start-1545|PCA1:1546-End|RT:20_nt_each,gcgacaacggtttaggtgggtacgggtccccattccttatatagaaatggcatgttagatTAAAGATCGTAGAACGCAACATCATTCGTATTTACTTTGAtagctaagcgcagggacttcccgaatctcggtattatcccggtaagtgtggactatattt
CAD2.min:Start-1770|PCA1:1771-End|RT:20_nt_each,gcgacaacggtttaggtgggtacgggtccccattccttatatagaaatggcatgttagatTGAGAGAGAAGATCAGTACCATCTCCGCGTCAATGGTGCTtagctaagcgcagggacttcccgaatctcggtattatcccggtaagtgtggactatattt
CAD2.min:Start-1773|PCA1:1774-End|RT:20_nt_each,gcgacaacggtttaggtgggtacgggtccccattccttatatagaaatggcatgttagatGAGAGAAGATCAGTACCATGTCCGCGTCAATGGTGCTAGCtagctaagcgcagggacttcccgaatctcggtattatcccggtaagtgtggactatattt
CAD2.min:Start-1944|PCA1:1945-End|RT:20_nt_each,gcgacaacggtttaggtgggtacgggtccccattccttatatagaaatggcatgttagatTTAGCTTCGGCTACTTTGTGGTTGGACGCCCGTTATCTACtagctaagcgcagggacttcccgaatctcggtattatcccggtaagtgtggactatattt
CAD2.min:Start-1947|PCA1:1948-End|RT:20_nt_each,gcgacaacggtttaggtgggtacgggtccccattccttatatagaaatggcatgttagatGCTTCGGCTACTTTGTGGCCGGACGCCCGTTATCTACGGAtagctaagcgcagggacttcccgaatctcggtattatcccggtaagtgtggactatattt
CAD2.min:Start-2127|PCA1:2128-End|RT:20_nt_each,gcgacaacggtttaggtgggtacgggtccccattccttatatagaaatggcatgttagatCCGGCAAGGAAACAGAGATCAATATTAGACTTCTCCAATAtagctaagcgcagggacttcccgaatctcggtattatcccggtaagtgtggactatattt
CAD2.min:Start-2163|PCA1:2164-End|RT:20_nt_each,gcgacaacggtttaggtgggtacgggtccccattccttatatagaaatggcatgttagatAGTACGGTGACATATTCAAAGTTTTACCTGATTCAAGAATtagctaagcgcagggacttcccgaatctcggtattatcccggtaagtgtggactatattt
CAD2.min:Start-2505|PCA1:2506-End|RT:20_nt_each,gcgacaacggtttaggtgggtacgggtccccattccttatatagaaatggcatgttagatTTGCAGTGGGGATAAGGGTTGAAAAGCAATCCCGCTCCGAtagctaagcgcagggacttcccgaatctcggtattatcccggtaagtgtggactatattt
CAD2.min:Start-2583|PCA1:2584-End|RT:20_nt_each,gcgacaacggtttaggtgggtacgggtccccattccttatatagaaatggcatgttagatTGATTGTCAGCTGCCCATGTGTGATTGGACTTGCCGTTCCtagctaagcgcagggacttcccgaatctcggtattatcccggtaagtgtggactatattt
CAD2.min:Start-2907|PCA1:2908-End|RT:20_nt_each,gcgacaacggtttaggtgggtacgggtccccattccttatatagaaatggcatgttagatCTAAGGCAGTTACAGGGAAACGGGTAGAAGGAACATCATAtagctaagcgcagggacttcccgaatctcggtattatcccggtaagtgtggactatattt
CAD2.min:Start-3339|PCA1:3340-End|RT:20_nt_each,gcgacaacggtttaggtgggtacgggtccccattccttatatagaaatggcatgttagatATGGTACGAATGATGCCATAGGTTTGACTCAAGCAACGATtagctaagcgcagggacttcccgaatctcggtattatcccggtaagtgtggactatattt
CAD2.min:Start-3624|PCA1:3625-End|RT:20_nt_each,gcgacaacggtttaggtgggtacgggtccccattccttatatagaaatggcatgttagatTACCGGTCATCTTCGTCGCGATACTTCTGCGTTATGCAAAtagctaagcgcagggacttcccgaatctcggtattatcccggtaagtgtggactatattt
CAD2.min:Start-3645|PCA1:3646-End|RT:20_nt_each,gcgacaacggtttaggtgggtacgggtccccattccttatatagaaatggcatgttagatCTTTATTAAGGTACGCTAAAATTTAGTCCAGGTACTGCTGtagctaagcgcagggacttcccgaatctcggtattatcccggtaagtgtggactatattt
CAD2.min:Start-3648|PCA1:3649-End|RT:20_nt_each,gcgacaacggtttaggtgggtacgggtccccattccttatatagaaatggcatgttagatTATTAAGGTACGCTAAAGTGTAGTCCAGGTACTGCTGCTAtagctaagcgcagggacttcccgaatctcggtattatcccggtaagtgtggactatattt
CAD2.min:Start-114|PCA1:115-End|RT:22_nt_each,gcgacaacggtttaggtgggtacgggtccccattccttatatagaaatggcatgttagGGACAACCGTGGAGAATGCCACCGTAGATCCATAGAAATGCATGgctaagcgcagggacttcccgaatctcggtattatcccggtaagtgtggactatattt
CAD2.min:Start-129|PCA1:130-End|RT:22_nt_each,gcgacaacggtttaggtgggtacgggtccccattccttatatagaaatggcatgttagATGCCACTTACGTAGTATCGAGATGCATGCTAATGACAATCTGGgctaagcgcagggacttcccgaatctcggtattatcccggtaagtgtggactatattt
CAD2.min:Start-426|PCA1:427-End|RT:22_nt_each,gcgacaacggtttaggtgggtacgggtccccattccttatatagaaatggcatgttagTACAAACGAGAGTTGCGTAGACGGATGCTGCGTTAGAGATTCTTgctaagcgcagggacttcccgaatctcggtattatcccggtaagtgtggactatattt
CAD2.min:Start-465|PCA1:466-End|RT:22_nt_each,gcgacaacggtttaggtgggtacgggtccccattccttatatagaaatggcatgttagCAGCAGCGTCATGGTTGAAGAGGTTACAGGCAGCTGCGAAGCTGgctaagcgcagggacttcccgaatctcggtattatcccggtaagtgtggactatattt
CAD2.min:Start-627|PCA1:628-End|RT:22_nt_each,gcgacaacggtttaggtgggtacgggtccccattccttatatagaaatggcatgttagTACCGGTAAAGGCCGATTGTGTATCGAATCAAGTGACTCTACACgctaagcgcagggacttcccgaatctcggtattatcccggtaagtgtggactatattt
CAD2.min:Start-660|PCA1:661-End|RT:22_nt_each,gcgacaacggtttaggtgggtacgggtccccattccttatatagaaatggcatgttagCGATAGCACTTTAAAGAAGCGTAGTTGTAAAGTTAGCAGACAGAgctaagcgcagggacttcccgaatctcggtattatcccggtaagtgtggactatattt
CAD2.min:Start-774|PCA1:775-End|RT:22_nt_each,gcgacaacggtttaggtgggtacgggtccccattccttatatagaaatggcatgttagCGAGAAACGAACCTTCAAGGGCAGCACCAATGTTGGAATTTCTGgctaagcgcagggacttcccgaatctcggtattatcccggtaagtgtggactatattt
CAD2.min:Start-1032|PCA1:1033-End|RT:22_nt_each,gcgacaacggtttaggtgggtacgggtccccattccttatatagaaatggcatgttagTTGCCTGACGAAGAAGAAAACTCATGGAGACAAAGAAAGGTTGAgctaagcgcagggacttcccgaatctcggtattatcccggtaagtgtggactatattt
CAD2.min:Start-1188|PCA1:1189-End|RT:22_nt_each,gcgacaacggtttaggtgggtacgggtccccattccttatatagaaatggcatgttagTATAGTTAGTATGGAGCCTATAGAAAATCATCTTAATCTTGAGGgctaagcgcagggacttcccgaatctcggtattatcccggtaagtgtggactatattt
CAD2.min:Start-1257|PCA1:1258-End|RT:22_nt_each,gcgacaacggtttaggtgggtacgggtccccattccttatatagaaatggcatgttagAGTGTTATCCGTAAGTGGTATGTCCTGTACTGGTTGTGAATCAAgctaagcgcagggacttcccgaatctcggtattatcccggtaagtgtggactatattt
CAD2.min:Start-1275|PCA1:1276-End|RT:22_nt_each,gcgacaacggtttaggtgggtacgggtccccattccttatatagaaatggcatgttagTATGACATGCACCGGCTGCGAGTCAAAACTTAAGAAATCATTTGgctaagcgcagggacttcccgaatctcggtattatcccggtaagtgtggactatattt
CAD2.min:Start-1446|PCA1:1447-End|RT:22_nt_each,gcgacaacggtttaggtgggtacgggtccccattccttatatagaaatggcatgttagATATGAGCAAATAAGCAACCACGGTTCAACTATAGATGTTGTTGgctaagcgcagggacttcccgaatctcggtattatcccggtaagtgtggactatattt
CAD2.min:Start-1467|PCA1:1468-End|RT:22_nt_each,gcgacaacggtttaggtgggtacgggtccccattccttatatagaaatggcatgttagCGCGAGCACCATTGACGTCGTGGTTCCTTATGCAGCAAAAGATTgctaagcgcagggacttcccgaatctcggtattatcccggtaagtgtggactatattt
CAD2.min:Start-1545|PCA1:1546-End|RT:22_nt_each,gcgacaacggtttaggtgggtacgggtccccattccttatatagaaatggcatgttagATTAAAGATCGTAGAACGCAACATCATTCGTATTTACTTTGACCgctaagcgcagggacttcccgaatctcggtattatcccggtaagtgtggactatattt
CAD2.min:Start-1770|PCA1:1771-End|RT:22_nt_each,gcgacaacggtttaggtgggtacgggtccccattccttatatagaaatggcatgttagATTGAGAGAGAAGATCAGTACCATCTCCGCGTCAATGGTGCTAGgctaagcgcagggacttcccgaatctcggtattatcccggtaagtgtggactatattt
CAD2.min:Start-1773|PCA1:1774-End|RT:22_nt_each,gcgacaacggtttaggtgggtacgggtccccattccttatatagaaatggcatgttagGAGAGAGAAGATCAGTACCATGTCCGCGTCAATGGTGCTAGCAAgctaagcgcagggacttcccgaatctcggtattatcccggtaagtgtggactatattt
CAD2.min:Start-1944|PCA1:1945-End|RT:22_nt_each,gcgacaacggtttaggtgggtacgggtccccattccttatatagaaatggcatgttagCGTTAGCTTCGGCTACTTTGTGGTTGGACGCCCGTTATCTACGGgctaagcgcagggacttcccgaatctcggtattatcccggtaagtgtggactatattt
CAD2.min:Start-1947|PCA1:1948-End|RT:22_nt_each,gcgacaacggtttaggtgggtacgggtccccattccttatatagaaatggcatgttagTAGCTTCGGCTACTTTGTGGCCGGACGCCCGTTATCTACGGAGCgctaagcgcagggacttcccgaatctcggtattatcccggtaagtgtggactatattt
CAD2.min:Start-2127|PCA1:2128-End|RT:22_nt_each,gcgacaacggtttaggtgggtacgggtccccattccttatatagaaatggcatgttagGACCGGCAAGGAAACAGAGATCAATATTAGACTTCTCCAATATGgctaagcgcagggacttcccgaatctcggtattatcccggtaagtgtggactatattt
CAD2.min:Start-2163|PCA1:2164-End|RT:22_nt_each,gcgacaacggtttaggtgggtacgggtccccattccttatatagaaatggcatgttagACAGTACGGTGACATATTCAAAGTTTTACCTGATTCAAGAATCCgctaagcgcagggacttcccgaatctcggtattatcccggtaagtgtggactatattt
CAD2.min:Start-2505|PCA1:2506-End|RT:22_nt_each,gcgacaacggtttaggtgggtacgggtccccattccttatatagaaatggcatgttagGATTGCAGTGGGGATAAGGGTTGAAAAGCAATCCCGCTCCGATGgctaagcgcagggacttcccgaatctcggtattatcccggtaagtgtggactatattt
CAD2.min:Start-2583|PCA1:2584-End|RT:22_nt_each,gcgacaacggtttaggtgggtacgggtccccattccttatatagaaatggcatgttagGTTGATTGTCAGCTGCCCATGTGTGATTGGACTTGCCGTTCCTAgctaagcgcagggacttcccgaatctcggtattatcccggtaagtgtggactatattt
CAD2.min:Start-2907|PCA1:2908-End|RT:22_nt_each,gcgacaacggtttaggtgggtacgggtccccattccttatatagaaatggcatgttagCACTAAGGCAGTTACAGGGAAACGGGTAGAAGGAACATCATACTgctaagcgcagggacttcccgaatctcggtattatcccggtaagtgtggactatattt
CAD2.min:Start-3339|PCA1:3340-End|RT:22_nt_each,gcgacaacggtttaggtgggtacgggtccccattccttatatagaaatggcatgttagCGATGGTACGAATGATGCCATAGGTTTGACTCAAGCAACGATTGgctaagcgcagggacttcccgaatctcggtattatcccggtaagtgtggactatattt
CAD2.min:Start-3624|PCA1:3625-End|RT:22_nt_each,gcgacaacggtttaggtgggtacgggtccccattccttatatagaaatggcatgttagTTTACCGGTCATCTTCGTCGCGATACTTCTGCGTTATGCAAAGAgctaagcgcagggacttcccgaatctcggtattatcccggtaagtgtggactatattt
CAD2.min:Start-3645|PCA1:3646-End|RT:22_nt_each,gcgacaacggtttaggtgggtacgggtccccattccttatatagaaatggcatgttagGACTTTATTAAGGTACGCTAAAATTTAGTCCAGGTACTGCTGCTgctaagcgcagggacttcccgaatctcggtattatcccggtaagtgtggactatattt
CAD2.min:Start-3648|PCA1:3649-End|RT:22_nt_each,gcgacaacggtttaggtgggtacgggtccccattccttatatagaaatggcatgttagTTTATTAAGGTACGCTAAAGTGTAGTCCAGGTACTGCTGCTATTgctaagcgcagggacttcccgaatctcggtattatcccggtaagtgtggactatattt
CAD2.min:Start-114|PCA1:115-End|RT:25_nt_each,gcgacaacggtttaggtgggtacgggtccccattccttatatagaaatggcatgtGCAGGACAACCGTGGAGAATGCCACCGTAGATCCATAGAAATGCATGCTAaagcgcagggacttcccgaatctcggtattatcccggtaagtgtggactatattt
CAD2.min:Start-129|PCA1:130-End|RT:25_nt_each,gcgacaacggtttaggtgggtacgggtccccattccttatatagaaatggcatgtAGAATGCCACTTACGTAGTATCGAGATGCATGCTAATGACAATCTGGGATaagcgcagggacttcccgaatctcggtattatcccggtaagtgtggactatattt
CAD2.min:Start-426|PCA1:427-End|RT:25_nt_each,gcgacaacggtttaggtgggtacgggtccccattccttatatagaaatggcatgtTCATACAAACGAGAGTTGCGTAGACGGATGCTGCGTTAGAGATTCTTCAGaagcgcagggacttcccgaatctcggtattatcccggtaagtgtggactatattt
CAD2.min:Start-465|PCA1:466-End|RT:25_nt_each,gcgacaacggtttaggtgggtacgggtccccattccttatatagaaatggcatgtTGACAGCAGCGTCATGGTTGAAGAGGTTACAGGCAGCTGCGAAGCTGTATaagcgcagggacttcccgaatctcggtattatcccggtaagtgtggactatattt
CAD2.min:Start-627|PCA1:628-End|RT:25_nt_each,gcgacaacggtttaggtgggtacgggtccccattccttatatagaaatggcatgtGCATACCGGTAAAGGCCGATTGTGTATCGAATCAAGTGACTCTACACTCAaagcgcagggacttcccgaatctcggtattatcccggtaagtgtggactatattt
CAD2.min:Start-660|PCA1:661-End|RT:25_nt_each,gcgacaacggtttaggtgggtacgggtccccattccttatatagaaatggcatgtTTCCGATAGCACTTTAAAGAAGCGTAGTTGTAAAGTTAGCAGACAGAAAAaagcgcagggacttcccgaatctcggtattatcccggtaagtgtggactatattt
CAD2.min:Start-774|PCA1:775-End|RT:25_nt_each,gcgacaacggtttaggtgggtacgggtccccattccttatatagaaatggcatgtGTGCGAGAAACGAACCTTCAAGGGCAGCACCAATGTTGGAATTTCTGGGAaagcgcagggacttcccgaatctcggtattatcccggtaagtgtggactatattt
CAD2.min:Start-1032|PCA1:1033-End|RT:25_nt_each,gcgacaacggtttaggtgggtacgggtccccattccttatatagaaatggcatgtCGGTTGCCTGACGAAGAAGAAAACTCATGGAGACAAAGAAAGGTTGAGCAaagcgcagggacttcccgaatctcggtattatcccggtaagtgtggactatattt
CAD2.min:Start-1188|PCA1:1189-End|RT:25_nt_each,gcgacaacggtttaggtgggtacgggtccccattccttatatagaaatggcatgtCCGTATAGTTAGTATGGAGCCTATAGAAAATCATCTTAATCTTGAGGCAGaagcgcagggacttcccgaatctcggtattatcccggtaagtgtggactatattt
CAD2.min:Start-1257|PCA1:1258-End|RT:25_nt_each,gcgacaacggtttaggtgggtacgggtccccattccttatatagaaatggcatgtTATAGTGTTATCCGTAAGTGGTATGTCCTGTACTGGTTGTGAATCAAAACaagcgcagggacttcccgaatctcggtattatcccggtaagtgtggactatattt
CAD2.min:Start-1275|PCA1:1276-End|RT:25_nt_each,gcgacaacggtttaggtgggtacgggtccccattccttatatagaaatggcatgtTGGTATGACATGCACCGGCTGCGAGTCAAAACTTAAGAAATCATTTGGCGaagcgcagggacttcccgaatctcggtattatcccggtaagtgtggactatattt
CAD2.min:Start-1446|PCA1:1447-End|RT:25_nt_each,gcgacaacggtttaggtgggtacgggtccccattccttatatagaaatggcatgtTAAATATGAGCAAATAAGCAACCACGGTTCAACTATAGATGTTGTTGTTCaagcgcagggacttcccgaatctcggtattatcccggtaagtgtggactatattt
CAD2.min:Start-1467|PCA1:1468-End|RT:25_nt_each,gcgacaacggtttaggtgggtacgggtccccattccttatatagaaatggcatgtCCACGCGAGCACCATTGACGTCGTGGTTCCTTATGCAGCAAAAGATTTTAaagcgcagggacttcccgaatctcggtattatcccggtaagtgtggactatattt
CAD2.min:Start-1545|PCA1:1546-End|RT:25_nt_each,gcgacaacggtttaggtgggtacgggtccccattccttatatagaaatggcatgtTGAATTAAAGATCGTAGAACGCAACATCATTCGTATTTACTTTGACCCAAaagcgcagggacttcccgaatctcggtattatcccggtaagtgtggactatattt
CAD2.min:Start-1770|PCA1:1771-End|RT:25_nt_each,gcgacaacggtttaggtgggtacgggtccccattccttatatagaaatggcatgtGCAATTGAGAGAGAAGATCAGTACCATCTCCGCGTCAATGGTGCTAGCAAaagcgcagggacttcccgaatctcggtattatcccggtaagtgtggactatattt
CAD2.min:Start-1773|PCA1:1774-End|RT:25_nt_each,gcgacaacggtttaggtgggtacgggtccccattccttatatagaaatggcatgtATTGAGAGAGAAGATCAGTACCATGTCCGCGTCAATGGTGCTAGCAACTAaagcgcagggacttcccgaatctcggtattatcccggtaagtgtggactatattt
CAD2.min:Start-1944|PCA1:1945-End|RT:25_nt_each,gcgacaacggtttaggtgggtacgggtccccattccttatatagaaatggcatgtCATCGTTAGCTTCGGCTACTTTGTGGTTGGACGCCCGTTATCTACGGAGCaagcgcagggacttcccgaatctcggtattatcccggtaagtgtggactatattt
CAD2.min:Start-1947|PCA1:1948-End|RT:25_nt_each,gcgacaacggtttaggtgggtacgggtccccattccttatatagaaatggcatgtCGTTAGCTTCGGCTACTTTGTGGCCGGACGCCCGTTATCTACGGAGCAGTaagcgcagggacttcccgaatctcggtattatcccggtaagtgtggactatattt
CAD2.min:Start-2127|PCA1:2128-End|RT:25_nt_each,gcgacaacggtttaggtgggtacgggtccccattccttatatagaaatggcatgtCAAGACCGGCAAGGAAACAGAGATCAATATTAGACTTCTCCAATATGGCGaagcgcagggacttcccgaatctcggtattatcccggtaagtgtggactatattt
CAD2.min:Start-2163|PCA1:2164-End|RT:25_nt_each,gcgacaacggtttaggtgggtacgggtccccattccttatatagaaatggcatgtGTTACAGTACGGTGACATATTCAAAGTTTTACCTGATTCAAGAATCCCAAaagcgcagggacttcccgaatctcggtattatcccggtaagtgtggactatattt
CAD2.min:Start-2505|PCA1:2506-End|RT:25_nt_each,gcgacaacggtttaggtgggtacgggtccccattccttatatagaaatggcatgtCTGGATTGCAGTGGGGATAAGGGTTGAAAAGCAATCCCGCTCCGATGCCGaagcgcagggacttcccgaatctcggtattatcccggtaagtgtggactatattt
CAD2.min:Start-2583|PCA1:2584-End|RT:25_nt_each,gcgacaacggtttaggtgggtacgggtccccattccttatatagaaatggcatgtTGTGTTGATTGTCAGCTGCCCATGTGTGATTGGACTTGCCGTTCCTATCGaagcgcagggacttcccgaatctcggtattatcccggtaagtgtggactatattt
CAD2.min:Start-2907|PCA1:2908-End|RT:25_nt_each,gcgacaacggtttaggtgggtacgggtccccattccttatatagaaatggcatgtCAACACTAAGGCAGTTACAGGGAAACGGGTAGAAGGAACATCATACTCTGaagcgcagggacttcccgaatctcggtattatcccggtaagtgtggactatattt
CAD2.min:Start-3339|PCA1:3340-End|RT:25_nt_each,gcgacaacggtttaggtgggtacgggtccccattccttatatagaaatggcatgtTGGCGATGGTACGAATGATGCCATAGGTTTGACTCAAGCAACGATTGGAGaagcgcagggacttcccgaatctcggtattatcccggtaagtgtggactatattt
CAD2.min:Start-3624|PCA1:3625-End|RT:25_nt_each,gcgacaacggtttaggtgggtacgggtccccattccttatatagaaatggcatgtAATTTTACCGGTCATCTTCGTCGCGATACTTCTGCGTTATGCAAAGATTTaagcgcagggacttcccgaatctcggtattatcccggtaagtgtggactatattt
CAD2.min:Start-3645|PCA1:3646-End|RT:25_nt_each,gcgacaacggtttaggtgggtacgggtccccattccttatatagaaatggcatgtCGCGACTTTATTAAGGTACGCTAAAATTTAGTCCAGGTACTGCTGCTATTaagcgcagggacttcccgaatctcggtattatcccggtaagtgtggactatattt
CAD2.min:Start-3648|PCA1:3649-End|RT:25_nt_each,gcgacaacggtttaggtgggtacgggtccccattccttatatagaaatggcatgtGACTTTATTAAGGTACGCTAAAGTGTAGTCCAGGTACTGCTGCTATTTGAaagcgcagggacttcccgaatctcggtattatcccggtaagtgtggactatattt
CAD2.min:Start-114|PCA1:115-End|RT:29_nt_each,gcgacaacggtttaggtgggtacgggtccccattccttatatagaaatggcCGATGCAGGACAACCGTGGAGAATGCCACCGTAGATCCATAGAAATGCATGCTAATGAgcagggacttcccgaatctcggtattatcccggtaagtgtggactatattt
CAD2.min:Start-129|PCA1:130-End|RT:29_nt_each,gcgacaacggtttaggtgggtacgggtccccattccttatatagaaatggcGTGGAGAATGCCACTTACGTAGTATCGAGATGCATGCTAATGACAATCTGGGATTGGTgcagggacttcccgaatctcggtattatcccggtaagtgtggactatattt
CAD2.min:Start-426|PCA1:427-End|RT:29_nt_each,gcgacaacggtttaggtgggtacgggtccccattccttatatagaaatggcGAGATCATACAAACGAGAGTTGCGTAGACGGATGCTGCGTTAGAGATTCTTCAGTGATgcagggacttcccgaatctcggtattatcccggtaagtgtggactatattt
CAD2.min:Start-465|PCA1:466-End|RT:29_nt_each,gcgacaacggtttaggtgggtacgggtccccattccttatatagaaatggcTACGTGACAGCAGCGTCATGGTTGAAGAGGTTACAGGCAGCTGCGAAGCTGTATCTTCgcagggacttcccgaatctcggtattatcccggtaagtgtggactatattt
CAD2.min:Start-627|PCA1:628-End|RT:29_nt_each,gcgacaacggtttaggtgggtacgggtccccattccttatatagaaatggcATCAGCATACCGGTAAAGGCCGATTGTGTATCGAATCAAGTGACTCTACACTCAAGAAgcagggacttcccgaatctcggtattatcccggtaagtgtggactatattt
CAD2.min:Start-660|PCA1:661-End|RT:29_nt_each,gcgacaacggtttaggtgggtacgggtccccattccttatatagaaatggcAGAGTTCCGATAGCACTTTAAAGAAGCGTAGTTGTAAAGTTAGCAGACAGAAAATTGAgcagggacttcccgaatctcggtattatcccggtaagtgtggactatattt
CAD2.min:Start-774|PCA1:775-End|RT:29_nt_each,gcgacaacggtttaggtgggtacgggtccccattccttatatagaaatggcGATCGTGCGAGAAACGAACCTTCAAGGGCAGCACCAATGTTGGAATTTCTGGGAGTAGgcagggacttcccgaatctcggtattatcccggtaagtgtggactatattt
CAD2.min:Start-1032|PCA1:1033-End|RT:29_nt_each,gcgacaacggtttaggtgggtacgggtccccattccttatatagaaatggcCAAGCGGTTGCCTGACGAAGAAGAAAACTCATGGAGACAAAGAAAGGTTGAGCAATGAgcagggacttcccgaatctcggtattatcccggtaagtgtggactatattt
CAD2.min:Start-1188|PCA1:1189-End|RT:29_nt_each,gcgacaacggtttaggtgggtacgggtccccattccttatatagaaatggcTCAGCCGTATAGTTAGTATGGAGCCTATAGAAAATCATCTTAATCTTGAGGCAGGATCgcagggacttcccgaatctcggtattatcccggtaagtgtggactatattt
CAD2.min:Start-1257|PCA1:1258-End|RT:29_nt_each,gcgacaacggtttaggtgggtacgggtccccattccttatatagaaatggcAACATATAGTGTTATCCGTAAGTGGTATGTCCTGTACTGGTTGTGAATCAAAACTTAAgcagggacttcccgaatctcggtattatcccggtaagtgtggactatattt
CAD2.min:Start-1275|PCA1:1276-End|RT:29_nt_each,gcgacaacggtttaggtgggtacgggtccccattccttatatagaaatggcTAAGTGGTATGACATGCACCGGCTGCGAGTCAAAACTTAAGAAATCATTTGGCGCGCTgcagggacttcccgaatctcggtattatcccggtaagtgtggactatattt
CAD2.min:Start-1446|PCA1:1447-End|RT:29_nt_each,gcgacaacggtttaggtgggtacgggtccccattccttatatagaaatggcAGTTTAAATATGAGCAAATAAGCAACCACGGTTCAACTATAGATGTTGTTGTTCCTTAgcagggacttcccgaatctcggtattatcccggtaagtgtggactatattt
CAD2.min:Start-1467|PCA1:1468-End|RT:29_nt_each,gcgacaacggtttaggtgggtacgggtccccattccttatatagaaatggcGCAACCACGCGAGCACCATTGACGTCGTGGTTCCTTATGCAGCAAAAGATTTTATTAAgcagggacttcccgaatctcggtattatcccggtaagtgtggactatattt
CAD2.min:Start-1545|PCA1:1546-End|RT:29_nt_each,gcgacaacggtttaggtgggtacgggtccccattccttatatagaaatggcTGACTGAATTAAAGATCGTAGAACGCAACATCATTCGTATTTACTTTGACCCAAAGGTgcagggacttcccgaatctcggtattatcccggtaagtgtggactatattt
CAD2.min:Start-1770|PCA1:1771-End|RT:29_nt_each,gcgacaacggtttaggtgggtacgggtccccattccttatatagaaatggcCACCGCAATTGAGAGAGAAGATCAGTACCATCTCCGCGTCAATGGTGCTAGCAACTATgcagggacttcccgaatctcggtattatcccggtaagtgtggactatattt
CAD2.min:Start-1773|PCA1:1774-End|RT:29_nt_each,gcgacaacggtttaggtgggtacgggtccccattccttatatagaaatggcCGCAATTGAGAGAGAAGATCAGTACCATGTCCGCGTCAATGGTGCTAGCAACTATTATgcagggacttcccgaatctcggtattatcccggtaagtgtggactatattt
CAD2.min:Start-1944|PCA1:1945-End|RT:29_nt_each,gcgacaacggtttaggtgggtacgggtccccattccttatatagaaatggcTCAGCATCGTTAGCTTCGGCTACTTTGTGGTTGGACGCCCGTTATCTACGGAGCAGTTgcagggacttcccgaatctcggtattatcccggtaagtgtggactatattt
CAD2.min:Start-1947|PCA1:1948-End|RT:29_nt_each,gcgacaacggtttaggtgggtacgggtccccattccttatatagaaatggcGCATCGTTAGCTTCGGCTACTTTGTGGCCGGACGCCCGTTATCTACGGAGCAGTTTTTgcagggacttcccgaatctcggtattatcccggtaagtgtggactatattt
CAD2.min:Start-2127|PCA1:2128-End|RT:29_nt_each,gcgacaacggtttaggtgggtacgggtccccattccttatatagaaatggcTTGACAAGACCGGCAAGGAAACAGAGATCAATATTAGACTTCTCCAATATGGCGATATgcagggacttcccgaatctcggtattatcccggtaagtgtggactatattt
CAD2.min:Start-2163|PCA1:2164-End|RT:29_nt_each,gcgacaacggtttaggtgggtacgggtccccattccttatatagaaatggcGTTTGTTACAGTACGGTGACATATTCAAAGTTTTACCTGATTCAAGAATCCCAACTGAgcagggacttcccgaatctcggtattatcccggtaagtgtggactatattt
CAD2.min:Start-2505|PCA1:2506-End|RT:29_nt_each,gcgacaacggtttaggtgggtacgggtccccattccttatatagaaatggcGTGTCTGGATTGCAGTGGGGATAAGGGTTGAAAAGCAATCCCGCTCCGATGCCGTAATgcagggacttcccgaatctcggtattatcccggtaagtgtggactatattt
CAD2.min:Start-2583|PCA1:2584-End|RT:29_nt_each,gcgacaacggtttaggtgggtacgggtccccattccttatatagaaatggcTCACTGTGTTGATTGTCAGCTGCCCATGTGTGATTGGACTTGCCGTTCCTATCGTATTgcagggacttcccgaatctcggtattatcccggtaagtgtggactatattt
CAD2.min:Start-2907|PCA1:2908-End|RT:29_nt_each,gcgacaacggtttaggtgggtacgggtccccattccttatatagaaatggcTCAGCAACACTAAGGCAGTTACAGGGAAACGGGTAGAAGGAACATCATACTCTGGTTTgcagggacttcccgaatctcggtattatcccggtaagtgtggactatattt
CAD2.min:Start-3339|PCA1:3340-End|RT:29_nt_each,gcgacaacggtttaggtgggtacgggtccccattccttatatagaaatggcTCTGTGGCGATGGTACGAATGATGCCATAGGTTTGACTCAAGCAACGATTGGAGTTCAgcagggacttcccgaatctcggtattatcccggtaagtgtggactatattt
CAD2.min:Start-3624|PCA1:3625-End|RT:29_nt_each,gcgacaacggtttaggtgggtacgggtccccattccttatatagaaatggcTCTCAATTTTACCGGTCATCTTCGTCGCGATACTTCTGCGTTATGCAAAGATTTAGTCgcagggacttcccgaatctcggtattatcccggtaagtgtggactatattt
CAD2.min:Start-3645|PCA1:3646-End|RT:29_nt_each,gcgacaacggtttaggtgggtacgggtccccattccttatatagaaatggcTCGTCGCGACTTTATTAAGGTACGCTAAAATTTAGTCCAGGTACTGCTGCTATTTGATgcagggacttcccgaatctcggtattatcccggtaagtgtggactatattt
CAD2.min:Start-3648|PCA1:3649-End|RT:29_nt_each,gcgacaacggtttaggtgggtacgggtccccattccttatatagaaatggcTCGCGACTTTATTAAGGTACGCTAAAGTGTAGTCCAGGTACTGCTGCTATTTGATTGTgcagggacttcccgaatctcggtattatcccggtaagtgtggactatattt
CAD2.min:Start-114|PCA1:115-End|RT:34_nt_each,gcgacaacggtttaggtgggtacgggtccccattccttatatagaaTGACGCGATGCAGGACAACCGTGGAGAATGCCACCGTAGATCCATAGAAATGCATGCTAATGACAATCgacttcccgaatctcggtattatcccggtaagtgtggactatattt
CAD2.min:Start-129|PCA1:130-End|RT:34_nt_each,gcgacaacggtttaggtgggtacgggtccccattccttatatagaaCAACCGTGGAGAATGCCACTTACGTAGTATCGAGATGCATGCTAATGACAATCTGGGATTGGTCTCCCgacttcccgaatctcggtattatcccggtaagtgtggactatattt
CAD2.min:Start-426|PCA1:427-End|RT:34_nt_each,gcgacaacggtttaggtgggtacgggtccccattccttatatagaaCGGAGGAGATCATACAAACGAGAGTTGCGTAGACGGATGCTGCGTTAGAGATTCTTCAGTGATGGTCGgacttcccgaatctcggtattatcccggtaagtgtggactatattt
CAD2.min:Start-465|PCA1:466-End|RT:34_nt_each,gcgacaacggtttaggtgggtacgggtccccattccttatatagaaTTGTGTACGTGACAGCAGCGTCATGGTTGAAGAGGTTACAGGCAGCTGCGAAGCTGTATCTTCTAAAGgacttcccgaatctcggtattatcccggtaagtgtggactatattt
CAD2.min:Start-627|PCA1:628-End|RT:34_nt_each,gcgacaacggtttaggtgggtacgggtccccattccttatatagaaCAGTAATCAGCATACCGGTAAAGGCCGATTGTGTATCGAATCAAGTGACTCTACACTCAAGAAAAGAAgacttcccgaatctcggtattatcccggtaagtgtggactatattt
CAD2.min:Start-660|PCA1:661-End|RT:34_nt_each,gcgacaacggtttaggtgggtacgggtccccattccttatatagaaTCTAGAGAGTTCCGATAGCACTTTAAAGAAGCGTAGTTGTAAAGTTAGCAGACAGAAAATTGAGGTTTgacttcccgaatctcggtattatcccggtaagtgtggactatattt
CAD2.min:Start-774|PCA1:775-End|RT:34_nt_each,gcgacaacggtttaggtgggtacgggtccccattccttatatagaaTAGCAGATCGTGCGAGAAACGAACCTTCAAGGGCAGCACCAATGTTGGAATTTCTGGGAGTAGCTCTAgacttcccgaatctcggtattatcccggtaagtgtggactatattt
CAD2.min:Start-1032|PCA1:1033-End|RT:34_nt_each,gcgacaacggtttaggtgggtacgggtccccattccttatatagaaAAATTCAAGCGGTTGCCTGACGAAGAAGAAAACTCATGGAGACAAAGAAAGGTTGAGCAATGACAATGgacttcccgaatctcggtattatcccggtaagtgtggactatattt
CAD2.min:Start-1188|PCA1:1189-End|RT:34_nt_each,gcgacaacggtttaggtgggtacgggtccccattccttatatagaaAGAGATCAGCCGTATAGTTAGTATGGAGCCTATAGAAAATCATCTTAATCTTGAGGCAGGATCTACCGgacttcccgaatctcggtattatcccggtaagtgtggactatattt
CAD2.min:Start-1257|PCA1:1258-End|RT:34_nt_each,gcgacaacggtttaggtgggtacgggtccccattccttatatagaaGACTGAACATATAGTGTTATCCGTAAGTGGTATGTCCTGTACTGGTTGTGAATCAAAACTTAAGAAATgacttcccgaatctcggtattatcccggtaagtgtggactatattt
CAD2.min:Start-1275|PCA1:1276-End|RT:34_nt_each,gcgacaacggtttaggtgggtacgggtccccattccttatatagaaATCCGTAAGTGGTATGACATGCACCGGCTGCGAGTCAAAACTTAAGAAATCATTTGGCGCGCTCAAATgacttcccgaatctcggtattatcccggtaagtgtggactatattt
CAD2.min:Start-1446|PCA1:1447-End|RT:34_nt_each,gcgacaacggtttaggtgggtacgggtccccattccttatatagaaAACGGAGTTTAAATATGAGCAAATAAGCAACCACGGTTCAACTATAGATGTTGTTGTTCCTTATGCAGgacttcccgaatctcggtattatcccggtaagtgtggactatattt
CAD2.min:Start-1467|PCA1:1468-End|RT:34_nt_each,gcgacaacggtttaggtgggtacgggtccccattccttatatagaaAATAAGCAACCACGCGAGCACCATTGACGTCGTGGTTCCTTATGCAGCAAAAGATTTTATTAATGAGGgacttcccgaatctcggtattatcccggtaagtgtggactatattt
CAD2.min:Start-1545|PCA1:1546-End|RT:34_nt_each,gcgacaacggtttaggtgggtacgggtccccattccttatatagaaGGGCGTGACTGAATTAAAGATCGTAGAACGCAACATCATTCGTATTTACTTTGACCCAAAGGTTATAGgacttcccgaatctcggtattatcccggtaagtgtggactatattt
CAD2.min:Start-1770|PCA1:1771-End|RT:34_nt_each,gcgacaacggtttaggtgggtacgggtccccattccttatatagaaGTGGGCACCGCAATTGAGAGAGAAGATCAGTACCATCTCCGCGTCAATGGTGCTAGCAACTATTATTCgacttcccgaatctcggtattatcccggtaagtgtggactatattt
CAD2.min:Start-1773|PCA1:1774-End|RT:34_nt_each,gcgacaacggtttaggtgggtacgggtccccattccttatatagaaGGCACCGCAATTGAGAGAGAAGATCAGTACCATGTCCGCGTCAATGGTGCTAGCAACTATTATTCAATgacttcccgaatctcggtattatcccggtaagtgtggactatattt
CAD2.min:Start-1944|PCA1:1945-End|RT:34_nt_each,gcgacaacggtttaggtgggtacgggtccccattccttatatagaaTATTTTCAGCATCGTTAGCTTCGGCTACTTTGTGGTTGGACGCCCGTTATCTACGGAGCAGTTTTTTGgacttcccgaatctcggtattatcccggtaagtgtggactatattt
CAD2.min:Start-1947|PCA1:1948-End|RT:34_nt_each,gcgacaacggtttaggtgggtacgggtccccattccttatatagaaTTTCAGCATCGTTAGCTTCGGCTACTTTGTGGCCGGACGCCCGTTATCTACGGAGCAGTTTTTTGAAAgacttcccgaatctcggtattatcccggtaagtgtggactatattt
CAD2.min:Start-2127|PCA1:2128-End|RT:34_nt_each,gcgacaacggtttaggtgggtacgggtccccattccttatatagaaATTAGTTGACAAGACCGGCAAGGAAACAGAGATCAATATTAGACTTCTCCAATATGGCGATATTTTTAgacttcccgaatctcggtattatcccggtaagtgtggactatattt
CAD2.min:Start-2163|PCA1:2164-End|RT:34_nt_each,gcgacaacggtttaggtgggtacgggtccccattccttatatagaaCATCCGTTTGTTACAGTACGGTGACATATTCAAAGTTTTACCTGATTCAAGAATCCCAACTGATGGAAgacttcccgaatctcggtattatcccggtaagtgtggactatattt
CAD2.min:Start-2505|PCA1:2506-End|RT:34_nt_each,gcgacaacggtttaggtgggtacgggtccccattccttatatagaaATTCTGTGTCTGGATTGCAGTGGGGATAAGGGTTGAAAAGCAATCCCGCTCCGATGCCGTAATTCAGGgacttcccgaatctcggtattatcccggtaagtgtggactatattt
CAD2.min:Start-2583|PCA1:2584-End|RT:34_nt_each,gcgacaacggtttaggtgggtacgggtccccattccttatatagaaCGCGATCACTGTGTTGATTGTCAGCTGCCCATGTGTGATTGGACTTGCCGTTCCTATCGTATTTGTTAgacttcccgaatctcggtattatcccggtaagtgtggactatattt
CAD2.min:Start-2907|PCA1:2908-End|RT:34_nt_each,gcgacaacggtttaggtgggtacgggtccccattccttatatagaaGAACGTCAGCAACACTAAGGCAGTTACAGGGAAACGGGTAGAAGGAACATCATACTCTGGTTTGAAGTgacttcccgaatctcggtattatcccggtaagtgtggactatattt
CAD2.min:Start-3339|PCA1:3340-End|RT:34_nt_each,gcgacaacggtttaggtgggtacgggtccccattccttatatagaaCGTATTCTGTGGCGATGGTACGAATGATGCCATAGGTTTGACTCAAGCAACGATTGGAGTTCATATCAgacttcccgaatctcggtattatcccggtaagtgtggactatattt
CAD2.min:Start-3624|PCA1:3625-End|RT:34_nt_each,gcgacaacggtttaggtgggtacgggtccccattccttatatagaaGTTGGTCTCAATTTTACCGGTCATCTTCGTCGCGATACTTCTGCGTTATGCAAAGATTTAGTCCAGGTgacttcccgaatctcggtattatcccggtaagtgtggactatattt
CAD2.min:Start-3645|PCA1:3646-End|RT:34_nt_each,gcgacaacggtttaggtgggtacgggtccccattccttatatagaaCATCTTCGTCGCGACTTTATTAAGGTACGCTAAAATTTAGTCCAGGTACTGCTGCTATTTGATTGTAGgacttcccgaatctcggtattatcccggtaagtgtggactatattt
CAD2.min:Start-3648|PCA1:3649-End|RT:34_nt_each,gcgacaacggtttaggtgggtacgggtccccattccttatatagaaCTTCGTCGCGACTTTATTAAGGTACGCTAAAGTGTAGTCCAGGTACTGCTGCTATTTGATTGTAGATTgacttcccgaatctcggtattatcccggtaagtgtggactatattt
CAD2.min:Start-114|PCA1:115-End|RT:40_nt_each,gcgacaacggtttaggtgggtacgggtccccattccttatTAGTATTGACGCGATGCAGGACAACCGTGGAGAATGCCACCGTAGATCCATAGAAATGCATGCTAATGACAATCTGGGATccgaatctcggtattatcccggtaagtgtggactatattt
CAD2.min:Start-129|PCA1:130-End|RT:40_nt_each,gcgacaacggtttaggtgggtacgggtccccattccttatGCAGGACAACCGTGGAGAATGCCACTTACGTAGTATCGAGATGCATGCTAATGACAATCTGGGATTGGTCTCCCAGCGAGccgaatctcggtattatcccggtaagtgtggactatattt
CAD2.min:Start-426|PCA1:427-End|RT:40_nt_each,gcgacaacggtttaggtgggtacgggtccccattccttatACAGACCGGAGGAGATCATACAAACGAGAGTTGCGTAGACGGATGCTGCGTTAGAGATTCTTCAGTGATGGTCGAGGAAGccgaatctcggtattatcccggtaagtgtggactatattt
CAD2.min:Start-465|PCA1:466-End|RT:40_nt_each,gcgacaacggtttaggtgggtacgggtccccattccttatCGAGTGTTGTGTACGTGACAGCAGCGTCATGGTTGAAGAGGTTACAGGCAGCTGCGAAGCTGTATCTTCTAAAGAACAATccgaatctcggtattatcccggtaagtgtggactatattt
CAD2.min:Start-627|PCA1:628-End|RT:40_nt_each,gcgacaacggtttaggtgggtacgggtccccattccttatCACTAACAGTAATCAGCATACCGGTAAAGGCCGATTGTGTATCGAATCAAGTGACTCTACACTCAAGAAAAGAAGTTGTAccgaatctcggtattatcccggtaagtgtggactatattt
CAD2.min:Start-660|PCA1:661-End|RT:40_nt_each,gcgacaacggtttaggtgggtacgggtccccattccttatATTGTGTCTAGAGAGTTCCGATAGCACTTTAAAGAAGCGTAGTTGTAAAGTTAGCAGACAGAAAATTGAGGTTTCCAGTAccgaatctcggtattatcccggtaagtgtggactatattt
CAD2.min:Start-774|PCA1:775-End|RT:40_nt_each,gcgacaacggtttaggtgggtacgggtccccattccttatAATAGCTAGCAGATCGTGCGAGAAACGAACCTTCAAGGGCAGCACCAATGTTGGAATTTCTGGGAGTAGCTCTACCGACAccgaatctcggtattatcccggtaagtgtggactatattt
CAD2.min:Start-1032|PCA1:1033-End|RT:40_nt_each,gcgacaacggtttaggtgggtacgggtccccattccttatTTATAGAAATTCAAGCGGTTGCCTGACGAAGAAGAAAACTCATGGAGACAAAGAAAGGTTGAGCAATGACAATGGCCATGccgaatctcggtattatcccggtaagtgtggactatattt
CAD2.min:Start-1188|PCA1:1189-End|RT:40_nt_each,gcgacaacggtttaggtgggtacgggtccccattccttatCAGCTCAGAGATCAGCCGTATAGTTAGTATGGAGCCTATAGAAAATCATCTTAATCTTGAGGCAGGATCTACCGGTACCGccgaatctcggtattatcccggtaagtgtggactatattt
CAD2.min:Start-1257|PCA1:1258-End|RT:40_nt_each,gcgacaacggtttaggtgggtacgggtccccattccttatCACTGGGACTGAACATATAGTGTTATCCGTAAGTGGTATGTCCTGTACTGGTTGTGAATCAAAACTTAAGAAATCATTTGccgaatctcggtattatcccggtaagtgtggactatattt
CAD2.min:Start-1275|PCA1:1276-End|RT:40_nt_each,gcgacaacggtttaggtgggtacgggtccccattccttatAGTGTTATCCGTAAGTGGTATGACATGCACCGGCTGCGAGTCAAAACTTAAGAAATCATTTGGCGCGCTCAAATGTGTTCccgaatctcggtattatcccggtaagtgtggactatattt
CAD2.min:Start-1446|PCA1:1447-End|RT:40_nt_each,gcgacaacggtttaggtgggtacgggtccccattccttatAAAGACAACGGAGTTTAAATATGAGCAAATAAGCAACCACGGTTCAACTATAGATGTTGTTGTTCCTTATGCAGCAAAAGccgaatctcggtattatcccggtaagtgtggactatattt
CAD2.min:Start-1467|PCA1:1468-End|RT:40_nt_each,gcgacaacggtttaggtgggtacgggtccccattccttatTGAGCAAATAAGCAACCACGCGAGCACCATTGACGTCGTGGTTCCTTATGCAGCAAAAGATTTTATTAATGAGGAATGGCccgaatctcggtattatcccggtaagtgtggactatattt
CAD2.min:Start-1545|PCA1:1546-End|RT:40_nt_each,gcgacaacggtttaggtgggtacgggtccccattccttatGCCCCAGGGCGTGACTGAATTAAAGATCGTAGAACGCAACATCATTCGTATTTACTTTGACCCAAAGGTTATAGGTGCCAccgaatctcggtattatcccggtaagtgtggactatattt
CAD2.min:Start-1770|PCA1:1771-End|RT:40_nt_each,gcgacaacggtttaggtgggtacgggtccccattccttatCATGGCGTGGGCACCGCAATTGAGAGAGAAGATCAGTACCATCTCCGCGTCAATGGTGCTAGCAACTATTATTCAATTTGccgaatctcggtattatcccggtaagtgtggactatattt
CAD2.min:Start-1773|PCA1:1774-End|RT:40_nt_each,gcgacaacggtttaggtgggtacgggtccccattccttatGGCGTGGGCACCGCAATTGAGAGAGAAGATCAGTACCATGTCCGCGTCAATGGTGCTAGCAACTATTATTCAATTTGTTAccgaatctcggtattatcccggtaagtgtggactatattt
CAD2.min:Start-1944|PCA1:1945-End|RT:40_nt_each,gcgacaacggtttaggtgggtacgggtccccattccttatAGCTTATATTTTCAGCATCGTTAGCTTCGGCTACTTTGTGGTTGGACGCCCGTTATCTACGGAGCAGTTTTTTGAAACCAccgaatctcggtattatcccggtaagtgtggactatattt
CAD2.min:Start-1947|PCA1:1948-End|RT:40_nt_each,gcgacaacggtttaggtgggtacgggtccccattccttatTTATATTTTCAGCATCGTTAGCTTCGGCTACTTTGTGGCCGGACGCCCGTTATCTACGGAGCAGTTTTTTGAAACCAGCTccgaatctcggtattatcccggtaagtgtggactatattt
CAD2.min:Start-2127|PCA1:2128-End|RT:40_nt_each,gcgacaacggtttaggtgggtacgggtccccattccttatCGCCATATTAGTTGACAAGACCGGCAAGGAAACAGAGATCAATATTAGACTTCTCCAATATGGCGATATTTTTAAGGTTTccgaatctcggtattatcccggtaagtgtggactatattt
CAD2.min:Start-2163|PCA1:2164-End|RT:40_nt_each,gcgacaacggtttaggtgggtacgggtccccattccttatGATCGACATCCGTTTGTTACAGTACGGTGACATATTCAAAGTTTTACCTGATTCAAGAATCCCAACTGATGGAACAGTCAccgaatctcggtattatcccggtaagtgtggactatattt
CAD2.min:Start-2505|PCA1:2506-End|RT:40_nt_each,gcgacaacggtttaggtgggtacgggtccccattccttatAGTAACATTCTGTGTCTGGATTGCAGTGGGGATAAGGGTTGAAAAGCAATCCCGCTCCGATGCCGTAATTCAGGCCATTAccgaatctcggtattatcccggtaagtgtggactatattt
CAD2.min:Start-2583|PCA1:2584-End|RT:40_nt_each,gcgacaacggtttaggtgggtacgggtccccattccttatCATCTACGCGATCACTGTGTTGATTGTCAGCTGCCCATGTGTGATTGGACTTGCCGTTCCTATCGTATTTGTTATTGCAAccgaatctcggtattatcccggtaagtgtggactatattt
CAD2.min:Start-2907|PCA1:2908-End|RT:40_nt_each,gcgacaacggtttaggtgggtacgggtccccattccttatCGCGCAGAACGTCAGCAACACTAAGGCAGTTACAGGGAAACGGGTAGAAGGAACATCATACTCTGGTTTGAAGTTACAAGccgaatctcggtattatcccggtaagtgtggactatattt
CAD2.min:Start-3339|PCA1:3340-End|RT:40_nt_each,gcgacaacggtttaggtgggtacgggtccccattccttatCGTGGTCGTATTCTGTGGCGATGGTACGAATGATGCCATAGGTTTGACTCAAGCAACGATTGGAGTTCATATCAATGAGGccgaatctcggtattatcccggtaagtgtggactatattt
CAD2.min:Start-3624|PCA1:3625-End|RT:40_nt_each,gcgacaacggtttaggtgggtacgggtccccattccttatTGGCGAGTTGGTCTCAATTTTACCGGTCATCTTCGTCGCGATACTTCTGCGTTATGCAAAGATTTAGTCCAGGTACTGCTccgaatctcggtattatcccggtaagtgtggactatattt
CAD2.min:Start-3645|PCA1:3646-End|RT:40_nt_each,gcgacaacggtttaggtgggtacgggtccccattccttatACCGGTCATCTTCGTCGCGACTTTATTAAGGTACGCTAAAATTTAGTCCAGGTACTGCTGCTATTTGATTGTAGATTTTCccgaatctcggtattatcccggtaagtgtggactatattt
CAD2.min:Start-3648|PCA1:3649-End|RT:40_nt_each,gcgacaacggtttaggtgggtacgggtccccattccttatGGTCATCTTCGTCGCGACTTTATTAAGGTACGCTAAAGTGTAGTCCAGGTACTGCTGCTATTTGATTGTAGATTTTCTTTccgaatctcggtattatcccggtaagtgtggactatattt
CAD2.min:Start-114|PCA1:115-End|RT:47_nt_each,gcgacaacggtttaggtgggtacgggtccccatAAAATATTAGTATTGACGCGATGCAGGACAACCGTGGAGAATGCCACCGTAGATCCATAGAAATGCATGCTAATGACAATCTGGGATTGGTCTCtcggtattatcccggtaagtgtggactatattt
CAD2.min:Start-129|PCA1:130-End|RT:47_nt_each,gcgacaacggtttaggtgggtacgggtccccatACGCGATGCAGGACAACCGTGGAGAATGCCACTTACGTAGTATCGAGATGCATGCTAATGACAATCTGGGATTGGTCTCCCAGCGAGACTGTACtcggtattatcccggtaagtgtggactatattt
CAD2.min:Start-426|PCA1:427-End|RT:47_nt_each,gcgacaacggtttaggtgggtacgggtccccatGTGACGCACAGACCGGAGGAGATCATACAAACGAGAGTTGCGTAGACGGATGCTGCGTTAGAGATTCTTCAGTGATGGTCGAGGAAGTTACAGGtcggtattatcccggtaagtgtggactatattt
CAD2.min:Start-465|PCA1:466-End|RT:47_nt_each,gcgacaacggtttaggtgggtacgggtccccatGCGTAGACGAGTGTTGTGTACGTGACAGCAGCGTCATGGTTGAAGAGGTTACAGGCAGCTGCGAAGCTGTATCTTCTAAAGAACAATTGCTGACtcggtattatcccggtaagtgtggactatattt
CAD2.min:Start-627|PCA1:628-End|RT:47_nt_each,gcgacaacggtttaggtgggtacgggtccccatGGTGTAACACTAACAGTAATCAGCATACCGGTAAAGGCCGATTGTGTATCGAATCAAGTGACTCTACACTCAAGAAAAGAAGTTGTAAAGTTAGtcggtattatcccggtaagtgtggactatattt
CAD2.min:Start-660|PCA1:661-End|RT:47_nt_each,gcgacaacggtttaggtgggtacgggtccccatAAGGCCGATTGTGTCTAGAGAGTTCCGATAGCACTTTAAAGAAGCGTAGTTGTAAAGTTAGCAGACAGAAAATTGAGGTTTCCAGTAAGCCTGAtcggtattatcccggtaagtgtggactatattt
CAD2.min:Start-774|PCA1:775-End|RT:47_nt_each,gcgacaacggtttaggtgggtacgggtccccatTGGAAAGAATAGCTAGCAGATCGTGCGAGAAACGAACCTTCAAGGGCAGCACCAATGTTGGAATTTCTGGGAGTAGCTCTACCGACAGTTTAAGtcggtattatcccggtaagtgtggactatattt
CAD2.min:Start-1032|PCA1:1033-End|RT:47_nt_each,gcgacaacggtttaggtgggtacgggtccccatAGTATAGTTATAGAAATTCAAGCGGTTGCCTGACGAAGAAGAAAACTCATGGAGACAAAGAAAGGTTGAGCAATGACAATGGCCATGCTGATTTtcggtattatcccggtaagtgtggactatattt
CAD2.min:Start-1188|PCA1:1189-End|RT:47_nt_each,gcgacaacggtttaggtgggtacgggtccccatGTCATAGCAGCTCAGAGATCAGCCGTATAGTTAGTATGGAGCCTATAGAAAATCATCTTAATCTTGAGGCAGGATCTACCGGTACCGAGCACATtcggtattatcccggtaagtgtggactatattt
CAD2.min:Start-1257|PCA1:1258-End|RT:47_nt_each,gcgacaacggtttaggtgggtacgggtccccatCGGGGAGCACTGGGACTGAACATATAGTGTTATCCGTAAGTGGTATGTCCTGTACTGGTTGTGAATCAAAACTTAAGAAATCATTTGGCGCGCTtcggtattatcccggtaagtgtggactatattt
CAD2.min:Start-1275|PCA1:1276-End|RT:47_nt_each,gcgacaacggtttaggtgggtacgggtccccatAACATATAGTGTTATCCGTAAGTGGTATGACATGCACCGGCTGCGAGTCAAAACTTAAGAAATCATTTGGCGCGCTCAAATGTGTTCACGGTTTtcggtattatcccggtaagtgtggactatattt
CAD2.min:Start-1446|PCA1:1447-End|RT:47_nt_each,gcgacaacggtttaggtgggtacgggtccccatATCTATCAAAGACAACGGAGTTTAAATATGAGCAAATAAGCAACCACGGTTCAACTATAGATGTTGTTGTTCCTTATGCAGCAAAAGATTTTATtcggtattatcccggtaagtgtggactatattt
CAD2.min:Start-1467|PCA1:1468-End|RT:47_nt_each,gcgacaacggtttaggtgggtacgggtccccatTTAAATATGAGCAAATAAGCAACCACGCGAGCACCATTGACGTCGTGGTTCCTTATGCAGCAAAAGATTTTATTAATGAGGAATGGCCACAAGGtcggtattatcccggtaagtgtggactatattt
CAD2.min:Start-1545|PCA1:1546-End|RT:47_nt_each,gcgacaacggtttaggtgggtacgggtccccatAAGAGTGGCCCCAGGGCGTGACTGAATTAAAGATCGTAGAACGCAACATCATTCGTATTTACTTTGACCCAAAGGTTATAGGTGCCAGAGATCTtcggtattatcccggtaagtgtggactatattt
CAD2.min:Start-1770|PCA1:1771-End|RT:47_nt_each,gcgacaacggtttaggtgggtacgggtccccatTCTTAGTCATGGCGTGGGCACCGCAATTGAGAGAGAAGATCAGTACCATCTCCGCGTCAATGGTGCTAGCAACTATTATTCAATTTGTTATTGCtcggtattatcccggtaagtgtggactatattt
CAD2.min:Start-1773|PCA1:1774-End|RT:47_nt_each,gcgacaacggtttaggtgggtacgggtccccatTAGTCATGGCGTGGGCACCGCAATTGAGAGAGAAGATCAGTACCATGTCCGCGTCAATGGTGCTAGCAACTATTATTCAATTTGTTATTGCAGGtcggtattatcccggtaagtgtggactatattt
CAD2.min:Start-1944|PCA1:1945-End|RT:47_nt_each,gcgacaacggtttaggtgggtacgggtccccatCATCAGCAGCTTATATTTTCAGCATCGTTAGCTTCGGCTACTTTGTGGTTGGACGCCCGTTATCTACGGAGCAGTTTTTTGAAACCAGCTCTTTtcggtattatcccggtaagtgtggactatattt
CAD2.min:Start-1947|PCA1:1948-End|RT:47_nt_each,gcgacaacggtttaggtgggtacgggtccccatCAGCAGCTTATATTTTCAGCATCGTTAGCTTCGGCTACTTTGTGGCCGGACGCCCGTTATCTACGGAGCAGTTTTTTGAAACCAGCTCTTTGCTtcggtattatcccggtaagtgtggactatattt
CAD2.min:Start-2127|PCA1:2128-End|RT:47_nt_each,gcgacaacggtttaggtgggtacgggtccccatCAAGCAGCGCCATATTAGTTGACAAGACCGGCAAGGAAACAGAGATCAATATTAGACTTCTCCAATATGGCGATATTTTTAAGGTTTTACCTGAtcggtattatcccggtaagtgtggactatattt
CAD2.min:Start-2163|PCA1:2164-End|RT:47_nt_each,gcgacaacggtttaggtgggtacgggtccccatAAACAGAGATCGACATCCGTTTGTTACAGTACGGTGACATATTCAAAGTTTTACCTGATTCAAGAATCCCAACTGATGGAACAGTCATTTCTGGtcggtattatcccggtaagtgtggactatattt
CAD2.min:Start-2505|PCA1:2506-End|RT:47_nt_each,gcgacaacggtttaggtgggtacgggtccccatTAACAGTAGTAACATTCTGTGTCTGGATTGCAGTGGGGATAAGGGTTGAAAAGCAATCCCGCTCCGATGCCGTAATTCAGGCCATTATATATGCtcggtattatcccggtaagtgtggactatattt
CAD2.min:Start-2583|PCA1:2584-End|RT:47_nt_each,gcgacaacggtttaggtgggtacgggtccccatAAGCTATCATCTACGCGATCACTGTGTTGATTGTCAGCTGCCCATGTGTGATTGGACTTGCCGTTCCTATCGTATTTGTTATTGCAAGTGGCGTtcggtattatcccggtaagtgtggactatattt
CAD2.min:Start-2907|PCA1:2908-End|RT:47_nt_each,gcgacaacggtttaggtgggtacgggtccccatGCGTAAGCGCGCAGAACGTCAGCAACACTAAGGCAGTTACAGGGAAACGGGTAGAAGGAACATCATACTCTGGTTTGAAGTTACAAGGAGGGAAtcggtattatcccggtaagtgtggactatattt
CAD2.min:Start-3339|PCA1:3340-End|RT:47_nt_each,gcgacaacggtttaggtgggtacgggtccccatAGCGCCCCGTGGTCGTATTCTGTGGCGATGGTACGAATGATGCCATAGGTTTGACTCAAGCAACGATTGGAGTTCATATCAATGAGGGAAGTGAtcggtattatcccggtaagtgtggactatattt
CAD2.min:Start-3624|PCA1:3625-End|RT:47_nt_each,gcgacaacggtttaggtgggtacgggtccccatCTGGCCTTGGCGAGTTGGTCTCAATTTTACCGGTCATCTTCGTCGCGATACTTCTGCGTTATGCAAAGATTTAGTCCAGGTACTGCTGCTATTTtcggtattatcccggtaagtgtggactatattt
CAD2.min:Start-3645|PCA1:3646-End|RT:47_nt_each,gcgacaacggtttaggtgggtacgggtccccatCAATTTTACCGGTCATCTTCGTCGCGACTTTATTAAGGTACGCTAAAATTTAGTCCAGGTACTGCTGCTATTTGATTGTAGATTTTCTTTTTTCtcggtattatcccggtaagtgtggactatattt
CAD2.min:Start-3648|PCA1:3649-End|RT:47_nt_each,gcgacaacggtttaggtgggtacgggtccccatTTTTACCGGTCATCTTCGTCGCGACTTTATTAAGGTACGCTAAAGTGTAGTCCAGGTACTGCTGCTATTTGATTGTAGATTTTCTTTTTTCTTTtcggtattatcccggtaagtgtggactatattt
CAD2.min:Start-114|PCA1:115-End|RT:55_nt_each,gcgacaacggtttaggtgggtacggGAACTCTGAAAATATTAGTATTGACGCGATGCAGGACAACCGTGGAGAATGCCACCGTAGATCCATAGAAATGCATGCTAATGACAATCTGGGATTGGTCTCCCAGCGAGatcccggtaagtgtggactatattt
CAD2.min:Start-129|PCA1:130-End|RT:55_nt_each,gcgacaacggtttaggtgggtacggTAGTATTGACGCGATGCAGGACAACCGTGGAGAATGCCACTTACGTAGTATCGAGATGCATGCTAATGACAATCTGGGATTGGTCTCCCAGCGAGACTGTACCAATCGGCatcccggtaagtgtggactatattt
CAD2.min:Start-426|PCA1:427-End|RT:55_nt_each,gcgacaacggtttaggtgggtacggTTGCTGTGGTGACGCACAGACCGGAGGAGATCATACAAACGAGAGTTGCGTAGACGGATGCTGCGTTAGAGATTCTTCAGTGATGGTCGAGGAAGTTACAGGCAGCTGCGatcccggtaagtgtggactatattt
CAD2.min:Start-465|PCA1:466-End|RT:55_nt_each,gcgacaacggtttaggtgggtacggCGAGAGTTGCGTAGACGAGTGTTGTGTACGTGACAGCAGCGTCATGGTTGAAGAGGTTACAGGCAGCTGCGAAGCTGTATCTTCTAAAGAACAATTGCTGACCAGCTTTGatcccggtaagtgtggactatattt
CAD2.min:Start-627|PCA1:628-End|RT:55_nt_each,gcgacaacggtttaggtgggtacggAACTACAAGGTGTAACACTAACAGTAATCAGCATACCGGTAAAGGCCGATTGTGTATCGAATCAAGTGACTCTACACTCAAGAAAAGAAGTTGTAAAGTTAGCAGACAGAatcccggtaagtgtggactatattt
CAD2.min:Start-660|PCA1:661-End|RT:55_nt_each,gcgacaacggtttaggtgggtacggTACCGGTAAAGGCCGATTGTGTCTAGAGAGTTCCGATAGCACTTTAAAGAAGCGTAGTTGTAAAGTTAGCAGACAGAAAATTGAGGTTTCCAGTAAGCCTGAGTGCTGCAatcccggtaagtgtggactatattt
CAD2.min:Start-774|PCA1:775-End|RT:55_nt_each,gcgacaacggtttaggtgggtacggAAGTTGCGTGGAAAGAATAGCTAGCAGATCGTGCGAGAAACGAACCTTCAAGGGCAGCACCAATGTTGGAATTTCTGGGAGTAGCTCTACCGACAGTTTAAGCGAGAAGTatcccggtaagtgtggactatattt
CAD2.min:Start-1032|PCA1:1033-End|RT:55_nt_each,gcgacaacggtttaggtgggtacggGAAAACCAAGTATAGTTATAGAAATTCAAGCGGTTGCCTGACGAAGAAGAAAACTCATGGAGACAAAGAAAGGTTGAGCAATGACAATGGCCATGCTGATTTTGTTTGTTatcccggtaagtgtggactatattt
CAD2.min:Start-1188|PCA1:1189-End|RT:55_nt_each,gcgacaacggtttaggtgggtacggGATAAGCGGTCATAGCAGCTCAGAGATCAGCCGTATAGTTAGTATGGAGCCTATAGAAAATCATCTTAATCTTGAGGCAGGATCTACCGGTACCGAGCACATTGTTCTTAatcccggtaagtgtggactatattt
CAD2.min:Start-1257|PCA1:1258-End|RT:55_nt_each,gcgacaacggtttaggtgggtacggCTTGGAAGCGGGGAGCACTGGGACTGAACATATAGTGTTATCCGTAAGTGGTATGTCCTGTACTGGTTGTGAATCAAAACTTAAGAAATCATTTGGCGCGCTCAAATGTGatcccggtaagtgtggactatattt
CAD2.min:Start-1275|PCA1:1276-End|RT:55_nt_each,gcgacaacggtttaggtgggtacggTGGGACTGAACATATAGTGTTATCCGTAAGTGGTATGACATGCACCGGCTGCGAGTCAAAACTTAAGAAATCATTTGGCGCGCTCAAATGTGTTCACGGTTTGAAGACCAatcccggtaagtgtggactatattt
CAD2.min:Start-1446|PCA1:1447-End|RT:55_nt_each,gcgacaacggtttaggtgggtacggAATTAAACATCTATCAAAGACAACGGAGTTTAAATATGAGCAAATAAGCAACCACGGTTCAACTATAGATGTTGTTGTTCCTTATGCAGCAAAAGATTTTATTAATGAGGatcccggtaagtgtggactatattt
CAD2.min:Start-1467|PCA1:1468-End|RT:55_nt_each,gcgacaacggtttaggtgggtacggAACGGAGTTTAAATATGAGCAAATAAGCAACCACGCGAGCACCATTGACGTCGTGGTTCCTTATGCAGCAAAAGATTTTATTAATGAGGAATGGCCACAAGGTGTCACAGatcccggtaagtgtggactatattt
CAD2.min:Start-1545|PCA1:1546-End|RT:55_nt_each,gcgacaacggtttaggtgggtacggCATCAACGAAGAGTGGCCCCAGGGCGTGACTGAATTAAAGATCGTAGAACGCAACATCATTCGTATTTACTTTGACCCAAAGGTTATAGGTGCCAGAGATCTTGTCAATGatcccggtaagtgtggactatattt
CAD2.min:Start-1770|PCA1:1771-End|RT:55_nt_each,gcgacaacggtttaggtgggtacggAATTCCAATCTTAGTCATGGCGTGGGCACCGCAATTGAGAGAGAAGATCAGTACCATCTCCGCGTCAATGGTGCTAGCAACTATTATTCAATTTGTTATTGCAGGACCGTatcccggtaagtgtggactatattt
CAD2.min:Start-1773|PCA1:1774-End|RT:55_nt_each,gcgacaacggtttaggtgggtacggTCCAATCTTAGTCATGGCGTGGGCACCGCAATTGAGAGAGAAGATCAGTACCATGTCCGCGTCAATGGTGCTAGCAACTATTATTCAATTTGTTATTGCAGGACCGTTTTatcccggtaagtgtggactatattt
CAD2.min:Start-1944|PCA1:1945-End|RT:55_nt_each,gcgacaacggtttaggtgggtacggGCTCTCTACATCAGCAGCTTATATTTTCAGCATCGTTAGCTTCGGCTACTTTGTGGTTGGACGCCCGTTATCTACGGAGCAGTTTTTTGAAACCAGCTCTTTGCTTGTAAatcccggtaagtgtggactatattt
CAD2.min:Start-1947|PCA1:1948-End|RT:55_nt_each,gcgacaacggtttaggtgggtacggCTCTACATCAGCAGCTTATATTTTCAGCATCGTTAGCTTCGGCTACTTTGTGGCCGGACGCCCGTTATCTACGGAGCAGTTTTTTGAAACCAGCTCTTTGCTTGTAACTCatcccggtaagtgtggactatattt
CAD2.min:Start-2127|PCA1:2128-End|RT:55_nt_each,gcgacaacggtttaggtgggtacggTCTGCAAGCAAGCAGCGCCATATTAGTTGACAAGACCGGCAAGGAAACAGAGATCAATATTAGACTTCTCCAATATGGCGATATTTTTAAGGTTTTACCTGATTCAAGAAatcccggtaagtgtggactatattt
CAD2.min:Start-2163|PCA1:2164-End|RT:55_nt_each,gcgacaacggtttaggtgggtacggCGGCAAGGAAACAGAGATCGACATCCGTTTGTTACAGTACGGTGACATATTCAAAGTTTTACCTGATTCAAGAATCCCAACTGATGGAACAGTCATTTCTGGGTCTTCTGatcccggtaagtgtggactatattt
CAD2.min:Start-2505|PCA1:2506-End|RT:55_nt_each,gcgacaacggtttaggtgggtacggAATCGGTATAACAGTAGTAACATTCTGTGTCTGGATTGCAGTGGGGATAAGGGTTGAAAAGCAATCCCGCTCCGATGCCGTAATTCAGGCCATTATATATGCCATTACGGatcccggtaagtgtggactatattt
CAD2.min:Start-2583|PCA1:2584-End|RT:55_nt_each,gcgacaacggtttaggtgggtacggTGTTATACAAGCTATCATCTACGCGATCACTGTGTTGATTGTCAGCTGCCCATGTGTGATTGGACTTGCCGTTCCTATCGTATTTGTTATTGCAAGTGGCGTCGCTGCGAatcccggtaagtgtggactatattt
CAD2.min:Start-2907|PCA1:2908-End|RT:55_nt_each,gcgacaacggtttaggtgggtacggGGAGAAGGGCGTAAGCGCGCAGAACGTCAGCAACACTAAGGCAGTTACAGGGAAACGGGTAGAAGGAACATCATACTCTGGTTTGAAGTTACAAGGAGGGAACTGTCGTTatcccggtaagtgtggactatattt
CAD2.min:Start-3339|PCA1:3340-End|RT:55_nt_each,gcgacaacggtttaggtgggtacggCCAAAGTAAGCGCCCCGTGGTCGTATTCTGTGGCGATGGTACGAATGATGCCATAGGTTTGACTCAAGCAACGATTGGAGTTCATATCAATGAGGGAAGTGAGGTTGCCAatcccggtaagtgtggactatattt
CAD2.min:Start-3624|PCA1:3625-End|RT:55_nt_each,gcgacaacggtttaggtgggtacggTGAATACGCTGGCCTTGGCGAGTTGGTCTCAATTTTACCGGTCATCTTCGTCGCGATACTTCTGCGTTATGCAAAGATTTAGTCCAGGTACTGCTGCTATTTGATTGTAGatcccggtaagtgtggactatattt
CAD2.min:Start-3645|PCA1:3646-End|RT:55_nt_each,gcgacaacggtttaggtgggtacggGTTGGTCTCAATTTTACCGGTCATCTTCGTCGCGACTTTATTAAGGTACGCTAAAATTTAGTCCAGGTACTGCTGCTATTTGATTGTAGATTTTCTTTTTTCTTTTCTTTatcccggtaagtgtggactatattt
CAD2.min:Start-3648|PCA1:3649-End|RT:55_nt_each,gcgacaacggtttaggtgggtacggGGTCTCAATTTTACCGGTCATCTTCGTCGCGACTTTATTAAGGTACGCTAAAGTGTAGTCCAGGTACTGCTGCTATTTGATTGTAGATTTTCTTTTTTCTTTTCTTTTTTatcccggtaagtgtggactatattt
CAD2.min:Start-114|PCA1:115-End|RT:64_nt_each,gcgacaacggtttaggCGGGGTTGTGAACTCTGAAAATATTAGTATTGACGCGATGCAGGACAACCGTGGAGAATGCCACCGTAGATCCATAGAAATGCATGCTAATGACAATCTGGGATTGGTCTCCCAGCGAGACTGTACCAagtgtggactatattt
CAD2.min:Start-129|PCA1:130-End|RT:64_nt_each,gcgacaacggtttaggTGAAAATATTAGTATTGACGCGATGCAGGACAACCGTGGAGAATGCCACTTACGTAGTATCGAGATGCATGCTAATGACAATCTGGGATTGGTCTCCCAGCGAGACTGTACCAATCGGCCCAAAATTAagtgtggactatattt
CAD2.min:Start-426|PCA1:427-End|RT:64_nt_each,gcgacaacggtttaggCGTCGATTCTTGCTGTGGTGACGCACAGACCGGAGGAGATCATACAAACGAGAGTTGCGTAGACGGATGCTGCGTTAGAGATTCTTCAGTGATGGTCGAGGAAGTTACAGGCAGCTGCGAAGCTGTATagtgtggactatattt
CAD2.min:Start-465|PCA1:466-End|RT:64_nt_each,gcgacaacggtttaggTCATACAAACGAGAGTTGCGTAGACGAGTGTTGTGTACGTGACAGCAGCGTCATGGTTGAAGAGGTTACAGGCAGCTGCGAAGCTGTATCTTCTAAAGAACAATTGCTGACCAGCTTTGAAGTTGTTCagtgtggactatattt
CAD2.min:Start-627|PCA1:628-End|RT:64_nt_each,gcgacaacggtttaggCATCCGTGAAACTACAAGGTGTAACACTAACAGTAATCAGCATACCGGTAAAGGCCGATTGTGTATCGAATCAAGTGACTCTACACTCAAGAAAAGAAGTTGTAAAGTTAGCAGACAGAAAATTGAGGagtgtggactatattt
CAD2.min:Start-660|PCA1:661-End|RT:64_nt_each,gcgacaacggtttaggTAATCAGCATACCGGTAAAGGCCGATTGTGTCTAGAGAGTTCCGATAGCACTTTAAAGAAGCGTAGTTGTAAAGTTAGCAGACAGAAAATTGAGGTTTCCAGTAAGCCTGAGTGCTGCAACATTTCATagtgtggactatattt
CAD2.min:Start-774|PCA1:775-End|RT:64_nt_each,gcgacaacggtttaggTTGTAATATAAGTTGCGTGGAAAGAATAGCTAGCAGATCGTGCGAGAAACGAACCTTCAAGGGCAGCACCAATGTTGGAATTTCTGGGAGTAGCTCTACCGACAGTTTAAGCGAGAAGTTCTTCAGCGagtgtggactatattt
CAD2.min:Start-1032|PCA1:1033-End|RT:64_nt_each,gcgacaacggtttaggAGCGAGCAAGAAAACCAAGTATAGTTATAGAAATTCAAGCGGTTGCCTGACGAAGAAGAAAACTCATGGAGACAAAGAAAGGTTGAGCAATGACAATGGCCATGCTGATTTTGTTTGTTCTAAAAGTTagtgtggactatattt
CAD2.min:Start-1188|PCA1:1189-End|RT:64_nt_each,gcgacaacggtttaggCACTAGTACGATAAGCGGTCATAGCAGCTCAGAGATCAGCCGTATAGTTAGTATGGAGCCTATAGAAAATCATCTTAATCTTGAGGCAGGATCTACCGGTACCGAGCACATTGTTCTTAGTGTTTCAGagtgtggactatattt
CAD2.min:Start-1257|PCA1:1258-End|RT:64_nt_each,gcgacaacggtttaggCCACTTGAACTTGGAAGCGGGGAGCACTGGGACTGAACATATAGTGTTATCCGTAAGTGGTATGTCCTGTACTGGTTGTGAATCAAAACTTAAGAAATCATTTGGCGCGCTCAAATGTGTTCACGGTTagtgtggactatattt
CAD2.min:Start-1275|PCA1:1276-End|RT:64_nt_each,gcgacaacggtttaggGGGGAGCACTGGGACTGAACATATAGTGTTATCCGTAAGTGGTATGACATGCACCGGCTGCGAGTCAAAACTTAAGAAATCATTTGGCGCGCTCAAATGTGTTCACGGTTTGAAGACCAGTTTAATATagtgtggactatattt
CAD2.min:Start-1446|PCA1:1447-End|RT:64_nt_each,gcgacaacggtttaggTAAAGACGTAATTAAACATCTATCAAAGACAACGGAGTTTAAATATGAGCAAATAAGCAACCACGGTTCAACTATAGATGTTGTTGTTCCTTATGCAGCAAAAGATTTTATTAATGAGGAATGGCCACagtgtggactatattt
CAD2.min:Start-1467|PCA1:1468-End|RT:64_nt_each,gcgacaacggtttaggATCAAAGACAACGGAGTTTAAATATGAGCAAATAAGCAACCACGCGAGCACCATTGACGTCGTGGTTCCTTATGCAGCAAAAGATTTTATTAATGAGGAATGGCCACAAGGTGTCACAGAGCTGAAAAagtgtggactatattt
CAD2.min:Start-1545|PCA1:1546-End|RT:64_nt_each,gcgacaacggtttaggTAAGGACTTCATCAACGAAGAGTGGCCCCAGGGCGTGACTGAATTAAAGATCGTAGAACGCAACATCATTCGTATTTACTTTGACCCAAAGGTTATAGGTGCCAGAGATCTTGTCAATGAAGGATGGAagtgtggactatattt
CAD2.min:Start-1770|PCA1:1771-End|RT:64_nt_each,gcgacaacggtttaggTATCCTAACAATTCCAATCTTAGTCATGGCGTGGGCACCGCAATTGAGAGAGAAGATCAGTACCATCTCCGCGTCAATGGTGCTAGCAACTATTATTCAATTTGTTATTGCAGGACCGTTTTACTTAAagtgtggactatattt
CAD2.min:Start-1773|PCA1:1774-End|RT:64_nt_each,gcgacaacggtttaggCCTAACAATTCCAATCTTAGTCATGGCGTGGGCACCGCAATTGAGAGAGAAGATCAGTACCATGTCCGCGTCAATGGTGCTAGCAACTATTATTCAATTTGTTATTGCAGGACCGTTTTACTTAAATGagtgtggactatattt
CAD2.min:Start-1944|PCA1:1945-End|RT:64_nt_each,gcgacaacggtttaggGTTGATTGTGCTCTCTACATCAGCAGCTTATATTTTCAGCATCGTTAGCTTCGGCTACTTTGTGGTTGGACGCCCGTTATCTACGGAGCAGTTTTTTGAAACCAGCTCTTTGCTTGTAACTCTCATCAagtgtggactatattt
CAD2.min:Start-1947|PCA1:1948-End|RT:64_nt_each,gcgacaacggtttaggGATTGTGCTCTCTACATCAGCAGCTTATATTTTCAGCATCGTTAGCTTCGGCTACTTTGTGGCCGGACGCCCGTTATCTACGGAGCAGTTTTTTGAAACCAGCTCTTTGCTTGTAACTCTCATCATGGagtgtggactatattt
CAD2.min:Start-2127|PCA1:2128-End|RT:64_nt_each,gcgacaacggtttaggTGTTAGGAGTCTGCAAGCAAGCAGCGCCATATTAGTTGACAAGACCGGCAAGGAAACAGAGATCAATATTAGACTTCTCCAATATGGCGATATTTTTAAGGTTTTACCTGATTCAAGAATCCCAACTGagtgtggactatattt
CAD2.min:Start-2163|PCA1:2164-End|RT:64_nt_each,gcgacaacggtttaggTGACAAGACCGGCAAGGAAACAGAGATCGACATCCGTTTGTTACAGTACGGTGACATATTCAAAGTTTTACCTGATTCAAGAATCCCAACTGATGGAACAGTCATTTCTGGGTCTTCTGAAGTCGACGagtgtggactatattt
CAD2.min:Start-2505|PCA1:2506-End|RT:64_nt_each,gcgacaacggtttaggACCTACCATAATCGGTATAACAGTAGTAACATTCTGTGTCTGGATTGCAGTGGGGATAAGGGTTGAAAAGCAATCCCGCTCCGATGCCGTAATTCAGGCCATTATATATGCCATTACGGTACTTATCGagtgtggactatattt
CAD2.min:Start-2583|PCA1:2584-End|RT:64_nt_each,gcgacaacggtttaggAAGTGACGCTGTTATACAAGCTATCATCTACGCGATCACTGTGTTGATTGTCAGCTGCCCATGTGTGATTGGACTTGCCGTTCCTATCGTATTTGTTATTGCAAGTGGCGTCGCTGCGAAAAGAGGGGagtgtggactatattt
CAD2.min:Start-2907|PCA1:2908-End|RT:64_nt_each,gcgacaacggtttaggTTACTTAAAGGAGAAGGGCGTAAGCGCGCAGAACGTCAGCAACACTAAGGCAGTTACAGGGAAACGGGTAGAAGGAACATCATACTCTGGTTTGAAGTTACAAGGAGGGAACTGTCGTTGGCTTGGTCagtgtggactatattt
CAD2.min:Start-3339|PCA1:3340-End|RT:64_nt_each,gcgacaacggtttaggCTCAAGCAGCCAAAGTAAGCGCCCCGTGGTCGTATTCTGTGGCGATGGTACGAATGATGCCATAGGTTTGACTCAAGCAACGATTGGAGTTCATATCAATGAGGGAAGTGAGGTTGCCAAGCTAGCTGagtgtggactatattt
CAD2.min:Start-3624|PCA1:3625-End|RT:64_nt_each,gcgacaacggtttaggCATCCCTCCTGAATACGCTGGCCTTGGCGAGTTGGTCTCAATTTTACCGGTCATCTTCGTCGCGATACTTCTGCGTTATGCAAAGATTTAGTCCAGGTACTGCTGCTATTTGATTGTAGATTTTCTTTagtgtggactatattt
CAD2.min:Start-3645|PCA1:3646-End|RT:64_nt_each,gcgacaacggtttaggCCTTGGCGAGTTGGTCTCAATTTTACCGGTCATCTTCGTCGCGACTTTATTAAGGTACGCTAAAATTTAGTCCAGGTACTGCTGCTATTTGATTGTAGATTTTCTTTTTTCTTTTCTTTTTTTTTTTTagtgtggactatattt
CAD2.min:Start-3648|PCA1:3649-End|RT:64_nt_each,gcgacaacggtttaggTGGCGAGTTGGTCTCAATTTTACCGGTCATCTTCGTCGCGACTTTATTAAGGTACGCTAAAGTGTAGTCCAGGTACTGCTGCTATTTGATTGTAGATTTTCTTTTTTCTTTTCTTTTTTTTTTTTGACagtgtggactatattt
CAD2.min:Start-114|PCA1:115-End|RT:74_nt_each,gcgacaACGGAGAATACGGGGTTGTGAACTCTGAAAATATTAGTATTGACGCGATGCAGGACAACCGTGGAGAATGCCACCGTAGATCCATAGAAATGCATGCTAATGACAATCTGGGATTGGTCTCCCAGCGAGACTGTACCAATCGGCCCAAatattt
CAD2.min:Start-129|PCA1:130-End|RT:74_nt_each,gcgacaTTGTGAACTCTGAAAATATTAGTATTGACGCGATGCAGGACAACCGTGGAGAATGCCACTTACGTAGTATCGAGATGCATGCTAATGACAATCTGGGATTGGTCTCCCAGCGAGACTGTACCAATCGGCCCAAAATTACTCCTCAGGAatattt
CAD2.min:Start-426|PCA1:427-End|RT:74_nt_each,gcgacaCAGGTCTTGACGTCGATTCTTGCTGTGGTGACGCACAGACCGGAGGAGATCATACAAACGAGAGTTGCGTAGACGGATGCTGCGTTAGAGATTCTTCAGTGATGGTCGAGGAAGTTACAGGCAGCTGCGAAGCTGTATCTTCTAAAGAatattt
CAD2.min:Start-465|PCA1:466-End|RT:74_nt_each,gcgacaCCGGAGGAGATCATACAAACGAGAGTTGCGTAGACGAGTGTTGTGTACGTGACAGCAGCGTCATGGTTGAAGAGGTTACAGGCAGCTGCGAAGCTGTATCTTCTAAAGAACAATTGCTGACCAGCTTTGAAGTTGTTCCAAGCAAATCatattt
CAD2.min:Start-627|PCA1:628-End|RT:74_nt_each,gcgacaGCATACACGACATCCGTGAAACTACAAGGTGTAACACTAACAGTAATCAGCATACCGGTAAAGGCCGATTGTGTATCGAATCAAGTGACTCTACACTCAAGAAAAGAAGTTGTAAAGTTAGCAGACAGAAAATTGAGGTTTCCAGTAAatattt
CAD2.min:Start-660|PCA1:661-End|RT:74_nt_each,gcgacaACACTAACAGTAATCAGCATACCGGTAAAGGCCGATTGTGTCTAGAGAGTTCCGATAGCACTTTAAAGAAGCGTAGTTGTAAAGTTAGCAGACAGAAAATTGAGGTTTCCAGTAAGCCTGAGTGCTGCAACATTTCATGTGTTGAGCGatattt
CAD2.min:Start-774|PCA1:775-End|RT:74_nt_each,gcgacaAACCAGAATGTTGTAATATAAGTTGCGTGGAAAGAATAGCTAGCAGATCGTGCGAGAAACGAACCTTCAAGGGCAGCACCAATGTTGGAATTTCTGGGAGTAGCTCTACCGACAGTTTAAGCGAGAAGTTCTTCAGCGAACAGTACTCatattt
CAD2.min:Start-1032|PCA1:1033-End|RT:74_nt_each,gcgacaCAGGAGAAGGAGCGAGCAAGAAAACCAAGTATAGTTATAGAAATTCAAGCGGTTGCCTGACGAAGAAGAAAACTCATGGAGACAAAGAAAGGTTGAGCAATGACAATGGCCATGCTGATTTTGTTTGTTCTAAAAGTTGTTGCACTAAatattt
CAD2.min:Start-1188|PCA1:1189-End|RT:74_nt_each,gcgacaACTGCGCAGTCACTAGTACGATAAGCGGTCATAGCAGCTCAGAGATCAGCCGTATAGTTAGTATGGAGCCTATAGAAAATCATCTTAATCTTGAGGCAGGATCTACCGGTACCGAGCACATTGTTCTTAGTGTTTCAGGAATGTCCTGatattt
CAD2.min:Start-1257|PCA1:1258-End|RT:74_nt_each,gcgacaCTATAGGCAACCACTTGAACTTGGAAGCGGGGAGCACTGGGACTGAACATATAGTGTTATCCGTAAGTGGTATGTCCTGTACTGGTTGTGAATCAAAACTTAAGAAATCATTTGGCGCGCTCAAATGTGTTCACGGTTTGAAGACCAGatattt
CAD2.min:Start-1275|PCA1:1276-End|RT:74_nt_each,gcgacaACTTGGAAGCGGGGAGCACTGGGACTGAACATATAGTGTTATCCGTAAGTGGTATGACATGCACCGGCTGCGAGTCAAAACTTAAGAAATCATTTGGCGCGCTCAAATGTGTTCACGGTTTGAAGACCAGTTTAATATTATCGCAAGCatattt
CAD2.min:Start-1446|PCA1:1447-End|RT:74_nt_each,gcgacaAAGGCAGCGTTAAAGACGTAATTAAACATCTATCAAAGACAACGGAGTTTAAATATGAGCAAATAAGCAACCACGGTTCAACTATAGATGTTGTTGTTCCTTATGCAGCAAAAGATTTTATTAATGAGGAATGGCCACAAGGTGTCACatattt
CAD2.min:Start-1467|PCA1:1468-End|RT:74_nt_each,gcgacaTTAAACATCTATCAAAGACAACGGAGTTTAAATATGAGCAAATAAGCAACCACGCGAGCACCATTGACGTCGTGGTTCCTTATGCAGCAAAAGATTTTATTAATGAGGAATGGCCACAAGGTGTCACAGAGCTGAAAATTGTTGAGAGatattt
CAD2.min:Start-1545|PCA1:1546-End|RT:74_nt_each,gcgacaCATACGCTGCTAAGGACTTCATCAACGAAGAGTGGCCCCAGGGCGTGACTGAATTAAAGATCGTAGAACGCAACATCATTCGTATTTACTTTGACCCAAAGGTTATAGGTGCCAGAGATCTTGTCAATGAAGGATGGAGCGTGCCTGTatattt
CAD2.min:Start-1770|PCA1:1771-End|RT:74_nt_each,gcgacaCCCTTAGTATTATCCTAACAATTCCAATCTTAGTCATGGCGTGGGCACCGCAATTGAGAGAGAAGATCAGTACCATCTCCGCGTCAATGGTGCTAGCAACTATTATTCAATTTGTTATTGCAGGACCGTTTTACTTAAATGCCTTGAAatattt
CAD2.min:Start-1773|PCA1:1774-End|RT:74_nt_each,gcgacaTTAGTATTATCCTAACAATTCCAATCTTAGTCATGGCGTGGGCACCGCAATTGAGAGAGAAGATCAGTACCATGTCCGCGTCAATGGTGCTAGCAACTATTATTCAATTTGTTATTGCAGGACCGTTTTACTTAAATGCCTTGAAGAGatattt
CAD2.min:Start-1944|PCA1:1945-End|RT:74_nt_each,gcgacaAGATGGACTTGTTGATTGTGCTCTCTACATCAGCAGCTTATATTTTCAGCATCGTTAGCTTCGGCTACTTTGTGGTTGGACGCCCGTTATCTACGGAGCAGTTTTTTGAAACCAGCTCTTTGCTTGTAACTCTCATCATGGTTGGTCGatattt
CAD2.min:Start-1947|PCA1:1948-End|RT:74_nt_each,gcgacaTGGACTTGTTGATTGTGCTCTCTACATCAGCAGCTTATATTTTCAGCATCGTTAGCTTCGGCTACTTTGTGGCCGGACGCCCGTTATCTACGGAGCAGTTTTTTGAAACCAGCTCTTTGCTTGTAACTCTCATCATGGTTGGTCGCTTatattt
CAD2.min:Start-2127|PCA1:2128-End|RT:74_nt_each,gcgacaAAAGTATTAGTGTTAGGAGTCTGCAAGCAAGCAGCGCCATATTAGTTGACAAGACCGGCAAGGAAACAGAGATCAATATTAGACTTCTCCAATATGGCGATATTTTTAAGGTTTTACCTGATTCAAGAATCCCAACTGATGGAACAGTatattt
CAD2.min:Start-2163|PCA1:2164-End|RT:74_nt_each,gcgacaCCATATTAGTTGACAAGACCGGCAAGGAAACAGAGATCGACATCCGTTTGTTACAGTACGGTGACATATTCAAAGTTTTACCTGATTCAAGAATCCCAACTGATGGAACAGTCATTTCTGGGTCTTCTGAAGTCGACGAAGCGTTAATatattt
CAD2.min:Start-2505|PCA1:2506-End|RT:74_nt_each,gcgacaCATACTTTGTACCTACCATAATCGGTATAACAGTAGTAACATTCTGTGTCTGGATTGCAGTGGGGATAAGGGTTGAAAAGCAATCCCGCTCCGATGCCGTAATTCAGGCCATTATATATGCCATTACGGTACTTATCGTTTCGTGTCCatattt
CAD2.min:Start-2583|PCA1:2584-End|RT:74_nt_each,gcgacaAACAGAGTAGAAGTGACGCTGTTATACAAGCTATCATCTACGCGATCACTGTGTTGATTGTCAGCTGCCCATGTGTGATTGGACTTGCCGTTCCTATCGTATTTGTTATTGCAAGTGGCGTCGCTGCGAAAAGAGGGGTAATCTTCAAatattt
CAD2.min:Start-2907|PCA1:2908-End|RT:74_nt_each,gcgacaCTATTGCCAGTTACTTAAAGGAGAAGGGCGTAAGCGCGCAGAACGTCAGCAACACTAAGGCAGTTACAGGGAAACGGGTAGAAGGAACATCATACTCTGGTTTGAAGTTACAAGGAGGGAACTGTCGTTGGCTTGGTCATAACAATGAatattt
CAD2.min:Start-3339|PCA1:3340-End|RT:74_nt_each,gcgacaGGAACTGTGACTCAAGCAGCCAAAGTAAGCGCCCCGTGGTCGTATTCTGTGGCGATGGTACGAATGATGCCATAGGTTTGACTCAAGCAACGATTGGAGTTCATATCAATGAGGGAAGTGAGGTTGCCAAGCTAGCTGCTGATGTAGTatattt
CAD2.min:Start-3624|PCA1:3625-End|RT:74_nt_each,gcgacaTAGATTTCCACATCCCTCCTGAATACGCTGGCCTTGGCGAGTTGGTCTCAATTTTACCGGTCATCTTCGTCGCGATACTTCTGCGTTATGCAAAGATTTAGTCCAGGTACTGCTGCTATTTGATTGTAGATTTTCTTTTTTCTTTTCTatattt
CAD2.min:Start-3645|PCA1:3646-End|RT:74_nt_each,gcgacaAATACGCTGGCCTTGGCGAGTTGGTCTCAATTTTACCGGTCATCTTCGTCGCGACTTTATTAAGGTACGCTAAAATTTAGTCCAGGTACTGCTGCTATTTGATTGTAGATTTTCTTTTTTCTTTTCTTTTTTTTTTTTGACGACTCTGatattt
CAD2.min:Start-3648|PCA1:3649-End|RT:74_nt_each,gcgacaACGCTGGCCTTGGCGAGTTGGTCTCAATTTTACCGGTCATCTTCGTCGCGACTTTATTAAGGTACGCTAAAGTGTAGTCCAGGTACTGCTGCTATTTGATTGTAGATTTTCTTTTTTCTTTTCTTTTTTTTTTTTGACGACTCTGTAAatattt
CAD2.min:Start-114|PCA1:115-End|RT:80_nt_each,CTTCAGACGGAGAATACGGGGTTGTGAACTCTGAAAATATTAGTATTGACGCGATGCAGGACAACCGTGGAGAATGCCACCGTAGATCCATAGAAATGCATGCTAATGACAATCTGGGATTGGTCTCCCAGCGAGACTGTACCAATCGGCCCAAAATTAC
CAD2.min:Start-129|PCA1:130-End|RT:80_nt_each,ACGGGGTTGTGAACTCTGAAAATATTAGTATTGACGCGATGCAGGACAACCGTGGAGAATGCCACTTACGTAGTATCGAGATGCATGCTAATGACAATCTGGGATTGGTCTCCCAGCGAGACTGTACCAATCGGCCCAAAATTACTCCTCAGGAATGTTT
CAD2.min:Start-426|PCA1:427-End|RT:80_nt_each,CAGAAACAGGTCTTGACGTCGATTCTTGCTGTGGTGACGCACAGACCGGAGGAGATCATACAAACGAGAGTTGCGTAGACGGATGCTGCGTTAGAGATTCTTCAGTGATGGTCGAGGAAGTTACAGGCAGCTGCGAAGCTGTATCTTCTAAAGAACAATT
CAD2.min:Start-465|PCA1:466-End|RT:80_nt_each,CACAGACCGGAGGAGATCATACAAACGAGAGTTGCGTAGACGAGTGTTGTGTACGTGACAGCAGCGTCATGGTTGAAGAGGTTACAGGCAGCTGCGAAGCTGTATCTTCTAAAGAACAATTGCTGACCAGCTTTGAAGTTGTTCCAAGCAAATCTGAAGG
CAD2.min:Start-627|PCA1:628-End|RT:80_nt_each,TACAGAGCATACACGACATCCGTGAAACTACAAGGTGTAACACTAACAGTAATCAGCATACCGGTAAAGGCCGATTGTGTATCGAATCAAGTGACTCTACACTCAAGAAAAGAAGTTGTAAAGTTAGCAGACAGAAAATTGAGGTTTCCAGTAAGCCTGA
CAD2.min:Start-660|PCA1:661-End|RT:80_nt_each,GGTGTAACACTAACAGTAATCAGCATACCGGTAAAGGCCGATTGTGTCTAGAGAGTTCCGATAGCACTTTAAAGAAGCGTAGTTGTAAAGTTAGCAGACAGAAAATTGAGGTTTCCAGTAAGCCTGAGTGCTGCAACATTTCATGTGTTGAGCGGATTGC
CAD2.min:Start-774|PCA1:775-End|RT:80_nt_each,GTTCAAAACCAGAATGTTGTAATATAAGTTGCGTGGAAAGAATAGCTAGCAGATCGTGCGAGAAACGAACCTTCAAGGGCAGCACCAATGTTGGAATTTCTGGGAGTAGCTCTACCGACAGTTTAAGCGAGAAGTTCTTCAGCGAACAGTACTCTAGAAT
CAD2.min:Start-1032|PCA1:1033-End|RT:80_nt_each,TCTGCTCAGGAGAAGGAGCGAGCAAGAAAACCAAGTATAGTTATAGAAATTCAAGCGGTTGCCTGACGAAGAAGAAAACTCATGGAGACAAAGAAAGGTTGAGCAATGACAATGGCCATGCTGATTTTGTTTGTTCTAAAAGTTGTTGCACTAAAATGAA
CAD2.min:Start-1188|PCA1:1189-End|RT:80_nt_each,TGAAAGACTGCGCAGTCACTAGTACGATAAGCGGTCATAGCAGCTCAGAGATCAGCCGTATAGTTAGTATGGAGCCTATAGAAAATCATCTTAATCTTGAGGCAGGATCTACCGGTACCGAGCACATTGTTCTTAGTGTTTCAGGAATGTCCTGTACTGG
CAD2.min:Start-1257|PCA1:1258-End|RT:80_nt_each,TGGAGCCTATAGGCAACCACTTGAACTTGGAAGCGGGGAGCACTGGGACTGAACATATAGTGTTATCCGTAAGTGGTATGTCCTGTACTGGTTGTGAATCAAAACTTAAGAAATCATTTGGCGCGCTCAAATGTGTTCACGGTTTGAAGACCAGTTTAAT
CAD2.min:Start-1275|PCA1:1276-End|RT:80_nt_each,ACTTGAACTTGGAAGCGGGGAGCACTGGGACTGAACATATAGTGTTATCCGTAAGTGGTATGACATGCACCGGCTGCGAGTCAAAACTTAAGAAATCATTTGGCGCGCTCAAATGTGTTCACGGTTTGAAGACCAGTTTAATATTATCGCAAGCTGAATT
CAD2.min:Start-1446|PCA1:1447-End|RT:80_nt_each,TAGCCCAAGGCAGCGTTAAAGACGTAATTAAACATCTATCAAAGACAACGGAGTTTAAATATGAGCAAATAAGCAACCACGGTTCAACTATAGATGTTGTTGTTCCTTATGCAGCAAAAGATTTTATTAATGAGGAATGGCCACAAGGTGTCACAGAGCT
CAD2.min:Start-1467|PCA1:1468-End|RT:80_nt_each,ACGTAATTAAACATCTATCAAAGACAACGGAGTTTAAATATGAGCAAATAAGCAACCACGCGAGCACCATTGACGTCGTGGTTCCTTATGCAGCAAAAGATTTTATTAATGAGGAATGGCCACAAGGTGTCACAGAGCTGAAAATTGTTGAGAGAAATAT
CAD2.min:Start-1545|PCA1:1546-End|RT:80_nt_each,TGGCACCATACGCTGCTAAGGACTTCATCAACGAAGAGTGGCCCCAGGGCGTGACTGAATTAAAGATCGTAGAACGCAACATCATTCGTATTTACTTTGACCCAAAGGTTATAGGTGCCAGAGATCTTGTCAATGAAGGATGGAGCGTGCCTGTTAGTAT
CAD2.min:Start-1770|PCA1:1771-End|RT:80_nt_each,CAACGGCCCTTAGTATTATCCTAACAATTCCAATCTTAGTCATGGCGTGGGCACCGCAATTGAGAGAGAAGATCAGTACCATCTCCGCGTCAATGGTGCTAGCAACTATTATTCAATTTGTTATTGCAGGACCGTTTTACTTAAATGCCTTGAAGAGTTT
CAD2.min:Start-1773|PCA1:1774-End|RT:80_nt_each,CGGCCCTTAGTATTATCCTAACAATTCCAATCTTAGTCATGGCGTGGGCACCGCAATTGAGAGAGAAGATCAGTACCATGTCCGCGTCAATGGTGCTAGCAACTATTATTCAATTTGTTATTGCAGGACCGTTTTACTTAAATGCCTTGAAGAGTTTGAT
CAD2.min:Start-1944|PCA1:1945-End|RT:80_nt_each,TGATCGAGATGGACTTGTTGATTGTGCTCTCTACATCAGCAGCTTATATTTTCAGCATCGTTAGCTTCGGCTACTTTGTGGTTGGACGCCCGTTATCTACGGAGCAGTTTTTTGAAACCAGCTCTTTGCTTGTAACTCTCATCATGGTTGGTCGCTTTGT
CAD2.min:Start-1947|PCA1:1948-End|RT:80_nt_each,TCGAGATGGACTTGTTGATTGTGCTCTCTACATCAGCAGCTTATATTTTCAGCATCGTTAGCTTCGGCTACTTTGTGGCCGGACGCCCGTTATCTACGGAGCAGTTTTTTGAAACCAGCTCTTTGCTTGTAACTCTCATCATGGTTGGTCGCTTTGTGAG
CAD2.min:Start-2127|PCA1:2128-End|RT:80_nt_each,CAGTCAAAAGTATTAGTGTTAGGAGTCTGCAAGCAAGCAGCGCCATATTAGTTGACAAGACCGGCAAGGAAACAGAGATCAATATTAGACTTCTCCAATATGGCGATATTTTTAAGGTTTTACCTGATTCAAGAATCCCAACTGATGGAACAGTCATTTC
CAD2.min:Start-2163|PCA1:2164-End|RT:80_nt_each,GCAGCGCCATATTAGTTGACAAGACCGGCAAGGAAACAGAGATCGACATCCGTTTGTTACAGTACGGTGACATATTCAAAGTTTTACCTGATTCAAGAATCCCAACTGATGGAACAGTCATTTCTGGGTCTTCTGAAGTCGACGAAGCGTTAATCACAGG
CAD2.min:Start-2505|PCA1:2506-End|RT:80_nt_each,TAGCTTCATACTTTGTACCTACCATAATCGGTATAACAGTAGTAACATTCTGTGTCTGGATTGCAGTGGGGATAAGGGTTGAAAAGCAATCCCGCTCCGATGCCGTAATTCAGGCCATTATATATGCCATTACGGTACTTATCGTTTCGTGTCCCTGCGT
CAD2.min:Start-2583|PCA1:2584-End|RT:80_nt_each,TTCAGAAACAGAGTAGAAGTGACGCTGTTATACAAGCTATCATCTACGCGATCACTGTGTTGATTGTCAGCTGCCCATGTGTGATTGGACTTGCCGTTCCTATCGTATTTGTTATTGCAAGTGGCGTCGCTGCGAAAAGAGGGGTAATCTTCAAATCAGC
CAD2.min:Start-2907|PCA1:2908-End|RT:80_nt_each,GTATGGCTATTGCCAGTTACTTAAAGGAGAAGGGCGTAAGCGCGCAGAACGTCAGCAACACTAAGGCAGTTACAGGGAAACGGGTAGAAGGAACATCATACTCTGGTTTGAAGTTACAAGGAGGGAACTGTCGTTGGCTTGGTCATAACAATGATCCTGA
CAD2.min:Start-3339|PCA1:3340-End|RT:80_nt_each,AGGGTCGGAACTGTGACTCAAGCAGCCAAAGTAAGCGCCCCGTGGTCGTATTCTGTGGCGATGGTACGAATGATGCCATAGGTTTGACTCAAGCAACGATTGGAGTTCATATCAATGAGGGAAGTGAGGTTGCCAAGCTAGCTGCTGATGTAGTTATGTT
CAD2.min:Start-3624|PCA1:3625-End|RT:80_nt_each,CTTTCGTAGATTTCCACATCCCTCCTGAATACGCTGGCCTTGGCGAGTTGGTCTCAATTTTACCGGTCATCTTCGTCGCGATACTTCTGCGTTATGCAAAGATTTAGTCCAGGTACTGCTGCTATTTGATTGTAGATTTTCTTTTTTCTTTTCTTTTTTT
CAD2.min:Start-3645|PCA1:3646-End|RT:80_nt_each,CTCCTGAATACGCTGGCCTTGGCGAGTTGGTCTCAATTTTACCGGTCATCTTCGTCGCGACTTTATTAAGGTACGCTAAAATTTAGTCCAGGTACTGCTGCTATTTGATTGTAGATTTTCTTTTTTCTTTTCTTTTTTTTTTTTGACGACTCTGTAATAC
CAD2.min:Start-3648|PCA1:3649-End|RT:80_nt_each,CTGAATACGCTGGCCTTGGCGAGTTGGTCTCAATTTTACCGGTCATCTTCGTCGCGACTTTATTAAGGTACGCTAAAGTGTAGTCCAGGTACTGCTGCTATTTGATTGTAGATTTTCTTTTTTCTTTTCTTTTTTTTTTTTGACGACTCTGTAATACTCT