>CAD2.medium:Start-114|PCA1:115-End|RT:20_nt_each,gcgacaacggtttaggtgggtacgggtccccattccttatatagaaatggcatgttagatATAATCGTGGGGAATGTCATCGTAGATCCATAGAAATGCAtagctaagcgcagggacttcccgaatctcggtattatcccggtaagtgtggactatattt
CAD2.medium:Start-129|PCA1:130-End|RT:20_nt_each,gcgacaacggtttaggtgggtacgggtccccattccttatatagaaatggcatgttagatGTCATCTGCGTAGTATAGAAATGCATGCTAATGACAATCTtagctaagcgcagggacttcccgaatctcggtattatcccggtaagtgtggactatattt
CAD2.medium:Start-426|PCA1:427-End|RT:20_nt_each,gcgacaacggtttaggtgggtacgggtccccattccttatatagaaatggcatgttagatCGAATGAAAGCTGTGTTGACGGATGCTGCGTTAGAGATTCtagctaagcgcagggacttcccgaatctcggtattatcccggtaagtgtggactatattt
CAD2.medium:Start-465|PCA1:466-End|RT:20_nt_each,gcgacaacggtttaggtgggtacgggtccccattccttatatagaaatggcatgttagatCTTCCGTTATGGTTGAAGAAGTTACAGGCAGCTGCGAAGCtagctaagcgcagggacttcccgaatctcggtattatcccggtaagtgtggactatattt
CAD2.medium:Start-627|PCA1:628-End|RT:20_nt_each,gcgacaacggtttaggtgggtacgggtccccattccttatatagaaatggcatgttagatCAGGTAAAGGCAGATTGTGTATCGAATCAAGTGACTCTACtagctaagcgcagggacttcccgaatctcggtattatcccggtaagtgtggactatattt
CAD2.medium:Start-660|PCA1:661-End|RT:20_nt_each,gcgacaacggtttaggtgggtacgggtccccattccttatatagaaatggcatgttagatACAGCACTTTAAAGAAGCGTAGTTGTAAAGTTAGCAGACAtagctaagcgcagggacttcccgaatctcggtattatcccggtaagtgtggactatattt
CAD2.medium:Start-774|PCA1:775-End|RT:20_nt_each,gcgacaacggtttaggtgggtacgggtccccattccttatatagaaatggcatgttagatAAAAGAGAACATTCAAAGGCAGCACCAATGTTGGAATTTCtagctaagcgcagggacttcccgaatctcggtattatcccggtaagtgtggactatattt
CAD2.medium:Start-1032|PCA1:1033-End|RT:20_nt_each,gcgacaacggtttaggtgggtacgggtccccattccttatatagaaatggcatgttagatGCTTAACTAAGAAGAAGACTCATGGAGACAAAGAAAGGTTtagctaagcgcagggacttcccgaatctcggtattatcccggtaagtgtggactatattt
CAD2.medium:Start-1188|PCA1:1189-End|RT:20_nt_each,gcgacaacggtttaggtgggtacgggtccccattccttatatagaaatggcatgttagatTTGTTAGTATGGAACCAATTGAAAATCATCTTAATCTTGAtagctaagcgcagggacttcccgaatctcggtattatcccggtaagtgtggactatattt
CAD2.medium:Start-1257|PCA1:1258-End|RT:20_nt_each,gcgacaacggtttaggtgggtacgggtccccattccttatatagaaatggcatgttagatTTTTATCGGTCAGTGGAATGTCCTGTACTGGTTGTGAATCtagctaagcgcagggacttcccgaatctcggtattatcccggtaagtgtggactatattt
CAD2.medium:Start-1275|PCA1:1276-End|RT:20_nt_each,gcgacaacggtttaggtgggtacgggtccccattccttatatagaaatggcatgttagatTGACTTGTACTGGATGTGAGTCAAAACTTAAGAAATCATTtagctaagcgcagggacttcccgaatctcggtattatcccggtaagtgtggactatattt
CAD2.medium:Start-1446|PCA1:1447-End|RT:20_nt_each,gcgacaacggtttaggtgggtacgggtccccattccttatatagaaatggcatgttagatATGAACAAATTTCAAATCATGGTTCAACTATAGATGTTGTtagctaagcgcagggacttcccgaatctcggtattatcccggtaagtgtggactatattt
CAD2.medium:Start-1467|PCA1:1468-End|RT:20_nt_each,gcgacaacggtttaggtgggtacgggtccccattccttatatagaaatggcatgttagatCGTCAACCATCGATGTTGTGGTTCCTTATGCAGCAAAAGAtagctaagcgcagggacttcccgaatctcggtattatcccggtaagtgtggactatattt
CAD2.medium:Start-1545|PCA1:1546-End|RT:20_nt_each,gcgacaacggtttaggtgggtacgggtccccattccttatatagaaatggcatgttagatTGAAGATAGTCGAGAGAAATATCATTCGTATTTACTTTGAtagctaagcgcagggacttcccgaatctcggtattatcccggtaagtgtggactatattt
CAD2.medium:Start-1770|PCA1:1771-End|RT:20_nt_each,gcgacaacggtttaggtgggtacgggtccccattccttatatagaaatggcatgttagatTGAGAGAAAAGATATCGACTATCTCCGCGTCAATGGTGCTtagctaagcgcagggacttcccgaatctcggtattatcccggtaagtgtggactatattt
CAD2.medium:Start-1773|PCA1:1774-End|RT:20_nt_each,gcgacaacggtttaggtgggtacgggtccccattccttatatagaaatggcatgttagatGAGAAAAGATATCGACTATGTCCGCGTCAATGGTGCTAGCtagctaagcgcagggacttcccgaatctcggtattatcccggtaagtgtggactatattt
CAD2.medium:Start-1944|PCA1:1945-End|RT:20_nt_each,gcgacaacggtttaggtgggtacgggtccccattccttatatagaaatggcatgttagatTATCTTTTGGCTATTTTGTTGTTGGACGCCCGTTATCTACtagctaagcgcagggacttcccgaatctcggtattatcccggtaagtgtggactatattt
CAD2.medium:Start-1947|PCA1:1948-End|RT:20_nt_each,gcgacaacggtttaggtgggtacgggtccccattccttatatagaaatggcatgttagatCTTTTGGCTATTTTGTTGCGGGACGCCCGTTATCTACGGAtagctaagcgcagggacttcccgaatctcggtattatcccggtaagtgtggactatattt
CAD2.medium:Start-2127|PCA1:2128-End|RT:20_nt_each,gcgacaacggtttaggtgggtacgggtccccattccttatatagaaatggcatgttagatCCGGCAAGGAAACGGAAATCAATATTAGACTTCTCCAATAtagctaagcgcagggacttcccgaatctcggtattatcccggtaagtgtggactatattt
CAD2.medium:Start-2163|PCA1:2164-End|RT:20_nt_each,gcgacaacggtttaggtgggtacgggtccccattccttatatagaaatggcatgttagatAATATGGGGATATATTTAAAGTTTTACCTGATTCAAGAATtagctaagcgcagggacttcccgaatctcggtattatcccggtaagtgtggactatattt
CAD2.medium:Start-2505|PCA1:2506-End|RT:20_nt_each,gcgacaacggtttaggtgggtacgggtccccattccttatatagaaatggcatgttagatTAGCAGTAGGCATAAGGGTAGAAAAGCAATCCCGCTCCGAtagctaagcgcagggacttcccgaatctcggtattatcccggtaagtgtggactatattt
CAD2.medium:Start-2583|PCA1:2584-End|RT:20_nt_each,gcgacaacggtttaggtgggtacgggtccccattccttatatagaaatggcatgttagatTAATTGTGTCTTGCCCATGCGTGATTGGACTTGCCGTTCCtagctaagcgcagggacttcccgaatctcggtattatcccggtaagtgtggactatattt
CAD2.medium:Start-2907|PCA1:2908-End|RT:20_nt_each,gcgacaacggtttaggtgggtacgggtccccattccttatatagaaatggcatgttagatCTAAGGCTGTGACCGGTAAACGGGTAGAAGGAACATCATAtagctaagcgcagggacttcccgaatctcggtattatcccggtaagtgtggactatattt
CAD2.medium:Start-3339|PCA1:3340-End|RT:20_nt_each,gcgacaacggtttaggtgggtacgggtccccattccttatatagaaatggcatgttagatATGGAACAAATGATGCAATCGGTTTGACTCAAGCAACGATtagctaagcgcagggacttcccgaatctcggtattatcccggtaagtgtggactatattt
CAD2.medium:Start-3624|PCA1:3625-End|RT:20_nt_each,gcgacaacggtttaggtgggtacgggtccccattccttatatagaaatggcatgttagatTACCTGTAATTTTCGTCGCCATACTTCTGCGTTATGCAAAtagctaagcgcagggacttcccgaatctcggtattatcccggtaagtgtggactatattt
CAD2.medium:Start-3645|PCA1:3646-End|RT:20_nt_each,gcgacaacggtttaggtgggtacgggtccccattccttatatagaaatggcatgttagatCGCTTCTGAGATACGCTAAAATTTAGTCCAGGTACTGCTGtagctaagcgcagggacttcccgaatctcggtattatcccggtaagtgtggactatattt
CAD2.medium:Start-3648|PCA1:3649-End|RT:20_nt_each,gcgacaacggtttaggtgggtacgggtccccattccttatatagaaatggcatgttagatTTCTGAGATACGCTAAAGTCTAGTCCAGGTACTGCTGCTAtagctaagcgcagggacttcccgaatctcggtattatcccggtaagtgtggactatattt
CAD2.medium:Start-114|PCA1:115-End|RT:22_nt_each,gcgacaacggtttaggtgggtacgggtccccattccttatatagaaatggcatgttagAGATAATCGTGGGGAATGTCATCGTAGATCCATAGAAATGCATGgctaagcgcagggacttcccgaatctcggtattatcccggtaagtgtggactatattt
CAD2.medium:Start-129|PCA1:130-End|RT:22_nt_each,gcgacaacggtttaggtgggtacgggtccccattccttatatagaaatggcatgttagATGTCATCTGCGTAGTATAGAAATGCATGCTAATGACAATCTGGgctaagcgcagggacttcccgaatctcggtattatcccggtaagtgtggactatattt
CAD2.medium:Start-426|PCA1:427-End|RT:22_nt_each,gcgacaacggtttaggtgggtacgggtccccattccttatatagaaatggcatgttagTACGAATGAAAGCTGTGTTGACGGATGCTGCGTTAGAGATTCTTgctaagcgcagggacttcccgaatctcggtattatcccggtaagtgtggactatattt
CAD2.medium:Start-465|PCA1:466-End|RT:22_nt_each,gcgacaacggtttaggtgggtacgggtccccattccttatatagaaatggcatgttagTTCTTCCGTTATGGTTGAAGAAGTTACAGGCAGCTGCGAAGCTGgctaagcgcagggacttcccgaatctcggtattatcccggtaagtgtggactatattt
CAD2.medium:Start-627|PCA1:628-End|RT:22_nt_each,gcgacaacggtttaggtgggtacgggtccccattccttatatagaaatggcatgttagTACAGGTAAAGGCAGATTGTGTATCGAATCAAGTGACTCTACACgctaagcgcagggacttcccgaatctcggtattatcccggtaagtgtggactatattt
CAD2.medium:Start-660|PCA1:661-End|RT:22_nt_each,gcgacaacggtttaggtgggtacgggtccccattccttatatagaaatggcatgttagCGACAGCACTTTAAAGAAGCGTAGTTGTAAAGTTAGCAGACAGAgctaagcgcagggacttcccgaatctcggtattatcccggtaagtgtggactatattt
CAD2.medium:Start-774|PCA1:775-End|RT:22_nt_each,gcgacaacggtttaggtgggtacgggtccccattccttatatagaaatggcatgttagTGAAAAGAGAACATTCAAAGGCAGCACCAATGTTGGAATTTCTGgctaagcgcagggacttcccgaatctcggtattatcccggtaagtgtggactatattt
CAD2.medium:Start-1032|PCA1:1033-End|RT:22_nt_each,gcgacaacggtttaggtgggtacgggtccccattccttatatagaaatggcatgttagATGCTTAACTAAGAAGAAGACTCATGGAGACAAAGAAAGGTTGAgctaagcgcagggacttcccgaatctcggtattatcccggtaagtgtggactatattt
CAD2.medium:Start-1188|PCA1:1189-End|RT:22_nt_each,gcgacaacggtttaggtgggtacgggtccccattccttatatagaaatggcatgttagAATTGTTAGTATGGAACCAATTGAAAATCATCTTAATCTTGAGGgctaagcgcagggacttcccgaatctcggtattatcccggtaagtgtggactatattt
CAD2.medium:Start-1257|PCA1:1258-End|RT:22_nt_each,gcgacaacggtttaggtgggtacgggtccccattccttatatagaaatggcatgttagAGTTTTATCGGTCAGTGGAATGTCCTGTACTGGTTGTGAATCAAgctaagcgcagggacttcccgaatctcggtattatcccggtaagtgtggactatattt
CAD2.medium:Start-1275|PCA1:1276-End|RT:22_nt_each,gcgacaacggtttaggtgggtacgggtccccattccttatatagaaatggcatgttagAATGACTTGTACTGGATGTGAGTCAAAACTTAAGAAATCATTTGgctaagcgcagggacttcccgaatctcggtattatcccggtaagtgtggactatattt
CAD2.medium:Start-1446|PCA1:1447-End|RT:22_nt_each,gcgacaacggtttaggtgggtacgggtccccattccttatatagaaatggcatgttagATATGAACAAATTTCAAATCATGGTTCAACTATAGATGTTGTTGgctaagcgcagggacttcccgaatctcggtattatcccggtaagtgtggactatattt
CAD2.medium:Start-1467|PCA1:1468-End|RT:22_nt_each,gcgacaacggtttaggtgggtacgggtccccattccttatatagaaatggcatgttagTGCGTCAACCATCGATGTTGTGGTTCCTTATGCAGCAAAAGATTgctaagcgcagggacttcccgaatctcggtattatcccggtaagtgtggactatattt
CAD2.medium:Start-1545|PCA1:1546-End|RT:22_nt_each,gcgacaacggtttaggtgggtacgggtccccattccttatatagaaatggcatgttagGTTGAAGATAGTCGAGAGAAATATCATTCGTATTTACTTTGACCgctaagcgcagggacttcccgaatctcggtattatcccggtaagtgtggactatattt
CAD2.medium:Start-1770|PCA1:1771-End|RT:22_nt_each,gcgacaacggtttaggtgggtacgggtccccattccttatatagaaatggcatgttagACTGAGAGAAAAGATATCGACTATCTCCGCGTCAATGGTGCTAGgctaagcgcagggacttcccgaatctcggtattatcccggtaagtgtggactatattt
CAD2.medium:Start-1773|PCA1:1774-End|RT:22_nt_each,gcgacaacggtttaggtgggtacgggtccccattccttatatagaaatggcatgttagGAGAGAAAAGATATCGACTATGTCCGCGTCAATGGTGCTAGCAAgctaagcgcagggacttcccgaatctcggtattatcccggtaagtgtggactatattt
CAD2.medium:Start-1944|PCA1:1945-End|RT:22_nt_each,gcgacaacggtttaggtgggtacgggtccccattccttatatagaaatggcatgttagAGTATCTTTTGGCTATTTTGTTGTTGGACGCCCGTTATCTACGGgctaagcgcagggacttcccgaatctcggtattatcccggtaagtgtggactatattt
CAD2.medium:Start-1947|PCA1:1948-End|RT:22_nt_each,gcgacaacggtttaggtgggtacgggtccccattccttatatagaaatggcatgttagATCTTTTGGCTATTTTGTTGCGGGACGCCCGTTATCTACGGAGCgctaagcgcagggacttcccgaatctcggtattatcccggtaagtgtggactatattt
CAD2.medium:Start-2127|PCA1:2128-End|RT:22_nt_each,gcgacaacggtttaggtgggtacgggtccccattccttatatagaaatggcatgttagGACCGGCAAGGAAACGGAAATCAATATTAGACTTCTCCAATATGgctaagcgcagggacttcccgaatctcggtattatcccggtaagtgtggactatattt
CAD2.medium:Start-2163|PCA1:2164-End|RT:22_nt_each,gcgacaacggtttaggtgggtacgggtccccattccttatatagaaatggcatgttagACAATATGGGGATATATTTAAAGTTTTACCTGATTCAAGAATCCgctaagcgcagggacttcccgaatctcggtattatcccggtaagtgtggactatattt
CAD2.medium:Start-2505|PCA1:2506-End|RT:22_nt_each,gcgacaacggtttaggtgggtacgggtccccattccttatatagaaatggcatgttagGATAGCAGTAGGCATAAGGGTAGAAAAGCAATCCCGCTCCGATGgctaagcgcagggacttcccgaatctcggtattatcccggtaagtgtggactatattt
CAD2.medium:Start-2583|PCA1:2584-End|RT:22_nt_each,gcgacaacggtttaggtgggtacgggtccccattccttatatagaaatggcatgttagACTAATTGTGTCTTGCCCATGCGTGATTGGACTTGCCGTTCCTAgctaagcgcagggacttcccgaatctcggtattatcccggtaagtgtggactatattt
CAD2.medium:Start-2907|PCA1:2908-End|RT:22_nt_each,gcgacaacggtttaggtgggtacgggtccccattccttatatagaaatggcatgttagCACTAAGGCTGTGACCGGTAAACGGGTAGAAGGAACATCATACTgctaagcgcagggacttcccgaatctcggtattatcccggtaagtgtggactatattt
CAD2.medium:Start-3339|PCA1:3340-End|RT:22_nt_each,gcgacaacggtttaggtgggtacgggtccccattccttatatagaaatggcatgttagGGATGGAACAAATGATGCAATCGGTTTGACTCAAGCAACGATTGgctaagcgcagggacttcccgaatctcggtattatcccggtaagtgtggactatattt
CAD2.medium:Start-3624|PCA1:3625-End|RT:22_nt_each,gcgacaacggtttaggtgggtacgggtccccattccttatatagaaatggcatgttagTCTACCTGTAATTTTCGTCGCCATACTTCTGCGTTATGCAAAGAgctaagcgcagggacttcccgaatctcggtattatcccggtaagtgtggactatattt
CAD2.medium:Start-3645|PCA1:3646-End|RT:22_nt_each,gcgacaacggtttaggtgggtacgggtccccattccttatatagaaatggcatgttagCACGCTTCTGAGATACGCTAAAATTTAGTCCAGGTACTGCTGCTgctaagcgcagggacttcccgaatctcggtattatcccggtaagtgtggactatattt
CAD2.medium:Start-3648|PCA1:3649-End|RT:22_nt_each,gcgacaacggtttaggtgggtacgggtccccattccttatatagaaatggcatgttagGCTTCTGAGATACGCTAAAGTCTAGTCCAGGTACTGCTGCTATTgctaagcgcagggacttcccgaatctcggtattatcccggtaagtgtggactatattt
CAD2.medium:Start-114|PCA1:115-End|RT:25_nt_each,gcgacaacggtttaggtgggtacgggtccccattccttatatagaaatggcatgtGCAAGATAATCGTGGGGAATGTCATCGTAGATCCATAGAAATGCATGCTAaagcgcagggacttcccgaatctcggtattatcccggtaagtgtggactatattt
CAD2.medium:Start-129|PCA1:130-End|RT:25_nt_each,gcgacaacggtttaggtgggtacgggtccccattccttatatagaaatggcatgtGGAATGTCATCTGCGTAGTATAGAAATGCATGCTAATGACAATCTGGGATaagcgcagggacttcccgaatctcggtattatcccggtaagtgtggactatattt
CAD2.medium:Start-426|PCA1:427-End|RT:25_nt_each,gcgacaacggtttaggtgggtacgggtccccattccttatatagaaatggcatgtTCATACGAATGAAAGCTGTGTTGACGGATGCTGCGTTAGAGATTCTTCAGaagcgcagggacttcccgaatctcggtattatcccggtaagtgtggactatattt
CAD2.medium:Start-465|PCA1:466-End|RT:25_nt_each,gcgacaacggtttaggtgggtacgggtccccattccttatatagaaatggcatgtAGATTCTTCCGTTATGGTTGAAGAAGTTACAGGCAGCTGCGAAGCTGTATaagcgcagggacttcccgaatctcggtattatcccggtaagtgtggactatattt
CAD2.medium:Start-627|PCA1:628-End|RT:25_nt_each,gcgacaacggtttaggtgggtacgggtccccattccttatatagaaatggcatgtGCATACAGGTAAAGGCAGATTGTGTATCGAATCAAGTGACTCTACACTCAaagcgcagggacttcccgaatctcggtattatcccggtaagtgtggactatattt
CAD2.medium:Start-660|PCA1:661-End|RT:25_nt_each,gcgacaacggtttaggtgggtacgggtccccattccttatatagaaatggcatgtGTCCGACAGCACTTTAAAGAAGCGTAGTTGTAAAGTTAGCAGACAGAAAAaagcgcagggacttcccgaatctcggtattatcccggtaagtgtggactatattt
CAD2.medium:Start-774|PCA1:775-End|RT:25_nt_each,gcgacaacggtttaggtgggtacgggtccccattccttatatagaaatggcatgtATGTGAAAAGAGAACATTCAAAGGCAGCACCAATGTTGGAATTTCTGGGAaagcgcagggacttcccgaatctcggtattatcccggtaagtgtggactatattt
CAD2.medium:Start-1032|PCA1:1033-End|RT:25_nt_each,gcgacaacggtttaggtgggtacgggtccccattccttatatagaaatggcatgtTGGATGCTTAACTAAGAAGAAGACTCATGGAGACAAAGAAAGGTTGAGCAaagcgcagggacttcccgaatctcggtattatcccggtaagtgtggactatattt
CAD2.medium:Start-1188|PCA1:1189-End|RT:25_nt_each,gcgacaacggtttaggtgggtacgggtccccattccttatatagaaatggcatgtTAGAATTGTTAGTATGGAACCAATTGAAAATCATCTTAATCTTGAGGCAGaagcgcagggacttcccgaatctcggtattatcccggtaagtgtggactatattt
CAD2.medium:Start-1257|PCA1:1258-End|RT:25_nt_each,gcgacaacggtttaggtgggtacgggtccccattccttatatagaaatggcatgtTATAGTTTTATCGGTCAGTGGAATGTCCTGTACTGGTTGTGAATCAAAACaagcgcagggacttcccgaatctcggtattatcccggtaagtgtggactatattt
CAD2.medium:Start-1275|PCA1:1276-End|RT:25_nt_each,gcgacaacggtttaggtgggtacgggtccccattccttatatagaaatggcatgtTGGAATGACTTGTACTGGATGTGAGTCAAAACTTAAGAAATCATTTGGCGaagcgcagggacttcccgaatctcggtattatcccggtaagtgtggactatattt
CAD2.medium:Start-1446|PCA1:1447-End|RT:25_nt_each,gcgacaacggtttaggtgggtacgggtccccattccttatatagaaatggcatgtCAAATATGAACAAATTTCAAATCATGGTTCAACTATAGATGTTGTTGTTCaagcgcagggacttcccgaatctcggtattatcccggtaagtgtggactatattt
CAD2.medium:Start-1467|PCA1:1468-End|RT:25_nt_each,gcgacaacggtttaggtgggtacgggtccccattccttatatagaaatggcatgtTCATGCGTCAACCATCGATGTTGTGGTTCCTTATGCAGCAAAAGATTTTAaagcgcagggacttcccgaatctcggtattatcccggtaagtgtggactatattt
CAD2.medium:Start-1545|PCA1:1546-End|RT:25_nt_each,gcgacaacggtttaggtgggtacgggtccccattccttatatagaaatggcatgtGGAGTTGAAGATAGTCGAGAGAAATATCATTCGTATTTACTTTGACCCAAaagcgcagggacttcccgaatctcggtattatcccggtaagtgtggactatattt
CAD2.medium:Start-1770|PCA1:1771-End|RT:25_nt_each,gcgacaacggtttaggtgggtacgggtccccattccttatatagaaatggcatgtTCAACTGAGAGAAAAGATATCGACTATCTCCGCGTCAATGGTGCTAGCAAaagcgcagggacttcccgaatctcggtattatcccggtaagtgtggactatattt
CAD2.medium:Start-1773|PCA1:1774-End|RT:25_nt_each,gcgacaacggtttaggtgggtacgggtccccattccttatatagaaatggcatgtACTGAGAGAAAAGATATCGACTATGTCCGCGTCAATGGTGCTAGCAACTAaagcgcagggacttcccgaatctcggtattatcccggtaagtgtggactatattt
CAD2.medium:Start-1944|PCA1:1945-End|RT:25_nt_each,gcgacaacggtttaggtgggtacgggtccccattccttatatagaaatggcatgtAATAGTATCTTTTGGCTATTTTGTTGTTGGACGCCCGTTATCTACGGAGCaagcgcagggacttcccgaatctcggtattatcccggtaagtgtggactatattt
CAD2.medium:Start-1947|PCA1:1948-End|RT:25_nt_each,gcgacaacggtttaggtgggtacgggtccccattccttatatagaaatggcatgtAGTATCTTTTGGCTATTTTGTTGCGGGACGCCCGTTATCTACGGAGCAGTaagcgcagggacttcccgaatctcggtattatcccggtaagtgtggactatattt
CAD2.medium:Start-2127|PCA1:2128-End|RT:25_nt_each,gcgacaacggtttaggtgggtacgggtccccattccttatatagaaatggcatgtTAAGACCGGCAAGGAAACGGAAATCAATATTAGACTTCTCCAATATGGCGaagcgcagggacttcccgaatctcggtattatcccggtaagtgtggactatattt
CAD2.medium:Start-2163|PCA1:2164-End|RT:25_nt_each,gcgacaacggtttaggtgggtacgggtccccattccttatatagaaatggcatgtGTTACAATATGGGGATATATTTAAAGTTTTACCTGATTCAAGAATCCCAAaagcgcagggacttcccgaatctcggtattatcccggtaagtgtggactatattt
CAD2.medium:Start-2505|PCA1:2506-End|RT:25_nt_each,gcgacaacggtttaggtgggtacgggtccccattccttatatagaaatggcatgtATGGATAGCAGTAGGCATAAGGGTAGAAAAGCAATCCCGCTCCGATGCCGaagcgcagggacttcccgaatctcggtattatcccggtaagtgtggactatattt
CAD2.medium:Start-2583|PCA1:2584-End|RT:25_nt_each,gcgacaacggtttaggtgggtacgggtccccattccttatatagaaatggcatgtAGTACTAATTGTGTCTTGCCCATGCGTGATTGGACTTGCCGTTCCTATCGaagcgcagggacttcccgaatctcggtattatcccggtaagtgtggactatattt
CAD2.medium:Start-2907|PCA1:2908-End|RT:25_nt_each,gcgacaacggtttaggtgggtacgggtccccattccttatatagaaatggcatgtGAACACTAAGGCTGTGACCGGTAAACGGGTAGAAGGAACATCATACTCTGaagcgcagggacttcccgaatctcggtattatcccggtaagtgtggactatattt
CAD2.medium:Start-3339|PCA1:3340-End|RT:25_nt_each,gcgacaacggtttaggtgggtacgggtccccattccttatatagaaatggcatgtCGGGGATGGAACAAATGATGCAATCGGTTTGACTCAAGCAACGATTGGAGaagcgcagggacttcccgaatctcggtattatcccggtaagtgtggactatattt
CAD2.medium:Start-3624|PCA1:3625-End|RT:25_nt_each,gcgacaacggtttaggtgggtacgggtccccattccttatatagaaatggcatgtTATTCTACCTGTAATTTTCGTCGCCATACTTCTGCGTTATGCAAAGATTTaagcgcagggacttcccgaatctcggtattatcccggtaagtgtggactatattt
CAD2.medium:Start-3645|PCA1:3646-End|RT:25_nt_each,gcgacaacggtttaggtgggtacgggtccccattccttatatagaaatggcatgtCGCCACGCTTCTGAGATACGCTAAAATTTAGTCCAGGTACTGCTGCTATTaagcgcagggacttcccgaatctcggtattatcccggtaagtgtggactatattt
CAD2.medium:Start-3648|PCA1:3649-End|RT:25_nt_each,gcgacaacggtttaggtgggtacgggtccccattccttatatagaaatggcatgtCACGCTTCTGAGATACGCTAAAGTCTAGTCCAGGTACTGCTGCTATTTGAaagcgcagggacttcccgaatctcggtattatcccggtaagtgtggactatattt
CAD2.medium:Start-114|PCA1:115-End|RT:29_nt_each,gcgacaacggtttaggtgggtacgggtccccattccttatatagaaatggcCCATGCAAGATAATCGTGGGGAATGTCATCGTAGATCCATAGAAATGCATGCTAATGAgcagggacttcccgaatctcggtattatcccggtaagtgtggactatattt
CAD2.medium:Start-129|PCA1:130-End|RT:29_nt_each,gcgacaacggtttaggtgggtacgggtccccattccttatatagaaatggcGTGGGGAATGTCATCTGCGTAGTATAGAAATGCATGCTAATGACAATCTGGGATTGGTgcagggacttcccgaatctcggtattatcccggtaagtgtggactatattt
CAD2.medium:Start-426|PCA1:427-End|RT:29_nt_each,gcgacaacggtttaggtgggtacgggtccccattccttatatagaaatggcGTGATCATACGAATGAAAGCTGTGTTGACGGATGCTGCGTTAGAGATTCTTCAGTGATgcagggacttcccgaatctcggtattatcccggtaagtgtggactatattt
CAD2.medium:Start-465|PCA1:466-End|RT:29_nt_each,gcgacaacggtttaggtgggtacgggtccccattccttatatagaaatggcTTAGAGATTCTTCCGTTATGGTTGAAGAAGTTACAGGCAGCTGCGAAGCTGTATCTTCgcagggacttcccgaatctcggtattatcccggtaagtgtggactatattt
CAD2.medium:Start-627|PCA1:628-End|RT:29_nt_each,gcgacaacggtttaggtgggtacgggtccccattccttatatagaaatggcATCAGCATACAGGTAAAGGCAGATTGTGTATCGAATCAAGTGACTCTACACTCAAGAAgcagggacttcccgaatctcggtattatcccggtaagtgtggactatattt
CAD2.medium:Start-660|PCA1:661-End|RT:29_nt_each,gcgacaacggtttaggtgggtacgggtccccattccttatatagaaatggcAGTCGTCCGACAGCACTTTAAAGAAGCGTAGTTGTAAAGTTAGCAGACAGAAAATTGAgcagggacttcccgaatctcggtattatcccggtaagtgtggactatattt
CAD2.medium:Start-774|PCA1:775-End|RT:29_nt_each,gcgacaacggtttaggtgggtacgggtccccattccttatatagaaatggcGATCATGTGAAAAGAGAACATTCAAAGGCAGCACCAATGTTGGAATTTCTGGGAGTAGgcagggacttcccgaatctcggtattatcccggtaagtgtggactatattt
CAD2.medium:Start-1032|PCA1:1033-End|RT:29_nt_each,gcgacaacggtttaggtgggtacgggtccccattccttatatagaaatggcGTAGTGGATGCTTAACTAAGAAGAAGACTCATGGAGACAAAGAAAGGTTGAGCAATGAgcagggacttcccgaatctcggtattatcccggtaagtgtggactatattt
CAD2.medium:Start-1188|PCA1:1189-End|RT:29_nt_each,gcgacaacggtttaggtgggtacgggtccccattccttatatagaaatggcTATCTAGAATTGTTAGTATGGAACCAATTGAAAATCATCTTAATCTTGAGGCAGGATCgcagggacttcccgaatctcggtattatcccggtaagtgtggactatattt
CAD2.medium:Start-1257|PCA1:1258-End|RT:29_nt_each,gcgacaacggtttaggtgggtacgggtccccattccttatatagaaatggcAACATATAGTTTTATCGGTCAGTGGAATGTCCTGTACTGGTTGTGAATCAAAACTTAAgcagggacttcccgaatctcggtattatcccggtaagtgtggactatattt
CAD2.medium:Start-1275|PCA1:1276-End|RT:29_nt_each,gcgacaacggtttaggtgggtacgggtccccattccttatatagaaatggcTCAGTGGAATGACTTGTACTGGATGTGAGTCAAAACTTAAGAAATCATTTGGCGCGCTgcagggacttcccgaatctcggtattatcccggtaagtgtggactatattt
CAD2.medium:Start-1446|PCA1:1447-End|RT:29_nt_each,gcgacaacggtttaggtgggtacgggtccccattccttatatagaaatggcAATTCAAATATGAACAAATTTCAAATCATGGTTCAACTATAGATGTTGTTGTTCCTTAgcagggacttcccgaatctcggtattatcccggtaagtgtggactatattt
CAD2.medium:Start-1467|PCA1:1468-End|RT:29_nt_each,gcgacaacggtttaggtgggtacgggtccccattccttatatagaaatggcCAAATCATGCGTCAACCATCGATGTTGTGGTTCCTTATGCAGCAAAAGATTTTATTAAgcagggacttcccgaatctcggtattatcccggtaagtgtggactatattt
CAD2.medium:Start-1545|PCA1:1546-End|RT:29_nt_each,gcgacaacggtttaggtgggtacgggtccccattccttatatagaaatggcTGACGGAGTTGAAGATAGTCGAGAGAAATATCATTCGTATTTACTTTGACCCAAAGGTgcagggacttcccgaatctcggtattatcccggtaagtgtggactatattt
CAD2.medium:Start-1770|PCA1:1771-End|RT:29_nt_each,gcgacaacggtttaggtgggtacgggtccccattccttatatagaaatggcCACCTCAACTGAGAGAAAAGATATCGACTATCTCCGCGTCAATGGTGCTAGCAACTATgcagggacttcccgaatctcggtattatcccggtaagtgtggactatattt
CAD2.medium:Start-1773|PCA1:1774-End|RT:29_nt_each,gcgacaacggtttaggtgggtacgggtccccattccttatatagaaatggcCTCAACTGAGAGAAAAGATATCGACTATGTCCGCGTCAATGGTGCTAGCAACTATTATgcagggacttcccgaatctcggtattatcccggtaagtgtggactatattt
CAD2.medium:Start-1944|PCA1:1945-End|RT:29_nt_each,gcgacaacggtttaggtgggtacgggtccccattccttatatagaaatggcTCTCAATAGTATCTTTTGGCTATTTTGTTGTTGGACGCCCGTTATCTACGGAGCAGTTgcagggacttcccgaatctcggtattatcccggtaagtgtggactatattt
CAD2.medium:Start-1947|PCA1:1948-End|RT:29_nt_each,gcgacaacggtttaggtgggtacgggtccccattccttatatagaaatggcCAATAGTATCTTTTGGCTATTTTGTTGCGGGACGCCCGTTATCTACGGAGCAGTTTTTgcagggacttcccgaatctcggtattatcccggtaagtgtggactatattt
CAD2.medium:Start-2127|PCA1:2128-End|RT:29_nt_each,gcgacaacggtttaggtgggtacgggtccccattccttatatagaaatggcTAGATAAGACCGGCAAGGAAACGGAAATCAATATTAGACTTCTCCAATATGGCGATATgcagggacttcccgaatctcggtattatcccggtaagtgtggactatattt
CAD2.medium:Start-2163|PCA1:2164-End|RT:29_nt_each,gcgacaacggtttaggtgggtacgggtccccattccttatatagaaatggcGGTTGTTACAATATGGGGATATATTTAAAGTTTTACCTGATTCAAGAATCCCAACTGAgcagggacttcccgaatctcggtattatcccggtaagtgtggactatattt
CAD2.medium:Start-2505|PCA1:2506-End|RT:29_nt_each,gcgacaacggtttaggtgggtacgggtccccattccttatatagaaatggcGTGTATGGATAGCAGTAGGCATAAGGGTAGAAAAGCAATCCCGCTCCGATGCCGTAATgcagggacttcccgaatctcggtattatcccggtaagtgtggactatattt
CAD2.medium:Start-2583|PCA1:2584-End|RT:29_nt_each,gcgacaacggtttaggtgggtacgggtccccattccttatatagaaatggcTAACAGTACTAATTGTGTCTTGCCCATGCGTGATTGGACTTGCCGTTCCTATCGTATTgcagggacttcccgaatctcggtattatcccggtaagtgtggactatattt
CAD2.medium:Start-2907|PCA1:2908-End|RT:29_nt_each,gcgacaacggtttaggtgggtacgggtccccattccttatatagaaatggcTCTCGAACACTAAGGCTGTGACCGGTAAACGGGTAGAAGGAACATCATACTCTGGTTTgcagggacttcccgaatctcggtattatcccggtaagtgtggactatattt
CAD2.medium:Start-3339|PCA1:3340-End|RT:29_nt_each,gcgacaacggtttaggtgggtacgggtccccattccttatatagaaatggcTCTGCGGGGATGGAACAAATGATGCAATCGGTTTGACTCAAGCAACGATTGGAGTTCAgcagggacttcccgaatctcggtattatcccggtaagtgtggactatattt
CAD2.medium:Start-3624|PCA1:3625-End|RT:29_nt_each,gcgacaacggtttaggtgggtacgggtccccattccttatatagaaatggcTCAGTATTCTACCTGTAATTTTCGTCGCCATACTTCTGCGTTATGCAAAGATTTAGTCgcagggacttcccgaatctcggtattatcccggtaagtgtggactatattt
CAD2.medium:Start-3645|PCA1:3646-End|RT:29_nt_each,gcgacaacggtttaggtgggtacgggtccccattccttatatagaaatggcTCGTCGCCACGCTTCTGAGATACGCTAAAATTTAGTCCAGGTACTGCTGCTATTTGATgcagggacttcccgaatctcggtattatcccggtaagtgtggactatattt
CAD2.medium:Start-3648|PCA1:3649-End|RT:29_nt_each,gcgacaacggtttaggtgggtacgggtccccattccttatatagaaatggcTCGCCACGCTTCTGAGATACGCTAAAGTCTAGTCCAGGTACTGCTGCTATTTGATTGTgcagggacttcccgaatctcggtattatcccggtaagtgtggactatattt
CAD2.medium:Start-114|PCA1:115-End|RT:34_nt_each,gcgacaacggtttaggtgggtacgggtccccattccttatatagaaCGACGCCATGCAAGATAATCGTGGGGAATGTCATCGTAGATCCATAGAAATGCATGCTAATGACAATCgacttcccgaatctcggtattatcccggtaagtgtggactatattt
CAD2.medium:Start-129|PCA1:130-End|RT:34_nt_each,gcgacaacggtttaggtgggtacgggtccccattccttatatagaaTAATCGTGGGGAATGTCATCTGCGTAGTATAGAAATGCATGCTAATGACAATCTGGGATTGGTCTCCCgacttcccgaatctcggtattatcccggtaagtgtggactatattt
CAD2.medium:Start-426|PCA1:427-End|RT:34_nt_each,gcgacaacggtttaggtgggtacgggtccccattccttatatagaaTGGTGGTGATCATACGAATGAAAGCTGTGTTGACGGATGCTGCGTTAGAGATTCTTCAGTGATGGTCGgacttcccgaatctcggtattatcccggtaagtgtggactatattt
CAD2.medium:Start-465|PCA1:466-End|RT:34_nt_each,gcgacaacggtttaggtgggtacgggtccccattccttatatagaaTTGTGTTAGAGATTCTTCCGTTATGGTTGAAGAAGTTACAGGCAGCTGCGAAGCTGTATCTTCTAAAGgacttcccgaatctcggtattatcccggtaagtgtggactatattt
CAD2.medium:Start-627|PCA1:628-End|RT:34_nt_each,gcgacaacggtttaggtgggtacgggtccccattccttatatagaaTTCCAATCAGCATACAGGTAAAGGCAGATTGTGTATCGAATCAAGTGACTCTACACTCAAGAAAAGAAgacttcccgaatctcggtattatcccggtaagtgtggactatattt
CAD2.medium:Start-660|PCA1:661-End|RT:34_nt_each,gcgacaacggtttaggtgggtacgggtccccattccttatatagaaTCTGGAGTCGTCCGACAGCACTTTAAAGAAGCGTAGTTGTAAAGTTAGCAGACAGAAAATTGAGGTTTgacttcccgaatctcggtattatcccggtaagtgtggactatattt
CAD2.medium:Start-774|PCA1:775-End|RT:34_nt_each,gcgacaacggtttaggtgggtacgggtccccattccttatatagaaCTCAAGATCATGTGAAAAGAGAACATTCAAAGGCAGCACCAATGTTGGAATTTCTGGGAGTAGCTCTAgacttcccgaatctcggtattatcccggtaagtgtggactatattt
CAD2.medium:Start-1032|PCA1:1033-End|RT:34_nt_each,gcgacaacggtttaggtgggtacgggtccccattccttatatagaaTAACAGTAGTGGATGCTTAACTAAGAAGAAGACTCATGGAGACAAAGAAAGGTTGAGCAATGACAATGgacttcccgaatctcggtattatcccggtaagtgtggactatattt
CAD2.medium:Start-1188|PCA1:1189-End|RT:34_nt_each,gcgacaacggtttaggtgggtacgggtccccattccttatatagaaCGAGATATCTAGAATTGTTAGTATGGAACCAATTGAAAATCATCTTAATCTTGAGGCAGGATCTACCGgacttcccgaatctcggtattatcccggtaagtgtggactatattt
CAD2.medium:Start-1257|PCA1:1258-End|RT:34_nt_each,gcgacaacggtttaggtgggtacgggtccccattccttatatagaaTACTGAACATATAGTTTTATCGGTCAGTGGAATGTCCTGTACTGGTTGTGAATCAAAACTTAAGAAATgacttcccgaatctcggtattatcccggtaagtgtggactatattt
CAD2.medium:Start-1275|PCA1:1276-End|RT:34_nt_each,gcgacaacggtttaggtgggtacgggtccccattccttatatagaaATCGGTCAGTGGAATGACTTGTACTGGATGTGAGTCAAAACTTAAGAAATCATTTGGCGCGCTCAAATgacttcccgaatctcggtattatcccggtaagtgtggactatattt
CAD2.medium:Start-1446|PCA1:1447-End|RT:34_nt_each,gcgacaacggtttaggtgggtacgggtccccattccttatatagaaAACAGAATTCAAATATGAACAAATTTCAAATCATGGTTCAACTATAGATGTTGTTGTTCCTTATGCAGgacttcccgaatctcggtattatcccggtaagtgtggactatattt
CAD2.medium:Start-1467|PCA1:1468-End|RT:34_nt_each,gcgacaacggtttaggtgggtacgggtccccattccttatatagaaAATTTCAAATCATGCGTCAACCATCGATGTTGTGGTTCCTTATGCAGCAAAAGATTTTATTAATGAGGgacttcccgaatctcggtattatcccggtaagtgtggactatattt
CAD2.medium:Start-1545|PCA1:1546-End|RT:34_nt_each,gcgacaacggtttaggtgggtacgggtccccattccttatatagaaGGGCGTGACGGAGTTGAAGATAGTCGAGAGAAATATCATTCGTATTTACTTTGACCCAAAGGTTATAGgacttcccgaatctcggtattatcccggtaagtgtggactatattt
CAD2.medium:Start-1770|PCA1:1771-End|RT:34_nt_each,gcgacaacggtttaggtgggtacgggtccccattccttatatagaaATGGGCACCTCAACTGAGAGAAAAGATATCGACTATCTCCGCGTCAATGGTGCTAGCAACTATTATTCgacttcccgaatctcggtattatcccggtaagtgtggactatattt
CAD2.medium:Start-1773|PCA1:1774-End|RT:34_nt_each,gcgacaacggtttaggtgggtacgggtccccattccttatatagaaGGCACCTCAACTGAGAGAAAAGATATCGACTATGTCCGCGTCAATGGTGCTAGCAACTATTATTCAATgacttcccgaatctcggtattatcccggtaagtgtggactatattt
CAD2.medium:Start-1944|PCA1:1945-End|RT:34_nt_each,gcgacaacggtttaggtgggtacgggtccccattccttatatagaaTATTTTCTCAATAGTATCTTTTGGCTATTTTGTTGTTGGACGCCCGTTATCTACGGAGCAGTTTTTTGgacttcccgaatctcggtattatcccggtaagtgtggactatattt
CAD2.medium:Start-1947|PCA1:1948-End|RT:34_nt_each,gcgacaacggtttaggtgggtacgggtccccattccttatatagaaTTTCTCAATAGTATCTTTTGGCTATTTTGTTGCGGGACGCCCGTTATCTACGGAGCAGTTTTTTGAAAgacttcccgaatctcggtattatcccggtaagtgtggactatattt
CAD2.medium:Start-2127|PCA1:2128-End|RT:34_nt_each,gcgacaacggtttaggtgggtacgggtccccattccttatatagaaACTCGTAGATAAGACCGGCAAGGAAACGGAAATCAATATTAGACTTCTCCAATATGGCGATATTTTTAgacttcccgaatctcggtattatcccggtaagtgtggactatattt
CAD2.medium:Start-2163|PCA1:2164-End|RT:34_nt_each,gcgacaacggtttaggtgggtacgggtccccattccttatatagaaCATTCGGTTGTTACAATATGGGGATATATTTAAAGTTTTACCTGATTCAAGAATCCCAACTGATGGAAgacttcccgaatctcggtattatcccggtaagtgtggactatattt
CAD2.medium:Start-2505|PCA1:2506-End|RT:34_nt_each,gcgacaacggtttaggtgggtacgggtccccattccttatatagaaATTCTGTGTATGGATAGCAGTAGGCATAAGGGTAGAAAAGCAATCCCGCTCCGATGCCGTAATTCAGGgacttcccgaatctcggtattatcccggtaagtgtggactatattt
CAD2.medium:Start-2583|PCA1:2584-End|RT:34_nt_each,gcgacaacggtttaggtgggtacgggtccccattccttatatagaaCGCTATAACAGTACTAATTGTGTCTTGCCCATGCGTGATTGGACTTGCCGTTCCTATCGTATTTGTTAgacttcccgaatctcggtattatcccggtaagtgtggactatattt
CAD2.medium:Start-2907|PCA1:2908-End|RT:34_nt_each,gcgacaacggtttaggtgggtacgggtccccattccttatatagaaAAATGTCTCGAACACTAAGGCTGTGACCGGTAAACGGGTAGAAGGAACATCATACTCTGGTTTGAAGTgacttcccgaatctcggtattatcccggtaagtgtggactatattt
CAD2.medium:Start-3339|PCA1:3340-End|RT:34_nt_each,gcgacaacggtttaggtgggtacgggtccccattccttatatagaaGGTTTTCTGCGGGGATGGAACAAATGATGCAATCGGTTTGACTCAAGCAACGATTGGAGTTCATATCAgacttcccgaatctcggtattatcccggtaagtgtggactatattt
CAD2.medium:Start-3624|PCA1:3625-End|RT:34_nt_each,gcgacaacggtttaggtgggtacgggtccccattccttatatagaaACTAGTCAGTATTCTACCTGTAATTTTCGTCGCCATACTTCTGCGTTATGCAAAGATTTAGTCCAGGTgacttcccgaatctcggtattatcccggtaagtgtggactatattt
CAD2.medium:Start-3645|PCA1:3646-End|RT:34_nt_each,gcgacaacggtttaggtgggtacgggtccccattccttatatagaaAATTTTCGTCGCCACGCTTCTGAGATACGCTAAAATTTAGTCCAGGTACTGCTGCTATTTGATTGTAGgacttcccgaatctcggtattatcccggtaagtgtggactatattt
CAD2.medium:Start-3648|PCA1:3649-End|RT:34_nt_each,gcgacaacggtttaggtgggtacgggtccccattccttatatagaaTTTCGTCGCCACGCTTCTGAGATACGCTAAAGTCTAGTCCAGGTACTGCTGCTATTTGATTGTAGATTgacttcccgaatctcggtattatcccggtaagtgtggactatattt
CAD2.medium:Start-114|PCA1:115-End|RT:40_nt_each,gcgacaacggtttaggtgggtacgggtccccattccttatTTCGATCGACGCCATGCAAGATAATCGTGGGGAATGTCATCGTAGATCCATAGAAATGCATGCTAATGACAATCTGGGATccgaatctcggtattatcccggtaagtgtggactatattt
CAD2.medium:Start-129|PCA1:130-End|RT:40_nt_each,gcgacaacggtttaggtgggtacgggtccccattccttatGCAAGATAATCGTGGGGAATGTCATCTGCGTAGTATAGAAATGCATGCTAATGACAATCTGGGATTGGTCTCCCAGCGAGccgaatctcggtattatcccggtaagtgtggactatattt
CAD2.medium:Start-426|PCA1:427-End|RT:40_nt_each,gcgacaacggtttaggtgggtacgggtccccattccttatTCAAACTGGTGGTGATCATACGAATGAAAGCTGTGTTGACGGATGCTGCGTTAGAGATTCTTCAGTGATGGTCGAGGAAGccgaatctcggtattatcccggtaagtgtggactatattt
CAD2.medium:Start-465|PCA1:466-End|RT:40_nt_each,gcgacaacggtttaggtgggtacgggtccccattccttatCGAGTGTTGTGTTAGAGATTCTTCCGTTATGGTTGAAGAAGTTACAGGCAGCTGCGAAGCTGTATCTTCTAAAGAACAATccgaatctcggtattatcccggtaagtgtggactatattt
CAD2.medium:Start-627|PCA1:628-End|RT:40_nt_each,gcgacaacggtttaggtgggtacgggtccccattccttatTACAAATTCCAATCAGCATACAGGTAAAGGCAGATTGTGTATCGAATCAAGTGACTCTACACTCAAGAAAAGAAGTTGTAccgaatctcggtattatcccggtaagtgtggactatattt
CAD2.medium:Start-660|PCA1:661-End|RT:40_nt_each,gcgacaacggtttaggtgggtacgggtccccattccttatATTGTGTCTGGAGTCGTCCGACAGCACTTTAAAGAAGCGTAGTTGTAAAGTTAGCAGACAGAAAATTGAGGTTTCCAGTAccgaatctcggtattatcccggtaagtgtggactatattt
CAD2.medium:Start-774|PCA1:775-End|RT:40_nt_each,gcgacaacggtttaggtgggtacgggtccccattccttatAATAGCCTCAAGATCATGTGAAAAGAGAACATTCAAAGGCAGCACCAATGTTGGAATTTCTGGGAGTAGCTCTACCGACAccgaatctcggtattatcccggtaagtgtggactatattt
CAD2.medium:Start-1032|PCA1:1033-End|RT:40_nt_each,gcgacaacggtttaggtgggtacgggtccccattccttatCTATCGTAACAGTAGTGGATGCTTAACTAAGAAGAAGACTCATGGAGACAAAGAAAGGTTGAGCAATGACAATGGCCATGccgaatctcggtattatcccggtaagtgtggactatattt
CAD2.medium:Start-1188|PCA1:1189-End|RT:40_nt_each,gcgacaacggtttaggtgggtacgggtccccattccttatCTCATCCGAGATATCTAGAATTGTTAGTATGGAACCAATTGAAAATCATCTTAATCTTGAGGCAGGATCTACCGGTACCGccgaatctcggtattatcccggtaagtgtggactatattt
CAD2.medium:Start-1257|PCA1:1258-End|RT:40_nt_each,gcgacaacggtttaggtgggtacgggtccccattccttatAACAGGTACTGAACATATAGTTTTATCGGTCAGTGGAATGTCCTGTACTGGTTGTGAATCAAAACTTAAGAAATCATTTGccgaatctcggtattatcccggtaagtgtggactatattt
CAD2.medium:Start-1275|PCA1:1276-End|RT:40_nt_each,gcgacaacggtttaggtgggtacgggtccccattccttatAGTTTTATCGGTCAGTGGAATGACTTGTACTGGATGTGAGTCAAAACTTAAGAAATCATTTGGCGCGCTCAAATGTGTTCccgaatctcggtattatcccggtaagtgtggactatattt
CAD2.medium:Start-1446|PCA1:1447-End|RT:40_nt_each,gcgacaacggtttaggtgggtacgggtccccattccttatTAAGACAACAGAATTCAAATATGAACAAATTTCAAATCATGGTTCAACTATAGATGTTGTTGTTCCTTATGCAGCAAAAGccgaatctcggtattatcccggtaagtgtggactatattt
CAD2.medium:Start-1467|PCA1:1468-End|RT:40_nt_each,gcgacaacggtttaggtgggtacgggtccccattccttatTGAACAAATTTCAAATCATGCGTCAACCATCGATGTTGTGGTTCCTTATGCAGCAAAAGATTTTATTAATGAGGAATGGCccgaatctcggtattatcccggtaagtgtggactatattt
CAD2.medium:Start-1545|PCA1:1546-End|RT:40_nt_each,gcgacaacggtttaggtgggtacgggtccccattccttatGCCACAGGGCGTGACGGAGTTGAAGATAGTCGAGAGAAATATCATTCGTATTTACTTTGACCCAAAGGTTATAGGTGCCAccgaatctcggtattatcccggtaagtgtggactatattt
CAD2.medium:Start-1770|PCA1:1771-End|RT:40_nt_each,gcgacaacggtttaggtgggtacgggtccccattccttatGATGGCATGGGCACCTCAACTGAGAGAAAAGATATCGACTATCTCCGCGTCAATGGTGCTAGCAACTATTATTCAATTTGccgaatctcggtattatcccggtaagtgtggactatattt
CAD2.medium:Start-1773|PCA1:1774-End|RT:40_nt_each,gcgacaacggtttaggtgggtacgggtccccattccttatGGCATGGGCACCTCAACTGAGAGAAAAGATATCGACTATGTCCGCGTCAATGGTGCTAGCAACTATTATTCAATTTGTTAccgaatctcggtattatcccggtaagtgtggactatattt
CAD2.medium:Start-1944|PCA1:1945-End|RT:40_nt_each,gcgacaacggtttaggtgggtacgggtccccattccttatCGCATATATTTTCTCAATAGTATCTTTTGGCTATTTTGTTGTTGGACGCCCGTTATCTACGGAGCAGTTTTTTGAAACCAccgaatctcggtattatcccggtaagtgtggactatattt
CAD2.medium:Start-1947|PCA1:1948-End|RT:40_nt_each,gcgacaacggtttaggtgggtacgggtccccattccttatATATATTTTCTCAATAGTATCTTTTGGCTATTTTGTTGCGGGACGCCCGTTATCTACGGAGCAGTTTTTTGAAACCAGCTccgaatctcggtattatcccggtaagtgtggactatattt
CAD2.medium:Start-2127|PCA1:2128-End|RT:40_nt_each,gcgacaacggtttaggtgggtacgggtccccattccttatCGCCATACTCGTAGATAAGACCGGCAAGGAAACGGAAATCAATATTAGACTTCTCCAATATGGCGATATTTTTAAGGTTTccgaatctcggtattatcccggtaagtgtggactatattt
CAD2.medium:Start-2163|PCA1:2164-End|RT:40_nt_each,gcgacaacggtttaggtgggtacgggtccccattccttatAATCGACATTCGGTTGTTACAATATGGGGATATATTTAAAGTTTTACCTGATTCAAGAATCCCAACTGATGGAACAGTCAccgaatctcggtattatcccggtaagtgtggactatattt
CAD2.medium:Start-2505|PCA1:2506-End|RT:40_nt_each,gcgacaacggtttaggtgggtacgggtccccattccttatAGTCACATTCTGTGTATGGATAGCAGTAGGCATAAGGGTAGAAAAGCAATCCCGCTCCGATGCCGTAATTCAGGCCATTAccgaatctcggtattatcccggtaagtgtggactatattt
CAD2.medium:Start-2583|PCA1:2584-End|RT:40_nt_each,gcgacaacggtttaggtgggtacgggtccccattccttatAATTTACGCTATAACAGTACTAATTGTGTCTTGCCCATGCGTGATTGGACTTGCCGTTCCTATCGTATTTGTTATTGCAAccgaatctcggtattatcccggtaagtgtggactatattt
CAD2.medium:Start-2907|PCA1:2908-End|RT:40_nt_each,gcgacaacggtttaggtgggtacgggtccccattccttatTGCGCAAAATGTCTCGAACACTAAGGCTGTGACCGGTAAACGGGTAGAAGGAACATCATACTCTGGTTTGAAGTTACAAGccgaatctcggtattatcccggtaagtgtggactatattt
CAD2.medium:Start-3339|PCA1:3340-End|RT:40_nt_each,gcgacaacggtttaggtgggtacgggtccccattccttatCGTCGTGGTTTTCTGCGGGGATGGAACAAATGATGCAATCGGTTTGACTCAAGCAACGATTGGAGTTCATATCAATGAGGccgaatctcggtattatcccggtaagtgtggactatattt
CAD2.medium:Start-3624|PCA1:3625-End|RT:40_nt_each,gcgacaacggtttaggtgggtacgggtccccattccttatGGGTGAACTAGTCAGTATTCTACCTGTAATTTTCGTCGCCATACTTCTGCGTTATGCAAAGATTTAGTCCAGGTACTGCTccgaatctcggtattatcccggtaagtgtggactatattt
CAD2.medium:Start-3645|PCA1:3646-End|RT:40_nt_each,gcgacaacggtttaggtgggtacgggtccccattccttatACCTGTAATTTTCGTCGCCACGCTTCTGAGATACGCTAAAATTTAGTCCAGGTACTGCTGCTATTTGATTGTAGATTTTCccgaatctcggtattatcccggtaagtgtggactatattt
CAD2.medium:Start-3648|PCA1:3649-End|RT:40_nt_each,gcgacaacggtttaggtgggtacgggtccccattccttatTGTAATTTTCGTCGCCACGCTTCTGAGATACGCTAAAGTCTAGTCCAGGTACTGCTGCTATTTGATTGTAGATTTTCTTTccgaatctcggtattatcccggtaagtgtggactatattt
CAD2.medium:Start-114|PCA1:115-End|RT:47_nt_each,gcgacaacggtttaggtgggtacgggtccccatAGAATATTTCGATCGACGCCATGCAAGATAATCGTGGGGAATGTCATCGTAGATCCATAGAAATGCATGCTAATGACAATCTGGGATTGGTCTCtcggtattatcccggtaagtgtggactatattt
CAD2.medium:Start-129|PCA1:130-End|RT:47_nt_each,gcgacaacggtttaggtgggtacgggtccccatACGCCATGCAAGATAATCGTGGGGAATGTCATCTGCGTAGTATAGAAATGCATGCTAATGACAATCTGGGATTGGTCTCCCAGCGAGACTGTACtcggtattatcccggtaagtgtggactatattt
CAD2.medium:Start-426|PCA1:427-End|RT:47_nt_each,gcgacaacggtttaggtgggtacgggtccccatGAGATGCTCAAACTGGTGGTGATCATACGAATGAAAGCTGTGTTGACGGATGCTGCGTTAGAGATTCTTCAGTGATGGTCGAGGAAGTTACAGGtcggtattatcccggtaagtgtggactatattt
CAD2.medium:Start-465|PCA1:466-End|RT:47_nt_each,gcgacaacggtttaggtgggtacgggtccccatGTGTTGACGAGTGTTGTGTTAGAGATTCTTCCGTTATGGTTGAAGAAGTTACAGGCAGCTGCGAAGCTGTATCTTCTAAAGAACAATTGCTGACtcggtattatcccggtaagtgtggactatattt
CAD2.medium:Start-627|PCA1:628-End|RT:47_nt_each,gcgacaacggtttaggtgggtacgggtccccatGCTGTAATACAAATTCCAATCAGCATACAGGTAAAGGCAGATTGTGTATCGAATCAAGTGACTCTACACTCAAGAAAAGAAGTTGTAAAGTTAGtcggtattatcccggtaagtgtggactatattt
CAD2.medium:Start-660|PCA1:661-End|RT:47_nt_each,gcgacaacggtttaggtgggtacgggtccccatAAGGCAGATTGTGTCTGGAGTCGTCCGACAGCACTTTAAAGAAGCGTAGTTGTAAAGTTAGCAGACAGAAAATTGAGGTTTCCAGTAAGCCTGAtcggtattatcccggtaagtgtggactatattt
CAD2.medium:Start-774|PCA1:775-End|RT:47_nt_each,gcgacaacggtttaggtgggtacgggtccccatTCGAAAGAATAGCCTCAAGATCATGTGAAAAGAGAACATTCAAAGGCAGCACCAATGTTGGAATTTCTGGGAGTAGCTCTACCGACAGTTTAAGtcggtattatcccggtaagtgtggactatattt
CAD2.medium:Start-1032|PCA1:1033-End|RT:47_nt_each,gcgacaacggtttaggtgggtacgggtccccatAGTATTCCTATCGTAACAGTAGTGGATGCTTAACTAAGAAGAAGACTCATGGAGACAAAGAAAGGTTGAGCAATGACAATGGCCATGCTGATTTtcggtattatcccggtaagtgtggactatattt
CAD2.medium:Start-1188|PCA1:1189-End|RT:47_nt_each,gcgacaacggtttaggtgggtacgggtccccatGACATAGCTCATCCGAGATATCTAGAATTGTTAGTATGGAACCAATTGAAAATCATCTTAATCTTGAGGCAGGATCTACCGGTACCGAGCACATtcggtattatcccggtaagtgtggactatattt
CAD2.medium:Start-1257|PCA1:1258-End|RT:47_nt_each,gcgacaacggtttaggtgggtacgggtccccatCAGGCTCAACAGGTACTGAACATATAGTTTTATCGGTCAGTGGAATGTCCTGTACTGGTTGTGAATCAAAACTTAAGAAATCATTTGGCGCGCTtcggtattatcccggtaagtgtggactatattt
CAD2.medium:Start-1275|PCA1:1276-End|RT:47_nt_each,gcgacaacggtttaggtgggtacgggtccccatAACATATAGTTTTATCGGTCAGTGGAATGACTTGTACTGGATGTGAGTCAAAACTTAAGAAATCATTTGGCGCGCTCAAATGTGTTCACGGTTTtcggtattatcccggtaagtgtggactatattt
CAD2.medium:Start-1446|PCA1:1447-End|RT:47_nt_each,gcgacaacggtttaggtgggtacgggtccccatATTTATCTAAGACAACAGAATTCAAATATGAACAAATTTCAAATCATGGTTCAACTATAGATGTTGTTGTTCCTTATGCAGCAAAAGATTTTATtcggtattatcccggtaagtgtggactatattt
CAD2.medium:Start-1467|PCA1:1468-End|RT:47_nt_each,gcgacaacggtttaggtgggtacgggtccccatTCAAATATGAACAAATTTCAAATCATGCGTCAACCATCGATGTTGTGGTTCCTTATGCAGCAAAAGATTTTATTAATGAGGAATGGCCACAAGGtcggtattatcccggtaagtgtggactatattt
CAD2.medium:Start-1545|PCA1:1546-End|RT:47_nt_each,gcgacaacggtttaggtgggtacgggtccccatAAGAATGGCCACAGGGCGTGACGGAGTTGAAGATAGTCGAGAGAAATATCATTCGTATTTACTTTGACCCAAAGGTTATAGGTGCCAGAGATCTtcggtattatcccggtaagtgtggactatattt
CAD2.medium:Start-1770|PCA1:1771-End|RT:47_nt_each,gcgacaacggtttaggtgggtacgggtccccatTCTTGGTGATGGCATGGGCACCTCAACTGAGAGAAAAGATATCGACTATCTCCGCGTCAATGGTGCTAGCAACTATTATTCAATTTGTTATTGCtcggtattatcccggtaagtgtggactatattt
CAD2.medium:Start-1773|PCA1:1774-End|RT:47_nt_each,gcgacaacggtttaggtgggtacgggtccccatTGGTGATGGCATGGGCACCTCAACTGAGAGAAAAGATATCGACTATGTCCGCGTCAATGGTGCTAGCAACTATTATTCAATTTGTTATTGCAGGtcggtattatcccggtaagtgtggactatattt
CAD2.medium:Start-1944|PCA1:1945-End|RT:47_nt_each,gcgacaacggtttaggtgggtacgggtccccatCCTCGGCCGCATATATTTTCTCAATAGTATCTTTTGGCTATTTTGTTGTTGGACGCCCGTTATCTACGGAGCAGTTTTTTGAAACCAGCTCTTTtcggtattatcccggtaagtgtggactatattt
CAD2.medium:Start-1947|PCA1:1948-End|RT:47_nt_each,gcgacaacggtttaggtgggtacgggtccccatCGGCCGCATATATTTTCTCAATAGTATCTTTTGGCTATTTTGTTGCGGGACGCCCGTTATCTACGGAGCAGTTTTTTGAAACCAGCTCTTTGCTtcggtattatcccggtaagtgtggactatattt
CAD2.medium:Start-2127|PCA1:2128-End|RT:47_nt_each,gcgacaacggtttaggtgggtacgggtccccatCCTCAAGCGCCATACTCGTAGATAAGACCGGCAAGGAAACGGAAATCAATATTAGACTTCTCCAATATGGCGATATTTTTAAGGTTTTACCTGAtcggtattatcccggtaagtgtggactatattt
CAD2.medium:Start-2163|PCA1:2164-End|RT:47_nt_each,gcgacaacggtttaggtgggtacgggtccccatAAACGGAAATCGACATTCGGTTGTTACAATATGGGGATATATTTAAAGTTTTACCTGATTCAAGAATCCCAACTGATGGAACAGTCATTTCTGGtcggtattatcccggtaagtgtggactatattt
CAD2.medium:Start-2505|PCA1:2506-End|RT:47_nt_each,gcgacaacggtttaggtgggtacgggtccccatTAACGGTAGTCACATTCTGTGTATGGATAGCAGTAGGCATAAGGGTAGAAAAGCAATCCCGCTCCGATGCCGTAATTCAGGCCATTATATATGCtcggtattatcccggtaagtgtggactatattt
CAD2.medium:Start-2583|PCA1:2584-End|RT:47_nt_each,gcgacaacggtttaggtgggtacgggtccccatAAGCTATAATTTACGCTATAACAGTACTAATTGTGTCTTGCCCATGCGTGATTGGACTTGCCGTTCCTATCGTATTTGTTATTGCAAGTGGCGTtcggtattatcccggtaagtgtggactatattt
CAD2.medium:Start-2907|PCA1:2908-End|RT:47_nt_each,gcgacaacggtttaggtgggtacgggtccccatGTGTTAGTGCGCAAAATGTCTCGAACACTAAGGCTGTGACCGGTAAACGGGTAGAAGGAACATCATACTCTGGTTTGAAGTTACAAGGAGGGAAtcggtattatcccggtaagtgtggactatattt
CAD2.medium:Start-3339|PCA1:3340-End|RT:47_nt_each,gcgacaacggtttaggtgggtacgggtccccatAAAGGCCCGTCGTGGTTTTCTGCGGGGATGGAACAAATGATGCAATCGGTTTGACTCAAGCAACGATTGGAGTTCATATCAATGAGGGAAGTGAtcggtattatcccggtaagtgtggactatattt
CAD2.medium:Start-3624|PCA1:3625-End|RT:47_nt_each,gcgacaacggtttaggtgggtacgggtccccatCGGGTTTGGGTGAACTAGTCAGTATTCTACCTGTAATTTTCGTCGCCATACTTCTGCGTTATGCAAAGATTTAGTCCAGGTACTGCTGCTATTTtcggtattatcccggtaagtgtggactatattt
CAD2.medium:Start-3645|PCA1:3646-End|RT:47_nt_each,gcgacaacggtttaggtgggtacgggtccccatGTATTCTACCTGTAATTTTCGTCGCCACGCTTCTGAGATACGCTAAAATTTAGTCCAGGTACTGCTGCTATTTGATTGTAGATTTTCTTTTTTCtcggtattatcccggtaagtgtggactatattt
CAD2.medium:Start-3648|PCA1:3649-End|RT:47_nt_each,gcgacaacggtttaggtgggtacgggtccccatTTCTACCTGTAATTTTCGTCGCCACGCTTCTGAGATACGCTAAAGTCTAGTCCAGGTACTGCTGCTATTTGATTGTAGATTTTCTTTTTTCTTTtcggtattatcccggtaagtgtggactatattt
CAD2.medium:Start-114|PCA1:115-End|RT:55_nt_each,gcgacaacggtttaggtgggtacggGAACTCTGAGAATATTTCGATCGACGCCATGCAAGATAATCGTGGGGAATGTCATCGTAGATCCATAGAAATGCATGCTAATGACAATCTGGGATTGGTCTCCCAGCGAGatcccggtaagtgtggactatattt
CAD2.medium:Start-129|PCA1:130-End|RT:55_nt_each,gcgacaacggtttaggtgggtacggTTCGATCGACGCCATGCAAGATAATCGTGGGGAATGTCATCTGCGTAGTATAGAAATGCATGCTAATGACAATCTGGGATTGGTCTCCCAGCGAGACTGTACCAATCGGCatcccggtaagtgtggactatattt
CAD2.medium:Start-426|PCA1:427-End|RT:55_nt_each,gcgacaacggtttaggtgggtacggTTGTTGTGGAGATGCTCAAACTGGTGGTGATCATACGAATGAAAGCTGTGTTGACGGATGCTGCGTTAGAGATTCTTCAGTGATGGTCGAGGAAGTTACAGGCAGCTGCGatcccggtaagtgtggactatattt
CAD2.medium:Start-465|PCA1:466-End|RT:55_nt_each,gcgacaacggtttaggtgggtacggTGAAAGCTGTGTTGACGAGTGTTGTGTTAGAGATTCTTCCGTTATGGTTGAAGAAGTTACAGGCAGCTGCGAAGCTGTATCTTCTAAAGAACAATTGCTGACCAGCTTTGatcccggtaagtgtggactatattt
CAD2.medium:Start-627|PCA1:628-End|RT:55_nt_each,gcgacaacggtttaggtgggtacggGACTACACGCTGTAATACAAATTCCAATCAGCATACAGGTAAAGGCAGATTGTGTATCGAATCAAGTGACTCTACACTCAAGAAAAGAAGTTGTAAAGTTAGCAGACAGAatcccggtaagtgtggactatattt
CAD2.medium:Start-660|PCA1:661-End|RT:55_nt_each,gcgacaacggtttaggtgggtacggTACAGGTAAAGGCAGATTGTGTCTGGAGTCGTCCGACAGCACTTTAAAGAAGCGTAGTTGTAAAGTTAGCAGACAGAAAATTGAGGTTTCCAGTAAGCCTGAGTGCTGCAatcccggtaagtgtggactatattt
CAD2.medium:Start-774|PCA1:775-End|RT:55_nt_each,gcgacaacggtttaggtgggtacggTTCTTGTGTCGAAAGAATAGCCTCAAGATCATGTGAAAAGAGAACATTCAAAGGCAGCACCAATGTTGGAATTTCTGGGAGTAGCTCTACCGACAGTTTAAGCGAGAAGTatcccggtaagtgtggactatattt
CAD2.medium:Start-1032|PCA1:1033-End|RT:55_nt_each,gcgacaacggtttaggtgggtacggGAAGACTAAGTATTCCTATCGTAACAGTAGTGGATGCTTAACTAAGAAGAAGACTCATGGAGACAAAGAAAGGTTGAGCAATGACAATGGCCATGCTGATTTTGTTTGTTatcccggtaagtgtggactatattt
CAD2.medium:Start-1188|PCA1:1189-End|RT:55_nt_each,gcgacaacggtttaggtgggtacggTATATCAGGACATAGCTCATCCGAGATATCTAGAATTGTTAGTATGGAACCAATTGAAAATCATCTTAATCTTGAGGCAGGATCTACCGGTACCGAGCACATTGTTCTTAatcccggtaagtgtggactatattt
CAD2.medium:Start-1257|PCA1:1258-End|RT:55_nt_each,gcgacaacggtttaggtgggtacggTCTTGAAGCAGGCTCAACAGGTACTGAACATATAGTTTTATCGGTCAGTGGAATGTCCTGTACTGGTTGTGAATCAAAACTTAAGAAATCATTTGGCGCGCTCAAATGTGatcccggtaagtgtggactatattt
CAD2.medium:Start-1275|PCA1:1276-End|RT:55_nt_each,gcgacaacggtttaggtgggtacggAGGTACTGAACATATAGTTTTATCGGTCAGTGGAATGACTTGTACTGGATGTGAGTCAAAACTTAAGAAATCATTTGGCGCGCTCAAATGTGTTCACGGTTTGAAGACCAatcccggtaagtgtggactatattt
CAD2.medium:Start-1446|PCA1:1447-End|RT:55_nt_each,gcgacaacggtttaggtgggtacggCATTAAACATTTATCTAAGACAACAGAATTCAAATATGAACAAATTTCAAATCATGGTTCAACTATAGATGTTGTTGTTCCTTATGCAGCAAAAGATTTTATTAATGAGGatcccggtaagtgtggactatattt
CAD2.medium:Start-1467|PCA1:1468-End|RT:55_nt_each,gcgacaacggtttaggtgggtacggAACAGAATTCAAATATGAACAAATTTCAAATCATGCGTCAACCATCGATGTTGTGGTTCCTTATGCAGCAAAAGATTTTATTAATGAGGAATGGCCACAAGGTGTCACAGatcccggtaagtgtggactatattt
CAD2.medium:Start-1545|PCA1:1546-End|RT:55_nt_each,gcgacaacggtttaggtgggtacggTATCAACGAAGAATGGCCACAGGGCGTGACGGAGTTGAAGATAGTCGAGAGAAATATCATTCGTATTTACTTTGACCCAAAGGTTATAGGTGCCAGAGATCTTGTCAATGatcccggtaagtgtggactatattt
CAD2.medium:Start-1770|PCA1:1771-End|RT:55_nt_each,gcgacaacggtttaggtgggtacggTATACCCATCTTGGTGATGGCATGGGCACCTCAACTGAGAGAAAAGATATCGACTATCTCCGCGTCAATGGTGCTAGCAACTATTATTCAATTTGTTATTGCAGGACCGTatcccggtaagtgtggactatattt
CAD2.medium:Start-1773|PCA1:1774-End|RT:55_nt_each,gcgacaacggtttaggtgggtacggACCCATCTTGGTGATGGCATGGGCACCTCAACTGAGAGAAAAGATATCGACTATGTCCGCGTCAATGGTGCTAGCAACTATTATTCAATTTGTTATTGCAGGACCGTTTTatcccggtaagtgtggactatattt
CAD2.medium:Start-1944|PCA1:1945-End|RT:55_nt_each,gcgacaacggtttaggtgggtacggGTTGAGCACCTCGGCCGCATATATTTTCTCAATAGTATCTTTTGGCTATTTTGTTGTTGGACGCCCGTTATCTACGGAGCAGTTTTTTGAAACCAGCTCTTTGCTTGTAAatcccggtaagtgtggactatattt
CAD2.medium:Start-1947|PCA1:1948-End|RT:55_nt_each,gcgacaacggtttaggtgggtacggGAGCACCTCGGCCGCATATATTTTCTCAATAGTATCTTTTGGCTATTTTGTTGCGGGACGCCCGTTATCTACGGAGCAGTTTTTTGAAACCAGCTCTTTGCTTGTAACTCatcccggtaagtgtggactatattt
CAD2.medium:Start-2127|PCA1:2128-End|RT:55_nt_each,gcgacaacggtttaggtgggtacggTCTACAAGCCTCAAGCGCCATACTCGTAGATAAGACCGGCAAGGAAACGGAAATCAATATTAGACTTCTCCAATATGGCGATATTTTTAAGGTTTTACCTGATTCAAGAAatcccggtaagtgtggactatattt
CAD2.medium:Start-2163|PCA1:2164-End|RT:55_nt_each,gcgacaacggtttaggtgggtacggCGGCAAGGAAACGGAAATCGACATTCGGTTGTTACAATATGGGGATATATTTAAAGTTTTACCTGATTCAAGAATCCCAACTGATGGAACAGTCATTTCTGGGTCTTCTGatcccggtaagtgtggactatattt
CAD2.medium:Start-2505|PCA1:2506-End|RT:55_nt_each,gcgacaacggtttaggtgggtacggAATAGGTATAACGGTAGTCACATTCTGTGTATGGATAGCAGTAGGCATAAGGGTAGAAAAGCAATCCCGCTCCGATGCCGTAATTCAGGCCATTATATATGCCATTACGGatcccggtaagtgtggactatattt
CAD2.medium:Start-2583|PCA1:2584-End|RT:55_nt_each,gcgacaacggtttaggtgggtacggTGTCATTCAAGCTATAATTTACGCTATAACAGTACTAATTGTGTCTTGCCCATGCGTGATTGGACTTGCCGTTCCTATCGTATTTGTTATTGCAAGTGGCGTCGCTGCGAatcccggtaagtgtggactatattt
CAD2.medium:Start-2907|PCA1:2908-End|RT:55_nt_each,gcgacaacggtttaggtgggtacggGGAAAAGGGTGTTAGTGCGCAAAATGTCTCGAACACTAAGGCTGTGACCGGTAAACGGGTAGAAGGAACATCATACTCTGGTTTGAAGTTACAAGGAGGGAACTGTCGTTatcccggtaagtgtggactatattt
CAD2.medium:Start-3339|PCA1:3340-End|RT:55_nt_each,gcgacaacggtttaggtgggtacggACAAAGCAAAAGGCCCGTCGTGGTTTTCTGCGGGGATGGAACAAATGATGCAATCGGTTTGACTCAAGCAACGATTGGAGTTCATATCAATGAGGGAAGTGAGGTTGCCAatcccggtaagtgtggactatattt
CAD2.medium:Start-3624|PCA1:3625-End|RT:55_nt_each,gcgacaacggtttaggtgggtacggCGAATATGCGGGTTTGGGTGAACTAGTCAGTATTCTACCTGTAATTTTCGTCGCCATACTTCTGCGTTATGCAAAGATTTAGTCCAGGTACTGCTGCTATTTGATTGTAGatcccggtaagtgtggactatattt
CAD2.medium:Start-3645|PCA1:3646-End|RT:55_nt_each,gcgacaacggtttaggtgggtacggACTAGTCAGTATTCTACCTGTAATTTTCGTCGCCACGCTTCTGAGATACGCTAAAATTTAGTCCAGGTACTGCTGCTATTTGATTGTAGATTTTCTTTTTTCTTTTCTTTatcccggtaagtgtggactatattt
CAD2.medium:Start-3648|PCA1:3649-End|RT:55_nt_each,gcgacaacggtttaggtgggtacggAGTCAGTATTCTACCTGTAATTTTCGTCGCCACGCTTCTGAGATACGCTAAAGTCTAGTCCAGGTACTGCTGCTATTTGATTGTAGATTTTCTTTTTTCTTTTCTTTTTTatcccggtaagtgtggactatattt
CAD2.medium:Start-114|PCA1:115-End|RT:64_nt_each,gcgacaacggtttaggTGGTGTGGTGAACTCTGAGAATATTTCGATCGACGCCATGCAAGATAATCGTGGGGAATGTCATCGTAGATCCATAGAAATGCATGCTAATGACAATCTGGGATTGGTCTCCCAGCGAGACTGTACCAagtgtggactatattt
CAD2.medium:Start-129|PCA1:130-End|RT:64_nt_each,gcgacaacggtttaggTGAGAATATTTCGATCGACGCCATGCAAGATAATCGTGGGGAATGTCATCTGCGTAGTATAGAAATGCATGCTAATGACAATCTGGGATTGGTCTCCCAGCGAGACTGTACCAATCGGCCCAAAATTAagtgtggactatattt
CAD2.medium:Start-426|PCA1:427-End|RT:64_nt_each,gcgacaacggtttaggCGTAGATAGTTGTTGTGGAGATGCTCAAACTGGTGGTGATCATACGAATGAAAGCTGTGTTGACGGATGCTGCGTTAGAGATTCTTCAGTGATGGTCGAGGAAGTTACAGGCAGCTGCGAAGCTGTATagtgtggactatattt
CAD2.medium:Start-465|PCA1:466-End|RT:64_nt_each,gcgacaacggtttaggTCATACGAATGAAAGCTGTGTTGACGAGTGTTGTGTTAGAGATTCTTCCGTTATGGTTGAAGAAGTTACAGGCAGCTGCGAAGCTGTATCTTCTAAAGAACAATTGCTGACCAGCTTTGAAGTTGTTCagtgtggactatattt
CAD2.medium:Start-627|PCA1:628-End|RT:64_nt_each,gcgacaacggtttaggCATTAGAGAGACTACACGCTGTAATACAAATTCCAATCAGCATACAGGTAAAGGCAGATTGTGTATCGAATCAAGTGACTCTACACTCAAGAAAAGAAGTTGTAAAGTTAGCAGACAGAAAATTGAGGagtgtggactatattt
CAD2.medium:Start-660|PCA1:661-End|RT:64_nt_each,gcgacaacggtttaggCAATCAGCATACAGGTAAAGGCAGATTGTGTCTGGAGTCGTCCGACAGCACTTTAAAGAAGCGTAGTTGTAAAGTTAGCAGACAGAAAATTGAGGTTTCCAGTAAGCCTGAGTGCTGCAACATTTCATagtgtggactatattt
CAD2.medium:Start-774|PCA1:775-End|RT:64_nt_each,gcgacaacggtttaggCTGCAACATTTCTTGTGTCGAAAGAATAGCCTCAAGATCATGTGAAAAGAGAACATTCAAAGGCAGCACCAATGTTGGAATTTCTGGGAGTAGCTCTACCGACAGTTTAAGCGAGAAGTTCTTCAGCGagtgtggactatattt
CAD2.medium:Start-1032|PCA1:1033-End|RT:64_nt_each,gcgacaacggtttaggTGCGAGTAAGAAGACTAAGTATTCCTATCGTAACAGTAGTGGATGCTTAACTAAGAAGAAGACTCATGGAGACAAAGAAAGGTTGAGCAATGACAATGGCCATGCTGATTTTGTTTGTTCTAAAAGTTagtgtggactatattt
CAD2.medium:Start-1188|PCA1:1189-End|RT:64_nt_each,gcgacaacggtttaggGACTTCGACTATATCAGGACATAGCTCATCCGAGATATCTAGAATTGTTAGTATGGAACCAATTGAAAATCATCTTAATCTTGAGGCAGGATCTACCGGTACCGAGCACATTGTTCTTAGTGTTTCAGagtgtggactatattt
CAD2.medium:Start-1257|PCA1:1258-End|RT:64_nt_each,gcgacaacggtttaggCCATCTTAATCTTGAAGCAGGCTCAACAGGTACTGAACATATAGTTTTATCGGTCAGTGGAATGTCCTGTACTGGTTGTGAATCAAAACTTAAGAAATCATTTGGCGCGCTCAAATGTGTTCACGGTTagtgtggactatattt
CAD2.medium:Start-1275|PCA1:1276-End|RT:64_nt_each,gcgacaacggtttaggAGGCTCAACAGGTACTGAACATATAGTTTTATCGGTCAGTGGAATGACTTGTACTGGATGTGAGTCAAAACTTAAGAAATCATTTGGCGCGCTCAAATGTGTTCACGGTTTGAAGACCAGTTTAATATagtgtggactatattt
CAD2.medium:Start-1446|PCA1:1447-End|RT:64_nt_each,gcgacaacggtttaggAAAAGATGTCATTAAACATTTATCTAAGACAACAGAATTCAAATATGAACAAATTTCAAATCATGGTTCAACTATAGATGTTGTTGTTCCTTATGCAGCAAAAGATTTTATTAATGAGGAATGGCCACagtgtggactatattt
CAD2.medium:Start-1467|PCA1:1468-End|RT:64_nt_each,gcgacaacggtttaggATCTAAGACAACAGAATTCAAATATGAACAAATTTCAAATCATGCGTCAACCATCGATGTTGTGGTTCCTTATGCAGCAAAAGATTTTATTAATGAGGAATGGCCACAAGGTGTCACAGAGCTGAAAAagtgtggactatattt
CAD2.medium:Start-1545|PCA1:1546-End|RT:64_nt_each,gcgacaacggtttaggGAAAGATTTTATCAACGAAGAATGGCCACAGGGCGTGACGGAGTTGAAGATAGTCGAGAGAAATATCATTCGTATTTACTTTGACCCAAAGGTTATAGGTGCCAGAGATCTTGTCAATGAAGGATGGAagtgtggactatattt
CAD2.medium:Start-1770|PCA1:1771-End|RT:64_nt_each,gcgacaacggtttaggTATTCTTACTATACCCATCTTGGTGATGGCATGGGCACCTCAACTGAGAGAAAAGATATCGACTATCTCCGCGTCAATGGTGCTAGCAACTATTATTCAATTTGTTATTGCAGGACCGTTTTACTTAAagtgtggactatattt
CAD2.medium:Start-1773|PCA1:1774-End|RT:64_nt_each,gcgacaacggtttaggTCTTACTATACCCATCTTGGTGATGGCATGGGCACCTCAACTGAGAGAAAAGATATCGACTATGTCCGCGTCAATGGTGCTAGCAACTATTATTCAATTTGTTATTGCAGGACCGTTTTACTTAAATGagtgtggactatattt
CAD2.medium:Start-1944|PCA1:1945-End|RT:64_nt_each,gcgacaacggtttaggGCTTATTGTGTTGAGCACCTCGGCCGCATATATTTTCTCAATAGTATCTTTTGGCTATTTTGTTGTTGGACGCCCGTTATCTACGGAGCAGTTTTTTGAAACCAGCTCTTTGCTTGTAACTCTCATCAagtgtggactatattt
CAD2.medium:Start-1947|PCA1:1948-End|RT:64_nt_each,gcgacaacggtttaggTATTGTGTTGAGCACCTCGGCCGCATATATTTTCTCAATAGTATCTTTTGGCTATTTTGTTGCGGGACGCCCGTTATCTACGGAGCAGTTTTTTGAAACCAGCTCTTTGCTTGTAACTCTCATCATGGagtgtggactatattt
CAD2.medium:Start-2127|PCA1:2128-End|RT:64_nt_each,gcgacaacggtttaggAGTGAGATCTCTACAAGCCTCAAGCGCCATACTCGTAGATAAGACCGGCAAGGAAACGGAAATCAATATTAGACTTCTCCAATATGGCGATATTTTTAAGGTTTTACCTGATTCAAGAATCCCAACTGagtgtggactatattt
CAD2.medium:Start-2163|PCA1:2164-End|RT:64_nt_each,gcgacaacggtttaggAGATAAGACCGGCAAGGAAACGGAAATCGACATTCGGTTGTTACAATATGGGGATATATTTAAAGTTTTACCTGATTCAAGAATCCCAACTGATGGAACAGTCATTTCTGGGTCTTCTGAAGTCGACGagtgtggactatattt
CAD2.medium:Start-2505|PCA1:2506-End|RT:64_nt_each,gcgacaacggtttaggTCCAACGATAATAGGTATAACGGTAGTCACATTCTGTGTATGGATAGCAGTAGGCATAAGGGTAGAAAAGCAATCCCGCTCCGATGCCGTAATTCAGGCCATTATATATGCCATTACGGTACTTATCGagtgtggactatattt
CAD2.medium:Start-2583|PCA1:2584-End|RT:64_nt_each,gcgacaacggtttaggATCCGATGCTGTCATTCAAGCTATAATTTACGCTATAACAGTACTAATTGTGTCTTGCCCATGCGTGATTGGACTTGCCGTTCCTATCGTATTTGTTATTGCAAGTGGCGTCGCTGCGAAAAGAGGGGagtgtggactatattt
CAD2.medium:Start-2907|PCA1:2908-End|RT:64_nt_each,gcgacaacggtttaggTTACTTGAAGGAAAAGGGTGTTAGTGCGCAAAATGTCTCGAACACTAAGGCTGTGACCGGTAAACGGGTAGAAGGAACATCATACTCTGGTTTGAAGTTACAAGGAGGGAACTGTCGTTGGCTTGGTCagtgtggactatattt
CAD2.medium:Start-3339|PCA1:3340-End|RT:64_nt_each,gcgacaacggtttaggTTCGTCATCACAAAGCAAAAGGCCCGTCGTGGTTTTCTGCGGGGATGGAACAAATGATGCAATCGGTTTGACTCAAGCAACGATTGGAGTTCATATCAATGAGGGAAGTGAGGTTGCCAAGCTAGCTGagtgtggactatattt
CAD2.medium:Start-3624|PCA1:3625-End|RT:64_nt_each,gcgacaacggtttaggTATCCCACCCGAATATGCGGGTTTGGGTGAACTAGTCAGTATTCTACCTGTAATTTTCGTCGCCATACTTCTGCGTTATGCAAAGATTTAGTCCAGGTACTGCTGCTATTTGATTGTAGATTTTCTTTagtgtggactatattt
CAD2.medium:Start-3645|PCA1:3646-End|RT:64_nt_each,gcgacaacggtttaggTTTGGGTGAACTAGTCAGTATTCTACCTGTAATTTTCGTCGCCACGCTTCTGAGATACGCTAAAATTTAGTCCAGGTACTGCTGCTATTTGATTGTAGATTTTCTTTTTTCTTTTCTTTTTTTTTTTTagtgtggactatattt
CAD2.medium:Start-3648|PCA1:3649-End|RT:64_nt_each,gcgacaacggtttaggGGGTGAACTAGTCAGTATTCTACCTGTAATTTTCGTCGCCACGCTTCTGAGATACGCTAAAGTCTAGTCCAGGTACTGCTGCTATTTGATTGTAGATTTTCTTTTTTCTTTTCTTTTTTTTTTTTGACagtgtggactatattt
CAD2.medium:Start-114|PCA1:115-End|RT:74_nt_each,gcgacaACGGCGAGTATGGTGTGGTGAACTCTGAGAATATTTCGATCGACGCCATGCAAGATAATCGTGGGGAATGTCATCGTAGATCCATAGAAATGCATGCTAATGACAATCTGGGATTGGTCTCCCAGCGAGACTGTACCAATCGGCCCAAatattt
CAD2.medium:Start-129|PCA1:130-End|RT:74_nt_each,gcgacaTGGTGAACTCTGAGAATATTTCGATCGACGCCATGCAAGATAATCGTGGGGAATGTCATCTGCGTAGTATAGAAATGCATGCTAATGACAATCTGGGATTGGTCTCCCAGCGAGACTGTACCAATCGGCCCAAAATTACTCCTCAGGAatattt
CAD2.medium:Start-426|PCA1:427-End|RT:74_nt_each,gcgacaCCGGTCTTGACGTAGATAGTTGTTGTGGAGATGCTCAAACTGGTGGTGATCATACGAATGAAAGCTGTGTTGACGGATGCTGCGTTAGAGATTCTTCAGTGATGGTCGAGGAAGTTACAGGCAGCTGCGAAGCTGTATCTTCTAAAGAatattt
CAD2.medium:Start-465|PCA1:466-End|RT:74_nt_each,gcgacaCTGGTGGTGATCATACGAATGAAAGCTGTGTTGACGAGTGTTGTGTTAGAGATTCTTCCGTTATGGTTGAAGAAGTTACAGGCAGCTGCGAAGCTGTATCTTCTAAAGAACAATTGCTGACCAGCTTTGAAGTTGTTCCAAGCAAATCatattt
CAD2.medium:Start-627|PCA1:628-End|RT:74_nt_each,gcgacaCTATACACGACATTAGAGAGACTACACGCTGTAATACAAATTCCAATCAGCATACAGGTAAAGGCAGATTGTGTATCGAATCAAGTGACTCTACACTCAAGAAAAGAAGTTGTAAAGTTAGCAGACAGAAAATTGAGGTTTCCAGTAAatattt
CAD2.medium:Start-660|PCA1:661-End|RT:74_nt_each,gcgacaATACAAATTCCAATCAGCATACAGGTAAAGGCAGATTGTGTCTGGAGTCGTCCGACAGCACTTTAAAGAAGCGTAGTTGTAAAGTTAGCAGACAGAAAATTGAGGTTTCCAGTAAGCCTGAGTGCTGCAACATTTCATGTGTTGAGCGatattt
CAD2.medium:Start-774|PCA1:775-End|RT:74_nt_each,gcgacaAGCCAGAATGCTGCAACATTTCTTGTGTCGAAAGAATAGCCTCAAGATCATGTGAAAAGAGAACATTCAAAGGCAGCACCAATGTTGGAATTTCTGGGAGTAGCTCTACCGACAGTTTAAGCGAGAAGTTCTTCAGCGAACAGTACTCatattt
CAD2.medium:Start-1032|PCA1:1033-End|RT:74_nt_each,gcgacaGCGGTGAAGGTGCGAGTAAGAAGACTAAGTATTCCTATCGTAACAGTAGTGGATGCTTAACTAAGAAGAAGACTCATGGAGACAAAGAAAGGTTGAGCAATGACAATGGCCATGCTGATTTTGTTTGTTCTAAAAGTTGTTGCACTAAatattt
CAD2.medium:Start-1188|PCA1:1189-End|RT:74_nt_each,gcgacaACTGCGCAGTGACTTCGACTATATCAGGACATAGCTCATCCGAGATATCTAGAATTGTTAGTATGGAACCAATTGAAAATCATCTTAATCTTGAGGCAGGATCTACCGGTACCGAGCACATTGTTCTTAGTGTTTCAGGAATGTCCTGatattt
CAD2.medium:Start-1257|PCA1:1258-End|RT:74_nt_each,gcgacaCAATTGGCAACCATCTTAATCTTGAAGCAGGCTCAACAGGTACTGAACATATAGTTTTATCGGTCAGTGGAATGTCCTGTACTGGTTGTGAATCAAAACTTAAGAAATCATTTGGCGCGCTCAAATGTGTTCACGGTTTGAAGACCAGatattt
CAD2.medium:Start-1275|PCA1:1276-End|RT:74_nt_each,gcgacaATCTTGAAGCAGGCTCAACAGGTACTGAACATATAGTTTTATCGGTCAGTGGAATGACTTGTACTGGATGTGAGTCAAAACTTAAGAAATCATTTGGCGCGCTCAAATGTGTTCACGGTTTGAAGACCAGTTTAATATTATCGCAAGCatattt
CAD2.medium:Start-1446|PCA1:1447-End|RT:74_nt_each,gcgacaAAGGTTCTGTAAAAGATGTCATTAAACATTTATCTAAGACAACAGAATTCAAATATGAACAAATTTCAAATCATGGTTCAACTATAGATGTTGTTGTTCCTTATGCAGCAAAAGATTTTATTAATGAGGAATGGCCACAAGGTGTCACatattt
CAD2.medium:Start-1467|PCA1:1468-End|RT:74_nt_each,gcgacaTTAAACATTTATCTAAGACAACAGAATTCAAATATGAACAAATTTCAAATCATGCGTCAACCATCGATGTTGTGGTTCCTTATGCAGCAAAAGATTTTATTAATGAGGAATGGCCACAAGGTGTCACAGAGCTGAAAATTGTTGAGAGatattt
CAD2.medium:Start-1545|PCA1:1546-End|RT:74_nt_each,gcgacaCATATGCCGCGAAAGATTTTATCAACGAAGAATGGCCACAGGGCGTGACGGAGTTGAAGATAGTCGAGAGAAATATCATTCGTATTTACTTTGACCCAAAGGTTATAGGTGCCAGAGATCTTGTCAATGAAGGATGGAGCGTGCCTGTatattt
CAD2.medium:Start-1770|PCA1:1771-End|RT:74_nt_each,gcgacaCCCTCTCCATTATTCTTACTATACCCATCTTGGTGATGGCATGGGCACCTCAACTGAGAGAAAAGATATCGACTATCTCCGCGTCAATGGTGCTAGCAACTATTATTCAATTTGTTATTGCAGGACCGTTTTACTTAAATGCCTTGAAatattt
CAD2.medium:Start-1773|PCA1:1774-End|RT:74_nt_each,gcgacaTCTCCATTATTCTTACTATACCCATCTTGGTGATGGCATGGGCACCTCAACTGAGAGAAAAGATATCGACTATGTCCGCGTCAATGGTGCTAGCAACTATTATTCAATTTGTTATTGCAGGACCGTTTTACTTAAATGCCTTGAAGAGatattt
CAD2.medium:Start-1944|PCA1:1945-End|RT:74_nt_each,gcgacaAAATGGATCTGCTTATTGTGTTGAGCACCTCGGCCGCATATATTTTCTCAATAGTATCTTTTGGCTATTTTGTTGTTGGACGCCCGTTATCTACGGAGCAGTTTTTTGAAACCAGCTCTTTGCTTGTAACTCTCATCATGGTTGGTCGatattt
CAD2.medium:Start-1947|PCA1:1948-End|RT:74_nt_each,gcgacaTGGATCTGCTTATTGTGTTGAGCACCTCGGCCGCATATATTTTCTCAATAGTATCTTTTGGCTATTTTGTTGCGGGACGCCCGTTATCTACGGAGCAGTTTTTTGAAACCAGCTCTTTGCTTGTAACTCTCATCATGGTTGGTCGCTTatattt
CAD2.medium:Start-2127|PCA1:2128-End|RT:74_nt_each,gcgacaAGAGCATCTCAGTGAGATCTCTACAAGCCTCAAGCGCCATACTCGTAGATAAGACCGGCAAGGAAACGGAAATCAATATTAGACTTCTCCAATATGGCGATATTTTTAAGGTTTTACCTGATTCAAGAATCCCAACTGATGGAACAGTatattt
CAD2.medium:Start-2163|PCA1:2164-End|RT:74_nt_each,gcgacaCCATACTCGTAGATAAGACCGGCAAGGAAACGGAAATCGACATTCGGTTGTTACAATATGGGGATATATTTAAAGTTTTACCTGATTCAAGAATCCCAACTGATGGAACAGTCATTTCTGGGTCTTCTGAAGTCGACGAAGCGTTAATatattt
CAD2.medium:Start-2505|PCA1:2506-End|RT:74_nt_each,gcgacaCATACTTTGTTCCAACGATAATAGGTATAACGGTAGTCACATTCTGTGTATGGATAGCAGTAGGCATAAGGGTAGAAAAGCAATCCCGCTCCGATGCCGTAATTCAGGCCATTATATATGCCATTACGGTACTTATCGTTTCGTGTCCatattt
CAD2.medium:Start-2583|PCA1:2584-End|RT:74_nt_each,gcgacaAGCAGAGCAGATCCGATGCTGTCATTCAAGCTATAATTTACGCTATAACAGTACTAATTGTGTCTTGCCCATGCGTGATTGGACTTGCCGTTCCTATCGTATTTGTTATTGCAAGTGGCGTCGCTGCGAAAAGAGGGGTAATCTTCAAatattt
CAD2.medium:Start-2907|PCA1:2908-End|RT:74_nt_each,gcgacaCAATTGCAAGTTACTTGAAGGAAAAGGGTGTTAGTGCGCAAAATGTCTCGAACACTAAGGCTGTGACCGGTAAACGGGTAGAAGGAACATCATACTCTGGTTTGAAGTTACAAGGAGGGAACTGTCGTTGGCTTGGTCATAACAATGAatattt
CAD2.medium:Start-3339|PCA1:3340-End|RT:74_nt_each,gcgacaGAAACTGTGATTCGTCATCACAAAGCAAAAGGCCCGTCGTGGTTTTCTGCGGGGATGGAACAAATGATGCAATCGGTTTGACTCAAGCAACGATTGGAGTTCATATCAATGAGGGAAGTGAGGTTGCCAAGCTAGCTGCTGATGTAGTatattt
CAD2.medium:Start-3624|PCA1:3625-End|RT:74_nt_each,gcgacaTCGATTTTCATATCCCACCCGAATATGCGGGTTTGGGTGAACTAGTCAGTATTCTACCTGTAATTTTCGTCGCCATACTTCTGCGTTATGCAAAGATTTAGTCCAGGTACTGCTGCTATTTGATTGTAGATTTTCTTTTTTCTTTTCTatattt
CAD2.medium:Start-3645|PCA1:3646-End|RT:74_nt_each,gcgacaAATATGCGGGTTTGGGTGAACTAGTCAGTATTCTACCTGTAATTTTCGTCGCCACGCTTCTGAGATACGCTAAAATTTAGTCCAGGTACTGCTGCTATTTGATTGTAGATTTTCTTTTTTCTTTTCTTTTTTTTTTTTGACGACTCTGatattt
CAD2.medium:Start-3648|PCA1:3649-End|RT:74_nt_each,gcgacaATGCGGGTTTGGGTGAACTAGTCAGTATTCTACCTGTAATTTTCGTCGCCACGCTTCTGAGATACGCTAAAGTCTAGTCCAGGTACTGCTGCTATTTGATTGTAGATTTTCTTTTTTCTTTTCTTTTTTTTTTTTGACGACTCTGTAAatattt
CAD2.medium:Start-114|PCA1:115-End|RT:80_nt_each,CGTCTGACGGCGAGTATGGTGTGGTGAACTCTGAGAATATTTCGATCGACGCCATGCAAGATAATCGTGGGGAATGTCATCGTAGATCCATAGAAATGCATGCTAATGACAATCTGGGATTGGTCTCCCAGCGAGACTGTACCAATCGGCCCAAAATTAC
CAD2.medium:Start-129|PCA1:130-End|RT:80_nt_each,ATGGTGTGGTGAACTCTGAGAATATTTCGATCGACGCCATGCAAGATAATCGTGGGGAATGTCATCTGCGTAGTATAGAAATGCATGCTAATGACAATCTGGGATTGGTCTCCCAGCGAGACTGTACCAATCGGCCCAAAATTACTCCTCAGGAATGTTT
CAD2.medium:Start-426|PCA1:427-End|RT:80_nt_each,CTGAAACCGGTCTTGACGTAGATAGTTGTTGTGGAGATGCTCAAACTGGTGGTGATCATACGAATGAAAGCTGTGTTGACGGATGCTGCGTTAGAGATTCTTCAGTGATGGTCGAGGAAGTTACAGGCAGCTGCGAAGCTGTATCTTCTAAAGAACAATT
CAD2.medium:Start-465|PCA1:466-End|RT:80_nt_each,CTCAAACTGGTGGTGATCATACGAATGAAAGCTGTGTTGACGAGTGTTGTGTTAGAGATTCTTCCGTTATGGTTGAAGAAGTTACAGGCAGCTGCGAAGCTGTATCTTCTAAAGAACAATTGCTGACCAGCTTTGAAGTTGTTCCAAGCAAATCTGAAGG
CAD2.medium:Start-627|PCA1:628-End|RT:80_nt_each,TGCAATCTATACACGACATTAGAGAGACTACACGCTGTAATACAAATTCCAATCAGCATACAGGTAAAGGCAGATTGTGTATCGAATCAAGTGACTCTACACTCAAGAAAAGAAGTTGTAAAGTTAGCAGACAGAAAATTGAGGTTTCCAGTAAGCCTGA
CAD2.medium:Start-660|PCA1:661-End|RT:80_nt_each,GCTGTAATACAAATTCCAATCAGCATACAGGTAAAGGCAGATTGTGTCTGGAGTCGTCCGACAGCACTTTAAAGAAGCGTAGTTGTAAAGTTAGCAGACAGAAAATTGAGGTTTCCAGTAAGCCTGAGTGCTGCAACATTTCATGTGTTGAGCGGATTGC
CAD2.medium:Start-774|PCA1:775-End|RT:80_nt_each,CCAGTAAGCCAGAATGCTGCAACATTTCTTGTGTCGAAAGAATAGCCTCAAGATCATGTGAAAAGAGAACATTCAAAGGCAGCACCAATGTTGGAATTTCTGGGAGTAGCTCTACCGACAGTTTAAGCGAGAAGTTCTTCAGCGAACAGTACTCTAGAAT
CAD2.medium:Start-1032|PCA1:1033-End|RT:80_nt_each,TTTGTAGCGGTGAAGGTGCGAGTAAGAAGACTAAGTATTCCTATCGTAACAGTAGTGGATGCTTAACTAAGAAGAAGACTCATGGAGACAAAGAAAGGTTGAGCAATGACAATGGCCATGCTGATTTTGTTTGTTCTAAAAGTTGTTGCACTAAAATGAA
CAD2.medium:Start-1188|PCA1:1189-End|RT:80_nt_each,TGAAGGACTGCGCAGTGACTTCGACTATATCAGGACATAGCTCATCCGAGATATCTAGAATTGTTAGTATGGAACCAATTGAAAATCATCTTAATCTTGAGGCAGGATCTACCGGTACCGAGCACATTGTTCTTAGTGTTTCAGGAATGTCCTGTACTGG
CAD2.medium:Start-1257|PCA1:1258-End|RT:80_nt_each,TGGAACCAATTGGCAACCATCTTAATCTTGAAGCAGGCTCAACAGGTACTGAACATATAGTTTTATCGGTCAGTGGAATGTCCTGTACTGGTTGTGAATCAAAACTTAAGAAATCATTTGGCGCGCTCAAATGTGTTCACGGTTTGAAGACCAGTTTAAT
CAD2.medium:Start-1275|PCA1:1276-End|RT:80_nt_each,ATCTTAATCTTGAAGCAGGCTCAACAGGTACTGAACATATAGTTTTATCGGTCAGTGGAATGACTTGTACTGGATGTGAGTCAAAACTTAAGAAATCATTTGGCGCGCTCAAATGTGTTCACGGTTTGAAGACCAGTTTAATATTATCGCAAGCTGAATT
CAD2.medium:Start-1446|PCA1:1447-End|RT:80_nt_each,TAGCTCAAGGTTCTGTAAAAGATGTCATTAAACATTTATCTAAGACAACAGAATTCAAATATGAACAAATTTCAAATCATGGTTCAACTATAGATGTTGTTGTTCCTTATGCAGCAAAAGATTTTATTAATGAGGAATGGCCACAAGGTGTCACAGAGCT
CAD2.medium:Start-1467|PCA1:1468-End|RT:80_nt_each,ATGTCATTAAACATTTATCTAAGACAACAGAATTCAAATATGAACAAATTTCAAATCATGCGTCAACCATCGATGTTGTGGTTCCTTATGCAGCAAAAGATTTTATTAATGAGGAATGGCCACAAGGTGTCACAGAGCTGAAAATTGTTGAGAGAAATAT
CAD2.medium:Start-1545|PCA1:1546-End|RT:80_nt_each,TGGCTCCATATGCCGCGAAAGATTTTATCAACGAAGAATGGCCACAGGGCGTGACGGAGTTGAAGATAGTCGAGAGAAATATCATTCGTATTTACTTTGACCCAAAGGTTATAGGTGCCAGAGATCTTGTCAATGAAGGATGGAGCGTGCCTGTTAGTAT
CAD2.medium:Start-1770|PCA1:1771-End|RT:80_nt_each,CTACTGCCCTCTCCATTATTCTTACTATACCCATCTTGGTGATGGCATGGGCACCTCAACTGAGAGAAAAGATATCGACTATCTCCGCGTCAATGGTGCTAGCAACTATTATTCAATTTGTTATTGCAGGACCGTTTTACTTAAATGCCTTGAAGAGTTT
CAD2.medium:Start-1773|PCA1:1774-End|RT:80_nt_each,CTGCCCTCTCCATTATTCTTACTATACCCATCTTGGTGATGGCATGGGCACCTCAACTGAGAGAAAAGATATCGACTATGTCCGCGTCAATGGTGCTAGCAACTATTATTCAATTTGTTATTGCAGGACCGTTTTACTTAAATGCCTTGAAGAGTTTGAT
CAD2.medium:Start-1944|PCA1:1945-End|RT:80_nt_each,TAATTGAAATGGATCTGCTTATTGTGTTGAGCACCTCGGCCGCATATATTTTCTCAATAGTATCTTTTGGCTATTTTGTTGTTGGACGCCCGTTATCTACGGAGCAGTTTTTTGAAACCAGCTCTTTGCTTGTAACTCTCATCATGGTTGGTCGCTTTGT
CAD2.medium:Start-1947|PCA1:1948-End|RT:80_nt_each,TTGAAATGGATCTGCTTATTGTGTTGAGCACCTCGGCCGCATATATTTTCTCAATAGTATCTTTTGGCTATTTTGTTGCGGGACGCCCGTTATCTACGGAGCAGTTTTTTGAAACCAGCTCTTTGCTTGTAACTCTCATCATGGTTGGTCGCTTTGTGAG
CAD2.medium:Start-2127|PCA1:2128-End|RT:80_nt_each,CTGTAAAGAGCATCTCAGTGAGATCTCTACAAGCCTCAAGCGCCATACTCGTAGATAAGACCGGCAAGGAAACGGAAATCAATATTAGACTTCTCCAATATGGCGATATTTTTAAGGTTTTACCTGATTCAAGAATCCCAACTGATGGAACAGTCATTTC
CAD2.medium:Start-2163|PCA1:2164-End|RT:80_nt_each,CAAGCGCCATACTCGTAGATAAGACCGGCAAGGAAACGGAAATCGACATTCGGTTGTTACAATATGGGGATATATTTAAAGTTTTACCTGATTCAAGAATCCCAACTGATGGAACAGTCATTTCTGGGTCTTCTGAAGTCGACGAAGCGTTAATCACAGG
CAD2.medium:Start-2505|PCA1:2506-End|RT:80_nt_each,TTGCCTCATACTTTGTTCCAACGATAATAGGTATAACGGTAGTCACATTCTGTGTATGGATAGCAGTAGGCATAAGGGTAGAAAAGCAATCCCGCTCCGATGCCGTAATTCAGGCCATTATATATGCCATTACGGTACTTATCGTTTCGTGTCCCTGCGT
CAD2.medium:Start-2583|PCA1:2584-End|RT:80_nt_each,TACAAAAGCAGAGCAGATCCGATGCTGTCATTCAAGCTATAATTTACGCTATAACAGTACTAATTGTGTCTTGCCCATGCGTGATTGGACTTGCCGTTCCTATCGTATTTGTTATTGCAAGTGGCGTCGCTGCGAAAAGAGGGGTAATCTTCAAATCAGC
CAD2.medium:Start-2907|PCA1:2908-End|RT:80_nt_each,CTATGGCAATTGCAAGTTACTTGAAGGAAAAGGGTGTTAGTGCGCAAAATGTCTCGAACACTAAGGCTGTGACCGGTAAACGGGTAGAAGGAACATCATACTCTGGTTTGAAGTTACAAGGAGGGAACTGTCGTTGGCTTGGTCATAACAATGATCCTGA
CAD2.medium:Start-3339|PCA1:3340-End|RT:80_nt_each,AAGGTAGAAACTGTGATTCGTCATCACAAAGCAAAAGGCCCGTCGTGGTTTTCTGCGGGGATGGAACAAATGATGCAATCGGTTTGACTCAAGCAACGATTGGAGTTCATATCAATGAGGGAAGTGAGGTTGCCAAGCTAGCTGCTGATGTAGTTATGTT
CAD2.medium:Start-3624|PCA1:3625-End|RT:80_nt_each,CTTTTGTCGATTTTCATATCCCACCCGAATATGCGGGTTTGGGTGAACTAGTCAGTATTCTACCTGTAATTTTCGTCGCCATACTTCTGCGTTATGCAAAGATTTAGTCCAGGTACTGCTGCTATTTGATTGTAGATTTTCTTTTTTCTTTTCTTTTTTT
CAD2.medium:Start-3645|PCA1:3646-End|RT:80_nt_each,CACCCGAATATGCGGGTTTGGGTGAACTAGTCAGTATTCTACCTGTAATTTTCGTCGCCACGCTTCTGAGATACGCTAAAATTTAGTCCAGGTACTGCTGCTATTTGATTGTAGATTTTCTTTTTTCTTTTCTTTTTTTTTTTTGACGACTCTGTAATAC
CAD2.medium:Start-3648|PCA1:3649-End|RT:80_nt_each,CCGAATATGCGGGTTTGGGTGAACTAGTCAGTATTCTACCTGTAATTTTCGTCGCCACGCTTCTGAGATACGCTAAAGTCTAGTCCAGGTACTGCTGCTATTTGATTGTAGATTTTCTTTTTTCTTTTCTTTTTTTTTTTTGACGACTCTGTAATACTCT