>CAD2.low:Start-114|PCA1:115-End|RT:20_nt_each,gcgacaacggtttaggtgggtacgggtccccattccttatatagaaatggcatgttagatACAATCGGGGTGAATGTCATCGTAGATCCATAGAAATGCAtagctaagcgcagggacttcccgaatctcggtattatcccggtaagtgtggactatattt
CAD2.low:Start-129|PCA1:130-End|RT:20_nt_each,gcgacaacggtttaggtgggtacgggtccccattccttatatagaaatggcatgttagatGTCATCTGCGGTCAATCGAGATGCATGCTAATGACAATCTtagctaagcgcagggacttcccgaatctcggtattatcccggtaagtgtggactatattt
CAD2.low:Start-426|PCA1:427-End|RT:20_nt_each,gcgacaacggtttaggtgggtacgggtccccattccttatatagaaatggcatgttagatCTAACGAGTCGTGTGTGGACGGATGCTGCGTTAGAGATTCtagctaagcgcagggacttcccgaatctcggtattatcccggtaagtgtggactatattt
CAD2.low:Start-465|PCA1:466-End|RT:20_nt_each,gcgacaacggtttaggtgggtacgggtccccattccttatatagaaatggcatgttagatCTAGTGTAATGGTAGAAGAGGTTACAGGCAGCTGCGAAGCtagctaagcgcagggacttcccgaatctcggtattatcccggtaagtgtggactatattt
CAD2.low:Start-627|PCA1:628-End|RT:20_nt_each,gcgacaacggtttaggtgggtacgggtccccattccttatatagaaatggcatgttagatCAGGTAAAGGAAGATTGTGTATCGAATCAAGTGACTCTACtagctaagcgcagggacttcccgaatctcggtattatcccggtaagtgtggactatattt
CAD2.low:Start-660|PCA1:661-End|RT:20_nt_each,gcgacaacggtttaggtgggtacgggtccccattccttatatagaaatggcatgttagatATAGCACTTTAAAGAAAAGAAGTTGTAAAGTTAGCAGACAtagctaagcgcagggacttcccgaatctcggtattatcccggtaagtgtggactatattt
CAD2.low:Start-774|PCA1:775-End|RT:20_nt_each,gcgacaacggtttaggtgggtacgggtccccattccttatatagaaatggcatgttagatAGAAAAGAACGTTCAAGGGAAGCACCAATGTTGGAATTTCtagctaagcgcagggacttcccgaatctcggtattatcccggtaagtgtggactatattt
CAD2.low:Start-1032|PCA1:1033-End|RT:20_nt_each,gcgacaacggtttaggtgggtacgggtccccattccttatatagaaatggcatgttagatGTCTGACCAAGAAGAAAACTCATGGAGACAAAGAAAGGTTtagctaagcgcagggacttcccgaatctcggtattatcccggtaagtgtggactatattt
CAD2.low:Start-1188|PCA1:1189-End|RT:20_nt_each,gcgacaacggtttaggtgggtacgggtccccattccttatatagaaatggcatgttagatTTGTCAGTATGGAGCCGATCGAAAATCATCTTAATCTTGAtagctaagcgcagggacttcccgaatctcggtattatcccggtaagtgtggactatattt
CAD2.low:Start-1257|PCA1:1258-End|RT:20_nt_each,gcgacaacggtttaggtgggtacgggtccccattccttatatagaaatggcatgttagatTGTTGTCAGTAAGTGGAATGTCCTGTACTGGTTGTGAATCtagctaagcgcagggacttcccgaatctcggtattatcccggtaagtgtggactatattt
CAD2.low:Start-1275|PCA1:1276-End|RT:20_nt_each,gcgacaacggtttaggtgggtacgggtccccattccttatatagaaatggcatgttagatTGACCTGTACTGGATGCGAGTCAAAACTTAAGAAATCATTtagctaagcgcagggacttcccgaatctcggtattatcccggtaagtgtggactatattt
CAD2.low:Start-1446|PCA1:1447-End|RT:20_nt_each,gcgacaacggtttaggtgggtacgggtccccattccttatatagaaatggcatgttagatATGAGCAAATCAGCAACCACGGTTCAACTATAGATGTTGTtagctaagcgcagggacttcccgaatctcggtattatcccggtaagtgtggactatattt
CAD2.low:Start-1467|PCA1:1468-End|RT:20_nt_each,gcgacaacggtttaggtgggtacgggtccccattccttatatagaaatggcatgttagatCCTCTACAATTGATGTGGTGGTTCCTTATGCAGCAAAAGAtagctaagcgcagggacttcccgaatctcggtattatcccggtaagtgtggactatattt
CAD2.low:Start-1545|PCA1:1546-End|RT:20_nt_each,gcgacaacggtttaggtgggtacgggtccccattccttatatagaaatggcatgttagatTGAAGATCGTCGAACGCAACATCATTCGTATTTACTTTGAtagctaagcgcagggacttcccgaatctcggtattatcccggtaagtgtggactatattt
CAD2.low:Start-1770|PCA1:1771-End|RT:20_nt_each,gcgacaacggtttaggtgggtacgggtccccattccttatatagaaatggcatgttagatTGAGAGAGAAGATCTCAACAATCTCCGCGTCAATGGTGCTtagctaagcgcagggacttcccgaatctcggtattatcccggtaagtgtggactatattt
CAD2.low:Start-1773|PCA1:1774-End|RT:20_nt_each,gcgacaacggtttaggtgggtacgggtccccattccttatatagaaatggcatgttagatGAGAGAAGATCTCAACAATGTCCGCGTCAATGGTGCTAGCtagctaagcgcagggacttcccgaatctcggtattatcccggtaagtgtggactatattt
CAD2.low:Start-1944|PCA1:1945-End|RT:20_nt_each,gcgacaacggtttaggtgggtacgggtccccattccttatatagaaatggcatgttagatTGAGTTTTGGTTACTTTGTAGTTGGACGCCCGTTATCTACtagctaagcgcagggacttcccgaatctcggtattatcccggtaagtgtggactatattt
CAD2.low:Start-1947|PCA1:1948-End|RT:20_nt_each,gcgacaacggtttaggtgggtacgggtccccattccttatatagaaatggcatgttagatGTTTTGGTTACTTTGTAGCCGGACGCCCGTTATCTACGGAtagctaagcgcagggacttcccgaatctcggtattatcccggtaagtgtggactatattt
CAD2.low:Start-2127|PCA1:2128-End|RT:20_nt_each,gcgacaacggtttaggtgggtacgggtccccattccttatatagaaatggcatgttagatCAGGGAAGGAAACTGAGATAAATATTAGACTTCTCCAATAtagctaagcgcagggacttcccgaatctcggtattatcccggtaagtgtggactatattt
CAD2.low:Start-2163|PCA1:2164-End|RT:20_nt_each,gcgacaacggtttaggtgggtacgggtccccattccttatatagaaatggcatgttagatAGTACGGCGATATTTTCAAAGTTTTACCTGATTCAAGAATtagctaagcgcagggacttcccgaatctcggtattatcccggtaagtgtggactatattt
CAD2.low:Start-2505|PCA1:2506-End|RT:20_nt_each,gcgacaacggtttaggtgggtacgggtccccattccttatatagaaatggcatgttagatTTGCTGTGGGGATTAGGGTCGAAAAGCAATCCCGCTCCGAtagctaagcgcagggacttcccgaatctcggtattatcccggtaagtgtggactatattt
CAD2.low:Start-2583|PCA1:2584-End|RT:20_nt_each,gcgacaacggtttaggtgggtacgggtccccattccttatatagaaatggcatgttagatTAATTGTCAGTTGCCCATGCGTGATTGGACTTGCCGTTCCtagctaagcgcagggacttcccgaatctcggtattatcccggtaagtgtggactatattt
CAD2.low:Start-2907|PCA1:2908-End|RT:20_nt_each,gcgacaacggtttaggtgggtacgggtccccattccttatatagaaatggcatgttagatCCAAGGCAGTTACAGGGAAACGGGTAGAAGGAACATCATAtagctaagcgcagggacttcccgaatctcggtattatcccggtaagtgtggactatattt
CAD2.low:Start-3339|PCA1:3340-End|RT:20_nt_each,gcgacaacggtttaggtgggtacgggtccccattccttatatagaaatggcatgttagatATGGTACCAATGATGCTATTGGTTTGACTCAAGCAACGATtagctaagcgcagggacttcccgaatctcggtattatcccggtaagtgtggactatattt
CAD2.low:Start-3624|PCA1:3625-End|RT:20_nt_each,gcgacaacggtttaggtgggtacgggtccccattccttatatagaaatggcatgttagatTGCCAGTTATCTTCGTTGCTATACTTCTGCGTTATGCAAAtagctaagcgcagggacttcccgaatctcggtattatcccggtaagtgtggactatattt
CAD2.low:Start-3645|PCA1:3646-End|RT:20_nt_each,gcgacaacggtttaggtgggtacgggtccccattccttatatagaaatggcatgttagatCTTTGTTGAGATACGCTAAGATTTAGTCCAGGTACTGCTGtagctaagcgcagggacttcccgaatctcggtattatcccggtaagtgtggactatattt
CAD2.low:Start-3648|PCA1:3649-End|RT:20_nt_each,gcgacaacggtttaggtgggtacgggtccccattccttatatagaaatggcatgttagatTGTTGAGATACGCTAAGGTATAGTCCAGGTACTGCTGCTAtagctaagcgcagggacttcccgaatctcggtattatcccggtaagtgtggactatattt
CAD2.low:Start-114|PCA1:115-End|RT:22_nt_each,gcgacaacggtttaggtgggtacgggtccccattccttatatagaaatggcatgttagAGACAATCGGGGTGAATGTCATCGTAGATCCATAGAAATGCATGgctaagcgcagggacttcccgaatctcggtattatcccggtaagtgtggactatattt
CAD2.low:Start-129|PCA1:130-End|RT:22_nt_each,gcgacaacggtttaggtgggtacgggtccccattccttatatagaaatggcatgttagATGTCATCTGCGGTCAATCGAGATGCATGCTAATGACAATCTGGgctaagcgcagggacttcccgaatctcggtattatcccggtaagtgtggactatattt
CAD2.low:Start-426|PCA1:427-End|RT:22_nt_each,gcgacaacggtttaggtgggtacgggtccccattccttatatagaaatggcatgttagTACTAACGAGTCGTGTGTGGACGGATGCTGCGTTAGAGATTCTTgctaagcgcagggacttcccgaatctcggtattatcccggtaagtgtggactatattt
CAD2.low:Start-465|PCA1:466-End|RT:22_nt_each,gcgacaacggtttaggtgggtacgggtccccattccttatatagaaatggcatgttagTTCTAGTGTAATGGTAGAAGAGGTTACAGGCAGCTGCGAAGCTGgctaagcgcagggacttcccgaatctcggtattatcccggtaagtgtggactatattt
CAD2.low:Start-627|PCA1:628-End|RT:22_nt_each,gcgacaacggtttaggtgggtacgggtccccattccttatatagaaatggcatgttagTACAGGTAAAGGAAGATTGTGTATCGAATCAAGTGACTCTACACgctaagcgcagggacttcccgaatctcggtattatcccggtaagtgtggactatattt
CAD2.low:Start-660|PCA1:661-End|RT:22_nt_each,gcgacaacggtttaggtgggtacgggtccccattccttatatagaaatggcatgttagTGATAGCACTTTAAAGAAAAGAAGTTGTAAAGTTAGCAGACAGAgctaagcgcagggacttcccgaatctcggtattatcccggtaagtgtggactatattt
CAD2.low:Start-774|PCA1:775-End|RT:22_nt_each,gcgacaacggtttaggtgggtacgggtccccattccttatatagaaatggcatgttagTGAGAAAAGAACGTTCAAGGGAAGCACCAATGTTGGAATTTCTGgctaagcgcagggacttcccgaatctcggtattatcccggtaagtgtggactatattt
CAD2.low:Start-1032|PCA1:1033-End|RT:22_nt_each,gcgacaacggtttaggtgggtacgggtccccattccttatatagaaatggcatgttagTTGTCTGACCAAGAAGAAAACTCATGGAGACAAAGAAAGGTTGAgctaagcgcagggacttcccgaatctcggtattatcccggtaagtgtggactatattt
CAD2.low:Start-1188|PCA1:1189-End|RT:22_nt_each,gcgacaacggtttaggtgggtacgggtccccattccttatatagaaatggcatgttagGATTGTCAGTATGGAGCCGATCGAAAATCATCTTAATCTTGAGGgctaagcgcagggacttcccgaatctcggtattatcccggtaagtgtggactatattt
CAD2.low:Start-1257|PCA1:1258-End|RT:22_nt_each,gcgacaacggtttaggtgggtacgggtccccattccttatatagaaatggcatgttagAGTGTTGTCAGTAAGTGGAATGTCCTGTACTGGTTGTGAATCAAgctaagcgcagggacttcccgaatctcggtattatcccggtaagtgtggactatattt
CAD2.low:Start-1275|PCA1:1276-End|RT:22_nt_each,gcgacaacggtttaggtgggtacgggtccccattccttatatagaaatggcatgttagAATGACCTGTACTGGATGCGAGTCAAAACTTAAGAAATCATTTGgctaagcgcagggacttcccgaatctcggtattatcccggtaagtgtggactatattt
CAD2.low:Start-1446|PCA1:1447-End|RT:22_nt_each,gcgacaacggtttaggtgggtacgggtccccattccttatatagaaatggcatgttagATATGAGCAAATCAGCAACCACGGTTCAACTATAGATGTTGTTGgctaagcgcagggacttcccgaatctcggtattatcccggtaagtgtggactatattt
CAD2.low:Start-1467|PCA1:1468-End|RT:22_nt_each,gcgacaacggtttaggtgggtacgggtccccattccttatatagaaatggcatgttagCGCCTCTACAATTGATGTGGTGGTTCCTTATGCAGCAAAAGATTgctaagcgcagggacttcccgaatctcggtattatcccggtaagtgtggactatattt
CAD2.low:Start-1545|PCA1:1546-End|RT:22_nt_each,gcgacaacggtttaggtgggtacgggtccccattccttatatagaaatggcatgttagGTTGAAGATCGTCGAACGCAACATCATTCGTATTTACTTTGACCgctaagcgcagggacttcccgaatctcggtattatcccggtaagtgtggactatattt
CAD2.low:Start-1770|PCA1:1771-End|RT:22_nt_each,gcgacaacggtttaggtgggtacgggtccccattccttatatagaaatggcatgttagATTGAGAGAGAAGATCTCAACAATCTCCGCGTCAATGGTGCTAGgctaagcgcagggacttcccgaatctcggtattatcccggtaagtgtggactatattt
CAD2.low:Start-1773|PCA1:1774-End|RT:22_nt_each,gcgacaacggtttaggtgggtacgggtccccattccttatatagaaatggcatgttagGAGAGAGAAGATCTCAACAATGTCCGCGTCAATGGTGCTAGCAAgctaagcgcagggacttcccgaatctcggtattatcccggtaagtgtggactatattt
CAD2.low:Start-1944|PCA1:1945-End|RT:22_nt_each,gcgacaacggtttaggtgggtacgggtccccattccttatatagaaatggcatgttagTGTGAGTTTTGGTTACTTTGTAGTTGGACGCCCGTTATCTACGGgctaagcgcagggacttcccgaatctcggtattatcccggtaagtgtggactatattt
CAD2.low:Start-1947|PCA1:1948-End|RT:22_nt_each,gcgacaacggtttaggtgggtacgggtccccattccttatatagaaatggcatgttagGAGTTTTGGTTACTTTGTAGCCGGACGCCCGTTATCTACGGAGCgctaagcgcagggacttcccgaatctcggtattatcccggtaagtgtggactatattt
CAD2.low:Start-2127|PCA1:2128-End|RT:22_nt_each,gcgacaacggtttaggtgggtacgggtccccattccttatatagaaatggcatgttagGACAGGGAAGGAAACTGAGATAAATATTAGACTTCTCCAATATGgctaagcgcagggacttcccgaatctcggtattatcccggtaagtgtggactatattt
CAD2.low:Start-2163|PCA1:2164-End|RT:22_nt_each,gcgacaacggtttaggtgggtacgggtccccattccttatatagaaatggcatgttagGCAGTACGGCGATATTTTCAAAGTTTTACCTGATTCAAGAATCCgctaagcgcagggacttcccgaatctcggtattatcccggtaagtgtggactatattt
CAD2.low:Start-2505|PCA1:2506-End|RT:22_nt_each,gcgacaacggtttaggtgggtacgggtccccattccttatatagaaatggcatgttagGATTGCTGTGGGGATTAGGGTCGAAAAGCAATCCCGCTCCGATGgctaagcgcagggacttcccgaatctcggtattatcccggtaagtgtggactatattt
CAD2.low:Start-2583|PCA1:2584-End|RT:22_nt_each,gcgacaacggtttaggtgggtacgggtccccattccttatatagaaatggcatgttagTTTAATTGTCAGTTGCCCATGCGTGATTGGACTTGCCGTTCCTAgctaagcgcagggacttcccgaatctcggtattatcccggtaagtgtggactatattt
CAD2.low:Start-2907|PCA1:2908-End|RT:22_nt_each,gcgacaacggtttaggtgggtacgggtccccattccttatatagaaatggcatgttagCACCAAGGCAGTTACAGGGAAACGGGTAGAAGGAACATCATACTgctaagcgcagggacttcccgaatctcggtattatcccggtaagtgtggactatattt
CAD2.low:Start-3339|PCA1:3340-End|RT:22_nt_each,gcgacaacggtttaggtgggtacgggtccccattccttatatagaaatggcatgttagTGATGGTACCAATGATGCTATTGGTTTGACTCAAGCAACGATTGgctaagcgcagggacttcccgaatctcggtattatcccggtaagtgtggactatattt
CAD2.low:Start-3624|PCA1:3625-End|RT:22_nt_each,gcgacaacggtttaggtgggtacgggtccccattccttatatagaaatggcatgttagATTGCCAGTTATCTTCGTTGCTATACTTCTGCGTTATGCAAAGAgctaagcgcagggacttcccgaatctcggtattatcccggtaagtgtggactatattt
CAD2.low:Start-3645|PCA1:3646-End|RT:22_nt_each,gcgacaacggtttaggtgggtacgggtccccattccttatatagaaatggcatgttagTACTTTGTTGAGATACGCTAAGATTTAGTCCAGGTACTGCTGCTgctaagcgcagggacttcccgaatctcggtattatcccggtaagtgtggactatattt
CAD2.low:Start-3648|PCA1:3649-End|RT:22_nt_each,gcgacaacggtttaggtgggtacgggtccccattccttatatagaaatggcatgttagTTTGTTGAGATACGCTAAGGTATAGTCCAGGTACTGCTGCTATTgctaagcgcagggacttcccgaatctcggtattatcccggtaagtgtggactatattt
CAD2.low:Start-114|PCA1:115-End|RT:25_nt_each,gcgacaacggtttaggtgggtacgggtccccattccttatatagaaatggcatgtGCAAGACAATCGGGGTGAATGTCATCGTAGATCCATAGAAATGCATGCTAaagcgcagggacttcccgaatctcggtattatcccggtaagtgtggactatattt
CAD2.low:Start-129|PCA1:130-End|RT:25_nt_each,gcgacaacggtttaggtgggtacgggtccccattccttatatagaaatggcatgtTGAATGTCATCTGCGGTCAATCGAGATGCATGCTAATGACAATCTGGGATaagcgcagggacttcccgaatctcggtattatcccggtaagtgtggactatattt
CAD2.low:Start-426|PCA1:427-End|RT:25_nt_each,gcgacaacggtttaggtgggtacgggtccccattccttatatagaaatggcatgtTCATACTAACGAGTCGTGTGTGGACGGATGCTGCGTTAGAGATTCTTCAGaagcgcagggacttcccgaatctcggtattatcccggtaagtgtggactatattt
CAD2.low:Start-465|PCA1:466-End|RT:25_nt_each,gcgacaacggtttaggtgggtacgggtccccattccttatatagaaatggcatgtAGATTCTAGTGTAATGGTAGAAGAGGTTACAGGCAGCTGCGAAGCTGTATaagcgcagggacttcccgaatctcggtattatcccggtaagtgtggactatattt
CAD2.low:Start-627|PCA1:628-End|RT:25_nt_each,gcgacaacggtttaggtgggtacgggtccccattccttatatagaaatggcatgtGCATACAGGTAAAGGAAGATTGTGTATCGAATCAAGTGACTCTACACTCAaagcgcagggacttcccgaatctcggtattatcccggtaagtgtggactatattt
CAD2.low:Start-660|PCA1:661-End|RT:25_nt_each,gcgacaacggtttaggtgggtacgggtccccattccttatatagaaatggcatgtCAGTGATAGCACTTTAAAGAAAAGAAGTTGTAAAGTTAGCAGACAGAAAAaagcgcagggacttcccgaatctcggtattatcccggtaagtgtggactatattt
CAD2.low:Start-774|PCA1:775-End|RT:25_nt_each,gcgacaacggtttaggtgggtacgggtccccattccttatatagaaatggcatgtTTGTGAGAAAAGAACGTTCAAGGGAAGCACCAATGTTGGAATTTCTGGGAaagcgcagggacttcccgaatctcggtattatcccggtaagtgtggactatattt
CAD2.low:Start-1032|PCA1:1033-End|RT:25_nt_each,gcgacaacggtttaggtgggtacgggtccccattccttatatagaaatggcatgtTGGTTGTCTGACCAAGAAGAAAACTCATGGAGACAAAGAAAGGTTGAGCAaagcgcagggacttcccgaatctcggtattatcccggtaagtgtggactatattt
CAD2.low:Start-1188|PCA1:1189-End|RT:25_nt_each,gcgacaacggtttaggtgggtacgggtccccattccttatatagaaatggcatgtGAGGATTGTCAGTATGGAGCCGATCGAAAATCATCTTAATCTTGAGGCAGaagcgcagggacttcccgaatctcggtattatcccggtaagtgtggactatattt
CAD2.low:Start-1257|PCA1:1258-End|RT:25_nt_each,gcgacaacggtttaggtgggtacgggtccccattccttatatagaaatggcatgtCATAGTGTTGTCAGTAAGTGGAATGTCCTGTACTGGTTGTGAATCAAAACaagcgcagggacttcccgaatctcggtattatcccggtaagtgtggactatattt
CAD2.low:Start-1275|PCA1:1276-End|RT:25_nt_each,gcgacaacggtttaggtgggtacgggtccccattccttatatagaaatggcatgtTGGAATGACCTGTACTGGATGCGAGTCAAAACTTAAGAAATCATTTGGCGaagcgcagggacttcccgaatctcggtattatcccggtaagtgtggactatattt
CAD2.low:Start-1446|PCA1:1447-End|RT:25_nt_each,gcgacaacggtttaggtgggtacgggtccccattccttatatagaaatggcatgtTAAATATGAGCAAATCAGCAACCACGGTTCAACTATAGATGTTGTTGTTCaagcgcagggacttcccgaatctcggtattatcccggtaagtgtggactatattt
CAD2.low:Start-1467|PCA1:1468-End|RT:25_nt_each,gcgacaacggtttaggtgggtacgggtccccattccttatatagaaatggcatgtCCACGCCTCTACAATTGATGTGGTGGTTCCTTATGCAGCAAAAGATTTTAaagcgcagggacttcccgaatctcggtattatcccggtaagtgtggactatattt
CAD2.low:Start-1545|PCA1:1546-End|RT:25_nt_each,gcgacaacggtttaggtgggtacgggtccccattccttatatagaaatggcatgtGGAGTTGAAGATCGTCGAACGCAACATCATTCGTATTTACTTTGACCCAAaagcgcagggacttcccgaatctcggtattatcccggtaagtgtggactatattt
CAD2.low:Start-1770|PCA1:1771-End|RT:25_nt_each,gcgacaacggtttaggtgggtacgggtccccattccttatatagaaatggcatgtGCAATTGAGAGAGAAGATCTCAACAATCTCCGCGTCAATGGTGCTAGCAAaagcgcagggacttcccgaatctcggtattatcccggtaagtgtggactatattt
CAD2.low:Start-1773|PCA1:1774-End|RT:25_nt_each,gcgacaacggtttaggtgggtacgggtccccattccttatatagaaatggcatgtATTGAGAGAGAAGATCTCAACAATGTCCGCGTCAATGGTGCTAGCAACTAaagcgcagggacttcccgaatctcggtattatcccggtaagtgtggactatattt
CAD2.low:Start-1944|PCA1:1945-End|RT:25_nt_each,gcgacaacggtttaggtgggtacgggtccccattccttatatagaaatggcatgtTATTGTGAGTTTTGGTTACTTTGTAGTTGGACGCCCGTTATCTACGGAGCaagcgcagggacttcccgaatctcggtattatcccggtaagtgtggactatattt
CAD2.low:Start-1947|PCA1:1948-End|RT:25_nt_each,gcgacaacggtttaggtgggtacgggtccccattccttatatagaaatggcatgtTGTGAGTTTTGGTTACTTTGTAGCCGGACGCCCGTTATCTACGGAGCAGTaagcgcagggacttcccgaatctcggtattatcccggtaagtgtggactatattt
CAD2.low:Start-2127|PCA1:2128-End|RT:25_nt_each,gcgacaacggtttaggtgggtacgggtccccattccttatatagaaatggcatgtCAAGACAGGGAAGGAAACTGAGATAAATATTAGACTTCTCCAATATGGCGaagcgcagggacttcccgaatctcggtattatcccggtaagtgtggactatattt
CAD2.low:Start-2163|PCA1:2164-End|RT:25_nt_each,gcgacaacggtttaggtgggtacgggtccccattccttatatagaaatggcatgtGTTGCAGTACGGCGATATTTTCAAAGTTTTACCTGATTCAAGAATCCCAAaagcgcagggacttcccgaatctcggtattatcccggtaagtgtggactatattt
CAD2.low:Start-2505|PCA1:2506-End|RT:25_nt_each,gcgacaacggtttaggtgggtacgggtccccattccttatatagaaatggcatgtCTGGATTGCTGTGGGGATTAGGGTCGAAAAGCAATCCCGCTCCGATGCCGaagcgcagggacttcccgaatctcggtattatcccggtaagtgtggactatattt
CAD2.low:Start-2583|PCA1:2584-End|RT:25_nt_each,gcgacaacggtttaggtgggtacgggtccccattccttatatagaaatggcatgtTGTTTTAATTGTCAGTTGCCCATGCGTGATTGGACTTGCCGTTCCTATCGaagcgcagggacttcccgaatctcggtattatcccggtaagtgtggactatattt
CAD2.low:Start-2907|PCA1:2908-End|RT:25_nt_each,gcgacaacggtttaggtgggtacgggtccccattccttatatagaaatggcatgtAAACACCAAGGCAGTTACAGGGAAACGGGTAGAAGGAACATCATACTCTGaagcgcagggacttcccgaatctcggtattatcccggtaagtgtggactatattt
CAD2.low:Start-3339|PCA1:3340-End|RT:25_nt_each,gcgacaacggtttaggtgggtacgggtccccattccttatatagaaatggcatgtTGGTGATGGTACCAATGATGCTATTGGTTTGACTCAAGCAACGATTGGAGaagcgcagggacttcccgaatctcggtattatcccggtaagtgtggactatattt
CAD2.low:Start-3624|PCA1:3625-End|RT:25_nt_each,gcgacaacggtttaggtgggtacgggtccccattccttatatagaaatggcatgtAATATTGCCAGTTATCTTCGTTGCTATACTTCTGCGTTATGCAAAGATTTaagcgcagggacttcccgaatctcggtattatcccggtaagtgtggactatattt
CAD2.low:Start-3645|PCA1:3646-End|RT:25_nt_each,gcgacaacggtttaggtgggtacgggtccccattccttatatagaaatggcatgtTGCTACTTTGTTGAGATACGCTAAGATTTAGTCCAGGTACTGCTGCTATTaagcgcagggacttcccgaatctcggtattatcccggtaagtgtggactatattt
CAD2.low:Start-3648|PCA1:3649-End|RT:25_nt_each,gcgacaacggtttaggtgggtacgggtccccattccttatatagaaatggcatgtTACTTTGTTGAGATACGCTAAGGTATAGTCCAGGTACTGCTGCTATTTGAaagcgcagggacttcccgaatctcggtattatcccggtaagtgtggactatattt
CAD2.low:Start-114|PCA1:115-End|RT:29_nt_each,gcgacaacggtttaggtgggtacgggtccccattccttatatagaaatggcCAATGCAAGACAATCGGGGTGAATGTCATCGTAGATCCATAGAAATGCATGCTAATGAgcagggacttcccgaatctcggtattatcccggtaagtgtggactatattt
CAD2.low:Start-129|PCA1:130-End|RT:29_nt_each,gcgacaacggtttaggtgggtacgggtccccattccttatatagaaatggcGGGGTGAATGTCATCTGCGGTCAATCGAGATGCATGCTAATGACAATCTGGGATTGGTgcagggacttcccgaatctcggtattatcccggtaagtgtggactatattt
CAD2.low:Start-426|PCA1:427-End|RT:29_nt_each,gcgacaacggtttaggtgggtacgggtccccattccttatatagaaatggcGTGATCATACTAACGAGTCGTGTGTGGACGGATGCTGCGTTAGAGATTCTTCAGTGATgcagggacttcccgaatctcggtattatcccggtaagtgtggactatattt
CAD2.low:Start-465|PCA1:466-End|RT:29_nt_each,gcgacaacggtttaggtgggtacgggtccccattccttatatagaaatggcTCCGAGATTCTAGTGTAATGGTAGAAGAGGTTACAGGCAGCTGCGAAGCTGTATCTTCgcagggacttcccgaatctcggtattatcccggtaagtgtggactatattt
CAD2.low:Start-627|PCA1:628-End|RT:29_nt_each,gcgacaacggtttaggtgggtacgggtccccattccttatatagaaatggcATCAGCATACAGGTAAAGGAAGATTGTGTATCGAATCAAGTGACTCTACACTCAAGAAgcagggacttcccgaatctcggtattatcccggtaagtgtggactatattt
CAD2.low:Start-660|PCA1:661-End|RT:29_nt_each,gcgacaacggtttaggtgggtacgggtccccattccttatatagaaatggcAGAGCAGTGATAGCACTTTAAAGAAAAGAAGTTGTAAAGTTAGCAGACAGAAAATTGAgcagggacttcccgaatctcggtattatcccggtaagtgtggactatattt
CAD2.low:Start-774|PCA1:775-End|RT:29_nt_each,gcgacaacggtttaggtgggtacgggtccccattccttatatagaaatggcGATCTTGTGAGAAAAGAACGTTCAAGGGAAGCACCAATGTTGGAATTTCTGGGAGTAGgcagggacttcccgaatctcggtattatcccggtaagtgtggactatattt
CAD2.low:Start-1032|PCA1:1033-End|RT:29_nt_each,gcgacaacggtttaggtgggtacgggtccccattccttatatagaaatggcCTAGTGGTTGTCTGACCAAGAAGAAAACTCATGGAGACAAAGAAAGGTTGAGCAATGAgcagggacttcccgaatctcggtattatcccggtaagtgtggactatattt
CAD2.low:Start-1188|PCA1:1189-End|RT:29_nt_each,gcgacaacggtttaggtgggtacgggtccccattccttatatagaaatggcTCTCGAGGATTGTCAGTATGGAGCCGATCGAAAATCATCTTAATCTTGAGGCAGGATCgcagggacttcccgaatctcggtattatcccggtaagtgtggactatattt
CAD2.low:Start-1257|PCA1:1258-End|RT:29_nt_each,gcgacaacggtttaggtgggtacgggtccccattccttatatagaaatggcAACACATAGTGTTGTCAGTAAGTGGAATGTCCTGTACTGGTTGTGAATCAAAACTTAAgcagggacttcccgaatctcggtattatcccggtaagtgtggactatattt
CAD2.low:Start-1275|PCA1:1276-End|RT:29_nt_each,gcgacaacggtttaggtgggtacgggtccccattccttatatagaaatggcTAAGTGGAATGACCTGTACTGGATGCGAGTCAAAACTTAAGAAATCATTTGGCGCGCTgcagggacttcccgaatctcggtattatcccggtaagtgtggactatattt
CAD2.low:Start-1446|PCA1:1447-End|RT:29_nt_each,gcgacaacggtttaggtgggtacgggtccccattccttatatagaaatggcAGTTTAAATATGAGCAAATCAGCAACCACGGTTCAACTATAGATGTTGTTGTTCCTTAgcagggacttcccgaatctcggtattatcccggtaagtgtggactatattt
CAD2.low:Start-1467|PCA1:1468-End|RT:29_nt_each,gcgacaacggtttaggtgggtacgggtccccattccttatatagaaatggcGCAACCACGCCTCTACAATTGATGTGGTGGTTCCTTATGCAGCAAAAGATTTTATTAAgcagggacttcccgaatctcggtattatcccggtaagtgtggactatattt
CAD2.low:Start-1545|PCA1:1546-End|RT:29_nt_each,gcgacaacggtttaggtgggtacgggtccccattccttatatagaaatggcTAACGGAGTTGAAGATCGTCGAACGCAACATCATTCGTATTTACTTTGACCCAAAGGTgcagggacttcccgaatctcggtattatcccggtaagtgtggactatattt
CAD2.low:Start-1770|PCA1:1771-End|RT:29_nt_each,gcgacaacggtttaggtgggtacgggtccccattccttatatagaaatggcCCCCGCAATTGAGAGAGAAGATCTCAACAATCTCCGCGTCAATGGTGCTAGCAACTATgcagggacttcccgaatctcggtattatcccggtaagtgtggactatattt
CAD2.low:Start-1773|PCA1:1774-End|RT:29_nt_each,gcgacaacggtttaggtgggtacgggtccccattccttatatagaaatggcCGCAATTGAGAGAGAAGATCTCAACAATGTCCGCGTCAATGGTGCTAGCAACTATTATgcagggacttcccgaatctcggtattatcccggtaagtgtggactatattt
CAD2.low:Start-1944|PCA1:1945-End|RT:29_nt_each,gcgacaacggtttaggtgggtacgggtccccattccttatatagaaatggcTTAGTATTGTGAGTTTTGGTTACTTTGTAGTTGGACGCCCGTTATCTACGGAGCAGTTgcagggacttcccgaatctcggtattatcccggtaagtgtggactatattt
CAD2.low:Start-1947|PCA1:1948-End|RT:29_nt_each,gcgacaacggtttaggtgggtacgggtccccattccttatatagaaatggcGTATTGTGAGTTTTGGTTACTTTGTAGCCGGACGCCCGTTATCTACGGAGCAGTTTTTgcagggacttcccgaatctcggtattatcccggtaagtgtggactatattt
CAD2.low:Start-2127|PCA1:2128-End|RT:29_nt_each,gcgacaacggtttaggtgggtacgggtccccattccttatatagaaatggcTCGACAAGACAGGGAAGGAAACTGAGATAAATATTAGACTTCTCCAATATGGCGATATgcagggacttcccgaatctcggtattatcccggtaagtgtggactatattt
CAD2.low:Start-2163|PCA1:2164-End|RT:29_nt_each,gcgacaacggtttaggtgggtacgggtccccattccttatatagaaatggcGCCTGTTGCAGTACGGCGATATTTTCAAAGTTTTACCTGATTCAAGAATCCCAACTGAgcagggacttcccgaatctcggtattatcccggtaagtgtggactatattt
CAD2.low:Start-2505|PCA1:2506-End|RT:29_nt_each,gcgacaacggtttaggtgggtacgggtccccattccttatatagaaatggcGTGTCTGGATTGCTGTGGGGATTAGGGTCGAAAAGCAATCCCGCTCCGATGCCGTAATgcagggacttcccgaatctcggtattatcccggtaagtgtggactatattt
CAD2.low:Start-2583|PCA1:2584-End|RT:29_nt_each,gcgacaacggtttaggtgggtacgggtccccattccttatatagaaatggcTAACTGTTTTAATTGTCAGTTGCCCATGCGTGATTGGACTTGCCGTTCCTATCGTATTgcagggacttcccgaatctcggtattatcccggtaagtgtggactatattt
CAD2.low:Start-2907|PCA1:2908-End|RT:29_nt_each,gcgacaacggtttaggtgggtacgggtccccattccttatatagaaatggcTTTCAAACACCAAGGCAGTTACAGGGAAACGGGTAGAAGGAACATCATACTCTGGTTTgcagggacttcccgaatctcggtattatcccggtaagtgtggactatattt
CAD2.low:Start-3339|PCA1:3340-End|RT:29_nt_each,gcgacaacggtttaggtgggtacgggtccccattccttatatagaaatggcTCTGTGGTGATGGTACCAATGATGCTATTGGTTTGACTCAAGCAACGATTGGAGTTCAgcagggacttcccgaatctcggtattatcccggtaagtgtggactatattt
CAD2.low:Start-3624|PCA1:3625-End|RT:29_nt_each,gcgacaacggtttaggtgggtacgggtccccattccttatatagaaatggcTATCAATATTGCCAGTTATCTTCGTTGCTATACTTCTGCGTTATGCAAAGATTTAGTCgcagggacttcccgaatctcggtattatcccggtaagtgtggactatattt
CAD2.low:Start-3645|PCA1:3646-End|RT:29_nt_each,gcgacaacggtttaggtgggtacgggtccccattccttatatagaaatggcTCGTTGCTACTTTGTTGAGATACGCTAAGATTTAGTCCAGGTACTGCTGCTATTTGATgcagggacttcccgaatctcggtattatcccggtaagtgtggactatattt
CAD2.low:Start-3648|PCA1:3649-End|RT:29_nt_each,gcgacaacggtttaggtgggtacgggtccccattccttatatagaaatggcTTGCTACTTTGTTGAGATACGCTAAGGTATAGTCCAGGTACTGCTGCTATTTGATTGTgcagggacttcccgaatctcggtattatcccggtaagtgtggactatattt
CAD2.low:Start-114|PCA1:115-End|RT:34_nt_each,gcgacaacggtttaggtgggtacgggtccccattccttatatagaaTGACGCAATGCAAGACAATCGGGGTGAATGTCATCGTAGATCCATAGAAATGCATGCTAATGACAATCgacttcccgaatctcggtattatcccggtaagtgtggactatattt
CAD2.low:Start-129|PCA1:130-End|RT:34_nt_each,gcgacaacggtttaggtgggtacgggtccccattccttatatagaaCAATCGGGGTGAATGTCATCTGCGGTCAATCGAGATGCATGCTAATGACAATCTGGGATTGGTCTCCCgacttcccgaatctcggtattatcccggtaagtgtggactatattt
CAD2.low:Start-426|PCA1:427-End|RT:34_nt_each,gcgacaacggtttaggtgggtacgggtccccattccttatatagaaTGGTGGTGATCATACTAACGAGTCGTGTGTGGACGGATGCTGCGTTAGAGATTCTTCAGTGATGGTCGgacttcccgaatctcggtattatcccggtaagtgtggactatattt
CAD2.low:Start-465|PCA1:466-End|RT:34_nt_each,gcgacaacggtttaggtgggtacgggtccccattccttatatagaaTTGTGTCCGAGATTCTAGTGTAATGGTAGAAGAGGTTACAGGCAGCTGCGAAGCTGTATCTTCTAAAGgacttcccgaatctcggtattatcccggtaagtgtggactatattt
CAD2.low:Start-627|PCA1:628-End|RT:34_nt_each,gcgacaacggtttaggtgggtacgggtccccattccttatatagaaCAGCAATCAGCATACAGGTAAAGGAAGATTGTGTATCGAATCAAGTGACTCTACACTCAAGAAAAGAAgacttcccgaatctcggtattatcccggtaagtgtggactatattt
CAD2.low:Start-660|PCA1:661-End|RT:34_nt_each,gcgacaacggtttaggtgggtacgggtccccattccttatatagaaTCTTGAGAGCAGTGATAGCACTTTAAAGAAAAGAAGTTGTAAAGTTAGCAGACAGAAAATTGAGGTTTgacttcccgaatctcggtattatcccggtaagtgtggactatattt
CAD2.low:Start-774|PCA1:775-End|RT:34_nt_each,gcgacaacggtttaggtgggtacgggtccccattccttatatagaaTAGTAGATCTTGTGAGAAAAGAACGTTCAAGGGAAGCACCAATGTTGGAATTTCTGGGAGTAGCTCTAgacttcccgaatctcggtattatcccggtaagtgtggactatattt
CAD2.low:Start-1032|PCA1:1033-End|RT:34_nt_each,gcgacaacggtttaggtgggtacgggtccccattccttatatagaaGAATTCTAGTGGTTGTCTGACCAAGAAGAAAACTCATGGAGACAAAGAAAGGTTGAGCAATGACAATGgacttcccgaatctcggtattatcccggtaagtgtggactatattt
CAD2.low:Start-1188|PCA1:1189-End|RT:34_nt_each,gcgacaacggtttaggtgggtacgggtccccattccttatatagaaAGAGATCTCGAGGATTGTCAGTATGGAGCCGATCGAAAATCATCTTAATCTTGAGGCAGGATCTACCGgacttcccgaatctcggtattatcccggtaagtgtggactatattt
CAD2.low:Start-1257|PCA1:1258-End|RT:34_nt_each,gcgacaacggtttaggtgggtacgggtccccattccttatatagaaTACTGAACACATAGTGTTGTCAGTAAGTGGAATGTCCTGTACTGGTTGTGAATCAAAACTTAAGAAATgacttcccgaatctcggtattatcccggtaagtgtggactatattt
CAD2.low:Start-1275|PCA1:1276-End|RT:34_nt_each,gcgacaacggtttaggtgggtacgggtccccattccttatatagaaGTCAGTAAGTGGAATGACCTGTACTGGATGCGAGTCAAAACTTAAGAAATCATTTGGCGCGCTCAAATgacttcccgaatctcggtattatcccggtaagtgtggactatattt
CAD2.low:Start-1446|PCA1:1447-End|RT:34_nt_each,gcgacaacggtttaggtgggtacgggtccccattccttatatagaaGACAGAGTTTAAATATGAGCAAATCAGCAACCACGGTTCAACTATAGATGTTGTTGTTCCTTATGCAGgacttcccgaatctcggtattatcccggtaagtgtggactatattt
CAD2.low:Start-1467|PCA1:1468-End|RT:34_nt_each,gcgacaacggtttaggtgggtacgggtccccattccttatatagaaAATCAGCAACCACGCCTCTACAATTGATGTGGTGGTTCCTTATGCAGCAAAAGATTTTATTAATGAGGgacttcccgaatctcggtattatcccggtaagtgtggactatattt
CAD2.low:Start-1545|PCA1:1546-End|RT:34_nt_each,gcgacaacggtttaggtgggtacgggtccccattccttatatagaaAGGGGTAACGGAGTTGAAGATCGTCGAACGCAACATCATTCGTATTTACTTTGACCCAAAGGTTATAGgacttcccgaatctcggtattatcccggtaagtgtggactatattt
CAD2.low:Start-1770|PCA1:1771-End|RT:34_nt_each,gcgacaacggtttaggtgggtacgggtccccattccttatatagaaGTGGGCCCCGCAATTGAGAGAGAAGATCTCAACAATCTCCGCGTCAATGGTGCTAGCAACTATTATTCgacttcccgaatctcggtattatcccggtaagtgtggactatattt
CAD2.low:Start-1773|PCA1:1774-End|RT:34_nt_each,gcgacaacggtttaggtgggtacgggtccccattccttatatagaaGGCCCCGCAATTGAGAGAGAAGATCTCAACAATGTCCGCGTCAATGGTGCTAGCAACTATTATTCAATgacttcccgaatctcggtattatcccggtaagtgtggactatattt
CAD2.low:Start-1944|PCA1:1945-End|RT:34_nt_each,gcgacaacggtttaggtgggtacgggtccccattccttatatagaaTATCTTTAGTATTGTGAGTTTTGGTTACTTTGTAGTTGGACGCCCGTTATCTACGGAGCAGTTTTTTGgacttcccgaatctcggtattatcccggtaagtgtggactatattt
CAD2.low:Start-1947|PCA1:1948-End|RT:34_nt_each,gcgacaacggtttaggtgggtacgggtccccattccttatatagaaCTTTAGTATTGTGAGTTTTGGTTACTTTGTAGCCGGACGCCCGTTATCTACGGAGCAGTTTTTTGAAAgacttcccgaatctcggtattatcccggtaagtgtggactatattt
CAD2.low:Start-2127|PCA1:2128-End|RT:34_nt_each,gcgacaacggtttaggtgggtacgggtccccattccttatatagaaACTGGTCGACAAGACAGGGAAGGAAACTGAGATAAATATTAGACTTCTCCAATATGGCGATATTTTTAgacttcccgaatctcggtattatcccggtaagtgtggactatattt
CAD2.low:Start-2163|PCA1:2164-End|RT:34_nt_each,gcgacaacggtttaggtgggtacgggtccccattccttatatagaaCATACGCCTGTTGCAGTACGGCGATATTTTCAAAGTTTTACCTGATTCAAGAATCCCAACTGATGGAAgacttcccgaatctcggtattatcccggtaagtgtggactatattt
CAD2.low:Start-2505|PCA1:2506-End|RT:34_nt_each,gcgacaacggtttaggtgggtacgggtccccattccttatatagaaTTTCTGTGTCTGGATTGCTGTGGGGATTAGGGTCGAAAAGCAATCCCGCTCCGATGCCGTAATTCAGGgacttcccgaatctcggtattatcccggtaagtgtggactatattt
CAD2.low:Start-2583|PCA1:2584-End|RT:34_nt_each,gcgacaacggtttaggtgggtacgggtccccattccttatatagaaTGCTATAACTGTTTTAATTGTCAGTTGCCCATGCGTGATTGGACTTGCCGTTCCTATCGTATTTGTTAgacttcccgaatctcggtattatcccggtaagtgtggactatattt
CAD2.low:Start-2907|PCA1:2908-End|RT:34_nt_each,gcgacaacggtttaggtgggtacgggtccccattccttatatagaaAAACGTTTCAAACACCAAGGCAGTTACAGGGAAACGGGTAGAAGGAACATCATACTCTGGTTTGAAGTgacttcccgaatctcggtattatcccggtaagtgtggactatattt
CAD2.low:Start-3339|PCA1:3340-End|RT:34_nt_each,gcgacaacggtttaggtgggtacgggtccccattccttatatagaaAGTGTTCTGTGGTGATGGTACCAATGATGCTATTGGTTTGACTCAAGCAACGATTGGAGTTCATATCAgacttcccgaatctcggtattatcccggtaagtgtggactatattt
CAD2.low:Start-3624|PCA1:3625-End|RT:34_nt_each,gcgacaacggtttaggtgggtacgggtccccattccttatatagaaATTGGTATCAATATTGCCAGTTATCTTCGTTGCTATACTTCTGCGTTATGCAAAGATTTAGTCCAGGTgacttcccgaatctcggtattatcccggtaagtgtggactatattt
CAD2.low:Start-3645|PCA1:3646-End|RT:34_nt_each,gcgacaacggtttaggtgggtacgggtccccattccttatatagaaTATCTTCGTTGCTACTTTGTTGAGATACGCTAAGATTTAGTCCAGGTACTGCTGCTATTTGATTGTAGgacttcccgaatctcggtattatcccggtaagtgtggactatattt
CAD2.low:Start-3648|PCA1:3649-End|RT:34_nt_each,gcgacaacggtttaggtgggtacgggtccccattccttatatagaaCTTCGTTGCTACTTTGTTGAGATACGCTAAGGTATAGTCCAGGTACTGCTGCTATTTGATTGTAGATTgacttcccgaatctcggtattatcccggtaagtgtggactatattt
CAD2.low:Start-114|PCA1:115-End|RT:40_nt_each,gcgacaacggtttaggtgggtacgggtccccattccttatCTCTATTGACGCAATGCAAGACAATCGGGGTGAATGTCATCGTAGATCCATAGAAATGCATGCTAATGACAATCTGGGATccgaatctcggtattatcccggtaagtgtggactatattt
CAD2.low:Start-129|PCA1:130-End|RT:40_nt_each,gcgacaacggtttaggtgggtacgggtccccattccttatGCAAGACAATCGGGGTGAATGTCATCTGCGGTCAATCGAGATGCATGCTAATGACAATCTGGGATTGGTCTCCCAGCGAGccgaatctcggtattatcccggtaagtgtggactatattt
CAD2.low:Start-426|PCA1:427-End|RT:40_nt_each,gcgacaacggtttaggtgggtacgggtccccattccttatACAGACTGGTGGTGATCATACTAACGAGTCGTGTGTGGACGGATGCTGCGTTAGAGATTCTTCAGTGATGGTCGAGGAAGccgaatctcggtattatcccggtaagtgtggactatattt
CAD2.low:Start-465|PCA1:466-End|RT:40_nt_each,gcgacaacggtttaggtgggtacgggtccccattccttatCGAATGTTGTGTCCGAGATTCTAGTGTAATGGTAGAAGAGGTTACAGGCAGCTGCGAAGCTGTATCTTCTAAAGAACAATccgaatctcggtattatcccggtaagtgtggactatattt
CAD2.low:Start-627|PCA1:628-End|RT:40_nt_each,gcgacaacggtttaggtgggtacgggtccccattccttatTACTAACAGCAATCAGCATACAGGTAAAGGAAGATTGTGTATCGAATCAAGTGACTCTACACTCAAGAAAAGAAGTTGTAccgaatctcggtattatcccggtaagtgtggactatattt
CAD2.low:Start-660|PCA1:661-End|RT:40_nt_each,gcgacaacggtttaggtgggtacgggtccccattccttatATTGTGTCTTGAGAGCAGTGATAGCACTTTAAAGAAAAGAAGTTGTAAAGTTAGCAGACAGAAAATTGAGGTTTCCAGTAccgaatctcggtattatcccggtaagtgtggactatattt
CAD2.low:Start-774|PCA1:775-End|RT:40_nt_each,gcgacaacggtttaggtgggtacgggtccccattccttatAATCGCTAGTAGATCTTGTGAGAAAAGAACGTTCAAGGGAAGCACCAATGTTGGAATTTCTGGGAGTAGCTCTACCGACAccgaatctcggtattatcccggtaagtgtggactatattt
CAD2.low:Start-1032|PCA1:1033-End|RT:40_nt_each,gcgacaacggtttaggtgggtacgggtccccattccttatTTATAGGAATTCTAGTGGTTGTCTGACCAAGAAGAAAACTCATGGAGACAAAGAAAGGTTGAGCAATGACAATGGCCATGccgaatctcggtattatcccggtaagtgtggactatattt
CAD2.low:Start-1188|PCA1:1189-End|RT:40_nt_each,gcgacaacggtttaggtgggtacgggtccccattccttatCAGTTCAGAGATCTCGAGGATTGTCAGTATGGAGCCGATCGAAAATCATCTTAATCTTGAGGCAGGATCTACCGGTACCGccgaatctcggtattatcccggtaagtgtggactatattt
CAD2.low:Start-1257|PCA1:1258-End|RT:40_nt_each,gcgacaacggtttaggtgggtacgggtccccattccttatCACTGGTACTGAACACATAGTGTTGTCAGTAAGTGGAATGTCCTGTACTGGTTGTGAATCAAAACTTAAGAAATCATTTGccgaatctcggtattatcccggtaagtgtggactatattt
CAD2.low:Start-1275|PCA1:1276-End|RT:40_nt_each,gcgacaacggtttaggtgggtacgggtccccattccttatAGTGTTGTCAGTAAGTGGAATGACCTGTACTGGATGCGAGTCAAAACTTAAGAAATCATTTGGCGCGCTCAAATGTGTTCccgaatctcggtattatcccggtaagtgtggactatattt
CAD2.low:Start-1446|PCA1:1447-End|RT:40_nt_each,gcgacaacggtttaggtgggtacgggtccccattccttatTAAAACGACAGAGTTTAAATATGAGCAAATCAGCAACCACGGTTCAACTATAGATGTTGTTGTTCCTTATGCAGCAAAAGccgaatctcggtattatcccggtaagtgtggactatattt
CAD2.low:Start-1467|PCA1:1468-End|RT:40_nt_each,gcgacaacggtttaggtgggtacgggtccccattccttatTGAGCAAATCAGCAACCACGCCTCTACAATTGATGTGGTGGTTCCTTATGCAGCAAAAGATTTTATTAATGAGGAATGGCccgaatctcggtattatcccggtaagtgtggactatattt
CAD2.low:Start-1545|PCA1:1546-End|RT:40_nt_each,gcgacaacggtttaggtgggtacgggtccccattccttatGCCTCAAGGGGTAACGGAGTTGAAGATCGTCGAACGCAACATCATTCGTATTTACTTTGACCCAAAGGTTATAGGTGCCAccgaatctcggtattatcccggtaagtgtggactatattt
CAD2.low:Start-1770|PCA1:1771-End|RT:40_nt_each,gcgacaacggtttaggtgggtacgggtccccattccttatTATGGCGTGGGCCCCGCAATTGAGAGAGAAGATCTCAACAATCTCCGCGTCAATGGTGCTAGCAACTATTATTCAATTTGccgaatctcggtattatcccggtaagtgtggactatattt
CAD2.low:Start-1773|PCA1:1774-End|RT:40_nt_each,gcgacaacggtttaggtgggtacgggtccccattccttatGGCGTGGGCCCCGCAATTGAGAGAGAAGATCTCAACAATGTCCGCGTCAATGGTGCTAGCAACTATTATTCAATTTGTTAccgaatctcggtattatcccggtaagtgtggactatattt
CAD2.low:Start-1944|PCA1:1945-End|RT:40_nt_each,gcgacaacggtttaggtgggtacgggtccccattccttatGGCATATATCTTTAGTATTGTGAGTTTTGGTTACTTTGTAGTTGGACGCCCGTTATCTACGGAGCAGTTTTTTGAAACCAccgaatctcggtattatcccggtaagtgtggactatattt
CAD2.low:Start-1947|PCA1:1948-End|RT:40_nt_each,gcgacaacggtttaggtgggtacgggtccccattccttatATATATCTTTAGTATTGTGAGTTTTGGTTACTTTGTAGCCGGACGCCCGTTATCTACGGAGCAGTTTTTTGAAACCAGCTccgaatctcggtattatcccggtaagtgtggactatattt
CAD2.low:Start-2127|PCA1:2128-End|RT:40_nt_each,gcgacaacggtttaggtgggtacgggtccccattccttatTGCAATACTGGTCGACAAGACAGGGAAGGAAACTGAGATAAATATTAGACTTCTCCAATATGGCGATATTTTTAAGGTTTccgaatctcggtattatcccggtaagtgtggactatattt
CAD2.low:Start-2163|PCA1:2164-End|RT:40_nt_each,gcgacaacggtttaggtgggtacgggtccccattccttatGATAGACATACGCCTGTTGCAGTACGGCGATATTTTCAAAGTTTTACCTGATTCAAGAATCCCAACTGATGGAACAGTCAccgaatctcggtattatcccggtaagtgtggactatattt
CAD2.low:Start-2505|PCA1:2506-End|RT:40_nt_each,gcgacaacggtttaggtgggtacgggtccccattccttatGGTTACTTTCTGTGTCTGGATTGCTGTGGGGATTAGGGTCGAAAAGCAATCCCGCTCCGATGCCGTAATTCAGGCCATTAccgaatctcggtattatcccggtaagtgtggactatattt
CAD2.low:Start-2583|PCA1:2584-End|RT:40_nt_each,gcgacaacggtttaggtgggtacgggtccccattccttatAATTTATGCTATAACTGTTTTAATTGTCAGTTGCCCATGCGTGATTGGACTTGCCGTTCCTATCGTATTTGTTATTGCAAccgaatctcggtattatcccggtaagtgtggactatattt
CAD2.low:Start-2907|PCA1:2908-End|RT:40_nt_each,gcgacaacggtttaggtgggtacgggtccccattccttatCGCCCAAAACGTTTCAAACACCAAGGCAGTTACAGGGAAACGGGTAGAAGGAACATCATACTCTGGTTTGAAGTTACAAGccgaatctcggtattatcccggtaagtgtggactatattt
CAD2.low:Start-3339|PCA1:3340-End|RT:40_nt_each,gcgacaacggtttaggtgggtacgggtccccattccttatTGTAGTAGTGTTCTGTGGTGATGGTACCAATGATGCTATTGGTTTGACTCAAGCAACGATTGGAGTTCATATCAATGAGGccgaatctcggtattatcccggtaagtgtggactatattt
CAD2.low:Start-3624|PCA1:3625-End|RT:40_nt_each,gcgacaacggtttaggtgggtacgggtccccattccttatGGGCGAATTGGTATCAATATTGCCAGTTATCTTCGTTGCTATACTTCTGCGTTATGCAAAGATTTAGTCCAGGTACTGCTccgaatctcggtattatcccggtaagtgtggactatattt
CAD2.low:Start-3645|PCA1:3646-End|RT:40_nt_each,gcgacaacggtttaggtgggtacgggtccccattccttatGCCAGTTATCTTCGTTGCTACTTTGTTGAGATACGCTAAGATTTAGTCCAGGTACTGCTGCTATTTGATTGTAGATTTTCccgaatctcggtattatcccggtaagtgtggactatattt
CAD2.low:Start-3648|PCA1:3649-End|RT:40_nt_each,gcgacaacggtttaggtgggtacgggtccccattccttatAGTTATCTTCGTTGCTACTTTGTTGAGATACGCTAAGGTATAGTCCAGGTACTGCTGCTATTTGATTGTAGATTTTCTTTccgaatctcggtattatcccggtaagtgtggactatattt
CAD2.low:Start-114|PCA1:115-End|RT:47_nt_each,gcgacaacggtttaggtgggtacgggtccccatAGAATATCTCTATTGACGCAATGCAAGACAATCGGGGTGAATGTCATCGTAGATCCATAGAAATGCATGCTAATGACAATCTGGGATTGGTCTCtcggtattatcccggtaagtgtggactatattt
CAD2.low:Start-129|PCA1:130-End|RT:47_nt_each,gcgacaacggtttaggtgggtacgggtccccatACGCAATGCAAGACAATCGGGGTGAATGTCATCTGCGGTCAATCGAGATGCATGCTAATGACAATCTGGGATTGGTCTCCCAGCGAGACTGTACtcggtattatcccggtaagtgtggactatattt
CAD2.low:Start-426|PCA1:427-End|RT:47_nt_each,gcgacaacggtttaggtgggtacgggtccccatGGGACGCACAGACTGGTGGTGATCATACTAACGAGTCGTGTGTGGACGGATGCTGCGTTAGAGATTCTTCAGTGATGGTCGAGGAAGTTACAGGtcggtattatcccggtaagtgtggactatattt
CAD2.low:Start-465|PCA1:466-End|RT:47_nt_each,gcgacaacggtttaggtgggtacgggtccccatGTGTGGACGAATGTTGTGTCCGAGATTCTAGTGTAATGGTAGAAGAGGTTACAGGCAGCTGCGAAGCTGTATCTTCTAAAGAACAATTGCTGACtcggtattatcccggtaagtgtggactatattt
CAD2.low:Start-627|PCA1:628-End|RT:47_nt_each,gcgacaacggtttaggtgggtacgggtccccatGATGTAATACTAACAGCAATCAGCATACAGGTAAAGGAAGATTGTGTATCGAATCAAGTGACTCTACACTCAAGAAAAGAAGTTGTAAAGTTAGtcggtattatcccggtaagtgtggactatattt
CAD2.low:Start-660|PCA1:661-End|RT:47_nt_each,gcgacaacggtttaggtgggtacgggtccccatAAGGAAGATTGTGTCTTGAGAGCAGTGATAGCACTTTAAAGAAAAGAAGTTGTAAAGTTAGCAGACAGAAAATTGAGGTTTCCAGTAAGCCTGAtcggtattatcccggtaagtgtggactatattt
CAD2.low:Start-774|PCA1:775-End|RT:47_nt_each,gcgacaacggtttaggtgggtacgggtccccatTCGAAAGAATCGCTAGTAGATCTTGTGAGAAAAGAACGTTCAAGGGAAGCACCAATGTTGGAATTTCTGGGAGTAGCTCTACCGACAGTTTAAGtcggtattatcccggtaagtgtggactatattt
CAD2.low:Start-1032|PCA1:1033-End|RT:47_nt_each,gcgacaacggtttaggtgggtacgggtccccatAGTATAGTTATAGGAATTCTAGTGGTTGTCTGACCAAGAAGAAAACTCATGGAGACAAAGAAAGGTTGAGCAATGACAATGGCCATGCTGATTTtcggtattatcccggtaagtgtggactatattt
CAD2.low:Start-1188|PCA1:1189-End|RT:47_nt_each,gcgacaacggtttaggtgggtacgggtccccatGACATTCCAGTTCAGAGATCTCGAGGATTGTCAGTATGGAGCCGATCGAAAATCATCTTAATCTTGAGGCAGGATCTACCGGTACCGAGCACATtcggtattatcccggtaagtgtggactatattt
CAD2.low:Start-1257|PCA1:1258-End|RT:47_nt_each,gcgacaacggtttaggtgggtacgggtccccatCTGGCAGCACTGGTACTGAACACATAGTGTTGTCAGTAAGTGGAATGTCCTGTACTGGTTGTGAATCAAAACTTAAGAAATCATTTGGCGCGCTtcggtattatcccggtaagtgtggactatattt
CAD2.low:Start-1275|PCA1:1276-End|RT:47_nt_each,gcgacaacggtttaggtgggtacgggtccccatAACACATAGTGTTGTCAGTAAGTGGAATGACCTGTACTGGATGCGAGTCAAAACTTAAGAAATCATTTGGCGCGCTCAAATGTGTTCACGGTTTtcggtattatcccggtaagtgtggactatattt
CAD2.low:Start-1446|PCA1:1447-End|RT:47_nt_each,gcgacaacggtttaggtgggtacgggtccccatATCTTTCTAAAACGACAGAGTTTAAATATGAGCAAATCAGCAACCACGGTTCAACTATAGATGTTGTTGTTCCTTATGCAGCAAAAGATTTTATtcggtattatcccggtaagtgtggactatattt
CAD2.low:Start-1467|PCA1:1468-End|RT:47_nt_each,gcgacaacggtttaggtgggtacgggtccccatTTAAATATGAGCAAATCAGCAACCACGCCTCTACAATTGATGTGGTGGTTCCTTATGCAGCAAAAGATTTTATTAATGAGGAATGGCCACAAGGtcggtattatcccggtaagtgtggactatattt
CAD2.low:Start-1545|PCA1:1546-End|RT:47_nt_each,gcgacaacggtttaggtgggtacgggtccccatAGGAATGGCCTCAAGGGGTAACGGAGTTGAAGATCGTCGAACGCAACATCATTCGTATTTACTTTGACCCAAAGGTTATAGGTGCCAGAGATCTtcggtattatcccggtaagtgtggactatattt
CAD2.low:Start-1770|PCA1:1771-End|RT:47_nt_each,gcgacaacggtttaggtgggtacgggtccccatTATTAGTTATGGCGTGGGCCCCGCAATTGAGAGAGAAGATCTCAACAATCTCCGCGTCAATGGTGCTAGCAACTATTATTCAATTTGTTATTGCtcggtattatcccggtaagtgtggactatattt
CAD2.low:Start-1773|PCA1:1774-End|RT:47_nt_each,gcgacaacggtttaggtgggtacgggtccccatTAGTTATGGCGTGGGCCCCGCAATTGAGAGAGAAGATCTCAACAATGTCCGCGTCAATGGTGCTAGCAACTATTATTCAATTTGTTATTGCAGGtcggtattatcccggtaagtgtggactatattt
CAD2.low:Start-1944|PCA1:1945-End|RT:47_nt_each,gcgacaacggtttaggtgggtacgggtccccatCGAGCGCGGCATATATCTTTAGTATTGTGAGTTTTGGTTACTTTGTAGTTGGACGCCCGTTATCTACGGAGCAGTTTTTTGAAACCAGCTCTTTtcggtattatcccggtaagtgtggactatattt
CAD2.low:Start-1947|PCA1:1948-End|RT:47_nt_each,gcgacaacggtttaggtgggtacgggtccccatGCGCGGCATATATCTTTAGTATTGTGAGTTTTGGTTACTTTGTAGCCGGACGCCCGTTATCTACGGAGCAGTTTTTTGAAACCAGCTCTTTGCTtcggtattatcccggtaagtgtggactatattt
CAD2.low:Start-2127|PCA1:2128-End|RT:47_nt_each,gcgacaacggtttaggtgggtacgggtccccatCTTCATCTGCAATACTGGTCGACAAGACAGGGAAGGAAACTGAGATAAATATTAGACTTCTCCAATATGGCGATATTTTTAAGGTTTTACCTGAtcggtattatcccggtaagtgtggactatattt
CAD2.low:Start-2163|PCA1:2164-End|RT:47_nt_each,gcgacaacggtttaggtgggtacgggtccccatAAACTGAGATAGACATACGCCTGTTGCAGTACGGCGATATTTTCAAAGTTTTACCTGATTCAAGAATCCCAACTGATGGAACAGTCATTTCTGGtcggtattatcccggtaagtgtggactatattt
CAD2.low:Start-2505|PCA1:2506-End|RT:47_nt_each,gcgacaacggtttaggtgggtacgggtccccatTTACCGTGGTTACTTTCTGTGTCTGGATTGCTGTGGGGATTAGGGTCGAAAAGCAATCCCGCTCCGATGCCGTAATTCAGGCCATTATATATGCtcggtattatcccggtaagtgtggactatattt
CAD2.low:Start-2583|PCA1:2584-End|RT:47_nt_each,gcgacaacggtttaggtgggtacgggtccccatAAGCGATAATTTATGCTATAACTGTTTTAATTGTCAGTTGCCCATGCGTGATTGGACTTGCCGTTCCTATCGTATTTGTTATTGCAAGTGGCGTtcggtattatcccggtaagtgtggactatattt
CAD2.low:Start-2907|PCA1:2908-End|RT:47_nt_each,gcgacaacggtttaggtgggtacgggtccccatGAGTGAGCGCCCAAAACGTTTCAAACACCAAGGCAGTTACAGGGAAACGGGTAGAAGGAACATCATACTCTGGTTTGAAGTTACAAGGAGGGAAtcggtattatcccggtaagtgtggactatattt
CAD2.low:Start-3339|PCA1:3340-End|RT:47_nt_each,gcgacaacggtttaggtgggtacgggtccccatAGAGGCCTGTAGTAGTGTTCTGTGGTGATGGTACCAATGATGCTATTGGTTTGACTCAAGCAACGATTGGAGTTCATATCAATGAGGGAAGTGAtcggtattatcccggtaagtgtggactatattt
CAD2.low:Start-3624|PCA1:3625-End|RT:47_nt_each,gcgacaacggtttaggtgggtacgggtccccatCCGGATTGGGCGAATTGGTATCAATATTGCCAGTTATCTTCGTTGCTATACTTCTGCGTTATGCAAAGATTTAGTCCAGGTACTGCTGCTATTTtcggtattatcccggtaagtgtggactatattt
CAD2.low:Start-3645|PCA1:3646-End|RT:47_nt_each,gcgacaacggtttaggtgggtacgggtccccatCAATATTGCCAGTTATCTTCGTTGCTACTTTGTTGAGATACGCTAAGATTTAGTCCAGGTACTGCTGCTATTTGATTGTAGATTTTCTTTTTTCtcggtattatcccggtaagtgtggactatattt
CAD2.low:Start-3648|PCA1:3649-End|RT:47_nt_each,gcgacaacggtttaggtgggtacgggtccccatTATTGCCAGTTATCTTCGTTGCTACTTTGTTGAGATACGCTAAGGTATAGTCCAGGTACTGCTGCTATTTGATTGTAGATTTTCTTTTTTCTTTtcggtattatcccggtaagtgtggactatattt
CAD2.low:Start-114|PCA1:115-End|RT:55_nt_each,gcgacaacggtttaggtgggtacggGAATAGCGAGAATATCTCTATTGACGCAATGCAAGACAATCGGGGTGAATGTCATCGTAGATCCATAGAAATGCATGCTAATGACAATCTGGGATTGGTCTCCCAGCGAGatcccggtaagtgtggactatattt
CAD2.low:Start-129|PCA1:130-End|RT:55_nt_each,gcgacaacggtttaggtgggtacggCTCTATTGACGCAATGCAAGACAATCGGGGTGAATGTCATCTGCGGTCAATCGAGATGCATGCTAATGACAATCTGGGATTGGTCTCCCAGCGAGACTGTACCAATCGGCatcccggtaagtgtggactatattt
CAD2.low:Start-426|PCA1:427-End|RT:55_nt_each,gcgacaacggtttaggtgggtacggGTGCTGTGGGGACGCACAGACTGGTGGTGATCATACTAACGAGTCGTGTGTGGACGGATGCTGCGTTAGAGATTCTTCAGTGATGGTCGAGGAAGTTACAGGCAGCTGCGatcccggtaagtgtggactatattt
CAD2.low:Start-465|PCA1:466-End|RT:55_nt_each,gcgacaacggtttaggtgggtacggCGAGTCGTGTGTGGACGAATGTTGTGTCCGAGATTCTAGTGTAATGGTAGAAGAGGTTACAGGCAGCTGCGAAGCTGTATCTTCTAAAGAACAATTGCTGACCAGCTTTGatcccggtaagtgtggactatattt
CAD2.low:Start-627|PCA1:628-End|RT:55_nt_each,gcgacaacggtttaggtgggtacggAACCACAAGATGTAATACTAACAGCAATCAGCATACAGGTAAAGGAAGATTGTGTATCGAATCAAGTGACTCTACACTCAAGAAAAGAAGTTGTAAAGTTAGCAGACAGAatcccggtaagtgtggactatattt
CAD2.low:Start-660|PCA1:661-End|RT:55_nt_each,gcgacaacggtttaggtgggtacggTACAGGTAAAGGAAGATTGTGTCTTGAGAGCAGTGATAGCACTTTAAAGAAAAGAAGTTGTAAAGTTAGCAGACAGAAAATTGAGGTTTCCAGTAAGCCTGAGTGCTGCAatcccggtaagtgtggactatattt
CAD2.low:Start-774|PCA1:775-End|RT:55_nt_each,gcgacaacggtttaggtgggtacggAAGCTGCGTCGAAAGAATCGCTAGTAGATCTTGTGAGAAAAGAACGTTCAAGGGAAGCACCAATGTTGGAATTTCTGGGAGTAGCTCTACCGACAGTTTAAGCGAGAAGTatcccggtaagtgtggactatattt
CAD2.low:Start-1032|PCA1:1033-End|RT:55_nt_each,gcgacaacggtttaggtgggtacggGAAGACAAAGTATAGTTATAGGAATTCTAGTGGTTGTCTGACCAAGAAGAAAACTCATGGAGACAAAGAAAGGTTGAGCAATGACAATGGCCATGCTGATTTTGTTTGTTatcccggtaagtgtggactatattt
CAD2.low:Start-1188|PCA1:1189-End|RT:55_nt_each,gcgacaacggtttaggtgggtacggGATTTCGGGACATTCCAGTTCAGAGATCTCGAGGATTGTCAGTATGGAGCCGATCGAAAATCATCTTAATCTTGAGGCAGGATCTACCGGTACCGAGCACATTGTTCTTAatcccggtaagtgtggactatattt
CAD2.low:Start-1257|PCA1:1258-End|RT:55_nt_each,gcgacaacggtttaggtgggtacggCTTGGAAGCTGGCAGCACTGGTACTGAACACATAGTGTTGTCAGTAAGTGGAATGTCCTGTACTGGTTGTGAATCAAAACTTAAGAAATCATTTGGCGCGCTCAAATGTGatcccggtaagtgtggactatattt
CAD2.low:Start-1275|PCA1:1276-End|RT:55_nt_each,gcgacaacggtttaggtgggtacggTGGTACTGAACACATAGTGTTGTCAGTAAGTGGAATGACCTGTACTGGATGCGAGTCAAAACTTAAGAAATCATTTGGCGCGCTCAAATGTGTTCACGGTTTGAAGACCAatcccggtaagtgtggactatattt
CAD2.low:Start-1446|PCA1:1447-End|RT:55_nt_each,gcgacaacggtttaggtgggtacggCATAAAACATCTTTCTAAAACGACAGAGTTTAAATATGAGCAAATCAGCAACCACGGTTCAACTATAGATGTTGTTGTTCCTTATGCAGCAAAAGATTTTATTAATGAGGatcccggtaagtgtggactatattt
CAD2.low:Start-1467|PCA1:1468-End|RT:55_nt_each,gcgacaacggtttaggtgggtacggGACAGAGTTTAAATATGAGCAAATCAGCAACCACGCCTCTACAATTGATGTGGTGGTTCCTTATGCAGCAAAAGATTTTATTAATGAGGAATGGCCACAAGGTGTCACAGatcccggtaagtgtggactatattt
CAD2.low:Start-1545|PCA1:1546-End|RT:55_nt_each,gcgacaacggtttaggtgggtacggCATAAACGAGGAATGGCCTCAAGGGGTAACGGAGTTGAAGATCGTCGAACGCAACATCATTCGTATTTACTTTGACCCAAAGGTTATAGGTGCCAGAGATCTTGTCAATGatcccggtaagtgtggactatattt
CAD2.low:Start-1770|PCA1:1771-End|RT:55_nt_each,gcgacaacggtttaggtgggtacggCATACCCATATTAGTTATGGCGTGGGCCCCGCAATTGAGAGAGAAGATCTCAACAATCTCCGCGTCAATGGTGCTAGCAACTATTATTCAATTTGTTATTGCAGGACCGTatcccggtaagtgtggactatattt
CAD2.low:Start-1773|PCA1:1774-End|RT:55_nt_each,gcgacaacggtttaggtgggtacggACCCATATTAGTTATGGCGTGGGCCCCGCAATTGAGAGAGAAGATCTCAACAATGTCCGCGTCAATGGTGCTAGCAACTATTATTCAATTTGTTATTGCAGGACCGTTTTatcccggtaagtgtggactatattt
CAD2.low:Start-1944|PCA1:1945-End|RT:55_nt_each,gcgacaacggtttaggtgggtacggCTTGTCTACGAGCGCGGCATATATCTTTAGTATTGTGAGTTTTGGTTACTTTGTAGTTGGACGCCCGTTATCTACGGAGCAGTTTTTTGAAACCAGCTCTTTGCTTGTAAatcccggtaagtgtggactatattt
CAD2.low:Start-1947|PCA1:1948-End|RT:55_nt_each,gcgacaacggtttaggtgggtacggGTCTACGAGCGCGGCATATATCTTTAGTATTGTGAGTTTTGGTTACTTTGTAGCCGGACGCCCGTTATCTACGGAGCAGTTTTTTGAAACCAGCTCTTTGCTTGTAACTCatcccggtaagtgtggactatattt
CAD2.low:Start-2127|PCA1:2128-End|RT:55_nt_each,gcgacaacggtttaggtgggtacggACTGCAAGCTTCATCTGCAATACTGGTCGACAAGACAGGGAAGGAAACTGAGATAAATATTAGACTTCTCCAATATGGCGATATTTTTAAGGTTTTACCTGATTCAAGAAatcccggtaagtgtggactatattt
CAD2.low:Start-2163|PCA1:2164-End|RT:55_nt_each,gcgacaacggtttaggtgggtacggAGGGAAGGAAACTGAGATAGACATACGCCTGTTGCAGTACGGCGATATTTTCAAAGTTTTACCTGATTCAAGAATCCCAACTGATGGAACAGTCATTTCTGGGTCTTCTGatcccggtaagtgtggactatattt
CAD2.low:Start-2505|PCA1:2506-End|RT:55_nt_each,gcgacaacggtttaggtgggtacggTATTGGCATTACCGTGGTTACTTTCTGTGTCTGGATTGCTGTGGGGATTAGGGTCGAAAAGCAATCCCGCTCCGATGCCGTAATTCAGGCCATTATATATGCCATTACGGatcccggtaagtgtggactatattt
CAD2.low:Start-2583|PCA1:2584-End|RT:55_nt_each,gcgacaacggtttaggtgggtacggTGTTATCCAAGCGATAATTTATGCTATAACTGTTTTAATTGTCAGTTGCCCATGCGTGATTGGACTTGCCGTTCCTATCGTATTTGTTATTGCAAGTGGCGTCGCTGCGAatcccggtaagtgtggactatattt
CAD2.low:Start-2907|PCA1:2908-End|RT:55_nt_each,gcgacaacggtttaggtgggtacggAGAAAAGGGAGTGAGCGCCCAAAACGTTTCAAACACCAAGGCAGTTACAGGGAAACGGGTAGAAGGAACATCATACTCTGGTTTGAAGTTACAAGGAGGGAACTGTCGTTatcccggtaagtgtggactatattt
CAD2.low:Start-3339|PCA1:3340-End|RT:55_nt_each,gcgacaacggtttaggtgggtacggACAAAGCAAGAGGCCTGTAGTAGTGTTCTGTGGTGATGGTACCAATGATGCTATTGGTTTGACTCAAGCAACGATTGGAGTTCATATCAATGAGGGAAGTGAGGTTGCCAatcccggtaagtgtggactatattt
CAD2.low:Start-3624|PCA1:3625-End|RT:55_nt_each,gcgacaacggtttaggtgggtacggCGAATACGCCGGATTGGGCGAATTGGTATCAATATTGCCAGTTATCTTCGTTGCTATACTTCTGCGTTATGCAAAGATTTAGTCCAGGTACTGCTGCTATTTGATTGTAGatcccggtaagtgtggactatattt
CAD2.low:Start-3645|PCA1:3646-End|RT:55_nt_each,gcgacaacggtttaggtgggtacggATTGGTATCAATATTGCCAGTTATCTTCGTTGCTACTTTGTTGAGATACGCTAAGATTTAGTCCAGGTACTGCTGCTATTTGATTGTAGATTTTCTTTTTTCTTTTCTTTatcccggtaagtgtggactatattt
CAD2.low:Start-3648|PCA1:3649-End|RT:55_nt_each,gcgacaacggtttaggtgggtacggGGTATCAATATTGCCAGTTATCTTCGTTGCTACTTTGTTGAGATACGCTAAGGTATAGTCCAGGTACTGCTGCTATTTGATTGTAGATTTTCTTTTTTCTTTTCTTTTTTatcccggtaagtgtggactatattt
CAD2.low:Start-114|PCA1:115-End|RT:64_nt_each,gcgacaacggtttaggTGGTGTTGTGAATAGCGAGAATATCTCTATTGACGCAATGCAAGACAATCGGGGTGAATGTCATCGTAGATCCATAGAAATGCATGCTAATGACAATCTGGGATTGGTCTCCCAGCGAGACTGTACCAagtgtggactatattt
CAD2.low:Start-129|PCA1:130-End|RT:64_nt_each,gcgacaacggtttaggCGAGAATATCTCTATTGACGCAATGCAAGACAATCGGGGTGAATGTCATCTGCGGTCAATCGAGATGCATGCTAATGACAATCTGGGATTGGTCTCCCAGCGAGACTGTACCAATCGGCCCAAAATTAagtgtggactatattt
CAD2.low:Start-426|PCA1:427-End|RT:64_nt_each,gcgacaacggtttaggCGTTGATTCGTGCTGTGGGGACGCACAGACTGGTGGTGATCATACTAACGAGTCGTGTGTGGACGGATGCTGCGTTAGAGATTCTTCAGTGATGGTCGAGGAAGTTACAGGCAGCTGCGAAGCTGTATagtgtggactatattt
CAD2.low:Start-465|PCA1:466-End|RT:64_nt_each,gcgacaacggtttaggTCATACTAACGAGTCGTGTGTGGACGAATGTTGTGTCCGAGATTCTAGTGTAATGGTAGAAGAGGTTACAGGCAGCTGCGAAGCTGTATCTTCTAAAGAACAATTGCTGACCAGCTTTGAAGTTGTTCagtgtggactatattt
CAD2.low:Start-627|PCA1:628-End|RT:64_nt_each,gcgacaacggtttaggCATTCGCGAAACCACAAGATGTAATACTAACAGCAATCAGCATACAGGTAAAGGAAGATTGTGTATCGAATCAAGTGACTCTACACTCAAGAAAAGAAGTTGTAAAGTTAGCAGACAGAAAATTGAGGagtgtggactatattt
CAD2.low:Start-660|PCA1:661-End|RT:64_nt_each,gcgacaacggtttaggCAATCAGCATACAGGTAAAGGAAGATTGTGTCTTGAGAGCAGTGATAGCACTTTAAAGAAAAGAAGTTGTAAAGTTAGCAGACAGAAAATTGAGGTTTCCAGTAAGCCTGAGTGCTGCAACATTTCATagtgtggactatattt
CAD2.low:Start-774|PCA1:775-End|RT:64_nt_each,gcgacaacggtttaggTTGTAATATAAGCTGCGTCGAAAGAATCGCTAGTAGATCTTGTGAGAAAAGAACGTTCAAGGGAAGCACCAATGTTGGAATTTCTGGGAGTAGCTCTACCGACAGTTTAAGCGAGAAGTTCTTCAGCGagtgtggactatattt
CAD2.low:Start-1032|PCA1:1033-End|RT:64_nt_each,gcgacaacggtttaggCGCGAGCAAGAAGACAAAGTATAGTTATAGGAATTCTAGTGGTTGTCTGACCAAGAAGAAAACTCATGGAGACAAAGAAAGGTTGAGCAATGACAATGGCCATGCTGATTTTGTTTGTTCTAAAAGTTagtgtggactatattt
CAD2.low:Start-1188|PCA1:1189-End|RT:64_nt_each,gcgacaacggtttaggGACTTCCACGATTTCGGGACATTCCAGTTCAGAGATCTCGAGGATTGTCAGTATGGAGCCGATCGAAAATCATCTTAATCTTGAGGCAGGATCTACCGGTACCGAGCACATTGTTCTTAGTGTTTCAGagtgtggactatattt
CAD2.low:Start-1257|PCA1:1258-End|RT:64_nt_each,gcgacaacggtttaggTCATTTGAACTTGGAAGCTGGCAGCACTGGTACTGAACACATAGTGTTGTCAGTAAGTGGAATGTCCTGTACTGGTTGTGAATCAAAACTTAAGAAATCATTTGGCGCGCTCAAATGTGTTCACGGTTagtgtggactatattt
CAD2.low:Start-1275|PCA1:1276-End|RT:64_nt_each,gcgacaacggtttaggTGGCAGCACTGGTACTGAACACATAGTGTTGTCAGTAAGTGGAATGACCTGTACTGGATGCGAGTCAAAACTTAAGAAATCATTTGGCGCGCTCAAATGTGTTCACGGTTTGAAGACCAGTTTAATATagtgtggactatattt
CAD2.low:Start-1446|PCA1:1447-End|RT:64_nt_each,gcgacaacggtttaggTAAAGACGTCATAAAACATCTTTCTAAAACGACAGAGTTTAAATATGAGCAAATCAGCAACCACGGTTCAACTATAGATGTTGTTGTTCCTTATGCAGCAAAAGATTTTATTAATGAGGAATGGCCACagtgtggactatattt
CAD2.low:Start-1467|PCA1:1468-End|RT:64_nt_each,gcgacaacggtttaggTTCTAAAACGACAGAGTTTAAATATGAGCAAATCAGCAACCACGCCTCTACAATTGATGTGGTGGTTCCTTATGCAGCAAAAGATTTTATTAATGAGGAATGGCCACAAGGTGTCACAGAGCTGAAAAagtgtggactatattt
CAD2.low:Start-1545|PCA1:1546-End|RT:64_nt_each,gcgacaacggtttaggTAAAGACTTCATAAACGAGGAATGGCCTCAAGGGGTAACGGAGTTGAAGATCGTCGAACGCAACATCATTCGTATTTACTTTGACCCAAAGGTTATAGGTGCCAGAGATCTTGTCAATGAAGGATGGAagtgtggactatattt
CAD2.low:Start-1770|PCA1:1771-End|RT:64_nt_each,gcgacaacggtttaggTATTCTAACCATACCCATATTAGTTATGGCGTGGGCCCCGCAATTGAGAGAGAAGATCTCAACAATCTCCGCGTCAATGGTGCTAGCAACTATTATTCAATTTGTTATTGCAGGACCGTTTTACTTAAagtgtggactatattt
CAD2.low:Start-1773|PCA1:1774-End|RT:64_nt_each,gcgacaacggtttaggTCTAACCATACCCATATTAGTTATGGCGTGGGCCCCGCAATTGAGAGAGAAGATCTCAACAATGTCCGCGTCAATGGTGCTAGCAACTATTATTCAATTTGTTATTGCAGGACCGTTTTACTTAAATGagtgtggactatattt
CAD2.low:Start-1944|PCA1:1945-End|RT:64_nt_each,gcgacaacggtttaggGTTGATTGTCTTGTCTACGAGCGCGGCATATATCTTTAGTATTGTGAGTTTTGGTTACTTTGTAGTTGGACGCCCGTTATCTACGGAGCAGTTTTTTGAAACCAGCTCTTTGCTTGTAACTCTCATCAagtgtggactatattt
CAD2.low:Start-1947|PCA1:1948-End|RT:64_nt_each,gcgacaacggtttaggGATTGTCTTGTCTACGAGCGCGGCATATATCTTTAGTATTGTGAGTTTTGGTTACTTTGTAGCCGGACGCCCGTTATCTACGGAGCAGTTTTTTGAAACCAGCTCTTTGCTTGTAACTCTCATCATGGagtgtggactatattt
CAD2.low:Start-2127|PCA1:2128-End|RT:64_nt_each,gcgacaacggtttaggCGTGCGCTCACTGCAAGCTTCATCTGCAATACTGGTCGACAAGACAGGGAAGGAAACTGAGATAAATATTAGACTTCTCCAATATGGCGATATTTTTAAGGTTTTACCTGATTCAAGAATCCCAACTGagtgtggactatattt
CAD2.low:Start-2163|PCA1:2164-End|RT:64_nt_each,gcgacaacggtttaggCGACAAGACAGGGAAGGAAACTGAGATAGACATACGCCTGTTGCAGTACGGCGATATTTTCAAAGTTTTACCTGATTCAAGAATCCCAACTGATGGAACAGTCATTTCTGGGTCTTCTGAAGTCGACGagtgtggactatattt
CAD2.low:Start-2505|PCA1:2506-End|RT:64_nt_each,gcgacaacggtttaggTCCCACCATTATTGGCATTACCGTGGTTACTTTCTGTGTCTGGATTGCTGTGGGGATTAGGGTCGAAAAGCAATCCCGCTCCGATGCCGTAATTCAGGCCATTATATATGCCATTACGGTACTTATCGagtgtggactatattt
CAD2.low:Start-2583|PCA1:2584-End|RT:64_nt_each,gcgacaacggtttaggGAGCGATGCTGTTATCCAAGCGATAATTTATGCTATAACTGTTTTAATTGTCAGTTGCCCATGCGTGATTGGACTTGCCGTTCCTATCGTATTTGTTATTGCAAGTGGCGTCGCTGCGAAAAGAGGGGagtgtggactatattt
CAD2.low:Start-2907|PCA1:2908-End|RT:64_nt_each,gcgacaacggtttaggCTACTTAAAAGAAAAGGGAGTGAGCGCCCAAAACGTTTCAAACACCAAGGCAGTTACAGGGAAACGGGTAGAAGGAACATCATACTCTGGTTTGAAGTTACAAGGAGGGAACTGTCGTTGGCTTGGTCagtgtggactatattt
CAD2.low:Start-3339|PCA1:3340-End|RT:64_nt_each,gcgacaacggtttaggCTCATCTTCACAAAGCAAGAGGCCTGTAGTAGTGTTCTGTGGTGATGGTACCAATGATGCTATTGGTTTGACTCAAGCAACGATTGGAGTTCATATCAATGAGGGAAGTGAGGTTGCCAAGCTAGCTGagtgtggactatattt
CAD2.low:Start-3624|PCA1:3625-End|RT:64_nt_each,gcgacaacggtttaggTATACCTCCCGAATACGCCGGATTGGGCGAATTGGTATCAATATTGCCAGTTATCTTCGTTGCTATACTTCTGCGTTATGCAAAGATTTAGTCCAGGTACTGCTGCTATTTGATTGTAGATTTTCTTTagtgtggactatattt
CAD2.low:Start-3645|PCA1:3646-End|RT:64_nt_each,gcgacaacggtttaggATTGGGCGAATTGGTATCAATATTGCCAGTTATCTTCGTTGCTACTTTGTTGAGATACGCTAAGATTTAGTCCAGGTACTGCTGCTATTTGATTGTAGATTTTCTTTTTTCTTTTCTTTTTTTTTTTTagtgtggactatattt
CAD2.low:Start-3648|PCA1:3649-End|RT:64_nt_each,gcgacaacggtttaggGGGCGAATTGGTATCAATATTGCCAGTTATCTTCGTTGCTACTTTGTTGAGATACGCTAAGGTATAGTCCAGGTACTGCTGCTATTTGATTGTAGATTTTCTTTTTTCTTTTCTTTTTTTTTTTTGACagtgtggactatattt
CAD2.low:Start-114|PCA1:115-End|RT:74_nt_each,gcgacaACGGTGAGTATGGTGTTGTGAATAGCGAGAATATCTCTATTGACGCAATGCAAGACAATCGGGGTGAATGTCATCGTAGATCCATAGAAATGCATGCTAATGACAATCTGGGATTGGTCTCCCAGCGAGACTGTACCAATCGGCCCAAatattt
CAD2.low:Start-129|PCA1:130-End|RT:74_nt_each,gcgacaTTGTGAATAGCGAGAATATCTCTATTGACGCAATGCAAGACAATCGGGGTGAATGTCATCTGCGGTCAATCGAGATGCATGCTAATGACAATCTGGGATTGGTCTCCCAGCGAGACTGTACCAATCGGCCCAAAATTACTCCTCAGGAatattt
CAD2.low:Start-426|PCA1:427-End|RT:74_nt_each,gcgacaCCGGTCTCGACGTTGATTCGTGCTGTGGGGACGCACAGACTGGTGGTGATCATACTAACGAGTCGTGTGTGGACGGATGCTGCGTTAGAGATTCTTCAGTGATGGTCGAGGAAGTTACAGGCAGCTGCGAAGCTGTATCTTCTAAAGAatattt
CAD2.low:Start-465|PCA1:466-End|RT:74_nt_each,gcgacaCTGGTGGTGATCATACTAACGAGTCGTGTGTGGACGAATGTTGTGTCCGAGATTCTAGTGTAATGGTAGAAGAGGTTACAGGCAGCTGCGAAGCTGTATCTTCTAAAGAACAATTGCTGACCAGCTTTGAAGTTGTTCCAAGCAAATCatattt
CAD2.low:Start-627|PCA1:628-End|RT:74_nt_each,gcgacaGTATACACGACATTCGCGAAACCACAAGATGTAATACTAACAGCAATCAGCATACAGGTAAAGGAAGATTGTGTATCGAATCAAGTGACTCTACACTCAAGAAAAGAAGTTGTAAAGTTAGCAGACAGAAAATTGAGGTTTCCAGTAAatattt
CAD2.low:Start-660|PCA1:661-End|RT:74_nt_each,gcgacaATACTAACAGCAATCAGCATACAGGTAAAGGAAGATTGTGTCTTGAGAGCAGTGATAGCACTTTAAAGAAAAGAAGTTGTAAAGTTAGCAGACAGAAAATTGAGGTTTCCAGTAAGCCTGAGTGCTGCAACATTTCATGTGTTGAGCGatattt
CAD2.low:Start-774|PCA1:775-End|RT:74_nt_each,gcgacaAACCCGAATGTTGTAATATAAGCTGCGTCGAAAGAATCGCTAGTAGATCTTGTGAGAAAAGAACGTTCAAGGGAAGCACCAATGTTGGAATTTCTGGGAGTAGCTCTACCGACAGTTTAAGCGAGAAGTTCTTCAGCGAACAGTACTCatattt
CAD2.low:Start-1032|PCA1:1033-End|RT:74_nt_each,gcgacaCCGGTGAAGGCGCGAGCAAGAAGACAAAGTATAGTTATAGGAATTCTAGTGGTTGTCTGACCAAGAAGAAAACTCATGGAGACAAAGAAAGGTTGAGCAATGACAATGGCCATGCTGATTTTGTTTGTTCTAAAAGTTGTTGCACTAAatattt
CAD2.low:Start-1188|PCA1:1189-End|RT:74_nt_each,gcgacaACTGCGCCGTGACTTCCACGATTTCGGGACATTCCAGTTCAGAGATCTCGAGGATTGTCAGTATGGAGCCGATCGAAAATCATCTTAATCTTGAGGCAGGATCTACCGGTACCGAGCACATTGTTCTTAGTGTTTCAGGAATGTCCTGatattt
CAD2.low:Start-1257|PCA1:1258-End|RT:74_nt_each,gcgacaCGATCGGGAATCATTTGAACTTGGAAGCTGGCAGCACTGGTACTGAACACATAGTGTTGTCAGTAAGTGGAATGTCCTGTACTGGTTGTGAATCAAAACTTAAGAAATCATTTGGCGCGCTCAAATGTGTTCACGGTTTGAAGACCAGatattt
CAD2.low:Start-1275|PCA1:1276-End|RT:74_nt_each,gcgacaACTTGGAAGCTGGCAGCACTGGTACTGAACACATAGTGTTGTCAGTAAGTGGAATGACCTGTACTGGATGCGAGTCAAAACTTAAGAAATCATTTGGCGCGCTCAAATGTGTTCACGGTTTGAAGACCAGTTTAATATTATCGCAAGCatattt
CAD2.low:Start-1446|PCA1:1447-End|RT:74_nt_each,gcgacaAAGGTAGTGTTAAAGACGTCATAAAACATCTTTCTAAAACGACAGAGTTTAAATATGAGCAAATCAGCAACCACGGTTCAACTATAGATGTTGTTGTTCCTTATGCAGCAAAAGATTTTATTAATGAGGAATGGCCACAAGGTGTCACatattt
CAD2.low:Start-1467|PCA1:1468-End|RT:74_nt_each,gcgacaTAAAACATCTTTCTAAAACGACAGAGTTTAAATATGAGCAAATCAGCAACCACGCCTCTACAATTGATGTGGTGGTTCCTTATGCAGCAAAAGATTTTATTAATGAGGAATGGCCACAAGGTGTCACAGAGCTGAAAATTGTTGAGAGatattt
CAD2.low:Start-1545|PCA1:1546-End|RT:74_nt_each,gcgacaCCTACGCAGCTAAAGACTTCATAAACGAGGAATGGCCTCAAGGGGTAACGGAGTTGAAGATCGTCGAACGCAACATCATTCGTATTTACTTTGACCCAAAGGTTATAGGTGCCAGAGATCTTGTCAATGAAGGATGGAGCGTGCCTGTatattt
CAD2.low:Start-1770|PCA1:1771-End|RT:74_nt_each,gcgacaCACTTAGTATTATTCTAACCATACCCATATTAGTTATGGCGTGGGCCCCGCAATTGAGAGAGAAGATCTCAACAATCTCCGCGTCAATGGTGCTAGCAACTATTATTCAATTTGTTATTGCAGGACCGTTTTACTTAAATGCCTTGAAatattt
CAD2.low:Start-1773|PCA1:1774-End|RT:74_nt_each,gcgacaTTAGTATTATTCTAACCATACCCATATTAGTTATGGCGTGGGCCCCGCAATTGAGAGAGAAGATCTCAACAATGTCCGCGTCAATGGTGCTAGCAACTATTATTCAATTTGTTATTGCAGGACCGTTTTACTTAAATGCCTTGAAGAGatattt
CAD2.low:Start-1944|PCA1:1945-End|RT:74_nt_each,gcgacaAGATGGACTTGTTGATTGTCTTGTCTACGAGCGCGGCATATATCTTTAGTATTGTGAGTTTTGGTTACTTTGTAGTTGGACGCCCGTTATCTACGGAGCAGTTTTTTGAAACCAGCTCTTTGCTTGTAACTCTCATCATGGTTGGTCGatattt
CAD2.low:Start-1947|PCA1:1948-End|RT:74_nt_each,gcgacaTGGACTTGTTGATTGTCTTGTCTACGAGCGCGGCATATATCTTTAGTATTGTGAGTTTTGGTTACTTTGTAGCCGGACGCCCGTTATCTACGGAGCAGTTTTTTGAAACCAGCTCTTTGCTTGTAACTCTCATCATGGTTGGTCGCTTatattt
CAD2.low:Start-2127|PCA1:2128-End|RT:74_nt_each,gcgacaAATCGATTAGCGTGCGCTCACTGCAAGCTTCATCTGCAATACTGGTCGACAAGACAGGGAAGGAAACTGAGATAAATATTAGACTTCTCCAATATGGCGATATTTTTAAGGTTTTACCTGATTCAAGAATCCCAACTGATGGAACAGTatattt
CAD2.low:Start-2163|PCA1:2164-End|RT:74_nt_each,gcgacaCAATACTGGTCGACAAGACAGGGAAGGAAACTGAGATAGACATACGCCTGTTGCAGTACGGCGATATTTTCAAAGTTTTACCTGATTCAAGAATCCCAACTGATGGAACAGTCATTTCTGGGTCTTCTGAAGTCGACGAAGCGTTAATatattt
CAD2.low:Start-2505|PCA1:2506-End|RT:74_nt_each,gcgacaCTTACTTTGTTCCCACCATTATTGGCATTACCGTGGTTACTTTCTGTGTCTGGATTGCTGTGGGGATTAGGGTCGAAAAGCAATCCCGCTCCGATGCCGTAATTCAGGCCATTATATATGCCATTACGGTACTTATCGTTTCGTGTCCatattt
CAD2.low:Start-2583|PCA1:2584-End|RT:74_nt_each,gcgacaAGCAGTCTAGGAGCGATGCTGTTATCCAAGCGATAATTTATGCTATAACTGTTTTAATTGTCAGTTGCCCATGCGTGATTGGACTTGCCGTTCCTATCGTATTTGTTATTGCAAGTGGCGTCGCTGCGAAAAGAGGGGTAATCTTCAAatattt
CAD2.low:Start-2907|PCA1:2908-End|RT:74_nt_each,gcgacaCTATTGCCAGCTACTTAAAAGAAAAGGGAGTGAGCGCCCAAAACGTTTCAAACACCAAGGCAGTTACAGGGAAACGGGTAGAAGGAACATCATACTCTGGTTTGAAGTTACAAGGAGGGAACTGTCGTTGGCTTGGTCATAACAATGAatattt
CAD2.low:Start-3339|PCA1:3340-End|RT:74_nt_each,gcgacaGAAACTGTGACTCATCTTCACAAAGCAAGAGGCCTGTAGTAGTGTTCTGTGGTGATGGTACCAATGATGCTATTGGTTTGACTCAAGCAACGATTGGAGTTCATATCAATGAGGGAAGTGAGGTTGCCAAGCTAGCTGCTGATGTAGTatattt
CAD2.low:Start-3624|PCA1:3625-End|RT:74_nt_each,gcgacaTAGACTTTCATATACCTCCCGAATACGCCGGATTGGGCGAATTGGTATCAATATTGCCAGTTATCTTCGTTGCTATACTTCTGCGTTATGCAAAGATTTAGTCCAGGTACTGCTGCTATTTGATTGTAGATTTTCTTTTTTCTTTTCTatattt
CAD2.low:Start-3645|PCA1:3646-End|RT:74_nt_each,gcgacaAATACGCCGGATTGGGCGAATTGGTATCAATATTGCCAGTTATCTTCGTTGCTACTTTGTTGAGATACGCTAAGATTTAGTCCAGGTACTGCTGCTATTTGATTGTAGATTTTCTTTTTTCTTTTCTTTTTTTTTTTTGACGACTCTGatattt
CAD2.low:Start-3648|PCA1:3649-End|RT:74_nt_each,gcgacaACGCCGGATTGGGCGAATTGGTATCAATATTGCCAGTTATCTTCGTTGCTACTTTGTTGAGATACGCTAAGGTATAGTCCAGGTACTGCTGCTATTTGATTGTAGATTTTCTTTTTTCTTTTCTTTTTTTTTTTTGACGACTCTGTAAatattt
CAD2.low:Start-114|PCA1:115-End|RT:80_nt_each,CTTCTGACGGTGAGTATGGTGTTGTGAATAGCGAGAATATCTCTATTGACGCAATGCAAGACAATCGGGGTGAATGTCATCGTAGATCCATAGAAATGCATGCTAATGACAATCTGGGATTGGTCTCCCAGCGAGACTGTACCAATCGGCCCAAAATTAC
CAD2.low:Start-129|PCA1:130-End|RT:80_nt_each,ATGGTGTTGTGAATAGCGAGAATATCTCTATTGACGCAATGCAAGACAATCGGGGTGAATGTCATCTGCGGTCAATCGAGATGCATGCTAATGACAATCTGGGATTGGTCTCCCAGCGAGACTGTACCAATCGGCCCAAAATTACTCCTCAGGAATGTTT
CAD2.low:Start-426|PCA1:427-End|RT:80_nt_each,CAGAAACCGGTCTCGACGTTGATTCGTGCTGTGGGGACGCACAGACTGGTGGTGATCATACTAACGAGTCGTGTGTGGACGGATGCTGCGTTAGAGATTCTTCAGTGATGGTCGAGGAAGTTACAGGCAGCTGCGAAGCTGTATCTTCTAAAGAACAATT
CAD2.low:Start-465|PCA1:466-End|RT:80_nt_each,CACAGACTGGTGGTGATCATACTAACGAGTCGTGTGTGGACGAATGTTGTGTCCGAGATTCTAGTGTAATGGTAGAAGAGGTTACAGGCAGCTGCGAAGCTGTATCTTCTAAAGAACAATTGCTGACCAGCTTTGAAGTTGTTCCAAGCAAATCTGAAGG
CAD2.low:Start-627|PCA1:628-End|RT:80_nt_each,TGCAGAGTATACACGACATTCGCGAAACCACAAGATGTAATACTAACAGCAATCAGCATACAGGTAAAGGAAGATTGTGTATCGAATCAAGTGACTCTACACTCAAGAAAAGAAGTTGTAAAGTTAGCAGACAGAAAATTGAGGTTTCCAGTAAGCCTGA
CAD2.low:Start-660|PCA1:661-End|RT:80_nt_each,GATGTAATACTAACAGCAATCAGCATACAGGTAAAGGAAGATTGTGTCTTGAGAGCAGTGATAGCACTTTAAAGAAAAGAAGTTGTAAAGTTAGCAGACAGAAAATTGAGGTTTCCAGTAAGCCTGAGTGCTGCAACATTTCATGTGTTGAGCGGATTGC
CAD2.low:Start-774|PCA1:775-End|RT:80_nt_each,GCTCAAAACCCGAATGTTGTAATATAAGCTGCGTCGAAAGAATCGCTAGTAGATCTTGTGAGAAAAGAACGTTCAAGGGAAGCACCAATGTTGGAATTTCTGGGAGTAGCTCTACCGACAGTTTAAGCGAGAAGTTCTTCAGCGAACAGTACTCTAGAAT
CAD2.low:Start-1032|PCA1:1033-End|RT:80_nt_each,TCTGCTCCGGTGAAGGCGCGAGCAAGAAGACAAAGTATAGTTATAGGAATTCTAGTGGTTGTCTGACCAAGAAGAAAACTCATGGAGACAAAGAAAGGTTGAGCAATGACAATGGCCATGCTGATTTTGTTTGTTCTAAAAGTTGTTGCACTAAAATGAA
CAD2.low:Start-1188|PCA1:1189-End|RT:80_nt_each,TGAAAGACTGCGCCGTGACTTCCACGATTTCGGGACATTCCAGTTCAGAGATCTCGAGGATTGTCAGTATGGAGCCGATCGAAAATCATCTTAATCTTGAGGCAGGATCTACCGGTACCGAGCACATTGTTCTTAGTGTTTCAGGAATGTCCTGTACTGG
CAD2.low:Start-1257|PCA1:1258-End|RT:80_nt_each,TGGAGCCGATCGGGAATCATTTGAACTTGGAAGCTGGCAGCACTGGTACTGAACACATAGTGTTGTCAGTAAGTGGAATGTCCTGTACTGGTTGTGAATCAAAACTTAAGAAATCATTTGGCGCGCTCAAATGTGTTCACGGTTTGAAGACCAGTTTAAT
CAD2.low:Start-1275|PCA1:1276-End|RT:80_nt_each,ATTTGAACTTGGAAGCTGGCAGCACTGGTACTGAACACATAGTGTTGTCAGTAAGTGGAATGACCTGTACTGGATGCGAGTCAAAACTTAAGAAATCATTTGGCGCGCTCAAATGTGTTCACGGTTTGAAGACCAGTTTAATATTATCGCAAGCTGAATT
CAD2.low:Start-1446|PCA1:1447-End|RT:80_nt_each,TGGCACAAGGTAGTGTTAAAGACGTCATAAAACATCTTTCTAAAACGACAGAGTTTAAATATGAGCAAATCAGCAACCACGGTTCAACTATAGATGTTGTTGTTCCTTATGCAGCAAAAGATTTTATTAATGAGGAATGGCCACAAGGTGTCACAGAGCT
CAD2.low:Start-1467|PCA1:1468-End|RT:80_nt_each,ACGTCATAAAACATCTTTCTAAAACGACAGAGTTTAAATATGAGCAAATCAGCAACCACGCCTCTACAATTGATGTGGTGGTTCCTTATGCAGCAAAAGATTTTATTAATGAGGAATGGCCACAAGGTGTCACAGAGCTGAAAATTGTTGAGAGAAATAT
CAD2.low:Start-1545|PCA1:1546-End|RT:80_nt_each,TGGCGCCCTACGCAGCTAAAGACTTCATAAACGAGGAATGGCCTCAAGGGGTAACGGAGTTGAAGATCGTCGAACGCAACATCATTCGTATTTACTTTGACCCAAAGGTTATAGGTGCCAGAGATCTTGTCAATGAAGGATGGAGCGTGCCTGTTAGTAT
CAD2.low:Start-1770|PCA1:1771-End|RT:80_nt_each,CAACGGCACTTAGTATTATTCTAACCATACCCATATTAGTTATGGCGTGGGCCCCGCAATTGAGAGAGAAGATCTCAACAATCTCCGCGTCAATGGTGCTAGCAACTATTATTCAATTTGTTATTGCAGGACCGTTTTACTTAAATGCCTTGAAGAGTTT
CAD2.low:Start-1773|PCA1:1774-End|RT:80_nt_each,CGGCACTTAGTATTATTCTAACCATACCCATATTAGTTATGGCGTGGGCCCCGCAATTGAGAGAGAAGATCTCAACAATGTCCGCGTCAATGGTGCTAGCAACTATTATTCAATTTGTTATTGCAGGACCGTTTTACTTAAATGCCTTGAAGAGTTTGAT
CAD2.low:Start-1944|PCA1:1945-End|RT:80_nt_each,TGATTGAGATGGACTTGTTGATTGTCTTGTCTACGAGCGCGGCATATATCTTTAGTATTGTGAGTTTTGGTTACTTTGTAGTTGGACGCCCGTTATCTACGGAGCAGTTTTTTGAAACCAGCTCTTTGCTTGTAACTCTCATCATGGTTGGTCGCTTTGT
CAD2.low:Start-1947|PCA1:1948-End|RT:80_nt_each,TTGAGATGGACTTGTTGATTGTCTTGTCTACGAGCGCGGCATATATCTTTAGTATTGTGAGTTTTGGTTACTTTGTAGCCGGACGCCCGTTATCTACGGAGCAGTTTTTTGAAACCAGCTCTTTGCTTGTAACTCTCATCATGGTTGGTCGCTTTGTGAG
CAD2.low:Start-2127|PCA1:2128-End|RT:80_nt_each,CCGTTAAATCGATTAGCGTGCGCTCACTGCAAGCTTCATCTGCAATACTGGTCGACAAGACAGGGAAGGAAACTGAGATAAATATTAGACTTCTCCAATATGGCGATATTTTTAAGGTTTTACCTGATTCAAGAATCCCAACTGATGGAACAGTCATTTC
CAD2.low:Start-2163|PCA1:2164-End|RT:80_nt_each,CATCTGCAATACTGGTCGACAAGACAGGGAAGGAAACTGAGATAGACATACGCCTGTTGCAGTACGGCGATATTTTCAAAGTTTTACCTGATTCAAGAATCCCAACTGATGGAACAGTCATTTCTGGGTCTTCTGAAGTCGACGAAGCGTTAATCACAGG
CAD2.low:Start-2505|PCA1:2506-End|RT:80_nt_each,TCGCGTCTTACTTTGTTCCCACCATTATTGGCATTACCGTGGTTACTTTCTGTGTCTGGATTGCTGTGGGGATTAGGGTCGAAAAGCAATCCCGCTCCGATGCCGTAATTCAGGCCATTATATATGCCATTACGGTACTTATCGTTTCGTGTCCCTGCGT
CAD2.low:Start-2583|PCA1:2584-End|RT:80_nt_each,TCCAAAAGCAGTCTAGGAGCGATGCTGTTATCCAAGCGATAATTTATGCTATAACTGTTTTAATTGTCAGTTGCCCATGCGTGATTGGACTTGCCGTTCCTATCGTATTTGTTATTGCAAGTGGCGTCGCTGCGAAAAGAGGGGTAATCTTCAAATCAGC
CAD2.low:Start-2907|PCA1:2908-End|RT:80_nt_each,CTATGGCTATTGCCAGCTACTTAAAAGAAAAGGGAGTGAGCGCCCAAAACGTTTCAAACACCAAGGCAGTTACAGGGAAACGGGTAGAAGGAACATCATACTCTGGTTTGAAGTTACAAGGAGGGAACTGTCGTTGGCTTGGTCATAACAATGATCCTGA
CAD2.low:Start-3339|PCA1:3340-End|RT:80_nt_each,AGGGACGAAACTGTGACTCATCTTCACAAAGCAAGAGGCCTGTAGTAGTGTTCTGTGGTGATGGTACCAATGATGCTATTGGTTTGACTCAAGCAACGATTGGAGTTCATATCAATGAGGGAAGTGAGGTTGCCAAGCTAGCTGCTGATGTAGTTATGTT
CAD2.low:Start-3624|PCA1:3625-End|RT:80_nt_each,CGTTTGTAGACTTTCATATACCTCCCGAATACGCCGGATTGGGCGAATTGGTATCAATATTGCCAGTTATCTTCGTTGCTATACTTCTGCGTTATGCAAAGATTTAGTCCAGGTACTGCTGCTATTTGATTGTAGATTTTCTTTTTTCTTTTCTTTTTTT
CAD2.low:Start-3645|PCA1:3646-End|RT:80_nt_each,CTCCCGAATACGCCGGATTGGGCGAATTGGTATCAATATTGCCAGTTATCTTCGTTGCTACTTTGTTGAGATACGCTAAGATTTAGTCCAGGTACTGCTGCTATTTGATTGTAGATTTTCTTTTTTCTTTTCTTTTTTTTTTTTGACGACTCTGTAATAC
CAD2.low:Start-3648|PCA1:3649-End|RT:80_nt_each,CCGAATACGCCGGATTGGGCGAATTGGTATCAATATTGCCAGTTATCTTCGTTGCTACTTTGTTGAGATACGCTAAGGTATAGTCCAGGTACTGCTGCTATTTGATTGTAGATTTTCTTTTTTCTTTTCTTTTTTTTTTTTGACGACTCTGTAATACTCT