>PCA1:Start-114|CAD2.high:115-End|RT:20_nt_each CGCGCGTAATAGCCCgcgacaacggtttaggtgggtacgggtccccattccttatatagaaatggcatgttagatATAATAGAGGCGAGTGTCATCTTAGATCTATAGAAAGGCAtagctaagcgcagggacttcccgaatctcggtattatcccggtaagtgtggactatatttCAAGGGCATCGCGTC
PCA1:Start-129|CAD2.high:130-End|RT:20_nt_each CGCGCGTAATAGCCCgcgacaacggtttaggtgggtacgggtccccattccttatatagaaatggcatgttagatGTCATCGTAGATCCATAGAAAGGCATGCTAATGACAACCTtagctaagcgcagggacttcccgaatctcggtattatcccggtaagtgtggactatatttCAAGGGCATCGCGTC
PCA1:Start-426|CAD2.high:427-End|RT:20_nt_each CGCGCGTAATAGCCCgcgacaacggtttaggtgggtacgggtccccattccttatatagaaatggcatgttagatCCAATGAATCCTGTGTTGATGAGTGTTGTGTTAGGGATTCtagctaagcgcagggacttcccgaatctcggtattatcccggtaagtgtggactatatttCAAGGGCATCGCGTC
PCA1:Start-465|CAD2.high:466-End|RT:20_nt_each CGCGCGTAATAGCCCgcgacaacggtttaggtgggtacgggtccccattccttatatagaaatggcatgttagatCTTCAGTGATGGTCGAGGAAGGTACAGGCAGCTGCGAAGCtagctaagcgcagggacttcccgaatctcggtattatcccggtaagtgtggactatatttCAAGGGCATCGCGTC
PCA1:Start-627|CAD2.high:628-End|RT:20_nt_each CGCGCGTAATAGCCCgcgacaacggtttaggtgggtacgggtccccattccttatatagaaatggcatgttagatCAGGGAAGGGTAGGCTTTGCTTGGAATCGAGTGACTCAACtagctaagcgcagggacttcccgaatctcggtattatcccggtaagtgtggactatatttCAAGGGCATCGCGTC
PCA1:Start-660|CAD2.high:661-End|RT:20_nt_each CGCGCGTAATAGCCCgcgacaacggtttaggtgggtacgggtccccattccttatatagaaatggcatgttagatACTCTACACTCAAGAAAAGAAGATGTAAAGTTAGCAGACAtagctaagcgcagggacttcccgaatctcggtattatcccggtaagtgtggactatatttCAAGGGCATCGCGTC
PCA1:Start-774|CAD2.high:775-End|RT:20_nt_each CGCGCGTAATAGCCCgcgacaacggtttaggtgggtacgggtccccattccttatatagaaatggcatgttagatAAAAGAGGACTTTTAAAGGTACCACCAATGTAGGAATTTCtagctaagcgcagggacttcccgaatctcggtattatcccggtaagtgtggactatatttCAAGGGCATCGCGTC
PCA1:Start-1032|CAD2.high:1033-End|RT:20_nt_each CGCGCGTAATAGCCCgcgacaacggtttaggtgggtacgggtccccattccttatatagaaatggcatgttagatGTTTAACAAAGAAAAAGACCTATGGCGACAAAGAAAGATTtagctaagcgcagggacttcccgaatctcggtattatcccggtaagtgtggactatatttCAAGGGCATCGCGTC
PCA1:Start-1188|CAD2.high:1189-End|RT:20_nt_each CGCGCGTAATAGCCCgcgacaacggtttaggtgggtacgggtccccattccttatatagaaatggcatgttagatTCGTATCAATGGAACCAATTGGAAATCATCTTAACCTAGAtagctaagcgcagggacttcccgaatctcggtattatcccggtaagtgtggactatatttCAAGGGCATCGCGTC
PCA1:Start-1257|CAD2.high:1258-End|RT:20_nt_each CGCGCGTAATAGCCCgcgacaacggtttaggtgggtacgggtccccattccttatatagaaatggcatgttagatTTCTTAGTGTTTCAGGAATGACCTGTACTGGTTGTGAAACtagctaagcgcagggacttcccgaatctcggtattatcccggtaagtgtggactatatttCAAGGGCATCGCGTC
PCA1:Start-1275|CAD2.high:1276-End|RT:20_nt_each CGCGCGTAATAGCCCgcgacaacggtttaggtgggtacgggtccccattccttatatagaaatggcatgttagatTGTCCTGTACTGGTTGTGAAACAAAACTTAAGAAATCGTTtagctaagcgcagggacttcccgaatctcggtattatcccggtaagtgtggactatatttCAAGGGCATCGCGTC
PCA1:Start-1446|CAD2.high:1447-End|RT:20_nt_each CGCGCGTAATAGCCCgcgacaacggtttaggtgggtacgggtccccattccttatatagaaatggcatgttagatACGAACAGATTTCAAATCATGCTTCAACGATTGATGTTGTtagctaagcgcagggacttcccgaatctcggtattatcccggtaagtgtggactatatttCAAGGGCATCGCGTC
PCA1:Start-1467|CAD2.high:1468-End|RT:20_nt_each CGCGCGTAATAGCCCgcgacaacggtttaggtgggtacgggtccccattccttatatagaaatggcatgttagatGTTCAACTATAGATGTTGTTGCCCCATACGCAGCAAAAGAtagctaagcgcagggacttcccgaatctcggtattatcccggtaagtgtggactatatttCAAGGGCATCGCGTC
PCA1:Start-1545|CAD2.high:1546-End|RT:20_nt_each CGCGCGTAATAGCCCgcgacaacggtttaggtgggtacgggtccccattccttatatagaaatggcatgttagatTGAAAATTGTTGAGAGAAATGTTATTAGAATCTACTTTGAtagctaagcgcagggacttcccgaatctcggtattatcccggtaagtgtggactatatttCAAGGGCATCGCGTC
PCA1:Start-1770|CAD2.high:1771-End|RT:20_nt_each CGCGCGTAATAGCCCgcgacaacggtttaggtgggtacgggtccccattccttatatagaaatggcatgttagatTTCGTGAAAAAATTTCCACTATGTCCGTTTCAATGGTGCTtagctaagcgcagggacttcccgaatctcggtattatcccggtaagtgtggactatatttCAAGGGCATCGCGTC
PCA1:Start-1773|CAD2.high:1774-End|RT:20_nt_each CGCGCGTAATAGCCCgcgacaacggtttaggtgggtacgggtccccattccttatatagaaatggcatgttagatGTGAAAAAATTTCCACTATCTCCGTTTCAATGGTGCTAGCtagctaagcgcagggacttcccgaatctcggtattatcccggtaagtgtggactatatttCAAGGGCATCGCGTC
PCA1:Start-1944|CAD2.high:1945-End|RT:20_nt_each CGCGCGTAATAGCCCgcgacaacggtttaggtgggtacgggtccccattccttatatagaaatggcatgttagatTATCATTTGGATATTTCGTTGCTGGCCACCCTTTATCCACtagctaagcgcagggacttcccgaatctcggtattatcccggtaagtgtggactatatttCAAGGGCATCGCGTC
PCA1:Start-1947|CAD2.high:1948-End|RT:20_nt_each CGCGCGTAATAGCCCgcgacaacggtttaggtgggtacgggtccccattccttatatagaaatggcatgttagatCATTTGGATATTTCGTTGTTGGCCACCCTTTATCCACGGAtagctaagcgcagggacttcccgaatctcggtattatcccggtaagtgtggactatatttCAAGGGCATCGCGTC
PCA1:Start-2127|CAD2.high:2128-End|RT:20_nt_each CGCGCGTAATAGCCCgcgacaacggtttaggtgggtacgggtccccattccttatatagaaatggcatgttagatCTGGTAAAGAGACGGAAATTGACATTAGACTGTTACAATAtagctaagcgcagggacttcccgaatctcggtattatcccggtaagtgtggactatatttCAAGGGCATCGCGTC
PCA1:Start-2163|CAD2.high:2164-End|RT:20_nt_each CGCGCGTAATAGCCCgcgacaacggtttaggtgggtacgggtccccattccttatatagaaatggcatgttagatAATATGGCGATATTTTTAAGATTTTACCTGATTCAAGAATtagctaagcgcagggacttcccgaatctcggtattatcccggtaagtgtggactatatttCAAGGGCATCGCGTC
PCA1:Start-2505|CAD2.high:2506-End|RT:20_nt_each CGCGCGTAATAGCCCgcgacaacggtttaggtgggtacgggtccccattccttatatagaaatggcatgttagatTAGCGGTTGGAATCCGTGTGCAGAAGCAATCACGTTCCGAtagctaagcgcagggacttcccgaatctcggtattatcccggtaagtgtggactatatttCAAGGGCATCGCGTC
PCA1:Start-2583|CAD2.high:2584-End|RT:20_nt_each CGCGCGTAATAGCCCgcgacaacggtttaggtgggtacgggtccccattccttatatagaaatggcatgttagatTTATCGTTTCGTGTCCCTGCGCAATCGGCCTGGCAGTTCCtagctaagcgcagggacttcccgaatctcggtattatcccggtaagtgtggactatatttCAAGGGCATCGCGTC
PCA1:Start-2907|CAD2.high:2908-End|RT:20_nt_each CGCGCGTAATAGCCCgcgacaacggtttaggtgggtacgggtccccattccttatatagaaatggcatgttagatCAAAAGCTGTGACTGGTAAGGGTGTAGAAGGGACATCATAtagctaagcgcagggacttcccgaatctcggtattatcccggtaagtgtggactatatttCAAGGGCATCGCGTC
PCA1:Start-3339|CAD2.high:3340-End|RT:20_nt_each CGCGCGTAATAGCCCgcgacaacggtttaggtgggtacgggtccccattccttatatagaaatggcatgttagatACGGAACAAACGACGCAATTGCTTTGACTCAAGCTACTATtagctaagcgcagggacttcccgaatctcggtattatcccggtaagtgtggactatatttCAAGGGCATCGCGTC
PCA1:Start-3624|CAD2.high:3625-End|RT:20_nt_each CGCGCGTAATAGCCCgcgacaacggtttaggtgggtacgggtccccattccttatatagaaatggcatgttagatTCCCTGTAATTTTTGTAGCTACTCTTCTTCGATACGCAAAtagctaagcgcagggacttcccgaatctcggtattatcccggtaagtgtggactatatttCAAGGGCATCGCGTC
PCA1:Start-3645|CAD2.high:3646-End|RT:20_nt_each CGCGCGTAATAGCCCgcgacaacggtttaggtgggtacgggtccccattccttatatagaaatggcatgttagatTACTTCTGCGTTATGCAAAGGTTTAATCCAGGTACTGCTGtagctaagcgcagggacttcccgaatctcggtattatcccggtaagtgtggactatatttCAAGGGCATCGCGTC
PCA1:Start-3648|CAD2.high:3649-End|RT:20_nt_each CGCGCGTAATAGCCCgcgacaacggtttaggtgggtacgggtccccattccttatatagaaatggcatgttagatTTCTGCGTTATGCAAAGATTTAATCCAGGTACTGCTGCTAtagctaagcgcagggacttcccgaatctcggtattatcccggtaagtgtggactatatttCAAGGGCATCGCGTC
PCA1:Start-114|CAD2.high:115-End|RT:22_nt_each CGCGCGTAATAGCCCgcgacaacggtttaggtgggtacgggtccccattccttatatagaaatggcatgttagAGATAATAGAGGCGAGTGTCATCTTAGATCTATAGAAAGGCATGgctaagcgcagggacttcccgaatctcggtattatcccggtaagtgtggactatatttCAAGGGCATCGCGTC
PCA1:Start-129|CAD2.high:130-End|RT:22_nt_each CGCGCGTAATAGCCCgcgacaacggtttaggtgggtacgggtccccattccttatatagaaatggcatgttagGTGTCATCGTAGATCCATAGAAAGGCATGCTAATGACAACCTGGgctaagcgcagggacttcccgaatctcggtattatcccggtaagtgtggactatatttCAAGGGCATCGCGTC
PCA1:Start-426|CAD2.high:427-End|RT:22_nt_each CGCGCGTAATAGCCCgcgacaacggtttaggtgggtacgggtccccattccttatatagaaatggcatgttagCACCAATGAATCCTGTGTTGATGAGTGTTGTGTTAGGGATTCTTgctaagcgcagggacttcccgaatctcggtattatcccggtaagtgtggactatatttCAAGGGCATCGCGTC
PCA1:Start-465|CAD2.high:466-End|RT:22_nt_each CGCGCGTAATAGCCCgcgacaacggtttaggtgggtacgggtccccattccttatatagaaatggcatgttagTTCTTCAGTGATGGTCGAGGAAGGTACAGGCAGCTGCGAAGCAGgctaagcgcagggacttcccgaatctcggtattatcccggtaagtgtggactatatttCAAGGGCATCGCGTC
PCA1:Start-627|CAD2.high:628-End|RT:22_nt_each CGCGCGTAATAGCCCgcgacaacggtttaggtgggtacgggtccccattccttatatagaaatggcatgttagCACAGGGAAGGGTAGGCTTTGCTTGGAATCGAGTGACTCAACACgctaagcgcagggacttcccgaatctcggtattatcccggtaagtgtggactatatttCAAGGGCATCGCGTC
PCA1:Start-660|CAD2.high:661-End|RT:22_nt_each CGCGCGTAATAGCCCgcgacaacggtttaggtgggtacgggtccccattccttatatagaaatggcatgttagTGACTCTACACTCAAGAAAAGAAGATGTAAAGTTAGCAGACAGAgctaagcgcagggacttcccgaatctcggtattatcccggtaagtgtggactatatttCAAGGGCATCGCGTC
PCA1:Start-774|CAD2.high:775-End|RT:22_nt_each CGCGCGTAATAGCCCgcgacaacggtttaggtgggtacgggtccccattccttatatagaaatggcatgttagTGAAAAGAGGACTTTTAAAGGTACCACCAATGTAGGAATTTCTGgctaagcgcagggacttcccgaatctcggtattatcccggtaagtgtggactatatttCAAGGGCATCGCGTC
PCA1:Start-1032|CAD2.high:1033-End|RT:22_nt_each CGCGCGTAATAGCCCgcgacaacggtttaggtgggtacgggtccccattccttatatagaaatggcatgttagATGTTTAACAAAGAAAAAGACCTATGGCGACAAAGAAAGATTGAgctaagcgcagggacttcccgaatctcggtattatcccggtaagtgtggactatatttCAAGGGCATCGCGTC
PCA1:Start-1188|CAD2.high:1189-End|RT:22_nt_each CGCGCGTAATAGCCCgcgacaacggtttaggtgggtacgggtccccattccttatatagaaatggcatgttagAATCGTATCAATGGAACCAATTGGAAATCATCTTAACCTAGAAGgctaagcgcagggacttcccgaatctcggtattatcccggtaagtgtggactatatttCAAGGGCATCGCGTC
PCA1:Start-1257|CAD2.high:1258-End|RT:22_nt_each CGCGCGTAATAGCCCgcgacaacggtttaggtgggtacgggtccccattccttatatagaaatggcatgttagTGTTCTTAGTGTTTCAGGAATGACCTGTACTGGTTGTGAAACAAgctaagcgcagggacttcccgaatctcggtattatcccggtaagtgtggactatatttCAAGGGCATCGCGTC
PCA1:Start-1275|CAD2.high:1276-End|RT:22_nt_each CGCGCGTAATAGCCCgcgacaacggtttaggtgggtacgggtccccattccttatatagaaatggcatgttagAATGTCCTGTACTGGTTGTGAAACAAAACTTAAGAAATCGTTTGgctaagcgcagggacttcccgaatctcggtattatcccggtaagtgtggactatatttCAAGGGCATCGCGTC
PCA1:Start-1446|CAD2.high:1447-End|RT:22_nt_each CGCGCGTAATAGCCCgcgacaacggtttaggtgggtacgggtccccattccttatatagaaatggcatgttagGTACGAACAGATTTCAAATCATGCTTCAACGATTGATGTTGTCGgctaagcgcagggacttcccgaatctcggtattatcccggtaagtgtggactatatttCAAGGGCATCGCGTC
PCA1:Start-1467|CAD2.high:1468-End|RT:22_nt_each CGCGCGTAATAGCCCgcgacaacggtttaggtgggtacgggtccccattccttatatagaaatggcatgttagTGGTTCAACTATAGATGTTGTTGCCCCATACGCAGCAAAAGATTgctaagcgcagggacttcccgaatctcggtattatcccggtaagtgtggactatatttCAAGGGCATCGCGTC
PCA1:Start-1545|CAD2.high:1546-End|RT:22_nt_each CGCGCGTAATAGCCCgcgacaacggtttaggtgggtacgggtccccattccttatatagaaatggcatgttagGCTGAAAATTGTTGAGAGAAATGTTATTAGAATCTACTTTGATCgctaagcgcagggacttcccgaatctcggtattatcccggtaagtgtggactatatttCAAGGGCATCGCGTC
PCA1:Start-1770|CAD2.high:1771-End|RT:22_nt_each CGCGCGTAATAGCCCgcgacaacggtttaggtgggtacgggtccccattccttatatagaaatggcatgttagGCTTCGTGAAAAAATTTCCACTATGTCCGTTTCAATGGTGCTAGgctaagcgcagggacttcccgaatctcggtattatcccggtaagtgtggactatatttCAAGGGCATCGCGTC
PCA1:Start-1773|CAD2.high:1774-End|RT:22_nt_each CGCGCGTAATAGCCCgcgacaacggtttaggtgggtacgggtccccattccttatatagaaatggcatgttagTCGTGAAAAAATTTCCACTATCTCCGTTTCAATGGTGCTAGCAAgctaagcgcagggacttcccgaatctcggtattatcccggtaagtgtggactatatttCAAGGGCATCGCGTC
PCA1:Start-1944|CAD2.high:1945-End|RT:22_nt_each CGCGCGTAATAGCCCgcgacaacggtttaggtgggtacgggtccccattccttatatagaaatggcatgttagTGTATCATTTGGATATTTCGTTGCTGGCCACCCTTTATCCACGGgctaagcgcagggacttcccgaatctcggtattatcccggtaagtgtggactatatttCAAGGGCATCGCGTC
PCA1:Start-1947|CAD2.high:1948-End|RT:22_nt_each CGCGCGTAATAGCCCgcgacaacggtttaggtgggtacgggtccccattccttatatagaaatggcatgttagATCATTTGGATATTTCGTTGTTGGCCACCCTTTATCCACGGAGCgctaagcgcagggacttcccgaatctcggtattatcccggtaagtgtggactatatttCAAGGGCATCGCGTC
PCA1:Start-2127|CAD2.high:2128-End|RT:22_nt_each CGCGCGTAATAGCCCgcgacaacggtttaggtgggtacgggtccccattccttatatagaaatggcatgttagAACTGGTAAAGAGACGGAAATTGACATTAGACTGTTACAATATGgctaagcgcagggacttcccgaatctcggtattatcccggtaagtgtggactatatttCAAGGGCATCGCGTC
PCA1:Start-2163|CAD2.high:2164-End|RT:22_nt_each CGCGCGTAATAGCCCgcgacaacggtttaggtgggtacgggtccccattccttatatagaaatggcatgttagCCAATATGGCGATATTTTTAAGATTTTACCTGATTCAAGAATCCgctaagcgcagggacttcccgaatctcggtattatcccggtaagtgtggactatatttCAAGGGCATCGCGTC
PCA1:Start-2505|CAD2.high:2506-End|RT:22_nt_each CGCGCGTAATAGCCCgcgacaacggtttaggtgggtacgggtccccattccttatatagaaatggcatgttagGATAGCGGTTGGAATCCGTGTGCAGAAGCAATCACGTTCCGACGgctaagcgcagggacttcccgaatctcggtattatcccggtaagtgtggactatatttCAAGGGCATCGCGTC
PCA1:Start-2583|CAD2.high:2584-End|RT:22_nt_each CGCGCGTAATAGCCCgcgacaacggtttaggtgggtacgggtccccattccttatatagaaatggcatgttagACTTATCGTTTCGTGTCCCTGCGCAATCGGCCTGGCAGTTCCTAgctaagcgcagggacttcccgaatctcggtattatcccggtaagtgtggactatatttCAAGGGCATCGCGTC
PCA1:Start-2907|CAD2.high:2908-End|RT:22_nt_each CGCGCGTAATAGCCCgcgacaacggtttaggtgggtacgggtccccattccttatatagaaatggcatgttagTACAAAAGCTGTGACTGGTAAGGGTGTAGAAGGGACATCATATTgctaagcgcagggacttcccgaatctcggtattatcccggtaagtgtggactatatttCAAGGGCATCGCGTC
PCA1:Start-3339|CAD2.high:3340-End|RT:22_nt_each CGCGCGTAATAGCCCgcgacaacggtttaggtgggtacgggtccccattccttatatagaaatggcatgttagTGACGGAACAAACGACGCAATTGCTTTGACTCAAGCTACTATTGgctaagcgcagggacttcccgaatctcggtattatcccggtaagtgtggactatatttCAAGGGCATCGCGTC
PCA1:Start-3624|CAD2.high:3625-End|RT:22_nt_each CGCGCGTAATAGCCCgcgacaacggtttaggtgggtacgggtccccattccttatatagaaatggcatgttagCCTCCCTGTAATTTTTGTAGCTACTCTTCTTCGATACGCAAAAGgctaagcgcagggacttcccgaatctcggtattatcccggtaagtgtggactatatttCAAGGGCATCGCGTC
PCA1:Start-3645|CAD2.high:3646-End|RT:22_nt_each CGCGCGTAATAGCCCgcgacaacggtttaggtgggtacgggtccccattccttatatagaaatggcatgttagTATACTTCTGCGTTATGCAAAGGTTTAATCCAGGTACTGCTGCTgctaagcgcagggacttcccgaatctcggtattatcccggtaagtgtggactatatttCAAGGGCATCGCGTC
PCA1:Start-3648|CAD2.high:3649-End|RT:22_nt_each CGCGCGTAATAGCCCgcgacaacggtttaggtgggtacgggtccccattccttatatagaaatggcatgttagACTTCTGCGTTATGCAAAGATTTAATCCAGGTACTGCTGCTATTgctaagcgcagggacttcccgaatctcggtattatcccggtaagtgtggactatatttCAAGGGCATCGCGTC
PCA1:Start-114|CAD2.high:115-End|RT:25_nt_each CGCGCGTAATAGCCCgcgacaacggtttaggtgggtacgggtccccattccttatatagaaatggcatgtGCAAGATAATAGAGGCGAGTGTCATCTTAGATCTATAGAAAGGCATGCTAaagcgcagggacttcccgaatctcggtattatcccggtaagtgtggactatatttCAAGGGCATCGCGTC
PCA1:Start-129|CAD2.high:130-End|RT:25_nt_each CGCGCGTAATAGCCCgcgacaacggtttaggtgggtacgggtccccattccttatatagaaatggcatgtCGAGTGTCATCGTAGATCCATAGAAAGGCATGCTAATGACAACCTGGGATaagcgcagggacttcccgaatctcggtattatcccggtaagtgtggactatatttCAAGGGCATCGCGTC
PCA1:Start-426|CAD2.high:427-End|RT:25_nt_each CGCGCGTAATAGCCCgcgacaacggtttaggtgggtacgggtccccattccttatatagaaatggcatgtCCACACCAATGAATCCTGTGTTGATGAGTGTTGTGTTAGGGATTCTTCTGaagcgcagggacttcccgaatctcggtattatcccggtaagtgtggactatatttCAAGGGCATCGCGTC
PCA1:Start-465|CAD2.high:466-End|RT:25_nt_each CGCGCGTAATAGCCCgcgacaacggtttaggtgggtacgggtccccattccttatatagaaatggcatgtAGATTCTTCAGTGATGGTCGAGGAAGGTACAGGCAGCTGCGAAGCAGTATaagcgcagggacttcccgaatctcggtattatcccggtaagtgtggactatatttCAAGGGCATCGCGTC
PCA1:Start-627|CAD2.high:628-End|RT:25_nt_each CGCGCGTAATAGCCCgcgacaacggtttaggtgggtacgggtccccattccttatatagaaatggcatgtACACACAGGGAAGGGTAGGCTTTGCTTGGAATCGAGTGACTCAACACTCAaagcgcagggacttcccgaatctcggtattatcccggtaagtgtggactatatttCAAGGGCATCGCGTC
PCA1:Start-660|CAD2.high:661-End|RT:25_nt_each CGCGCGTAATAGCCCgcgacaacggtttaggtgggtacgggtccccattccttatatagaaatggcatgtAAGTGACTCTACACTCAAGAAAAGAAGATGTAAAGTTAGCAGACAGAAAAaagcgcagggacttcccgaatctcggtattatcccggtaagtgtggactatatttCAAGGGCATCGCGTC
PCA1:Start-774|CAD2.high:775-End|RT:25_nt_each CGCGCGTAATAGCCCgcgacaacggtttaggtgggtacgggtccccattccttatatagaaatggcatgtCTGTGAAAAGAGGACTTTTAAAGGTACCACCAATGTAGGAATTTCTGGCAaagcgcagggacttcccgaatctcggtattatcccggtaagtgtggactatatttCAAGGGCATCGCGTC
PCA1:Start-1032|CAD2.high:1033-End|RT:25_nt_each CGCGCGTAATAGCCCgcgacaacggtttaggtgggtacgggtccccattccttatatagaaatggcatgtTGGATGTTTAACAAAGAAAAAGACCTATGGCGACAAAGAAAGATTGAGTAaagcgcagggacttcccgaatctcggtattatcccggtaagtgtggactatatttCAAGGGCATCGCGTC
PCA1:Start-1188|CAD2.high:1189-End|RT:25_nt_each CGCGCGTAATAGCCCgcgacaacggtttaggtgggtacgggtccccattccttatatagaaatggcatgtAAGAATCGTATCAATGGAACCAATTGGAAATCATCTTAACCTAGAAGCGGaagcgcagggacttcccgaatctcggtattatcccggtaagtgtggactatatttCAAGGGCATCGCGTC
PCA1:Start-1257|CAD2.high:1258-End|RT:25_nt_each CGCGCGTAATAGCCCgcgacaacggtttaggtgggtacgggtccccattccttatatagaaatggcatgtCATTGTTCTTAGTGTTTCAGGAATGACCTGTACTGGTTGTGAAACAAAACaagcgcagggacttcccgaatctcggtattatcccggtaagtgtggactatatttCAAGGGCATCGCGTC
PCA1:Start-1275|CAD2.high:1276-End|RT:25_nt_each CGCGCGTAATAGCCCgcgacaacggtttaggtgggtacgggtccccattccttatatagaaatggcatgtAGGAATGTCCTGTACTGGTTGTGAAACAAAACTTAAGAAATCGTTTGGAGaagcgcagggacttcccgaatctcggtattatcccggtaagtgtggactatatttCAAGGGCATCGCGTC
PCA1:Start-1446|CAD2.high:1447-End|RT:25_nt_each CGCGCGTAATAGCCCgcgacaacggtttaggtgggtacgggtccccattccttatatagaaatggcatgtCAAGTACGAACAGATTTCAAATCATGCTTCAACGATTGATGTTGTCGCCCaagcgcagggacttcccgaatctcggtattatcccggtaagtgtggactatatttCAAGGGCATCGCGTC
PCA1:Start-1467|CAD2.high:1468-End|RT:25_nt_each CGCGCGTAATAGCCCgcgacaacggtttaggtgggtacgggtccccattccttatatagaaatggcatgtTCATGGTTCAACTATAGATGTTGTTGCCCCATACGCAGCAAAAGATTTCAaagcgcagggacttcccgaatctcggtattatcccggtaagtgtggactatatttCAAGGGCATCGCGTC
PCA1:Start-1545|CAD2.high:1546-End|RT:25_nt_each CGCGCGTAATAGCCCgcgacaacggtttaggtgggtacgggtccccattccttatatagaaatggcatgtAGAGCTGAAAATTGTTGAGAGAAATGTTATTAGAATCTACTTTGATCCAAaagcgcagggacttcccgaatctcggtattatcccggtaagtgtggactatatttCAAGGGCATCGCGTC
PCA1:Start-1770|CAD2.high:1771-End|RT:25_nt_each CGCGCGTAATAGCCCgcgacaacggtttaggtgggtacgggtccccattccttatatagaaatggcatgtACAGCTTCGTGAAAAAATTTCCACTATGTCCGTTTCAATGGTGCTAGCAAaagcgcagggacttcccgaatctcggtattatcccggtaagtgtggactatatttCAAGGGCATCGCGTC
PCA1:Start-1773|CAD2.high:1774-End|RT:25_nt_each CGCGCGTAATAGCCCgcgacaacggtttaggtgggtacgggtccccattccttatatagaaatggcatgtGCTTCGTGAAAAAATTTCCACTATCTCCGTTTCAATGGTGCTAGCAACTAaagcgcagggacttcccgaatctcggtattatcccggtaagtgtggactatatttCAAGGGCATCGCGTC
PCA1:Start-1944|CAD2.high:1945-End|RT:25_nt_each CGCGCGTAATAGCCCgcgacaacggtttaggtgggtacgggtccccattccttatatagaaatggcatgtGATTGTATCATTTGGATATTTCGTTGCTGGCCACCCTTTATCCACGGAGCaagcgcagggacttcccgaatctcggtattatcccggtaagtgtggactatatttCAAGGGCATCGCGTC
PCA1:Start-1947|CAD2.high:1948-End|RT:25_nt_each CGCGCGTAATAGCCCgcgacaacggtttaggtgggtacgggtccccattccttatatagaaatggcatgtTGTATCATTTGGATATTTCGTTGTTGGCCACCCTTTATCCACGGAGCAGTaagcgcagggacttcccgaatctcggtattatcccggtaagtgtggactatatttCAAGGGCATCGCGTC
PCA1:Start-2127|CAD2.high:2128-End|RT:25_nt_each CGCGCGTAATAGCCCgcgacaacggtttaggtgggtacgggtccccattccttatatagaaatggcatgtTAAAACTGGTAAAGAGACGGAAATTGACATTAGACTGTTACAATATGGCGaagcgcagggacttcccgaatctcggtattatcccggtaagtgtggactatatttCAAGGGCATCGCGTC
PCA1:Start-2163|CAD2.high:2164-End|RT:25_nt_each CGCGCGTAATAGCCCgcgacaacggtttaggtgggtacgggtccccattccttatatagaaatggcatgtTCTCCAATATGGCGATATTTTTAAGATTTTACCTGATTCAAGAATCCCCAaagcgcagggacttcccgaatctcggtattatcccggtaagtgtggactatatttCAAGGGCATCGCGTC
PCA1:Start-2505|CAD2.high:2506-End|RT:25_nt_each CGCGCGTAATAGCCCgcgacaacggtttaggtgggtacgggtccccattccttatatagaaatggcatgtTTGGATAGCGGTTGGAATCCGTGTGCAGAAGCAATCACGTTCCGACGCTGaagcgcagggacttcccgaatctcggtattatcccggtaagtgtggactatatttCAAGGGCATCGCGTC
PCA1:Start-2583|CAD2.high:2584-End|RT:25_nt_each CGCGCGTAATAGCCCgcgacaacggtttaggtgggtacgggtccccattccttatatagaaatggcatgtGGTACTTATCGTTTCGTGTCCCTGCGCAATCGGCCTGGCAGTTCCTATCGaagcgcagggacttcccgaatctcggtattatcccggtaagtgtggactatatttCAAGGGCATCGCGTC
PCA1:Start-2907|CAD2.high:2908-End|RT:25_nt_each CGCGCGTAATAGCCCgcgacaacggtttaggtgggtacgggtccccattccttatatagaaatggcatgtTAATACAAAAGCTGTGACTGGTAAGGGTGTAGAAGGGACATCATATTCTGaagcgcagggacttcccgaatctcggtattatcccggtaagtgtggactatatttCAAGGGCATCGCGTC
PCA1:Start-3339|CAD2.high:3340-End|RT:25_nt_each CGCGCGTAATAGCCCgcgacaacggtttaggtgggtacgggtccccattccttatatagaaatggcatgtCGGTGACGGAACAAACGACGCAATTGCTTTGACTCAAGCTACTATTGGTGaagcgcagggacttcccgaatctcggtattatcccggtaagtgtggactatatttCAAGGGCATCGCGTC
PCA1:Start-3624|CAD2.high:3625-End|RT:25_nt_each CGCGCGTAATAGCCCgcgacaacggtttaggtgggtacgggtccccattccttatatagaaatggcatgtTATCCTCCCTGTAATTTTTGTAGCTACTCTTCTTCGATACGCAAAAGTTTaagcgcagggacttcccgaatctcggtattatcccggtaagtgtggactatatttCAAGGGCATCGCGTC
PCA1:Start-3645|CAD2.high:3646-End|RT:25_nt_each CGCGCGTAATAGCCCgcgacaacggtttaggtgggtacgggtccccattccttatatagaaatggcatgtAGCTATACTTCTGCGTTATGCAAAGGTTTAATCCAGGTACTGCTGCTATTaagcgcagggacttcccgaatctcggtattatcccggtaagtgtggactatatttCAAGGGCATCGCGTC
PCA1:Start-3648|CAD2.high:3649-End|RT:25_nt_each CGCGCGTAATAGCCCgcgacaacggtttaggtgggtacgggtccccattccttatatagaaatggcatgtTATACTTCTGCGTTATGCAAAGATTTAATCCAGGTACTGCTGCTATTTGAaagcgcagggacttcccgaatctcggtattatcccggtaagtgtggactatatttCAAGGGCATCGCGTC
PCA1:Start-114|CAD2.high:115-End|RT:29_nt_each CGCGCGTAATAGCCCgcgacaacggtttaggtgggtacgggtccccattccttatatagaaatggcCTATGCAAGATAATAGAGGCGAGTGTCATCTTAGATCTATAGAAAGGCATGCTAATGAgcagggacttcccgaatctcggtattatcccggtaagtgtggactatatttCAAGGGCATCGCGTC
PCA1:Start-129|CAD2.high:130-End|RT:29_nt_each CGCGCGTAATAGCCCgcgacaacggtttaggtgggtacgggtccccattccttatatagaaatggcGAGGCGAGTGTCATCGTAGATCCATAGAAAGGCATGCTAATGACAACCTGGGATTAGTgcagggacttcccgaatctcggtattatcccggtaagtgtggactatatttCAAGGGCATCGCGTC
PCA1:Start-426|CAD2.high:427-End|RT:29_nt_each CGCGCGTAATAGCCCgcgacaacggtttaggtgggtacgggtccccattccttatatagaaatggcGTGACCACACCAATGAATCCTGTGTTGATGAGTGTTGTGTTAGGGATTCTTCTGTTATgcagggacttcccgaatctcggtattatcccggtaagtgtggactatatttCAAGGGCATCGCGTC
PCA1:Start-465|CAD2.high:466-End|RT:29_nt_each CGCGCGTAATAGCCCgcgacaacggtttaggtgggtacgggtccccattccttatatagaaatggcTTAGAGATTCTTCAGTGATGGTCGAGGAAGGTACAGGCAGCTGCGAAGCAGTATCTTCgcagggacttcccgaatctcggtattatcccggtaagtgtggactatatttCAAGGGCATCGCGTC
PCA1:Start-627|CAD2.high:628-End|RT:29_nt_each CGCGCGTAATAGCCCgcgacaacggtttaggtgggtacgggtccccattccttatatagaaatggcACCAACACACAGGGAAGGGTAGGCTTTGCTTGGAATCGAGTGACTCAACACTCAAGAAgcagggacttcccgaatctcggtattatcccggtaagtgtggactatatttCAAGGGCATCGCGTC
PCA1:Start-660|CAD2.high:661-End|RT:29_nt_each CGCGCGTAATAGCCCgcgacaacggtttaggtgggtacgggtccccattccttatatagaaatggcAATCAAGTGACTCTACACTCAAGAAAAGAAGATGTAAAGTTAGCAGACAGAAAATTGAgcagggacttcccgaatctcggtattatcccggtaagtgtggactatatttCAAGGGCATCGCGTC
PCA1:Start-774|CAD2.high:775-End|RT:29_nt_each CGCGCGTAATAGCCCgcgacaacggtttaggtgggtacgggtccccattccttatatagaaatggcGTAGCTGTGAAAAGAGGACTTTTAAAGGTACCACCAATGTAGGAATTTCTGGCAGTAGgcagggacttcccgaatctcggtattatcccggtaagtgtggactatatttCAAGGGCATCGCGTC
PCA1:Start-1032|CAD2.high:1033-End|RT:29_nt_each CGCGCGTAATAGCCCgcgacaacggtttaggtgggtacgggtccccattccttatatagaaatggcGTTCTGGATGTTTAACAAAGAAAAAGACCTATGGCGACAAAGAAAGATTGAGTAATGAgcagggacttcccgaatctcggtattatcccggtaagtgtggactatatttCAAGGGCATCGCGTC
PCA1:Start-1188|CAD2.high:1189-End|RT:29_nt_each CGCGCGTAATAGCCCgcgacaacggtttaggtgggtacgggtccccattccttatatagaaatggcTTTCAAGAATCGTATCAATGGAACCAATTGGAAATCATCTTAACCTAGAAGCGGGCTCgcagggacttcccgaatctcggtattatcccggtaagtgtggactatatttCAAGGGCATCGCGTC
PCA1:Start-1257|CAD2.high:1258-End|RT:29_nt_each CGCGCGTAATAGCCCgcgacaacggtttaggtgggtacgggtccccattccttatatagaaatggcAGCACATTGTTCTTAGTGTTTCAGGAATGACCTGTACTGGTTGTGAAACAAAACTTAAgcagggacttcccgaatctcggtattatcccggtaagtgtggactatatttCAAGGGCATCGCGTC
PCA1:Start-1275|CAD2.high:1276-End|RT:29_nt_each CGCGCGTAATAGCCCgcgacaacggtttaggtgggtacgggtccccattccttatatagaaatggcTTTCAGGAATGTCCTGTACTGGTTGTGAAACAAAACTTAAGAAATCGTTTGGAGCTCTgcagggacttcccgaatctcggtattatcccggtaagtgtggactatatttCAAGGGCATCGCGTC
PCA1:Start-1446|CAD2.high:1447-End|RT:29_nt_each CGCGCGTAATAGCCCgcgacaacggtttaggtgggtacgggtccccattccttatatagaaatggcAATTCAAGTACGAACAGATTTCAAATCATGCTTCAACGATTGATGTTGTCGCCCCATAgcagggacttcccgaatctcggtattatcccggtaagtgtggactatatttCAAGGGCATCGCGTC
PCA1:Start-1467|CAD2.high:1468-End|RT:29_nt_each CGCGCGTAATAGCCCgcgacaacggtttaggtgggtacgggtccccattccttatatagaaatggcCAAATCATGGTTCAACTATAGATGTTGTTGCCCCATACGCAGCAAAAGATTTCATAAAgcagggacttcccgaatctcggtattatcccggtaagtgtggactatatttCAAGGGCATCGCGTC
PCA1:Start-1545|CAD2.high:1546-End|RT:29_nt_each CGCGCGTAATAGCCCgcgacaacggtttaggtgggtacgggtccccattccttatatagaaatggcTCACAGAGCTGAAAATTGTTGAGAGAAATGTTATTAGAATCTACTTTGATCCAAAGGTgcagggacttcccgaatctcggtattatcccggtaagtgtggactatatttCAAGGGCATCGCGTC
PCA1:Start-1770|CAD2.high:1771-End|RT:29_nt_each CGCGCGTAATAGCCCgcgacaacggtttaggtgggtacgggtccccattccttatatagaaatggcCTCCACAGCTTCGTGAAAAAATTTCCACTATGTCCGTTTCAATGGTGCTAGCAACTATgcagggacttcccgaatctcggtattatcccggtaagtgtggactatatttCAAGGGCATCGCGTC
PCA1:Start-1773|CAD2.high:1774-End|RT:29_nt_each CGCGCGTAATAGCCCgcgacaacggtttaggtgggtacgggtccccattccttatatagaaatggcCACAGCTTCGTGAAAAAATTTCCACTATCTCCGTTTCAATGGTGCTAGCAACTATTATgcagggacttcccgaatctcggtattatcccggtaagtgtggactatatttCAAGGGCATCGCGTC
PCA1:Start-1944|CAD2.high:1945-End|RT:29_nt_each CGCGCGTAATAGCCCgcgacaacggtttaggtgggtacgggtccccattccttatatagaaatggcTTTCGATTGTATCATTTGGATATTTCGTTGCTGGCCACCCTTTATCCACGGAGCAGTTgcagggacttcccgaatctcggtattatcccggtaagtgtggactatatttCAAGGGCATCGCGTC
PCA1:Start-1947|CAD2.high:1948-End|RT:29_nt_each CGCGCGTAATAGCCCgcgacaacggtttaggtgggtacgggtccccattccttatatagaaatggcCGATTGTATCATTTGGATATTTCGTTGTTGGCCACCCTTTATCCACGGAGCAGTTCTTgcagggacttcccgaatctcggtattatcccggtaagtgtggactatatttCAAGGGCATCGCGTC
PCA1:Start-2127|CAD2.high:2128-End|RT:29_nt_each CGCGCGTAATAGCCCgcgacaacggtttaggtgggtacgggtccccattccttatatagaaatggcTGGATAAAACTGGTAAAGAGACGGAAATTGACATTAGACTGTTACAATATGGCGATATgcagggacttcccgaatctcggtattatcccggtaagtgtggactatatttCAAGGGCATCGCGTC
PCA1:Start-2163|CAD2.high:2164-End|RT:29_nt_each CGCGCGTAATAGCCCgcgacaacggtttaggtgggtacgggtccccattccttatatagaaatggcGACTTCTCCAATATGGCGATATTTTTAAGATTTTACCTGATTCAAGAATCCCCACAGAgcagggacttcccgaatctcggtattatcccggtaagtgtggactatatttCAAGGGCATCGCGTC
PCA1:Start-2505|CAD2.high:2506-End|RT:29_nt_each CGCGCGTAATAGCCCgcgacaacggtttaggtgggtacgggtccccattccttatatagaaatggcGCGTTTGGATAGCGGTTGGAATCCGTGTGCAGAAGCAATCACGTTCCGACGCTGTAATgcagggacttcccgaatctcggtattatcccggtaagtgtggactatatttCAAGGGCATCGCGTC
PCA1:Start-2583|CAD2.high:2584-End|RT:29_nt_each CGCGCGTAATAGCCCgcgacaacggtttaggtgggtacgggtccccattccttatatagaaatggcTTACGGTACTTATCGTTTCGTGTCCCTGCGCAATCGGCCTGGCAGTTCCTATCGTATTgcagggacttcccgaatctcggtattatcccggtaagtgtggactatatttCAAGGGCATCGCGTC
PCA1:Start-2907|CAD2.high:2908-End|RT:29_nt_each CGCGCGTAATAGCCCgcgacaacggtttaggtgggtacgggtccccattccttatatagaaatggcTTTCTAATACAAAAGCTGTGACTGGTAAGGGTGTAGAAGGGACATCATATTCTGGTTTgcagggacttcccgaatctcggtattatcccggtaagtgtggactatatttCAAGGGCATCGCGTC
PCA1:Start-3339|CAD2.high:3340-End|RT:29_nt_each CGCGCGTAATAGCCCgcgacaacggtttaggtgggtacgggtccccattccttatatagaaatggcTTTGCGGTGACGGAACAAACGACGCAATTGCTTTGACTCAAGCTACTATTGGTGTCCAgcagggacttcccgaatctcggtattatcccggtaagtgtggactatatttCAAGGGCATCGCGTC
PCA1:Start-3624|CAD2.high:3625-End|RT:29_nt_each CGCGCGTAATAGCCCgcgacaacggtttaggtgggtacgggtccccattccttatatagaaatggcTTAGTATCCTCCCTGTAATTTTTGTAGCTACTCTTCTTCGATACGCAAAAGTTTAATCgcagggacttcccgaatctcggtattatcccggtaagtgtggactatatttCAAGGGCATCGCGTC
PCA1:Start-3645|CAD2.high:3646-End|RT:29_nt_each CGCGCGTAATAGCCCgcgacaacggtttaggtgggtacgggtccccattccttatatagaaatggcTTGTAGCTATACTTCTGCGTTATGCAAAGGTTTAATCCAGGTACTGCTGCTATTTGATgcagggacttcccgaatctcggtattatcccggtaagtgtggactatatttCAAGGGCATCGCGTC
PCA1:Start-3648|CAD2.high:3649-End|RT:29_nt_each CGCGCGTAATAGCCCgcgacaacggtttaggtgggtacgggtccccattccttatatagaaatggcTAGCTATACTTCTGCGTTATGCAAAGATTTAATCCAGGTACTGCTGCTATTTGATTGTgcagggacttcccgaatctcggtattatcccggtaagtgtggactatatttCAAGGGCATCGCGTC
PCA1:Start-114|CAD2.high:115-End|RT:34_nt_each CGCGCGTAATAGCCCgcgacaacggtttaggtgggtacgggtccccattccttatatagaaAGATGCTATGCAAGATAATAGAGGCGAGTGTCATCTTAGATCTATAGAAAGGCATGCTAATGACAACCgacttcccgaatctcggtattatcccggtaagtgtggactatatttCAAGGGCATCGCGTC
PCA1:Start-129|CAD2.high:130-End|RT:34_nt_each CGCGCGTAATAGCCCgcgacaacggtttaggtgggtacgggtccccattccttatatagaaTAATAGAGGCGAGTGTCATCGTAGATCCATAGAAAGGCATGCTAATGACAACCTGGGATTAGTCTCTCgacttcccgaatctcggtattatcccggtaagtgtggactatatttCAAGGGCATCGCGTC
PCA1:Start-426|CAD2.high:427-End|RT:34_nt_each CGCGCGTAATAGCCCgcgacaacggtttaggtgggtacgggtccccattccttatatagaaAGGTGGTGACCACACCAATGAATCCTGTGTTGATGAGTGTTGTGTTAGGGATTCTTCTGTTATGGTGGgacttcccgaatctcggtattatcccggtaagtgtggactatatttCAAGGGCATCGCGTC
PCA1:Start-465|CAD2.high:466-End|RT:34_nt_each CGCGCGTAATAGCCCgcgacaacggtttaggtgggtacgggtccccattccttatatagaaCTGCGTTAGAGATTCTTCAGTGATGGTCGAGGAAGGTACAGGCAGCTGCGAAGCAGTATCTTCAAAAGgacttcccgaatctcggtattatcccggtaagtgtggactatatttCAAGGGCATCGCGTC
PCA1:Start-627|CAD2.high:628-End|RT:34_nt_each CGCGCGTAATAGCCCgcgacaacggtttaggtgggtacgggtccccattccttatatagaaTTCCAACCAACACACAGGGAAGGGTAGGCTTTGCTTGGAATCGAGTGACTCAACACTCAAGAAGAGAAgacttcccgaatctcggtattatcccggtaagtgtggactatatttCAAGGGCATCGCGTC
PCA1:Start-660|CAD2.high:661-End|RT:34_nt_each CGCGCGTAATAGCCCgcgacaacggtttaggtgggtacgggtccccattccttatatagaaCATCGAATCAAGTGACTCTACACTCAAGAAAAGAAGATGTAAAGTTAGCAGACAGAAAATTGAGGTTTgacttcccgaatctcggtattatcccggtaagtgtggactatatttCAAGGGCATCGCGTC
PCA1:Start-774|CAD2.high:775-End|RT:34_nt_each CGCGCGTAATAGCCCgcgacaacggtttaggtgggtacgggtccccattccttatatagaaATCTCGTAGCTGTGAAAAGAGGACTTTTAAAGGTACCACCAATGTAGGAATTTCTGGCAGTAGCTCCAgacttcccgaatctcggtattatcccggtaagtgtggactatatttCAAGGGCATCGCGTC
PCA1:Start-1032|CAD2.high:1033-End|RT:34_nt_each CGCGCGTAATAGCCCgcgacaacggtttaggtgggtacgggtccccattccttatatagaaCAACAGTTCTGGATGTTTAACAAAGAAAAAGACCTATGGCGACAAAGAAAGATTGAGTAATGACAATGgacttcccgaatctcggtattatcccggtaagtgtggactatatttCAAGGGCATCGCGTC
PCA1:Start-1188|CAD2.high:1189-End|RT:34_nt_each CGCGCGTAATAGCCCgcgacaacggtttaggtgggtacgggtccccattccttatatagaaTGAAATTTCAAGAATCGTATCAATGGAACCAATTGGAAATCATCTTAACCTAGAAGCGGGCTCAACAGgacttcccgaatctcggtattatcccggtaagtgtggactatatttCAAGGGCATCGCGTC
PCA1:Start-1257|CAD2.high:1258-End|RT:34_nt_each CGCGCGTAATAGCCCgcgacaacggtttaggtgggtacgggtccccattccttatatagaaTACCGAGCACATTGTTCTTAGTGTTTCAGGAATGACCTGTACTGGTTGTGAAACAAAACTTAAGAAATgacttcccgaatctcggtattatcccggtaagtgtggactatatttCAAGGGCATCGCGTC
PCA1:Start-1275|CAD2.high:1276-End|RT:34_nt_each CGCGCGTAATAGCCCgcgacaacggtttaggtgggtacgggtccccattccttatatagaaTAGTGTTTCAGGAATGTCCTGTACTGGTTGTGAAACAAAACTTAAGAAATCGTTTGGAGCTCTGAAATgacttcccgaatctcggtattatcccggtaagtgtggactatatttCAAGGGCATCGCGTC
PCA1:Start-1446|CAD2.high:1447-End|RT:34_nt_each CGCGCGTAATAGCCCgcgacaacggtttaggtgggtacgggtccccattccttatatagaaTACTGAATTCAAGTACGAACAGATTTCAAATCATGCTTCAACGATTGATGTTGTCGCCCCATACGCAGgacttcccgaatctcggtattatcccggtaagtgtggactatatttCAAGGGCATCGCGTC
PCA1:Start-1467|CAD2.high:1468-End|RT:34_nt_each CGCGCGTAATAGCCCgcgacaacggtttaggtgggtacgggtccccattccttatatagaaGATTTCAAATCATGGTTCAACTATAGATGTTGTTGCCCCATACGCAGCAAAAGATTTCATAAATGAGGgacttcccgaatctcggtattatcccggtaagtgtggactatatttCAAGGGCATCGCGTC
PCA1:Start-1545|CAD2.high:1546-End|RT:34_nt_each CGCGCGTAATAGCCCgcgacaacggtttaggtgggtacgggtccccattccttatatagaaAGGTGTCACAGAGCTGAAAATTGTTGAGAGAAATGTTATTAGAATCTACTTTGATCCAAAGGTTATAGgacttcccgaatctcggtattatcccggtaagtgtggactatatttCAAGGGCATCGCGTC
PCA1:Start-1770|CAD2.high:1771-End|RT:34_nt_each CGCGCGTAATAGCCCgcgacaacggtttaggtgggtacgggtccccattccttatatagaaTTGGGCTCCACAGCTTCGTGAAAAAATTTCCACTATGTCCGTTTCAATGGTGCTAGCAACTATTATACgacttcccgaatctcggtattatcccggtaagtgtggactatatttCAAGGGCATCGCGTC
PCA1:Start-1773|CAD2.high:1774-End|RT:34_nt_each CGCGCGTAATAGCCCgcgacaacggtttaggtgggtacgggtccccattccttatatagaaGGCTCCACAGCTTCGTGAAAAAATTTCCACTATCTCCGTTTCAATGGTGCTAGCAACTATTATACAATgacttcccgaatctcggtattatcccggtaagtgtggactatatttCAAGGGCATCGCGTC
PCA1:Start-1944|CAD2.high:1945-End|RT:34_nt_each CGCGCGTAATAGCCCgcgacaacggtttaggtgggtacgggtccccattccttatatagaaCATATTTTCGATTGTATCATTTGGATATTTCGTTGCTGGCCACCCTTTATCCACGGAGCAGTTCTTTGgacttcccgaatctcggtattatcccggtaagtgtggactatatttCAAGGGCATCGCGTC
PCA1:Start-1947|CAD2.high:1948-End|RT:34_nt_each CGCGCGTAATAGCCCgcgacaacggtttaggtgggtacgggtccccattccttatatagaaATTTTCGATTGTATCATTTGGATATTTCGTTGTTGGCCACCCTTTATCCACGGAGCAGTTCTTTGAGAgacttcccgaatctcggtattatcccggtaagtgtggactatatttCAAGGGCATCGCGTC
PCA1:Start-2127|CAD2.high:2128-End|RT:34_nt_each CGCGCGTAATAGCCCgcgacaacggtttaggtgggtacgggtccccattccttatatagaaTCTGGTGGATAAAACTGGTAAAGAGACGGAAATTGACATTAGACTGTTACAATATGGCGATATCTTTAgacttcccgaatctcggtattatcccggtaagtgtggactatatttCAAGGGCATCGCGTC
PCA1:Start-2163|CAD2.high:2164-End|RT:34_nt_each CGCGCGTAATAGCCCgcgacaacggtttaggtgggtacgggtccccattccttatatagaaTATTAGACTTCTCCAATATGGCGATATTTTTAAGATTTTACCTGATTCAAGAATCCCCACAGATGGAAgacttcccgaatctcggtattatcccggtaagtgtggactatatttCAAGGGCATCGCGTC
PCA1:Start-2505|CAD2.high:2506-End|RT:34_nt_each CGCGCGTAATAGCCCgcgacaacggtttaggtgggtacgggtccccattccttatatagaaCTTTTGCGTTTGGATAGCGGTTGGAATCCGTGTGCAGAAGCAATCACGTTCCGACGCTGTAATTCAGGgacttcccgaatctcggtattatcccggtaagtgtggactatatttCAAGGGCATCGCGTC
PCA1:Start-2583|CAD2.high:2584-End|RT:34_nt_each CGCGCGTAATAGCCCgcgacaacggtttaggtgggtacgggtccccattccttatatagaaTGCCATTACGGTACTTATCGTTTCGTGTCCCTGCGCAATCGGCCTGGCAGTTCCTATCGTATTTGTGAgacttcccgaatctcggtattatcccggtaagtgtggactatatttCAAGGGCATCGCGTC
PCA1:Start-2907|CAD2.high:2908-End|RT:34_nt_each CGCGCGTAATAGCCCgcgacaacggtttaggtgggtacgggtccccattccttatatagaaAAATGTTTCTAATACAAAAGCTGTGACTGGTAAGGGTGTAGAAGGGACATCATATTCTGGTTTGAAATgacttcccgaatctcggtattatcccggtaagtgtggactatatttCAAGGGCATCGCGTC
PCA1:Start-3339|CAD2.high:3340-End|RT:34_nt_each CGCGCGTAATAGCCCgcgacaacggtttaggtgggtacgggtccccattccttatatagaaTGTTTTTTGCGGTGACGGAACAAACGACGCAATTGCTTTGACTCAAGCTACTATTGGTGTCCATATAAgacttcccgaatctcggtattatcccggtaagtgtggactatatttCAAGGGCATCGCGTC
PCA1:Start-3624|CAD2.high:3625-End|RT:34_nt_each CGCGCGTAATAGCCCgcgacaacggtttaggtgggtacgggtccccattccttatatagaaACTAGTTAGTATCCTCCCTGTAATTTTTGTAGCTACTCTTCTTCGATACGCAAAAGTTTAATCCAGGTgacttcccgaatctcggtattatcccggtaagtgtggactatatttCAAGGGCATCGCGTC
PCA1:Start-3645|CAD2.high:3646-End|RT:34_nt_each CGCGCGTAATAGCCCgcgacaacggtttaggtgggtacgggtccccattccttatatagaaAATTTTTGTAGCTATACTTCTGCGTTATGCAAAGGTTTAATCCAGGTACTGCTGCTATTTGATTGTAGgacttcccgaatctcggtattatcccggtaagtgtggactatatttCAAGGGCATCGCGTC
PCA1:Start-3648|CAD2.high:3649-End|RT:34_nt_each CGCGCGTAATAGCCCgcgacaacggtttaggtgggtacgggtccccattccttatatagaaTTTTGTAGCTATACTTCTGCGTTATGCAAAGATTTAATCCAGGTACTGCTGCTATTTGATTGTAGATTgacttcccgaatctcggtattatcccggtaagtgtggactatatttCAAGGGCATCGCGTC
PCA1:Start-114|CAD2.high:115-End|RT:40_nt_each CGCGCGTAATAGCCCgcgacaacggtttaggtgggtacgggtccccattccttatATCAATAGATGCTATGCAAGATAATAGAGGCGAGTGTCATCTTAGATCTATAGAAAGGCATGCTAATGACAACCTGGGATccgaatctcggtattatcccggtaagtgtggactatatttCAAGGGCATCGCGTC
PCA1:Start-129|CAD2.high:130-End|RT:40_nt_each CGCGCGTAATAGCCCgcgacaacggtttaggtgggtacgggtccccattccttatGCAAGATAATAGAGGCGAGTGTCATCGTAGATCCATAGAAAGGCATGCTAATGACAACCTGGGATTAGTCTCTCAGCGAGccgaatctcggtattatcccggtaagtgtggactatatttCAAGGGCATCGCGTC
PCA1:Start-426|CAD2.high:427-End|RT:40_nt_each CGCGCGTAATAGCCCgcgacaacggtttaggtgggtacgggtccccattccttatTCAAACAGGTGGTGACCACACCAATGAATCCTGTGTTGATGAGTGTTGTGTTAGGGATTCTTCTGTTATGGTGGAAGAGGccgaatctcggtattatcccggtaagtgtggactatatttCAAGGGCATCGCGTC
PCA1:Start-465|CAD2.high:466-End|RT:40_nt_each CGCGCGTAATAGCCCgcgacaacggtttaggtgggtacgggtccccattccttatTGGATGCTGCGTTAGAGATTCTTCAGTGATGGTCGAGGAAGGTACAGGCAGCTGCGAAGCAGTATCTTCAAAAGAACAACccgaatctcggtattatcccggtaagtgtggactatatttCAAGGGCATCGCGTC
PCA1:Start-627|CAD2.high:628-End|RT:40_nt_each CGCGCGTAATAGCCCgcgacaacggtttaggtgggtacgggtccccattccttatTACCAATTCCAACCAACACACAGGGAAGGGTAGGCTTTGCTTGGAATCGAGTGACTCAACACTCAAGAAGAGAAGATGTAccgaatctcggtattatcccggtaagtgtggactatatttCAAGGGCATCGCGTC
PCA1:Start-660|CAD2.high:661-End|RT:40_nt_each CGCGCGTAATAGCCCgcgacaacggtttaggtgggtacgggtccccattccttatGCTTTGCATCGAATCAAGTGACTCTACACTCAAGAAAAGAAGATGTAAAGTTAGCAGACAGAAAATTGAGGTTTCAAGTAccgaatctcggtattatcccggtaagtgtggactatatttCAAGGGCATCGCGTC
PCA1:Start-774|CAD2.high:775-End|RT:40_nt_each CGCGCGTAATAGCCCgcgacaacggtttaggtgggtacgggtccccattccttatGATTGCATCTCGTAGCTGTGAAAAGAGGACTTTTAAAGGTACCACCAATGTAGGAATTTCTGGCAGTAGCTCCACTGACAccgaatctcggtattatcccggtaagtgtggactatatttCAAGGGCATCGCGTC
PCA1:Start-1032|CAD2.high:1033-End|RT:40_nt_each CGCGCGTAATAGCCCgcgacaacggtttaggtgggtacgggtccccattccttatCTACCGCAACAGTTCTGGATGTTTAACAAAGAAAAAGACCTATGGCGACAAAGAAAGATTGAGTAATGACAATGGCCATGccgaatctcggtattatcccggtaagtgtggactatatttCAAGGGCATCGCGTC
PCA1:Start-1188|CAD2.high:1189-End|RT:40_nt_each CGCGCGTAATAGCCCgcgacaacggtttaggtgggtacgggtccccattccttatTTCGAGTGAAATTTCAAGAATCGTATCAATGGAACCAATTGGAAATCATCTTAACCTAGAAGCGGGCTCAACAGGTACTGccgaatctcggtattatcccggtaagtgtggactatatttCAAGGGCATCGCGTC
PCA1:Start-1257|CAD2.high:1258-End|RT:40_nt_each CGCGCGTAATAGCCCgcgacaacggtttaggtgggtacgggtccccattccttatTACCGGTACCGAGCACATTGTTCTTAGTGTTTCAGGAATGACCTGTACTGGTTGTGAAACAAAACTTAAGAAATCGTTTGccgaatctcggtattatcccggtaagtgtggactatatttCAAGGGCATCGCGTC
PCA1:Start-1275|CAD2.high:1276-End|RT:40_nt_each CGCGCGTAATAGCCCgcgacaacggtttaggtgggtacgggtccccattccttatTGTTCTTAGTGTTTCAGGAATGTCCTGTACTGGTTGTGAAACAAAACTTAAGAAATCGTTTGGAGCTCTGAAATGTGTACccgaatctcggtattatcccggtaagtgtggactatatttCAAGGGCATCGCGTC
PCA1:Start-1446|CAD2.high:1447-End|RT:40_nt_each CGCGCGTAATAGCCCgcgacaacggtttaggtgggtacgggtccccattccttatCAAAACTACTGAATTCAAGTACGAACAGATTTCAAATCATGCTTCAACGATTGATGTTGTCGCCCCATACGCAGCAAAAGccgaatctcggtattatcccggtaagtgtggactatatttCAAGGGCATCGCGTC
PCA1:Start-1467|CAD2.high:1468-End|RT:40_nt_each CGCGCGTAATAGCCCgcgacaacggtttaggtgggtacgggtccccattccttatCGAACAGATTTCAAATCATGGTTCAACTATAGATGTTGTTGCCCCATACGCAGCAAAAGATTTCATAAATGAGGAATGGCccgaatctcggtattatcccggtaagtgtggactatatttCAAGGGCATCGCGTC
PCA1:Start-1545|CAD2.high:1546-End|RT:40_nt_each CGCGCGTAATAGCCCgcgacaacggtttaggtgggtacgggtccccattccttatGCCACAAGGTGTCACAGAGCTGAAAATTGTTGAGAGAAATGTTATTAGAATCTACTTTGATCCAAAGGTTATAGGTGCTAccgaatctcggtattatcccggtaagtgtggactatatttCAAGGGCATCGCGTC
PCA1:Start-1770|CAD2.high:1771-End|RT:40_nt_each CGCGCGTAATAGCCCgcgacaacggtttaggtgggtacgggtccccattccttatGATGGCTTGGGCTCCACAGCTTCGTGAAAAAATTTCCACTATGTCCGTTTCAATGGTGCTAGCAACTATTATACAATTTGccgaatctcggtattatcccggtaagtgtggactatatttCAAGGGCATCGCGTC
PCA1:Start-1773|CAD2.high:1774-End|RT:40_nt_each CGCGCGTAATAGCCCgcgacaacggtttaggtgggtacgggtccccattccttatGGCTTGGGCTCCACAGCTTCGTGAAAAAATTTCCACTATCTCCGTTTCAATGGTGCTAGCAACTATTATACAATTTGTTAccgaatctcggtattatcccggtaagtgtggactatatttCAAGGGCATCGCGTC
PCA1:Start-1944|CAD2.high:1945-End|RT:40_nt_each CGCGCGTAATAGCCCgcgacaacggtttaggtgggtacgggtccccattccttatTGCCTACATATTTTCGATTGTATCATTTGGATATTTCGTTGCTGGCCACCCTTTATCCACGGAGCAGTTCTTTGAGACCAccgaatctcggtattatcccggtaagtgtggactatatttCAAGGGCATCGCGTC
PCA1:Start-1947|CAD2.high:1948-End|RT:40_nt_each CGCGCGTAATAGCCCgcgacaacggtttaggtgggtacgggtccccattccttatCTACATATTTTCGATTGTATCATTTGGATATTTCGTTGTTGGCCACCCTTTATCCACGGAGCAGTTCTTTGAGACCAGCTccgaatctcggtattatcccggtaagtgtggactatatttCAAGGGCATCGCGTC
PCA1:Start-2127|CAD2.high:2128-End|RT:40_nt_each CGCGCGTAATAGCCCgcgacaacggtttaggtgggtacgggtccccattccttatTGCTATTCTGGTGGATAAAACTGGTAAAGAGACGGAAATTGACATTAGACTGTTACAATATGGCGATATCTTTAAGATTTccgaatctcggtattatcccggtaagtgtggactatatttCAAGGGCATCGCGTC
PCA1:Start-2163|CAD2.high:2164-End|RT:40_nt_each CGCGCGTAATAGCCCgcgacaacggtttaggtgggtacgggtccccattccttatAATTAATATTAGACTTCTCCAATATGGCGATATTTTTAAGATTTTACCTGATTCAAGAATCCCCACAGATGGAACAGTTAccgaatctcggtattatcccggtaagtgtggactatatttCAAGGGCATCGCGTC
PCA1:Start-2505|CAD2.high:2506-End|RT:40_nt_each CGCGCGTAATAGCCCgcgacaacggtttaggtgggtacgggtccccattccttatCGTCACCTTTTGCGTTTGGATAGCGGTTGGAATCCGTGTGCAGAAGCAATCACGTTCCGACGCTGTAATTCAGGCAATTAccgaatctcggtattatcccggtaagtgtggactatatttCAAGGGCATCGCGTC
PCA1:Start-2583|CAD2.high:2584-End|RT:40_nt_each CGCGCGTAATAGCCCgcgacaacggtttaggtgggtacgggtccccattccttatTATATATGCCATTACGGTACTTATCGTTTCGTGTCCCTGCGCAATCGGCCTGGCAGTTCCTATCGTATTTGTGATTGCTAccgaatctcggtattatcccggtaagtgtggactatatttCAAGGGCATCGCGTC
PCA1:Start-2907|CAD2.high:2908-End|RT:40_nt_each CGCGCGTAATAGCCCgcgacaacggtttaggtgggtacgggtccccattccttatTGCTCAAAATGTTTCTAATACAAAAGCTGTGACTGGTAAGGGTGTAGAAGGGACATCATATTCTGGTTTGAAATTACAAGccgaatctcggtattatcccggtaagtgtggactatatttCAAGGGCATCGCGTC
PCA1:Start-3339|CAD2.high:3340-End|RT:40_nt_each CGCGCGTAATAGCCCgcgacaacggtttaggtgggtacgggtccccattccttatGGTTGTTGTTTTTTGCGGTGACGGAACAAACGACGCAATTGCTTTGACTCAAGCTACTATTGGTGTCCATATAAATGAAGccgaatctcggtattatcccggtaagtgtggactatatttCAAGGGCATCGCGTC
PCA1:Start-3624|CAD2.high:3625-End|RT:40_nt_each CGCGCGTAATAGCCCgcgacaacggtttaggtgggtacgggtccccattccttatAGGGGAACTAGTTAGTATCCTCCCTGTAATTTTTGTAGCTACTCTTCTTCGATACGCAAAAGTTTAATCCAGGTACTGCTccgaatctcggtattatcccggtaagtgtggactatatttCAAGGGCATCGCGTC
PCA1:Start-3645|CAD2.high:3646-End|RT:40_nt_each CGCGCGTAATAGCCCgcgacaacggtttaggtgggtacgggtccccattccttatCCCTGTAATTTTTGTAGCTATACTTCTGCGTTATGCAAAGGTTTAATCCAGGTACTGCTGCTATTTGATTGTAGATTTTCccgaatctcggtattatcccggtaagtgtggactatatttCAAGGGCATCGCGTC
PCA1:Start-3648|CAD2.high:3649-End|RT:40_nt_each CGCGCGTAATAGCCCgcgacaacggtttaggtgggtacgggtccccattccttatTGTAATTTTTGTAGCTATACTTCTGCGTTATGCAAAGATTTAATCCAGGTACTGCTGCTATTTGATTGTAGATTTTCTTTccgaatctcggtattatcccggtaagtgtggactatatttCAAGGGCATCGCGTC
PCA1:Start-114|CAD2.high:115-End|RT:47_nt_each CGCGCGTAATAGCCCgcgacaacggtttaggtgggtacgggtccccatAGAACATATCAATAGATGCTATGCAAGATAATAGAGGCGAGTGTCATCTTAGATCTATAGAAAGGCATGCTAATGACAACCTGGGATTAGTCTCtcggtattatcccggtaagtgtggactatatttCAAGGGCATCGCGTC
PCA1:Start-129|CAD2.high:130-End|RT:47_nt_each CGCGCGTAATAGCCCgcgacaacggtttaggtgggtacgggtccccatATGCTATGCAAGATAATAGAGGCGAGTGTCATCGTAGATCCATAGAAAGGCATGCTAATGACAACCTGGGATTAGTCTCTCAGCGAGACTGTACtcggtattatcccggtaagtgtggactatatttCAAGGGCATCGCGTC
PCA1:Start-426|CAD2.high:427-End|RT:47_nt_each CGCGCGTAATAGCCCgcgacaacggtttaggtgggtacgggtccccatGCGATGCTCAAACAGGTGGTGACCACACCAATGAATCCTGTGTTGATGAGTGTTGTGTTAGGGATTCTTCTGTTATGGTGGAAGAGGGTACAGGtcggtattatcccggtaagtgtggactatatttCAAGGGCATCGCGTC
PCA1:Start-465|CAD2.high:466-End|RT:47_nt_each CGCGCGTAATAGCCCgcgacaacggtttaggtgggtacgggtccccatGTGTTGATGGATGCTGCGTTAGAGATTCTTCAGTGATGGTCGAGGAAGGTACAGGCAGCTGCGAAGCAGTATCTTCAAAAGAACAACTGTTGACtcggtattatcccggtaagtgtggactatatttCAAGGGCATCGCGTC
PCA1:Start-627|CAD2.high:628-End|RT:47_nt_each CGCGCGTAATAGCCCgcgacaacggtttaggtgggtacgggtccccatGCTGCAATACCAATTCCAACCAACACACAGGGAAGGGTAGGCTTTGCTTGGAATCGAGTGACTCAACACTCAAGAAGAGAAGATGTAAAGTTAGtcggtattatcccggtaagtgtggactatatttCAAGGGCATCGCGTC
PCA1:Start-660|CAD2.high:661-End|RT:47_nt_each CGCGCGTAATAGCCCgcgacaacggtttaggtgggtacgggtccccatAGGGTAGGCTTTGCATCGAATCAAGTGACTCTACACTCAAGAAAAGAAGATGTAAAGTTAGCAGACAGAAAATTGAGGTTTCAAGTAAACCTGAtcggtattatcccggtaagtgtggactatatttCAAGGGCATCGCGTC
PCA1:Start-774|CAD2.high:775-End|RT:47_nt_each CGCGCGTAATAGCCCgcgacaacggtttaggtgggtacgggtccccatTTGAGCGGATTGCATCTCGTAGCTGTGAAAAGAGGACTTTTAAAGGTACCACCAATGTAGGAATTTCTGGCAGTAGCTCCACTGACAGTTTGAGtcggtattatcccggtaagtgtggactatatttCAAGGGCATCGCGTC
PCA1:Start-1032|CAD2.high:1033-End|RT:47_nt_each CGCGCGTAATAGCCCgcgacaacggtttaggtgggtacgggtccccatAATACTCCTACCGCAACAGTTCTGGATGTTTAACAAAGAAAAAGACCTATGGCGACAAAGAAAGATTGAGTAATGACAATGGCCATGCGGATTTtcggtattatcccggtaagtgtggactatatttCAAGGGCATCGCGTC
PCA1:Start-1188|CAD2.high:1189-End|RT:47_nt_each CGCGCGTAATAGCCCgcgacaacggtttaggtgggtacgggtccccatGACACTCTTCGAGTGAAATTTCAAGAATCGTATCAATGGAACCAATTGGAAATCATCTTAACCTAGAAGCGGGCTCAACAGGTACTGAGCATATtcggtattatcccggtaagtgtggactatatttCAAGGGCATCGCGTC
PCA1:Start-1257|CAD2.high:1258-End|RT:47_nt_each CGCGCGTAATAGCCCgcgacaacggtttaggtgggtacgggtccccatCAGGATCTACCGGTACCGAGCACATTGTTCTTAGTGTTTCAGGAATGACCTGTACTGGTTGTGAAACAAAACTTAAGAAATCGTTTGGAGCTCTtcggtattatcccggtaagtgtggactatatttCAAGGGCATCGCGTC
PCA1:Start-1275|CAD2.high:1276-End|RT:47_nt_each CGCGCGTAATAGCCCgcgacaacggtttaggtgggtacgggtccccatAGCACATTGTTCTTAGTGTTTCAGGAATGTCCTGTACTGGTTGTGAAACAAAACTTAAGAAATCGTTTGGAGCTCTGAAATGTGTACATGGTTTtcggtattatcccggtaagtgtggactatatttCAAGGGCATCGCGTC
PCA1:Start-1446|CAD2.high:1447-End|RT:47_nt_each CGCGCGTAATAGCCCgcgacaacggtttaggtgggtacgggtccccatACTTGAGCAAAACTACTGAATTCAAGTACGAACAGATTTCAAATCATGCTTCAACGATTGATGTTGTCGCCCCATACGCAGCAAAAGATTTCATtcggtattatcccggtaagtgtggactatatttCAAGGGCATCGCGTC
PCA1:Start-1467|CAD2.high:1468-End|RT:47_nt_each CGCGCGTAATAGCCCgcgacaacggtttaggtgggtacgggtccccatTCAAGTACGAACAGATTTCAAATCATGGTTCAACTATAGATGTTGTTGCCCCATACGCAGCAAAAGATTTCATAAATGAGGAATGGCCACAAGGtcggtattatcccggtaagtgtggactatatttCAAGGGCATCGCGTC
PCA1:Start-1545|CAD2.high:1546-End|RT:47_nt_each CGCGCGTAATAGCCCgcgacaacggtttaggtgggtacgggtccccatAGGAATGGCCACAAGGTGTCACAGAGCTGAAAATTGTTGAGAGAAATGTTATTAGAATCTACTTTGATCCAAAGGTTATAGGTGCTAGAGATCTtcggtattatcccggtaagtgtggactatatttCAAGGGCATCGCGTC
PCA1:Start-1770|CAD2.high:1771-End|RT:47_nt_each CGCGCGTAATAGCCCgcgacaacggtttaggtgggtacgggtccccatTTCTCGTGATGGCTTGGGCTCCACAGCTTCGTGAAAAAATTTCCACTATGTCCGTTTCAATGGTGCTAGCAACTATTATACAATTTGTTATCGCtcggtattatcccggtaagtgtggactatatttCAAGGGCATCGCGTC
PCA1:Start-1773|CAD2.high:1774-End|RT:47_nt_each CGCGCGTAATAGCCCgcgacaacggtttaggtgggtacgggtccccatTCGTGATGGCTTGGGCTCCACAGCTTCGTGAAAAAATTTCCACTATCTCCGTTTCAATGGTGCTAGCAACTATTATACAATTTGTTATCGCAGGtcggtattatcccggtaagtgtggactatatttCAAGGGCATCGCGTC
PCA1:Start-1944|CAD2.high:1945-End|RT:47_nt_each CGCGCGTAATAGCCCgcgacaacggtttaggtgggtacgggtccccatCTAGCGCTGCCTACATATTTTCGATTGTATCATTTGGATATTTCGTTGCTGGCCACCCTTTATCCACGGAGCAGTTCTTTGAGACCAGCTCATTtcggtattatcccggtaagtgtggactatatttCAAGGGCATCGCGTC
PCA1:Start-1947|CAD2.high:1948-End|RT:47_nt_each CGCGCGTAATAGCCCgcgacaacggtttaggtgggtacgggtccccatGCGCTGCCTACATATTTTCGATTGTATCATTTGGATATTTCGTTGTTGGCCACCCTTTATCCACGGAGCAGTTCTTTGAGACCAGCTCATTGCTtcggtattatcccggtaagtgtggactatatttCAAGGGCATCGCGTC
PCA1:Start-2127|CAD2.high:2128-End|RT:47_nt_each CGCGCGTAATAGCCCgcgacaacggtttaggtgggtacgggtccccatCCTCTTCTGCTATTCTGGTGGATAAAACTGGTAAAGAGACGGAAATTGACATTAGACTGTTACAATATGGCGATATCTTTAAGATTTTACCTGAtcggtattatcccggtaagtgtggactatatttCAAGGGCATCGCGTC
PCA1:Start-2163|CAD2.high:2164-End|RT:47_nt_each CGCGCGTAATAGCCCgcgacaacggtttaggtgggtacgggtccccatAGACGGAAATTAATATTAGACTTCTCCAATATGGCGATATTTTTAAGATTTTACCTGATTCAAGAATCCCCACAGATGGAACAGTTATATCCGGtcggtattatcccggtaagtgtggactatatttCAAGGGCATCGCGTC
PCA1:Start-2505|CAD2.high:2506-End|RT:47_nt_each CGCGCGTAATAGCCCgcgacaacggtttaggtgggtacgggtccccatTCACTGTCGTCACCTTTTGCGTTTGGATAGCGGTTGGAATCCGTGTGCAGAAGCAATCACGTTCCGACGCTGTAATTCAGGCAATTATTTATGCtcggtattatcccggtaagtgtggactatatttCAAGGGCATCGCGTC
PCA1:Start-2583|CAD2.high:2584-End|RT:47_nt_each CGCGCGTAATAGCCCgcgacaacggtttaggtgggtacgggtccccatAGGCCATTATATATGCCATTACGGTACTTATCGTTTCGTGTCCCTGCGCAATCGGCCTGGCAGTTCCTATCGTATTTGTGATTGCTAGTGGGGTtcggtattatcccggtaagtgtggactatatttCAAGGGCATCGCGTC
PCA1:Start-2907|CAD2.high:2908-End|RT:47_nt_each CGCGCGTAATAGCCCgcgacaacggtttaggtgggtacgggtccccatGTGTTTCTGCTCAAAATGTTTCTAATACAAAAGCTGTGACTGGTAAGGGTGTAGAAGGGACATCATATTCTGGTTTGAAATTACAAGGAGGGAAtcggtattatcccggtaagtgtggactatatttCAAGGGCATCGCGTC
PCA1:Start-3339|CAD2.high:3340-End|RT:47_nt_each CGCGCGTAATAGCCCgcgacaacggtttaggtgggtacgggtccccatAAAGACCGGTTGTTGTTTTTTGCGGTGACGGAACAAACGACGCAATTGCTTTGACTCAAGCTACTATTGGTGTCCATATAAATGAAGGAAGTGAtcggtattatcccggtaagtgtggactatatttCAAGGGCATCGCGTC
PCA1:Start-3624|CAD2.high:3625-End|RT:47_nt_each CGCGCGTAATAGCCCgcgacaacggtttaggtgggtacgggtccccatCGGGTTTAGGGGAACTAGTTAGTATCCTCCCTGTAATTTTTGTAGCTACTCTTCTTCGATACGCAAAAGTTTAATCCAGGTACTGCTGCTATTTtcggtattatcccggtaagtgtggactatatttCAAGGGCATCGCGTC
PCA1:Start-3645|CAD2.high:3646-End|RT:47_nt_each CGCGCGTAATAGCCCgcgacaacggtttaggtgggtacgggtccccatGTATCCTCCCTGTAATTTTTGTAGCTATACTTCTGCGTTATGCAAAGGTTTAATCCAGGTACTGCTGCTATTTGATTGTAGATTTTCTTTTTTCtcggtattatcccggtaagtgtggactatatttCAAGGGCATCGCGTC
PCA1:Start-3648|CAD2.high:3649-End|RT:47_nt_each CGCGCGTAATAGCCCgcgacaacggtttaggtgggtacgggtccccatTCCTCCCTGTAATTTTTGTAGCTATACTTCTGCGTTATGCAAAGATTTAATCCAGGTACTGCTGCTATTTGATTGTAGATTTTCTTTTTTCTTTtcggtattatcccggtaagtgtggactatatttCAAGGGCATCGCGTC
PCA1:Start-114|CAD2.high:115-End|RT:55_nt_each CGCGCGTAATAGCCCgcgacaacggtttaggtgggtacggAAATAGCGAGAACATATCAATAGATGCTATGCAAGATAATAGAGGCGAGTGTCATCTTAGATCTATAGAAAGGCATGCTAATGACAACCTGGGATTAGTCTCTCAGCGAGatcccggtaagtgtggactatatttCAAGGGCATCGCGTC
PCA1:Start-129|CAD2.high:130-End|RT:55_nt_each CGCGCGTAATAGCCCgcgacaacggtttaggtgggtacggATCAATAGATGCTATGCAAGATAATAGAGGCGAGTGTCATCGTAGATCCATAGAAAGGCATGCTAATGACAACCTGGGATTAGTCTCTCAGCGAGACTGTACGAATCGTCatcccggtaagtgtggactatatttCAAGGGCATCGCGTC
PCA1:Start-426|CAD2.high:427-End|RT:55_nt_each CGCGCGTAATAGCCCgcgacaacggtttaggtgggtacggCTGTTGCGGCGATGCTCAAACAGGTGGTGACCACACCAATGAATCCTGTGTTGATGAGTGTTGTGTTAGGGATTCTTCTGTTATGGTGGAAGAGGGTACAGGCAGCTGCGatcccggtaagtgtggactatatttCAAGGGCATCGCGTC
PCA1:Start-465|CAD2.high:466-End|RT:55_nt_each CGCGCGTAATAGCCCgcgacaacggtttaggtgggtacggTGAATCCTGTGTTGATGGATGCTGCGTTAGAGATTCTTCAGTGATGGTCGAGGAAGGTACAGGCAGCTGCGAAGCAGTATCTTCAAAAGAACAACTGTTGACCAGTTTTGatcccggtaagtgtggactatatttCAAGGGCATCGCGTC
PCA1:Start-627|CAD2.high:628-End|RT:55_nt_each CGCGCGTAATAGCCCgcgacaacggtttaggtgggtacggGACAACTCGCTGCAATACCAATTCCAACCAACACACAGGGAAGGGTAGGCTTTGCTTGGAATCGAGTGACTCAACACTCAAGAAGAGAAGATGTAAAGTTAGCAGACAGAatcccggtaagtgtggactatatttCAAGGGCATCGCGTC
PCA1:Start-660|CAD2.high:661-End|RT:55_nt_each CGCGCGTAATAGCCCgcgacaacggtttaggtgggtacggCACAGGGAAGGGTAGGCTTTGCATCGAATCAAGTGACTCTACACTCAAGAAAAGAAGATGTAAAGTTAGCAGACAGAAAATTGAGGTTTCAAGTAAACCTGAATGCTGTAatcccggtaagtgtggactatatttCAAGGGCATCGCGTC
PCA1:Start-774|CAD2.high:775-End|RT:55_nt_each CGCGCGTAATAGCCCgcgacaacggtttaggtgggtacggTTCATGTGTTGAGCGGATTGCATCTCGTAGCTGTGAAAAGAGGACTTTTAAAGGTACCACCAATGTAGGAATTTCTGGCAGTAGCTCCACTGACAGTTTGAGTGAGAAGTatcccggtaagtgtggactatatttCAAGGGCATCGCGTC
PCA1:Start-1032|CAD2.high:1033-End|RT:55_nt_each CGCGCGTAATAGCCCgcgacaacggtttaggtgggtacggAAAGACAAAATACTCCTACCGCAACAGTTCTGGATGTTTAACAAAGAAAAAGACCTATGGCGACAAAGAAAGATTGAGTAATGACAATGGCCATGCGGATTTTGTATGTTatcccggtaagtgtggactatatttCAAGGGCATCGCGTC
PCA1:Start-1188|CAD2.high:1189-End|RT:55_nt_each CGCGCGTAATAGCCCgcgacaacggtttaggtgggtacggTATTTCTGGACACTCTTCGAGTGAAATTTCAAGAATCGTATCAATGGAACCAATTGGAAATCATCTTAACCTAGAAGCGGGCTCAACAGGTACTGAGCATATTGTGCTGAatcccggtaagtgtggactatatttCAAGGGCATCGCGTC
PCA1:Start-1257|CAD2.high:1258-End|RT:55_nt_each CGCGCGTAATAGCCCgcgacaacggtttaggtgggtacggTCTTGAGGCAGGATCTACCGGTACCGAGCACATTGTTCTTAGTGTTTCAGGAATGACCTGTACTGGTTGTGAAACAAAACTTAAGAAATCGTTTGGAGCTCTGAAATGTGatcccggtaagtgtggactatatttCAAGGGCATCGCGTC
PCA1:Start-1275|CAD2.high:1276-End|RT:55_nt_each CGCGCGTAATAGCCCgcgacaacggtttaggtgggtacggCGGTACCGAGCACATTGTTCTTAGTGTTTCAGGAATGTCCTGTACTGGTTGTGAAACAAAACTTAAGAAATCGTTTGGAGCTCTGAAATGTGTACATGGTTTGAAGACGAatcccggtaagtgtggactatatttCAAGGGCATCGCGTC
PCA1:Start-1446|CAD2.high:1447-End|RT:55_nt_each CGCGCGTAATAGCCCgcgacaacggtttaggtgggtacggTATCAAGCACTTGAGCAAAACTACTGAATTCAAGTACGAACAGATTTCAAATCATGCTTCAACGATTGATGTTGTCGCCCCATACGCAGCAAAAGATTTCATAAATGAGGatcccggtaagtgtggactatatttCAAGGGCATCGCGTC
PCA1:Start-1467|CAD2.high:1468-End|RT:55_nt_each CGCGCGTAATAGCCCgcgacaacggtttaggtgggtacggTACTGAATTCAAGTACGAACAGATTTCAAATCATGGTTCAACTATAGATGTTGTTGCCCCATACGCAGCAAAAGATTTCATAAATGAGGAATGGCCACAAGGTGTTACAGatcccggtaagtgtggactatatttCAAGGGCATCGCGTC
PCA1:Start-1545|CAD2.high:1546-End|RT:55_nt_each CGCGCGTAATAGCCCgcgacaacggtttaggtgggtacggTATTAATGAGGAATGGCCACAAGGTGTCACAGAGCTGAAAATTGTTGAGAGAAATGTTATTAGAATCTACTTTGATCCAAAGGTTATAGGTGCTAGAGATCTAGTAAATGatcccggtaagtgtggactatatttCAAGGGCATCGCGTC
PCA1:Start-1770|CAD2.high:1771-End|RT:55_nt_each CGCGCGTAATAGCCCgcgacaacggtttaggtgggtacggGATCCCGATTCTCGTGATGGCTTGGGCTCCACAGCTTCGTGAAAAAATTTCCACTATGTCCGTTTCAATGGTGCTAGCAACTATTATACAATTTGTTATCGCAGGACCGTatcccggtaagtgtggactatatttCAAGGGCATCGCGTC
PCA1:Start-1773|CAD2.high:1774-End|RT:55_nt_each CGCGCGTAATAGCCCgcgacaacggtttaggtgggtacggCCCGATTCTCGTGATGGCTTGGGCTCCACAGCTTCGTGAAAAAATTTCCACTATCTCCGTTTCAATGGTGCTAGCAACTATTATACAATTTGTTATCGCAGGACCGTTTTatcccggtaagtgtggactatatttCAAGGGCATCGCGTC
PCA1:Start-1944|CAD2.high:1945-End|RT:55_nt_each CGCGCGTAATAGCCCgcgacaacggtttaggtgggtacggTTTAAGCACTAGCGCTGCCTACATATTTTCGATTGTATCATTTGGATATTTCGTTGCTGGCCACCCTTTATCCACGGAGCAGTTCTTTGAGACCAGCTCATTGCTGGTGAatcccggtaagtgtggactatatttCAAGGGCATCGCGTC
PCA1:Start-1947|CAD2.high:1948-End|RT:55_nt_each CGCGCGTAATAGCCCgcgacaacggtttaggtgggtacggAAGCACTAGCGCTGCCTACATATTTTCGATTGTATCATTTGGATATTTCGTTGTTGGCCACCCTTTATCCACGGAGCAGTTCTTTGAGACCAGCTCATTGCTGGTGACTCatcccggtaagtgtggactatatttCAAGGGCATCGCGTC
PCA1:Start-2127|CAD2.high:2128-End|RT:55_nt_each CGCGCGTAATAGCCCgcgacaacggtttaggtgggtacggCTTACAGGCCTCTTCTGCTATTCTGGTGGATAAAACTGGTAAAGAGACGGAAATTGACATTAGACTGTTACAATATGGCGATATCTTTAAGATTTTACCTGATTCAAGAAatcccggtaagtgtggactatatttCAAGGGCATCGCGTC
PCA1:Start-2163|CAD2.high:2164-End|RT:55_nt_each CGCGCGTAATAGCCCgcgacaacggtttaggtgggtacggTGGTAAAGAGACGGAAATTAATATTAGACTTCTCCAATATGGCGATATTTTTAAGATTTTACCTGATTCAAGAATCCCCACAGATGGAACAGTTATATCCGGCTCTTCTGatcccggtaagtgtggactatatttCAAGGGCATCGCGTC
PCA1:Start-2505|CAD2.high:2506-End|RT:55_nt_each CGCGCGTAATAGCCCgcgacaacggtttaggtgggtacggCATTGGAATCACTGTCGTCACCTTTTGCGTTTGGATAGCGGTTGGAATCCGTGTGCAGAAGCAATCACGTTCCGACGCTGTAATTCAGGCAATTATTTATGCTATTACAGatcccggtaagtgtggactatatttCAAGGGCATCGCGTC
PCA1:Start-2583|CAD2.high:2584-End|RT:55_nt_each CGCGCGTAATAGCCCgcgacaacggtttaggtgggtacggCGTAATTCAGGCCATTATATATGCCATTACGGTACTTATCGTTTCGTGTCCCTGCGCAATCGGCCTGGCAGTTCCTATCGTATTTGTGATTGCTAGTGGGGTTGCCGCTAatcccggtaagtgtggactatatttCAAGGGCATCGCGTC
PCA1:Start-2907|CAD2.high:2908-End|RT:55_nt_each CGCGCGTAATAGCCCgcgacaacggtttaggtgggtacggAGAAAAAGGTGTTTCTGCTCAAAATGTTTCTAATACAAAAGCTGTGACTGGTAAGGGTGTAGAAGGGACATCATATTCTGGTTTGAAATTACAAGGAGGGAACTGTAGGTatcccggtaagtgtggactatatttCAAGGGCATCGCGTC
PCA1:Start-3339|CAD2.high:3340-End|RT:55_nt_each CGCGCGTAATAGCCCgcgacaacggtttaggtgggtacggGCAGTCAAAAAGACCGGTTGTTGTTTTTTGCGGTGACGGAACAAACGACGCAATTGCTTTGACTCAAGCTACTATTGGTGTCCATATAAATGAAGGAAGTGAGGTTGCCAatcccggtaagtgtggactatatttCAAGGGCATCGCGTC
PCA1:Start-3624|CAD2.high:3625-End|RT:55_nt_each CGCGCGTAATAGCCCgcgacaacggtttaggtgggtacggAGAGTATGCGGGTTTAGGGGAACTAGTTAGTATCCTCCCTGTAATTTTTGTAGCTACTCTTCTTCGATACGCAAAAGTTTAATCCAGGTACTGCTGCTATTTGATTGTAGatcccggtaagtgtggactatatttCAAGGGCATCGCGTC
PCA1:Start-3645|CAD2.high:3646-End|RT:55_nt_each CGCGCGTAATAGCCCgcgacaacggtttaggtgggtacggACTAGTTAGTATCCTCCCTGTAATTTTTGTAGCTATACTTCTGCGTTATGCAAAGGTTTAATCCAGGTACTGCTGCTATTTGATTGTAGATTTTCTTTTTTCTTTTCTTTatcccggtaagtgtggactatatttCAAGGGCATCGCGTC
PCA1:Start-3648|CAD2.high:3649-End|RT:55_nt_each CGCGCGTAATAGCCCgcgacaacggtttaggtgggtacggAGTTAGTATCCTCCCTGTAATTTTTGTAGCTATACTTCTGCGTTATGCAAAGATTTAATCCAGGTACTGCTGCTATTTGATTGTAGATTTTCTTTTTTCTTTTCTTTTTTatcccggtaagtgtggactatatttCAAGGGCATCGCGTC
PCA1:Start-114|CAD2.high:115-End|RT:64_nt_each CGCGCGTAATAGCCCgcgacaacggtttaggTGGAGTGGTAAATAGCGAGAACATATCAATAGATGCTATGCAAGATAATAGAGGCGAGTGTCATCTTAGATCTATAGAAAGGCATGCTAATGACAACCTGGGATTAGTCTCTCAGCGAGACTGTACGAagtgtggactatatttCAAGGGCATCGCGTC
PCA1:Start-129|CAD2.high:130-End|RT:64_nt_each CGCGCGTAATAGCCCgcgacaacggtttaggCGAGAACATATCAATAGATGCTATGCAAGATAATAGAGGCGAGTGTCATCGTAGATCCATAGAAAGGCATGCTAATGACAACCTGGGATTAGTCTCTCAGCGAGACTGTACGAATCGTCCGAAAATCAagtgtggactatatttCAAGGGCATCGCGTC
PCA1:Start-426|CAD2.high:427-End|RT:64_nt_each CGCGCGTAATAGCCCgcgacaacggtttaggTGTGGACAGCTGTTGCGGCGATGCTCAAACAGGTGGTGACCACACCAATGAATCCTGTGTTGATGAGTGTTGTGTTAGGGATTCTTCTGTTATGGTGGAAGAGGGTACAGGCAGCTGCGAAGCAGTATagtgtggactatatttCAAGGGCATCGCGTC
PCA1:Start-465|CAD2.high:466-End|RT:64_nt_each CGCGCGTAATAGCCCgcgacaacggtttaggCCACACCAATGAATCCTGTGTTGATGGATGCTGCGTTAGAGATTCTTCAGTGATGGTCGAGGAAGGTACAGGCAGCTGCGAAGCAGTATCTTCAAAAGAACAACTGTTGACCAGTTTTGAAGTGGTTCagtgtggactatatttCAAGGGCATCGCGTC
PCA1:Start-627|CAD2.high:628-End|RT:64_nt_each CGCGCGTAATAGCCCgcgacaacggtttaggTATTAGAGAGACAACTCGCTGCAATACCAATTCCAACCAACACACAGGGAAGGGTAGGCTTTGCTTGGAATCGAGTGACTCAACACTCAAGAAGAGAAGATGTAAAGTTAGCAGACAGAAAATTGAGGagtgtggactatatttCAAGGGCATCGCGTC
PCA1:Start-660|CAD2.high:661-End|RT:64_nt_each CGCGCGTAATAGCCCgcgacaacggtttaggCAACCAACACACAGGGAAGGGTAGGCTTTGCATCGAATCAAGTGACTCTACACTCAAGAAAAGAAGATGTAAAGTTAGCAGACAGAAAATTGAGGTTTCAAGTAAACCTGAATGCTGTAACATTTCTTagtgtggactatatttCAAGGGCATCGCGTC
PCA1:Start-774|CAD2.high:775-End|RT:64_nt_each CGCGCGTAATAGCCCgcgacaacggtttaggCTGCAACATTTCATGTGTTGAGCGGATTGCATCTCGTAGCTGTGAAAAGAGGACTTTTAAAGGTACCACCAATGTAGGAATTTCTGGCAGTAGCTCCACTGACAGTTTGAGTGAGAAGTTCTTCAGCGagtgtggactatatttCAAGGGCATCGCGTC
PCA1:Start-1032|CAD2.high:1033-End|RT:64_nt_each CGCGCGTAATAGCCCgcgacaacggtttaggTGCTTCTAAAAAGACAAAATACTCCTACCGCAACAGTTCTGGATGTTTAACAAAGAAAAAGACCTATGGCGACAAAGAAAGATTGAGTAATGACAATGGCCATGCGGATTTTGTATGTTCTAAGAGCTagtgtggactatatttCAAGGGCATCGCGTC
PCA1:Start-1188|CAD2.high:1189-End|RT:64_nt_each CGCGCGTAATAGCCCgcgacaacggtttaggTACCTCAACTATTTCTGGACACTCTTCGAGTGAAATTTCAAGAATCGTATCAATGGAACCAATTGGAAATCATCTTAACCTAGAAGCGGGCTCAACAGGTACTGAGCATATTGTGCTGAGCGTTTCAGagtgtggactatatttCAAGGGCATCGCGTC
PCA1:Start-1257|CAD2.high:1258-End|RT:64_nt_each CGCGCGTAATAGCCCgcgacaacggtttaggTCATCTTAATCTTGAGGCAGGATCTACCGGTACCGAGCACATTGTTCTTAGTGTTTCAGGAATGACCTGTACTGGTTGTGAAACAAAACTTAAGAAATCGTTTGGAGCTCTGAAATGTGTACATGGTTagtgtggactatatttCAAGGGCATCGCGTC
PCA1:Start-1275|CAD2.high:1276-End|RT:64_nt_each CGCGCGTAATAGCCCgcgacaacggtttaggAGGATCTACCGGTACCGAGCACATTGTTCTTAGTGTTTCAGGAATGTCCTGTACTGGTTGTGAAACAAAACTTAAGAAATCGTTTGGAGCTCTGAAATGTGTACATGGTTTGAAGACGAGTCTAATATagtgtggactatatttCAAGGGCATCGCGTC
PCA1:Start-1446|CAD2.high:1447-End|RT:64_nt_each CGCGCGTAATAGCCCgcgacaacggtttaggCAAGGATGTTATCAAGCACTTGAGCAAAACTACTGAATTCAAGTACGAACAGATTTCAAATCATGCTTCAACGATTGATGTTGTCGCCCCATACGCAGCAAAAGATTTCATAAATGAGGAATGGCCACagtgtggactatatttCAAGGGCATCGCGTC
PCA1:Start-1467|CAD2.high:1468-End|RT:64_nt_each CGCGCGTAATAGCCCgcgacaacggtttaggGAGCAAAACTACTGAATTCAAGTACGAACAGATTTCAAATCATGGTTCAACTATAGATGTTGTTGCCCCATACGCAGCAAAAGATTTCATAAATGAGGAATGGCCACAAGGTGTTACAGAACTGAAAAagtgtggactatatttCAAGGGCATCGCGTC
PCA1:Start-1545|CAD2.high:1546-End|RT:64_nt_each CGCGCGTAATAGCCCgcgacaacggtttaggAAAAGATTTTATTAATGAGGAATGGCCACAAGGTGTCACAGAGCTGAAAATTGTTGAGAGAAATGTTATTAGAATCTACTTTGATCCAAAGGTTATAGGTGCTAGAGATCTAGTAAATGAAGGTTGGAagtgtggactatatttCAAGGGCATCGCGTC
PCA1:Start-1770|CAD2.high:1771-End|RT:64_nt_each CGCGCGTAATAGCCCgcgacaacggtttaggAATATTGACGATCCCGATTCTCGTGATGGCTTGGGCTCCACAGCTTCGTGAAAAAATTTCCACTATGTCCGTTTCAATGGTGCTAGCAACTATTATACAATTTGTTATCGCAGGACCGTTTTACCTGAagtgtggactatatttCAAGGGCATCGCGTC
PCA1:Start-1773|CAD2.high:1774-End|RT:64_nt_each CGCGCGTAATAGCCCgcgacaacggtttaggATTGACGATCCCGATTCTCGTGATGGCTTGGGCTCCACAGCTTCGTGAAAAAATTTCCACTATCTCCGTTTCAATGGTGCTAGCAACTATTATACAATTTGTTATCGCAGGACCGTTTTACCTGAATGagtgtggactatatttCAAGGGCATCGCGTC
PCA1:Start-1944|CAD2.high:1945-End|RT:64_nt_each CGCGCGTAATAGCCCgcgacaacggtttaggACTAATAGTTTTAAGCACTAGCGCTGCCTACATATTTTCGATTGTATCATTTGGATATTTCGTTGCTGGCCACCCTTTATCCACGGAGCAGTTCTTTGAGACCAGCTCATTGCTGGTGACTCTCATCAagtgtggactatatttCAAGGGCATCGCGTC
PCA1:Start-1947|CAD2.high:1948-End|RT:64_nt_each CGCGCGTAATAGCCCgcgacaacggtttaggAATAGTTTTAAGCACTAGCGCTGCCTACATATTTTCGATTGTATCATTTGGATATTTCGTTGTTGGCCACCCTTTATCCACGGAGCAGTTCTTTGAGACCAGCTCATTGCTGGTGACTCTCATCATGGagtgtggactatatttCAAGGGCATCGCGTC
PCA1:Start-2127|CAD2.high:2128-End|RT:64_nt_each CGCGCGTAATAGCCCgcgacaacggtttaggAGTACGTTCCTTACAGGCCTCTTCTGCTATTCTGGTGGATAAAACTGGTAAAGAGACGGAAATTGACATTAGACTGTTACAATATGGCGATATCTTTAAGATTTTACCTGATTCAAGAATCCCCACAGagtgtggactatatttCAAGGGCATCGCGTC
PCA1:Start-2163|CAD2.high:2164-End|RT:64_nt_each CGCGCGTAATAGCCCgcgacaacggtttaggGGATAAAACTGGTAAAGAGACGGAAATTAATATTAGACTTCTCCAATATGGCGATATTTTTAAGATTTTACCTGATTCAAGAATCCCCACAGATGGAACAGTTATATCCGGCTCTTCTGAAGTAGATGagtgtggactatatttCAAGGGCATCGCGTC
PCA1:Start-2505|CAD2.high:2506-End|RT:64_nt_each CGCGCGTAATAGCCCgcgacaacggtttaggGCCAACTATCATTGGAATCACTGTCGTCACCTTTTGCGTTTGGATAGCGGTTGGAATCCGTGTGCAGAAGCAATCACGTTCCGACGCTGTAATTCAGGCAATTATTTATGCTATTACAGTTCTCATAGagtgtggactatatttCAAGGGCATCGCGTC
PCA1:Start-2583|CAD2.high:2584-End|RT:64_nt_each CGCGCGTAATAGCCCgcgacaacggtttaggCTCCGATGCCGTAATTCAGGCCATTATATATGCCATTACGGTACTTATCGTTTCGTGTCCCTGCGCAATCGGCCTGGCAGTTCCTATCGTATTTGTGATTGCTAGTGGGGTTGCCGCTAAAAGAGGCGagtgtggactatatttCAAGGGCATCGCGTC
PCA1:Start-2907|CAD2.high:2908-End|RT:64_nt_each CGCGCGTAATAGCCCgcgacaacggtttaggCTATCTCAAAGAAAAAGGTGTTTCTGCTCAAAATGTTTCTAATACAAAAGCTGTGACTGGTAAGGGTGTAGAAGGGACATCATATTCTGGTTTGAAATTACAAGGAGGGAACTGTAGGTGGCTTGGTCagtgtggactatatttCAAGGGCATCGCGTC
PCA1:Start-3339|CAD2.high:3340-End|RT:64_nt_each CGCGCGTAATAGCCCgcgacaacggtttaggTAGTTCTTCGCAGTCAAAAAGACCGGTTGTTGTTTTTTGCGGTGACGGAACAAACGACGCAATTGCTTTGACTCAAGCTACTATTGGTGTCCATATAAATGAAGGAAGTGAGGTTGCCAAGTTAGCTGagtgtggactatatttCAAGGGCATCGCGTC
PCA1:Start-3624|CAD2.high:3625-End|RT:64_nt_each CGCGCGTAATAGCCCgcgacaacggtttaggTATTCCACCAGAGTATGCGGGTTTAGGGGAACTAGTTAGTATCCTCCCTGTAATTTTTGTAGCTACTCTTCTTCGATACGCAAAAGTTTAATCCAGGTACTGCTGCTATTTGATTGTAGATTTTCTTTagtgtggactatatttCAAGGGCATCGCGTC
PCA1:Start-3645|CAD2.high:3646-End|RT:64_nt_each CGCGCGTAATAGCCCgcgacaacggtttaggTTTAGGGGAACTAGTTAGTATCCTCCCTGTAATTTTTGTAGCTATACTTCTGCGTTATGCAAAGGTTTAATCCAGGTACTGCTGCTATTTGATTGTAGATTTTCTTTTTTCTTTTCTTTTTTTTTTTTagtgtggactatatttCAAGGGCATCGCGTC
PCA1:Start-3648|CAD2.high:3649-End|RT:64_nt_each CGCGCGTAATAGCCCgcgacaacggtttaggAGGGGAACTAGTTAGTATCCTCCCTGTAATTTTTGTAGCTATACTTCTGCGTTATGCAAAGATTTAATCCAGGTACTGCTGCTATTTGATTGTAGATTTTCTTTTTTCTTTTCTTTTTTTTTTTTGACagtgtggactatatttCAAGGGCATCGCGTC
PCA1:Start-114|CAD2.high:115-End|RT:74_nt_each CGCGCGTAATAGCCCgcgacaATGGCGAGTATGGAGTGGTAAATAGCGAGAACATATCAATAGATGCTATGCAAGATAATAGAGGCGAGTGTCATCTTAGATCTATAGAAAGGCATGCTAATGACAACCTGGGATTAGTCTCTCAGCGAGACTGTACGAATCGTCCGAAatatttCAAGGGCATCGCGTC
PCA1:Start-129|CAD2.high:130-End|RT:74_nt_each CGCGCGTAATAGCCCgcgacaTGGTAAATAGCGAGAACATATCAATAGATGCTATGCAAGATAATAGAGGCGAGTGTCATCGTAGATCCATAGAAAGGCATGCTAATGACAACCTGGGATTAGTCTCTCAGCGAGACTGTACGAATCGTCCGAAAATCACTCCTCAGGAatatttCAAGGGCATCGCGTC
PCA1:Start-426|CAD2.high:427-End|RT:74_nt_each CGCGCGTAATAGCCCgcgacaCTGGCTTGGATGTGGACAGCTGTTGCGGCGATGCTCAAACAGGTGGTGACCACACCAATGAATCCTGTGTTGATGAGTGTTGTGTTAGGGATTCTTCTGTTATGGTGGAAGAGGGTACAGGCAGCTGCGAAGCAGTATCTTCAAAAGAatatttCAAGGGCATCGCGTC
PCA1:Start-465|CAD2.high:466-End|RT:74_nt_each CGCGCGTAATAGCCCgcgacaCAGGTGGTGACCACACCAATGAATCCTGTGTTGATGGATGCTGCGTTAGAGATTCTTCAGTGATGGTCGAGGAAGGTACAGGCAGCTGCGAAGCAGTATCTTCAAAAGAACAACTGTTGACCAGTTTTGAAGTGGTTCCAAGTAAATCatatttCAAGGGCATCGCGTC
PCA1:Start-627|CAD2.high:628-End|RT:74_nt_each CGCGCGTAATAGCCCgcgacaCTATTCATGATATTAGAGAGACAACTCGCTGCAATACCAATTCCAACCAACACACAGGGAAGGGTAGGCTTTGCTTGGAATCGAGTGACTCAACACTCAAGAAGAGAAGATGTAAAGTTAGCAGACAGAAAATTGAGGTTTCAAGTAAatatttCAAGGGCATCGCGTC
PCA1:Start-660|CAD2.high:661-End|RT:74_nt_each CGCGCGTAATAGCCCgcgacaATACCAATTCCAACCAACACACAGGGAAGGGTAGGCTTTGCATCGAATCAAGTGACTCTACACTCAAGAAAAGAAGATGTAAAGTTAGCAGACAGAAAATTGAGGTTTCAAGTAAACCTGAATGCTGTAACATTTCTTGTGTTGAACGatatttCAAGGGCATCGCGTC
PCA1:Start-774|CAD2.high:775-End|RT:74_nt_each CGCGCGTAATAGCCCgcgacaAGCCTGAGTGCTGCAACATTTCATGTGTTGAGCGGATTGCATCTCGTAGCTGTGAAAAGAGGACTTTTAAAGGTACCACCAATGTAGGAATTTCTGGCAGTAGCTCCACTGACAGTTTGAGTGAGAAGTTCTTCAGCGAACAGTACTCatatttCAAGGGCATCGCGTC
PCA1:Start-1032|CAD2.high:1033-End|RT:74_nt_each CGCGCGTAATAGCCCgcgacaGCGGGGAGGGTGCTTCTAAAAAGACAAAATACTCCTACCGCAACAGTTCTGGATGTTTAACAAAGAAAAAGACCTATGGCGACAAAGAAAGATTGAGTAATGACAATGGCCATGCGGATTTTGTATGTTCTAAGAGCTGTTGTACTAAatatttCAAGGGCATCGCGTC
PCA1:Start-1188|CAD2.high:1189-End|RT:74_nt_each CGCGCGTAATAGCCCgcgacaATTGTGCTGTTACCTCAACTATTTCTGGACACTCTTCGAGTGAAATTTCAAGAATCGTATCAATGGAACCAATTGGAAATCATCTTAACCTAGAAGCGGGCTCAACAGGTACTGAGCATATTGTGCTGAGCGTTTCAGGGATGACCTGatatttCAAGGGCATCGCGTC
PCA1:Start-1257|CAD2.high:1258-End|RT:74_nt_each CGCGCGTAATAGCCCgcgacaCAATTGAAAATCATCTTAATCTTGAGGCAGGATCTACCGGTACCGAGCACATTGTTCTTAGTGTTTCAGGAATGACCTGTACTGGTTGTGAAACAAAACTTAAGAAATCGTTTGGAGCTCTGAAATGTGTACATGGTTTGAAGACGAGatatttCAAGGGCATCGCGTC
PCA1:Start-1275|CAD2.high:1276-End|RT:74_nt_each CGCGCGTAATAGCCCgcgacaATCTTGAGGCAGGATCTACCGGTACCGAGCACATTGTTCTTAGTGTTTCAGGAATGTCCTGTACTGGTTGTGAAACAAAACTTAAGAAATCGTTTGGAGCTCTGAAATGTGTACATGGTTTGAAGACGAGTCTAATATTATCACAAGCatatttCAAGGGCATCGCGTC
PCA1:Start-1446|CAD2.high:1447-End|RT:74_nt_each CGCGCGTAATAGCCCgcgacaAGGGATCTGTCAAGGATGTTATCAAGCACTTGAGCAAAACTACTGAATTCAAGTACGAACAGATTTCAAATCATGCTTCAACGATTGATGTTGTCGCCCCATACGCAGCAAAAGATTTCATAAATGAGGAATGGCCACAAGGTGTTACatatttCAAGGGCATCGCGTC
PCA1:Start-1467|CAD2.high:1468-End|RT:74_nt_each CGCGCGTAATAGCCCgcgacaTCAAGCACTTGAGCAAAACTACTGAATTCAAGTACGAACAGATTTCAAATCATGGTTCAACTATAGATGTTGTTGCCCCATACGCAGCAAAAGATTTCATAAATGAGGAATGGCCACAAGGTGTTACAGAACTGAAAATTGTTGAGAGatatttCAAGGGCATCGCGTC
PCA1:Start-1545|CAD2.high:1546-End|RT:74_nt_each CGCGCGTAATAGCCCgcgacaCTTATGCAGCAAAAGATTTTATTAATGAGGAATGGCCACAAGGTGTCACAGAGCTGAAAATTGTTGAGAGAAATGTTATTAGAATCTACTTTGATCCAAAGGTTATAGGTGCTAGAGATCTAGTAAATGAAGGTTGGAGTGTGCCAGTatatttCAAGGGCATCGCGTC
PCA1:Start-1770|CAD2.high:1771-End|RT:74_nt_each CGCGCGTAATAGCCCgcgacaCTTTATCCATAATATTGACGATCCCGATTCTCGTGATGGCTTGGGCTCCACAGCTTCGTGAAAAAATTTCCACTATGTCCGTTTCAATGGTGCTAGCAACTATTATACAATTTGTTATCGCAGGACCGTTTTACCTGAATGCCTTGAAatatttCAAGGGCATCGCGTC
PCA1:Start-1773|CAD2.high:1774-End|RT:74_nt_each CGCGCGTAATAGCCCgcgacaTATCCATAATATTGACGATCCCGATTCTCGTGATGGCTTGGGCTCCACAGCTTCGTGAAAAAATTTCCACTATCTCCGTTTCAATGGTGCTAGCAACTATTATACAATTTGTTATCGCAGGACCGTTTTACCTGAATGCCTTGAAGTCatatttCAAGGGCATCGCGTC
PCA1:Start-1944|CAD2.high:1945-End|RT:74_nt_each CGCGCGTAATAGCCCgcgacaAAATGGATCTACTAATAGTTTTAAGCACTAGCGCTGCCTACATATTTTCGATTGTATCATTTGGATATTTCGTTGCTGGCCACCCTTTATCCACGGAGCAGTTCTTTGAGACCAGCTCATTGCTGGTGACTCTCATCATGGTGGGTAGatatttCAAGGGCATCGCGTC
PCA1:Start-1947|CAD2.high:1948-End|RT:74_nt_each CGCGCGTAATAGCCCgcgacaTGGATCTACTAATAGTTTTAAGCACTAGCGCTGCCTACATATTTTCGATTGTATCATTTGGATATTTCGTTGTTGGCCACCCTTTATCCACGGAGCAGTTCTTTGAGACCAGCTCATTGCTGGTGACTCTCATCATGGTGGGTAGATTatatttCAAGGGCATCGCGTC
PCA1:Start-2127|CAD2.high:2128-End|RT:74_nt_each CGCGCGTAATAGCCCgcgacaAGTCAATATCAGTACGTTCCTTACAGGCCTCTTCTGCTATTCTGGTGGATAAAACTGGTAAAGAGACGGAAATTGACATTAGACTGTTACAATATGGCGATATCTTTAAGATTTTACCTGATTCAAGAATCCCCACAGATGGAACAGTatatttCAAGGGCATCGCGTC
PCA1:Start-2163|CAD2.high:2164-End|RT:74_nt_each CGCGCGTAATAGCCCgcgacaCTATTCTGGTGGATAAAACTGGTAAAGAGACGGAAATTAATATTAGACTTCTCCAATATGGCGATATTTTTAAGATTTTACCTGATTCAAGAATCCCCACAGATGGAACAGTTATATCCGGCTCTTCTGAAGTAGATGAAGCTTTAATatatttCAAGGGCATCGCGTC
PCA1:Start-2505|CAD2.high:2506-End|RT:74_nt_each CGCGCGTAATAGCCCgcgacaGTTATTTCGTGCCAACTATCATTGGAATCACTGTCGTCACCTTTTGCGTTTGGATAGCGGTTGGAATCCGTGTGCAGAAGCAATCACGTTCCGACGCTGTAATTCAGGCAATTATTTATGCTATTACAGTTCTCATAGTTTCCTGTCCatatttCAAGGGCATCGCGTC
PCA1:Start-2583|CAD2.high:2584-End|RT:74_nt_each CGCGCGTAATAGCCCgcgacaAGCAATCCCGCTCCGATGCCGTAATTCAGGCCATTATATATGCCATTACGGTACTTATCGTTTCGTGTCCCTGCGCAATCGGCCTGGCAGTTCCTATCGTATTTGTGATTGCTAGTGGGGTTGCCGCTAAAAGAGGCGTAATTTTCAAatatttCAAGGGCATCGCGTC
PCA1:Start-2907|CAD2.high:2908-End|RT:74_nt_each CGCGCGTAATAGCCCgcgacaCAATAGCATCCTATCTCAAAGAAAAAGGTGTTTCTGCTCAAAATGTTTCTAATACAAAAGCTGTGACTGGTAAGGGTGTAGAAGGGACATCATATTCTGGTTTGAAATTACAAGGAGGGAACTGTAGGTGGCTTGGTCATAATAACGAatatttCAAGGGCATCGCGTC
PCA1:Start-3339|CAD2.high:3340-End|RT:74_nt_each CGCGCGTAATAGCCCgcgacaGAAATTGCGATAGTTCTTCGCAGTCAAAAAGACCGGTTGTTGTTTTTTGCGGTGACGGAACAAACGACGCAATTGCTTTGACTCAAGCTACTATTGGTGTCCATATAAATGAAGGAAGTGAGGTTGCCAAGTTAGCTGCTGATGTTGTatatttCAAGGGCATCGCGTC
PCA1:Start-3624|CAD2.high:3625-End|RT:74_nt_each CGCGCGTAATAGCCCgcgacaTTGACTTTCATATTCCACCAGAGTATGCGGGTTTAGGGGAACTAGTTAGTATCCTCCCTGTAATTTTTGTAGCTACTCTTCTTCGATACGCAAAAGTTTAATCCAGGTACTGCTGCTATTTGATTGTAGATTTTCTTTTTTCTTTTCTatatttCAAGGGCATCGCGTC
PCA1:Start-3645|CAD2.high:3646-End|RT:74_nt_each CGCGCGTAATAGCCCgcgacaAGTATGCGGGTTTAGGGGAACTAGTTAGTATCCTCCCTGTAATTTTTGTAGCTATACTTCTGCGTTATGCAAAGGTTTAATCCAGGTACTGCTGCTATTTGATTGTAGATTTTCTTTTTTCTTTTCTTTTTTTTTTTTGACGACTCTGatatttCAAGGGCATCGCGTC
PCA1:Start-3648|CAD2.high:3649-End|RT:74_nt_each CGCGCGTAATAGCCCgcgacaATGCGGGTTTAGGGGAACTAGTTAGTATCCTCCCTGTAATTTTTGTAGCTATACTTCTGCGTTATGCAAAGATTTAATCCAGGTACTGCTGCTATTTGATTGTAGATTTTCTTTTTTCTTTTCTTTTTTTTTTTTGACGACTCTGTAAatatttCAAGGGCATCGCGTC
PCA1:Start-114|CAD2.high:115-End|RT:80_nt_each CGCGCGTAATAGCCCCCAGCGATGGCGAGTATGGAGTGGTAAATAGCGAGAACATATCAATAGATGCTATGCAAGATAATAGAGGCGAGTGTCATCTTAGATCTATAGAAAGGCATGCTAATGACAACCTGGGATTAGTCTCTCAGCGAGACTGTACGAATCGTCCGAAAATCACCAAGGGCATCGCGTC
PCA1:Start-129|CAD2.high:130-End|RT:80_nt_each CGCGCGTAATAGCCCATGGAGTGGTAAATAGCGAGAACATATCAATAGATGCTATGCAAGATAATAGAGGCGAGTGTCATCGTAGATCCATAGAAAGGCATGCTAATGACAACCTGGGATTAGTCTCTCAGCGAGACTGTACGAATCGTCCGAAAATCACTCCTCAGGAATGCTTCAAGGGCATCGCGTC
PCA1:Start-426|CAD2.high:427-End|RT:80_nt_each CGCGCGTAATAGCCCCTGAGACTGGCTTGGATGTGGACAGCTGTTGCGGCGATGCTCAAACAGGTGGTGACCACACCAATGAATCCTGTGTTGATGAGTGTTGTGTTAGGGATTCTTCTGTTATGGTGGAAGAGGGTACAGGCAGCTGCGAAGCAGTATCTTCAAAAGAACAACTCAAGGGCATCGCGTC
PCA1:Start-465|CAD2.high:466-End|RT:80_nt_each CGCGCGTAATAGCCCCTCAAACAGGTGGTGACCACACCAATGAATCCTGTGTTGATGGATGCTGCGTTAGAGATTCTTCAGTGATGGTCGAGGAAGGTACAGGCAGCTGCGAAGCAGTATCTTCAAAAGAACAACTGTTGACCAGTTTTGAAGTGGTTCCAAGTAAATCTGAAGGCAAGGGCATCGCGTC
PCA1:Start-627|CAD2.high:628-End|RT:80_nt_each CGCGCGTAATAGCCCTGCAATCTATTCATGATATTAGAGAGACAACTCGCTGCAATACCAATTCCAACCAACACACAGGGAAGGGTAGGCTTTGCTTGGAATCGAGTGACTCAACACTCAAGAAGAGAAGATGTAAAGTTAGCAGACAGAAAATTGAGGTTTCAAGTAAACCTGACAAGGGCATCGCGTC
PCA1:Start-660|CAD2.high:661-End|RT:80_nt_each CGCGCGTAATAGCCCGCTGCAATACCAATTCCAACCAACACACAGGGAAGGGTAGGCTTTGCATCGAATCAAGTGACTCTACACTCAAGAAAAGAAGATGTAAAGTTAGCAGACAGAAAATTGAGGTTTCAAGTAAACCTGAATGCTGTAACATTTCTTGTGTTGAACGTATTGCCAAGGGCATCGCGTC
PCA1:Start-774|CAD2.high:775-End|RT:80_nt_each CGCGCGTAATAGCCCCCAGTAAGCCTGAGTGCTGCAACATTTCATGTGTTGAGCGGATTGCATCTCGTAGCTGTGAAAAGAGGACTTTTAAAGGTACCACCAATGTAGGAATTTCTGGCAGTAGCTCCACTGACAGTTTGAGTGAGAAGTTCTTCAGCGAACAGTACTCTCGTATCAAGGGCATCGCGTC
PCA1:Start-1032|CAD2.high:1033-End|RT:80_nt_each CGCGCGTAATAGCCCTTTGTAGCGGGGAGGGTGCTTCTAAAAAGACAAAATACTCCTACCGCAACAGTTCTGGATGTTTAACAAAGAAAAAGACCTATGGCGACAAAGAAAGATTGAGTAATGACAATGGCCATGCGGATTTTGTATGTTCTAAGAGCTGTTGTACTAAAATGAACAAGGGCATCGCGTC
PCA1:Start-1188|CAD2.high:1189-End|RT:80_nt_each CGCGCGTAATAGCCCTGAAGGATTGTGCTGTTACCTCAACTATTTCTGGACACTCTTCGAGTGAAATTTCAAGAATCGTATCAATGGAACCAATTGGAAATCATCTTAACCTAGAAGCGGGCTCAACAGGTACTGAGCATATTGTGCTGAGCGTTTCAGGGATGACCTGTACTGGCAAGGGCATCGCGTC
PCA1:Start-1257|CAD2.high:1258-End|RT:80_nt_each CGCGCGTAATAGCCCTGGAACCAATTGAAAATCATCTTAATCTTGAGGCAGGATCTACCGGTACCGAGCACATTGTTCTTAGTGTTTCAGGAATGACCTGTACTGGTTGTGAAACAAAACTTAAGAAATCGTTTGGAGCTCTGAAATGTGTACATGGTTTGAAGACGAGTCTAATCAAGGGCATCGCGTC
PCA1:Start-1275|CAD2.high:1276-End|RT:80_nt_each CGCGCGTAATAGCCCATCTTAATCTTGAGGCAGGATCTACCGGTACCGAGCACATTGTTCTTAGTGTTTCAGGAATGTCCTGTACTGGTTGTGAAACAAAACTTAAGAAATCGTTTGGAGCTCTGAAATGTGTACATGGTTTGAAGACGAGTCTAATATTATCACAAGCTGAATTCAAGGGCATCGCGTC
PCA1:Start-1446|CAD2.high:1447-End|RT:80_nt_each CGCGCGTAATAGCCCTTGCTCAGGGATCTGTCAAGGATGTTATCAAGCACTTGAGCAAAACTACTGAATTCAAGTACGAACAGATTTCAAATCATGCTTCAACGATTGATGTTGTCGCCCCATACGCAGCAAAAGATTTCATAAATGAGGAATGGCCACAAGGTGTTACAGAACTCAAGGGCATCGCGTC
PCA1:Start-1467|CAD2.high:1468-End|RT:80_nt_each CGCGCGTAATAGCCCATGTTATCAAGCACTTGAGCAAAACTACTGAATTCAAGTACGAACAGATTTCAAATCATGGTTCAACTATAGATGTTGTTGCCCCATACGCAGCAAAAGATTTCATAAATGAGGAATGGCCACAAGGTGTTACAGAACTGAAAATTGTTGAGAGAAACGTCAAGGGCATCGCGTC
PCA1:Start-1545|CAD2.high:1546-End|RT:80_nt_each CGCGCGTAATAGCCCTTGTTCCTTATGCAGCAAAAGATTTTATTAATGAGGAATGGCCACAAGGTGTCACAGAGCTGAAAATTGTTGAGAGAAATGTTATTAGAATCTACTTTGATCCAAAGGTTATAGGTGCTAGAGATCTAGTAAATGAAGGTTGGAGTGTGCCAGTAAGTATCAAGGGCATCGCGTC
PCA1:Start-1770|CAD2.high:1771-End|RT:80_nt_each CGCGCGTAATAGCCCCGACCGCTTTATCCATAATATTGACGATCCCGATTCTCGTGATGGCTTGGGCTCCACAGCTTCGTGAAAAAATTTCCACTATGTCCGTTTCAATGGTGCTAGCAACTATTATACAATTTGTTATCGCAGGACCGTTTTACCTGAATGCCTTGAAGTCTTTCAAGGGCATCGCGTC
PCA1:Start-1773|CAD2.high:1774-End|RT:80_nt_each CGCGCGTAATAGCCCCCGCTTTATCCATAATATTGACGATCCCGATTCTCGTGATGGCTTGGGCTCCACAGCTTCGTGAAAAAATTTCCACTATCTCCGTTTCAATGGTGCTAGCAACTATTATACAATTTGTTATCGCAGGACCGTTTTACCTGAATGCCTTGAAGTCTTTGATCAAGGGCATCGCGTC
PCA1:Start-1944|CAD2.high:1945-End|RT:80_nt_each CGCGCGTAATAGCCCTCATTGAAATGGATCTACTAATAGTTTTAAGCACTAGCGCTGCCTACATATTTTCGATTGTATCATTTGGATATTTCGTTGCTGGCCACCCTTTATCCACGGAGCAGTTCTTTGAGACCAGCTCATTGCTGGTGACTCTCATCATGGTGGGTAGATTTGTCAAGGGCATCGCGTC
PCA1:Start-1947|CAD2.high:1948-End|RT:80_nt_each CGCGCGTAATAGCCCTTGAAATGGATCTACTAATAGTTTTAAGCACTAGCGCTGCCTACATATTTTCGATTGTATCATTTGGATATTTCGTTGTTGGCCACCCTTTATCCACGGAGCAGTTCTTTGAGACCAGCTCATTGCTGGTGACTCTCATCATGGTGGGTAGATTTGTCTCCAAGGGCATCGCGTC
PCA1:Start-2127|CAD2.high:2128-End|RT:80_nt_each CGCGCGTAATAGCCCCTGTAAAGTCAATATCAGTACGTTCCTTACAGGCCTCTTCTGCTATTCTGGTGGATAAAACTGGTAAAGAGACGGAAATTGACATTAGACTGTTACAATATGGCGATATCTTTAAGATTTTACCTGATTCAAGAATCCCCACAGATGGAACAGTTATATCCAAGGGCATCGCGTC
PCA1:Start-2163|CAD2.high:2164-End|RT:80_nt_each CGCGCGTAATAGCCCCTTCTGCTATTCTGGTGGATAAAACTGGTAAAGAGACGGAAATTAATATTAGACTTCTCCAATATGGCGATATTTTTAAGATTTTACCTGATTCAAGAATCCCCACAGATGGAACAGTTATATCCGGCTCTTCTGAAGTAGATGAAGCTTTAATTACAGGCAAGGGCATCGCGTC
PCA1:Start-2505|CAD2.high:2506-End|RT:80_nt_each CGCGCGTAATAGCCCTTGCAAGTTATTTCGTGCCAACTATCATTGGAATCACTGTCGTCACCTTTTGCGTTTGGATAGCGGTTGGAATCCGTGTGCAGAAGCAATCACGTTCCGACGCTGTAATTCAGGCAATTATTTATGCTATTACAGTTCTCATAGTTTCCTGTCCCTGCGCCAAGGGCATCGCGTC
PCA1:Start-2583|CAD2.high:2584-End|RT:80_nt_each CGCGCGTAATAGCCCTGGAAAAGCAATCCCGCTCCGATGCCGTAATTCAGGCCATTATATATGCCATTACGGTACTTATCGTTTCGTGTCCCTGCGCAATCGGCCTGGCAGTTCCTATCGTATTTGTGATTGCTAGTGGGGTTGCCGCTAAAAGAGGCGTAATTTTCAAATCTGCCAAGGGCATCGCGTC
PCA1:Start-2907|CAD2.high:2908-End|RT:80_nt_each CGCGCGTAATAGCCCCCATGGCAATAGCATCCTATCTCAAAGAAAAAGGTGTTTCTGCTCAAAATGTTTCTAATACAAAAGCTGTGACTGGTAAGGGTGTAGAAGGGACATCATATTCTGGTTTGAAATTACAAGGAGGGAACTGTAGGTGGCTTGGTCATAATAACGATCCTGACAAGGGCATCGCGTC
PCA1:Start-3339|CAD2.high:3340-End|RT:80_nt_each CGCGCGTAATAGCCCAAGGAAGAAATTGCGATAGTTCTTCGCAGTCAAAAAGACCGGTTGTTGTTTTTTGCGGTGACGGAACAAACGACGCAATTGCTTTGACTCAAGCTACTATTGGTGTCCATATAAATGAAGGAAGTGAGGTTGCCAAGTTAGCTGCTGATGTTGTTATGTTCAAGGGCATCGCGTC
PCA1:Start-3624|CAD2.high:3625-End|RT:80_nt_each CGCGCGTAATAGCCCCCTTTGTTGACTTTCATATTCCACCAGAGTATGCGGGTTTAGGGGAACTAGTTAGTATCCTCCCTGTAATTTTTGTAGCTACTCTTCTTCGATACGCAAAAGTTTAATCCAGGTACTGCTGCTATTTGATTGTAGATTTTCTTTTTTCTTTTCTTTTTTTCAAGGGCATCGCGTC
PCA1:Start-3645|CAD2.high:3646-End|RT:80_nt_each CGCGCGTAATAGCCCCACCAGAGTATGCGGGTTTAGGGGAACTAGTTAGTATCCTCCCTGTAATTTTTGTAGCTATACTTCTGCGTTATGCAAAGGTTTAATCCAGGTACTGCTGCTATTTGATTGTAGATTTTCTTTTTTCTTTTCTTTTTTTTTTTTGACGACTCTGTAATACCAAGGGCATCGCGTC
PCA1:Start-3648|CAD2.high:3649-End|RT:80_nt_each CGCGCGTAATAGCCCCAGAGTATGCGGGTTTAGGGGAACTAGTTAGTATCCTCCCTGTAATTTTTGTAGCTATACTTCTGCGTTATGCAAAGATTTAATCCAGGTACTGCTGCTATTTGATTGTAGATTTTCTTTTTTCTTTTCTTTTTTTTTTTTGACGACTCTGTAATACTCTCAAGGGCATCGCGTC
