>PCA1:Start-114|CAD2.min:115-End|RT:20_nt_each ATCCCAGCAGCCCAAgcgacaacggtttaggtgggtacgggtccccattccttatatagaaatggcatgttagatATAATAGAGGCGAGTGTCATTTACGTAGTATCGAGCGACAtagctaagcgcagggacttcccgaatctcggtattatcccggtaagtgtggactatatttGGGATGGACGCGAAC
PCA1:Start-129|CAD2.min:130-End|RT:20_nt_each ATCCCAGCAGCCCAAgcgacaacggtttaggtgggtacgggtccccattccttatatagaaatggcatgttagatGTCATCGTAGATCCATAGAACGACACGCCAACGATAACTTtagctaagcgcagggacttcccgaatctcggtattatcccggtaagtgtggactatatttGGGATGGACGCGAAC
PCA1:Start-426|CAD2.min:427-End|RT:20_nt_each ATCCCAGCAGCCCAAgcgacaacggtttaggtgggtacgggtccccattccttatatagaaatggcatgttagatCCAATGAATCCTGTGTTGATGAGTGTTGTGTACGTGACAGtagctaagcgcagggacttcccgaatctcggtattatcccggtaagtgtggactatatttGGGATGGACGCGAAC
PCA1:Start-465|CAD2.min:466-End|RT:20_nt_each ATCCCAGCAGCCCAAgcgacaacggtttaggtgggtacgggtccccattccttatatagaaatggcatgttagatCTTCAGTGATGGTCGAGGAAGGAACCGGTTCTTGTGAGGCtagctaagcgcagggacttcccgaatctcggtattatcccggtaagtgtggactatatttGGGATGGACGCGAAC
PCA1:Start-627|CAD2.min:628-End|RT:20_nt_each ATCCCAGCAGCCCAAgcgacaacggtttaggtgggtacgggtccccattccttatatagaaatggcatgttagatCAGGGAAGGGTAGGCTTTGCCTAGAGAGTTCCGATAGCACtagctaagcgcagggacttcccgaatctcggtattatcccggtaagtgtggactatatttGGGATGGACGCGAAC
PCA1:Start-660|CAD2.min:661-End|RT:20_nt_each ATCCCAGCAGCCCAAgcgacaacggtttaggtgggtacgggtccccattccttatatagaaatggcatgttagatACTCTACACTCAAGAAAAGACGATGCAAGGTATCGCGTCAtagctaagcgcagggacttcccgaatctcggtattatcccggtaagtgtggactatatttGGGATGGACGCGAAC
PCA1:Start-774|CAD2.min:775-End|RT:20_nt_each ATCCCAGCAGCCCAAgcgacaacggtttaggtgggtacgggtccccattccttatatagaaatggcatgttagatAAAAGAGGACTTTTAAAGGTACTACGAACGTCGGTATCAGtagctaagcgcagggacttcccgaatctcggtattatcccggtaagtgtggactatatttGGGATGGACGCGAAC
PCA1:Start-1032|CAD2.min:1033-End|RT:20_nt_each ATCCCAGCAGCCCAAgcgacaacggtttaggtgggtacgggtccccattccttatatagaaatggcatgttagatGTTTAACAAAGAAAAAGACCTACGGTGATAAGGAGCGACTtagctaagcgcagggacttcccgaatctcggtattatcccggtaagtgtggactatatttGGGATGGACGCGAAC
PCA1:Start-1188|CAD2.min:1189-End|RT:20_nt_each ATCCCAGCAGCCCAAgcgacaacggtttaggtgggtacgggtccccattccttatatagaaatggcatgttagatTCGTATCAATGGAACCAATTGGCAACCACTTGAACTTGGAtagctaagcgcagggacttcccgaatctcggtattatcccggtaagtgtggactatatttGGGATGGACGCGAAC
PCA1:Start-1257|CAD2.min:1258-End|RT:20_nt_each ATCCCAGCAGCCCAAgcgacaacggtttaggtgggtacgggtccccattccttatatagaaatggcatgttagatTTCTTAGTGTTTCAGGAATGACATGCACCGGCTGCGAGACtagctaagcgcagggacttcccgaatctcggtattatcccggtaagtgtggactatatttGGGATGGACGCGAAC
PCA1:Start-1275|CAD2.min:1276-End|RT:20_nt_each ATCCCAGCAGCCCAAgcgacaacggtttaggtgggtacgggtccccattccttatatagaaatggcatgttagatTGTCCTGTACTGGTTGTGAAACTAAGTTAAAGAAGAGCTTtagctaagcgcagggacttcccgaatctcggtattatcccggtaagtgtggactatatttGGGATGGACGCGAAC
PCA1:Start-1446|CAD2.min:1447-End|RT:20_nt_each ATCCCAGCAGCCCAAgcgacaacggtttaggtgggtacgggtccccattccttatatagaaatggcatgttagatACGAACAGATTTCAAATCATGCGAGCACCATTGACGTCGTtagctaagcgcagggacttcccgaatctcggtattatcccggtaagtgtggactatatttGGGATGGACGCGAAC
PCA1:Start-1467|CAD2.min:1468-End|RT:20_nt_each ATCCCAGCAGCCCAAgcgacaacggtttaggtgggtacgggtccccattccttatatagaaatggcatgttagatGTTCAACTATAGATGTTGTTGCACCATACGCTGCTAAGGAtagctaagcgcagggacttcccgaatctcggtattatcccggtaagtgtggactatatttGGGATGGACGCGAAC
PCA1:Start-1545|CAD2.min:1546-End|RT:20_nt_each ATCCCAGCAGCCCAAgcgacaacggtttaggtgggtacgggtccccattccttatatagaaatggcatgttagatTGAAAATTGTTGAGAGAAATGTTATCAGAATATATTTCGAtagctaagcgcagggacttcccgaatctcggtattatcccggtaagtgtggactatatttGGGATGGACGCGAAC
PCA1:Start-1770|CAD2.min:1771-End|RT:20_nt_each ATCCCAGCAGCCCAAgcgacaacggtttaggtgggtacgggtccccattccttatatagaaatggcatgttagatTTCGTGAAAAAATTTCCACTATGAGTGTAAGCATGGTCTTtagctaagcgcagggacttcccgaatctcggtattatcccggtaagtgtggactatatttGGGATGGACGCGAAC
PCA1:Start-1773|CAD2.min:1774-End|RT:20_nt_each ATCCCAGCAGCCCAAgcgacaacggtttaggtgggtacgggtccccattccttatatagaaatggcatgttagatGTGAAAAAATTTCCACTATCAGTGTAAGCATGGTCTTGGCtagctaagcgcagggacttcccgaatctcggtattatcccggtaagtgtggactatatttGGGATGGACGCGAAC
PCA1:Start-1944|CAD2.min:1945-End|RT:20_nt_each ATCCCAGCAGCCCAAgcgacaacggtttaggtgggtacgggtccccattccttatatagaaatggcatgttagatTATCATTTGGATATTTCGTTGCCGGGCATCCCCTTAGCACtagctaagcgcagggacttcccgaatctcggtattatcccggtaagtgtggactatatttGGGATGGACGCGAAC
PCA1:Start-1947|CAD2.min:1948-End|RT:20_nt_each ATCCCAGCAGCCCAAgcgacaacggtttaggtgggtacgggtccccattccttatatagaaatggcatgttagatCATTTGGATATTTCGTTGTTGGGCATCCCCTTAGCACAGAtagctaagcgcagggacttcccgaatctcggtattatcccggtaagtgtggactatatttGGGATGGACGCGAAC
PCA1:Start-2127|CAD2.min:2128-End|RT:20_nt_each ATCCCAGCAGCCCAAgcgacaacggtttaggtgggtacgggtccccattccttatatagaaatggcatgttagatCTGGTAAAGAGACGGAAATTGACATCCGTTTGTTACAGTAtagctaagcgcagggacttcccgaatctcggtattatcccggtaagtgtggactatatttGGGATGGACGCGAAC
PCA1:Start-2163|CAD2.min:2164-End|RT:20_nt_each ATCCCAGCAGCCCAAgcgacaacggtttaggtgggtacgggtccccattccttatatagaaatggcatgttagatAATATGGCGATATTTTTAAGATCCTCCCCGACAGCCGTATtagctaagcgcagggacttcccgaatctcggtattatcccggtaagtgtggactatatttGGGATGGACGCGAAC
PCA1:Start-2505|CAD2.min:2506-End|RT:20_nt_each ATCCCAGCAGCCCAAgcgacaacggtttaggtgggtacgggtccccattccttatatagaaatggcatgttagatTAGCGGTTGGAATCCGTGTGCAGAAACAGAGTAGAAGTGAtagctaagcgcagggacttcccgaatctcggtattatcccggtaagtgtggactatatttGGGATGGACGCGAAC
PCA1:Start-2583|CAD2.min:2584-End|RT:20_nt_each ATCCCAGCAGCCCAAgcgacaacggtttaggtgggtacgggtccccattccttatatagaaatggcatgttagatTTATCGTTTCGTGTCCCTGCGCTATCGGTTTGGCTGTACCtagctaagcgcagggacttcccgaatctcggtattatcccggtaagtgtggactatatttGGGATGGACGCGAAC
PCA1:Start-2907|CAD2.min:2908-End|RT:20_nt_each ATCCCAGCAGCCCAAgcgacaacggtttaggtgggtacgggtccccattccttatatagaaatggcatgttagatCAAAAGCTGTGACTGGTAAGGGAGTGGAGGGTACGAGTTAtagctaagcgcagggacttcccgaatctcggtattatcccggtaagtgtggactatatttGGGATGGACGCGAAC
PCA1:Start-3339|CAD2.min:3340-End|RT:20_nt_each ATCCCAGCAGCCCAAgcgacaacggtttaggtgggtacgggtccccattccttatatagaaatggcatgttagatACGGAACAAACGACGCAATTGCCCTTACCCAGGCCACTATtagctaagcgcagggacttcccgaatctcggtattatcccggtaagtgtggactatatttGGGATGGACGCGAAC
PCA1:Start-3624|CAD2.min:3625-End|RT:20_nt_each ATCCCAGCAGCCCAAgcgacaacggtttaggtgggtacgggtccccattccttatatagaaatggcatgttagatTCCCTGTAATTTTTGTAGCTACTTTATTAAGGTACGCTAAtagctaagcgcagggacttcccgaatctcggtattatcccggtaagtgtggactatatttGGGATGGACGCGAAC
PCA1:Start-3645|CAD2.min:3646-End|RT:20_nt_each ATCCCAGCAGCCCAAgcgacaacggtttaggtgggtacgggtccccattccttatatagaaatggcatgttagatTACTTCTGCGTTATGCAAAGGTGTGATCCAGGTACTGCTGtagctaagcgcagggacttcccgaatctcggtattatcccggtaagtgtggactatatttGGGATGGACGCGAAC
PCA1:Start-3648|CAD2.min:3649-End|RT:20_nt_each ATCCCAGCAGCCCAAgcgacaacggtttaggtgggtacgggtccccattccttatatagaaatggcatgttagatTTCTGCGTTATGCAAAGATTTGATCCAGGTACTGCTGCTAtagctaagcgcagggacttcccgaatctcggtattatcccggtaagtgtggactatatttGGGATGGACGCGAAC
PCA1:Start-114|CAD2.min:115-End|RT:22_nt_each ATCCCAGCAGCCCAAgcgacaacggtttaggtgggtacgggtccccattccttatatagaaatggcatgttagAGATAATAGAGGCGAGTGTCATTTACGTAGTATCGAGCGACACGgctaagcgcagggacttcccgaatctcggtattatcccggtaagtgtggactatatttGGGATGGACGCGAAC
PCA1:Start-129|CAD2.min:130-End|RT:22_nt_each ATCCCAGCAGCCCAAgcgacaacggtttaggtgggtacgggtccccattccttatatagaaatggcatgttagGTGTCATCGTAGATCCATAGAACGACACGCCAACGATAACTTAGgctaagcgcagggacttcccgaatctcggtattatcccggtaagtgtggactatatttGGGATGGACGCGAAC
PCA1:Start-426|CAD2.min:427-End|RT:22_nt_each ATCCCAGCAGCCCAAgcgacaacggtttaggtgggtacgggtccccattccttatatagaaatggcatgttagCACCAATGAATCCTGTGTTGATGAGTGTTGTGTACGTGACAGCAgctaagcgcagggacttcccgaatctcggtattatcccggtaagtgtggactatatttGGGATGGACGCGAAC
PCA1:Start-465|CAD2.min:466-End|RT:22_nt_each ATCCCAGCAGCCCAAgcgacaacggtttaggtgggtacgggtccccattccttatatagaaatggcatgttagTTCTTCAGTGATGGTCGAGGAAGGAACCGGTTCTTGTGAGGCGGgctaagcgcagggacttcccgaatctcggtattatcccggtaagtgtggactatatttGGGATGGACGCGAAC
PCA1:Start-627|CAD2.min:628-End|RT:22_nt_each ATCCCAGCAGCCCAAgcgacaacggtttaggtgggtacgggtccccattccttatatagaaatggcatgttagCACAGGGAAGGGTAGGCTTTGCCTAGAGAGTTCCGATAGCACTTgctaagcgcagggacttcccgaatctcggtattatcccggtaagtgtggactatatttGGGATGGACGCGAAC
PCA1:Start-660|CAD2.min:661-End|RT:22_nt_each ATCCCAGCAGCCCAAgcgacaacggtttaggtgggtacgggtccccattccttatatagaaatggcatgttagTGACTCTACACTCAAGAAAAGACGATGCAAGGTATCGCGTCAAAgctaagcgcagggacttcccgaatctcggtattatcccggtaagtgtggactatatttGGGATGGACGCGAAC
PCA1:Start-774|CAD2.min:775-End|RT:22_nt_each ATCCCAGCAGCCCAAgcgacaacggtttaggtgggtacgggtccccattccttatatagaaatggcatgttagTGAAAAGAGGACTTTTAAAGGTACTACGAACGTCGGTATCAGCGgctaagcgcagggacttcccgaatctcggtattatcccggtaagtgtggactatatttGGGATGGACGCGAAC
PCA1:Start-1032|CAD2.min:1033-End|RT:22_nt_each ATCCCAGCAGCCCAAgcgacaacggtttaggtgggtacgggtccccattccttatatagaaatggcatgttagATGTTTAACAAAGAAAAAGACCTACGGTGATAAGGAGCGACTTTgctaagcgcagggacttcccgaatctcggtattatcccggtaagtgtggactatatttGGGATGGACGCGAAC
PCA1:Start-1188|CAD2.min:1189-End|RT:22_nt_each ATCCCAGCAGCCCAAgcgacaacggtttaggtgggtacgggtccccattccttatatagaaatggcatgttagAATCGTATCAATGGAACCAATTGGCAACCACTTGAACTTGGAAGgctaagcgcagggacttcccgaatctcggtattatcccggtaagtgtggactatatttGGGATGGACGCGAAC
PCA1:Start-1257|CAD2.min:1258-End|RT:22_nt_each ATCCCAGCAGCCCAAgcgacaacggtttaggtgggtacgggtccccattccttatatagaaatggcatgttagTGTTCTTAGTGTTTCAGGAATGACATGCACCGGCTGCGAGACTAgctaagcgcagggacttcccgaatctcggtattatcccggtaagtgtggactatatttGGGATGGACGCGAAC
PCA1:Start-1275|CAD2.min:1276-End|RT:22_nt_each ATCCCAGCAGCCCAAgcgacaacggtttaggtgggtacgggtccccattccttatatagaaatggcatgttagAATGTCCTGTACTGGTTGTGAAACTAAGTTAAAGAAGAGCTTCGgctaagcgcagggacttcccgaatctcggtattatcccggtaagtgtggactatatttGGGATGGACGCGAAC
PCA1:Start-1446|CAD2.min:1447-End|RT:22_nt_each ATCCCAGCAGCCCAAgcgacaacggtttaggtgggtacgggtccccattccttatatagaaatggcatgttagGTACGAACAGATTTCAAATCATGCGAGCACCATTGACGTCGTGGgctaagcgcagggacttcccgaatctcggtattatcccggtaagtgtggactatatttGGGATGGACGCGAAC
PCA1:Start-1467|CAD2.min:1468-End|RT:22_nt_each ATCCCAGCAGCCCAAgcgacaacggtttaggtgggtacgggtccccattccttatatagaaatggcatgttagTGGTTCAACTATAGATGTTGTTGCACCATACGCTGCTAAGGACTgctaagcgcagggacttcccgaatctcggtattatcccggtaagtgtggactatatttGGGATGGACGCGAAC
PCA1:Start-1545|CAD2.min:1546-End|RT:22_nt_each ATCCCAGCAGCCCAAgcgacaacggtttaggtgggtacgggtccccattccttatatagaaatggcatgttagGCTGAAAATTGTTGAGAGAAATGTTATCAGAATATATTTCGATCgctaagcgcagggacttcccgaatctcggtattatcccggtaagtgtggactatatttGGGATGGACGCGAAC
PCA1:Start-1770|CAD2.min:1771-End|RT:22_nt_each ATCCCAGCAGCCCAAgcgacaacggtttaggtgggtacgggtccccattccttatatagaaatggcatgttagGCTTCGTGAAAAAATTTCCACTATGAGTGTAAGCATGGTCTTGGgctaagcgcagggacttcccgaatctcggtattatcccggtaagtgtggactatatttGGGATGGACGCGAAC
PCA1:Start-1773|CAD2.min:1774-End|RT:22_nt_each ATCCCAGCAGCCCAAgcgacaacggtttaggtgggtacgggtccccattccttatatagaaatggcatgttagTCGTGAAAAAATTTCCACTATCAGTGTAAGCATGGTCTTGGCTAgctaagcgcagggacttcccgaatctcggtattatcccggtaagtgtggactatatttGGGATGGACGCGAAC
PCA1:Start-1944|CAD2.min:1945-End|RT:22_nt_each ATCCCAGCAGCCCAAgcgacaacggtttaggtgggtacgggtccccattccttatatagaaatggcatgttagTGTATCATTTGGATATTTCGTTGCCGGGCATCCCCTTAGCACAGgctaagcgcagggacttcccgaatctcggtattatcccggtaagtgtggactatatttGGGATGGACGCGAAC
PCA1:Start-1947|CAD2.min:1948-End|RT:22_nt_each ATCCCAGCAGCCCAAgcgacaacggtttaggtgggtacgggtccccattccttatatagaaatggcatgttagATCATTTGGATATTTCGTTGTTGGGCATCCCCTTAGCACAGAACgctaagcgcagggacttcccgaatctcggtattatcccggtaagtgtggactatatttGGGATGGACGCGAAC
PCA1:Start-2127|CAD2.min:2128-End|RT:22_nt_each ATCCCAGCAGCCCAAgcgacaacggtttaggtgggtacgggtccccattccttatatagaaatggcatgttagAACTGGTAAAGAGACGGAAATTGACATCCGTTTGTTACAGTACGgctaagcgcagggacttcccgaatctcggtattatcccggtaagtgtggactatatttGGGATGGACGCGAAC
PCA1:Start-2163|CAD2.min:2164-End|RT:22_nt_each ATCCCAGCAGCCCAAgcgacaacggtttaggtgggtacgggtccccattccttatatagaaatggcatgttagCCAATATGGCGATATTTTTAAGATCCTCCCCGACAGCCGTATTCgctaagcgcagggacttcccgaatctcggtattatcccggtaagtgtggactatatttGGGATGGACGCGAAC
PCA1:Start-2505|CAD2.min:2506-End|RT:22_nt_each ATCCCAGCAGCCCAAgcgacaacggtttaggtgggtacgggtccccattccttatatagaaatggcatgttagGATAGCGGTTGGAATCCGTGTGCAGAAACAGAGTAGAAGTGACGgctaagcgcagggacttcccgaatctcggtattatcccggtaagtgtggactatatttGGGATGGACGCGAAC
PCA1:Start-2583|CAD2.min:2584-End|RT:22_nt_each ATCCCAGCAGCCCAAgcgacaacggtttaggtgggtacgggtccccattccttatatagaaatggcatgttagACTTATCGTTTCGTGTCCCTGCGCTATCGGTTTGGCTGTACCCAgctaagcgcagggacttcccgaatctcggtattatcccggtaagtgtggactatatttGGGATGGACGCGAAC
PCA1:Start-2907|CAD2.min:2908-End|RT:22_nt_each ATCCCAGCAGCCCAAgcgacaacggtttaggtgggtacgggtccccattccttatatagaaatggcatgttagTACAAAAGCTGTGACTGGTAAGGGAGTGGAGGGTACGAGTTATAgctaagcgcagggacttcccgaatctcggtattatcccggtaagtgtggactatatttGGGATGGACGCGAAC
PCA1:Start-3339|CAD2.min:3340-End|RT:22_nt_each ATCCCAGCAGCCCAAgcgacaacggtttaggtgggtacgggtccccattccttatatagaaatggcatgttagTGACGGAACAAACGACGCAATTGCCCTTACCCAGGCCACTATCGgctaagcgcagggacttcccgaatctcggtattatcccggtaagtgtggactatatttGGGATGGACGCGAAC
PCA1:Start-3624|CAD2.min:3625-End|RT:22_nt_each ATCCCAGCAGCCCAAgcgacaacggtttaggtgggtacgggtccccattccttatatagaaatggcatgttagCCTCCCTGTAATTTTTGTAGCTACTTTATTAAGGTACGCTAAAGgctaagcgcagggacttcccgaatctcggtattatcccggtaagtgtggactatatttGGGATGGACGCGAAC
PCA1:Start-3645|CAD2.min:3646-End|RT:22_nt_each ATCCCAGCAGCCCAAgcgacaacggtttaggtgggtacgggtccccattccttatatagaaatggcatgttagTATACTTCTGCGTTATGCAAAGGTGTGATCCAGGTACTGCTGCTgctaagcgcagggacttcccgaatctcggtattatcccggtaagtgtggactatatttGGGATGGACGCGAAC
PCA1:Start-3648|CAD2.min:3649-End|RT:22_nt_each ATCCCAGCAGCCCAAgcgacaacggtttaggtgggtacgggtccccattccttatatagaaatggcatgttagACTTCTGCGTTATGCAAAGATTTGATCCAGGTACTGCTGCTATTgctaagcgcagggacttcccgaatctcggtattatcccggtaagtgtggactatatttGGGATGGACGCGAAC
PCA1:Start-114|CAD2.min:115-End|RT:25_nt_each ATCCCAGCAGCCCAAgcgacaacggtttaggtgggtacgggtccccattccttatatagaaatggcatgtGCAAGATAATAGAGGCGAGTGTCATTTACGTAGTATCGAGCGACACGCCAaagcgcagggacttcccgaatctcggtattatcccggtaagtgtggactatatttGGGATGGACGCGAAC
PCA1:Start-129|CAD2.min:130-End|RT:25_nt_each ATCCCAGCAGCCCAAgcgacaacggtttaggtgggtacgggtccccattccttatatagaaatggcatgtCGAGTGTCATCGTAGATCCATAGAACGACACGCCAACGATAACTTAGGTCaagcgcagggacttcccgaatctcggtattatcccggtaagtgtggactatatttGGGATGGACGCGAAC
PCA1:Start-426|CAD2.min:427-End|RT:25_nt_each ATCCCAGCAGCCCAAgcgacaacggtttaggtgggtacgggtccccattccttatatagaaatggcatgtCCACACCAATGAATCCTGTGTTGATGAGTGTTGTGTACGTGACAGCAGCGaagcgcagggacttcccgaatctcggtattatcccggtaagtgtggactatatttGGGATGGACGCGAAC
PCA1:Start-465|CAD2.min:466-End|RT:25_nt_each ATCCCAGCAGCCCAAgcgacaacggtttaggtgggtacgggtccccattccttatatagaaatggcatgtAGATTCTTCAGTGATGGTCGAGGAAGGAACCGGTTCTTGTGAGGCGGTTAaagcgcagggacttcccgaatctcggtattatcccggtaagtgtggactatatttGGGATGGACGCGAAC
PCA1:Start-627|CAD2.min:628-End|RT:25_nt_each ATCCCAGCAGCCCAAgcgacaacggtttaggtgggtacgggtccccattccttatatagaaatggcatgtACACACAGGGAAGGGTAGGCTTTGCCTAGAGAGTTCCGATAGCACTTTAAaagcgcagggacttcccgaatctcggtattatcccggtaagtgtggactatatttGGGATGGACGCGAAC
PCA1:Start-660|CAD2.min:661-End|RT:25_nt_each ATCCCAGCAGCCCAAgcgacaacggtttaggtgggtacgggtccccattccttatatagaaatggcatgtAAGTGACTCTACACTCAAGAAAAGACGATGCAAGGTATCGCGTCAAAAGAaagcgcagggacttcccgaatctcggtattatcccggtaagtgtggactatatttGGGATGGACGCGAAC
PCA1:Start-774|CAD2.min:775-End|RT:25_nt_each ATCCCAGCAGCCCAAgcgacaacggtttaggtgggtacgggtccccattccttatatagaaatggcatgtCTGTGAAAAGAGGACTTTTAAAGGTACTACGAACGTCGGTATCAGCGGTTaagcgcagggacttcccgaatctcggtattatcccggtaagtgtggactatatttGGGATGGACGCGAAC
PCA1:Start-1032|CAD2.min:1033-End|RT:25_nt_each ATCCCAGCAGCCCAAgcgacaacggtttaggtgggtacgggtccccattccttatatagaaatggcatgtTGGATGTTTAACAAAGAAAAAGACCTACGGTGATAAGGAGCGACTTTCTAaagcgcagggacttcccgaatctcggtattatcccggtaagtgtggactatatttGGGATGGACGCGAAC
PCA1:Start-1188|CAD2.min:1189-End|RT:25_nt_each ATCCCAGCAGCCCAAgcgacaacggtttaggtgggtacgggtccccattccttatatagaaatggcatgtAAGAATCGTATCAATGGAACCAATTGGCAACCACTTGAACTTGGAAGCGGaagcgcagggacttcccgaatctcggtattatcccggtaagtgtggactatatttGGGATGGACGCGAAC
PCA1:Start-1257|CAD2.min:1258-End|RT:25_nt_each ATCCCAGCAGCCCAAgcgacaacggtttaggtgggtacgggtccccattccttatatagaaatggcatgtCATTGTTCTTAGTGTTTCAGGAATGACATGCACCGGCTGCGAGACTAAGTaagcgcagggacttcccgaatctcggtattatcccggtaagtgtggactatatttGGGATGGACGCGAAC
PCA1:Start-1275|CAD2.min:1276-End|RT:25_nt_each ATCCCAGCAGCCCAAgcgacaacggtttaggtgggtacgggtccccattccttatatagaaatggcatgtAGGAATGTCCTGTACTGGTTGTGAAACTAAGTTAAAGAAGAGCTTCGGTGaagcgcagggacttcccgaatctcggtattatcccggtaagtgtggactatatttGGGATGGACGCGAAC
PCA1:Start-1446|CAD2.min:1447-End|RT:25_nt_each ATCCCAGCAGCCCAAgcgacaacggtttaggtgggtacgggtccccattccttatatagaaatggcatgtCAAGTACGAACAGATTTCAAATCATGCGAGCACCATTGACGTCGTGGCACaagcgcagggacttcccgaatctcggtattatcccggtaagtgtggactatatttGGGATGGACGCGAAC
PCA1:Start-1467|CAD2.min:1468-End|RT:25_nt_each ATCCCAGCAGCCCAAgcgacaacggtttaggtgggtacgggtccccattccttatatagaaatggcatgtTCATGGTTCAACTATAGATGTTGTTGCACCATACGCTGCTAAGGACTTCAaagcgcagggacttcccgaatctcggtattatcccggtaagtgtggactatatttGGGATGGACGCGAAC
PCA1:Start-1545|CAD2.min:1546-End|RT:25_nt_each ATCCCAGCAGCCCAAgcgacaacggtttaggtgggtacgggtccccattccttatatagaaatggcatgtAGAGCTGAAAATTGTTGAGAGAAATGTTATCAGAATATATTTCGATCCTAaagcgcagggacttcccgaatctcggtattatcccggtaagtgtggactatatttGGGATGGACGCGAAC
PCA1:Start-1770|CAD2.min:1771-End|RT:25_nt_each ATCCCAGCAGCCCAAgcgacaacggtttaggtgggtacgggtccccattccttatatagaaatggcatgtACAGCTTCGTGAAAAAATTTCCACTATGAGTGTAAGCATGGTCTTGGCTAaagcgcagggacttcccgaatctcggtattatcccggtaagtgtggactatatttGGGATGGACGCGAAC
PCA1:Start-1773|CAD2.min:1774-End|RT:25_nt_each ATCCCAGCAGCCCAAgcgacaacggtttaggtgggtacgggtccccattccttatatagaaatggcatgtGCTTCGTGAAAAAATTTCCACTATCAGTGTAAGCATGGTCTTGGCTACAAaagcgcagggacttcccgaatctcggtattatcccggtaagtgtggactatatttGGGATGGACGCGAAC
PCA1:Start-1944|CAD2.min:1945-End|RT:25_nt_each ATCCCAGCAGCCCAAgcgacaacggtttaggtgggtacgggtccccattccttatatagaaatggcatgtGATTGTATCATTTGGATATTTCGTTGCCGGGCATCCCCTTAGCACAGAACaagcgcagggacttcccgaatctcggtattatcccggtaagtgtggactatatttGGGATGGACGCGAAC
PCA1:Start-1947|CAD2.min:1948-End|RT:25_nt_each ATCCCAGCAGCCCAAgcgacaacggtttaggtgggtacgggtccccattccttatatagaaatggcatgtTGTATCATTTGGATATTTCGTTGTTGGGCATCCCCTTAGCACAGAACAATaagcgcagggacttcccgaatctcggtattatcccggtaagtgtggactatatttGGGATGGACGCGAAC
PCA1:Start-2127|CAD2.min:2128-End|RT:25_nt_each ATCCCAGCAGCCCAAgcgacaacggtttaggtgggtacgggtccccattccttatatagaaatggcatgtTAAAACTGGTAAAGAGACGGAAATTGACATCCGTTTGTTACAGTACGGTGaagcgcagggacttcccgaatctcggtattatcccggtaagtgtggactatatttGGGATGGACGCGAAC
PCA1:Start-2163|CAD2.min:2164-End|RT:25_nt_each ATCCCAGCAGCCCAAgcgacaacggtttaggtgggtacgggtccccattccttatatagaaatggcatgtTCTCCAATATGGCGATATTTTTAAGATCCTCCCCGACAGCCGTATTCCTAaagcgcagggacttcccgaatctcggtattatcccggtaagtgtggactatatttGGGATGGACGCGAAC
PCA1:Start-2505|CAD2.min:2506-End|RT:25_nt_each ATCCCAGCAGCCCAAgcgacaacggtttaggtgggtacgggtccccattccttatatagaaatggcatgtTTGGATAGCGGTTGGAATCCGTGTGCAGAAACAGAGTAGAAGTGACGCTGaagcgcagggacttcccgaatctcggtattatcccggtaagtgtggactatatttGGGATGGACGCGAAC
PCA1:Start-2583|CAD2.min:2584-End|RT:25_nt_each ATCCCAGCAGCCCAAgcgacaacggtttaggtgggtacgggtccccattccttatatagaaatggcatgtGGTACTTATCGTTTCGTGTCCCTGCGCTATCGGTTTGGCTGTACCCATAGaagcgcagggacttcccgaatctcggtattatcccggtaagtgtggactatatttGGGATGGACGCGAAC
PCA1:Start-2907|CAD2.min:2908-End|RT:25_nt_each ATCCCAGCAGCCCAAgcgacaacggtttaggtgggtacgggtccccattccttatatagaaatggcatgtTAATACAAAAGCTGTGACTGGTAAGGGAGTGGAGGGTACGAGTTATAGCGaagcgcagggacttcccgaatctcggtattatcccggtaagtgtggactatatttGGGATGGACGCGAAC
PCA1:Start-3339|CAD2.min:3340-End|RT:25_nt_each ATCCCAGCAGCCCAAgcgacaacggtttaggtgggtacgggtccccattccttatatagaaatggcatgtCGGTGACGGAACAAACGACGCAATTGCCCTTACCCAGGCCACTATCGGTGaagcgcagggacttcccgaatctcggtattatcccggtaagtgtggactatatttGGGATGGACGCGAAC
PCA1:Start-3624|CAD2.min:3625-End|RT:25_nt_each ATCCCAGCAGCCCAAgcgacaacggtttaggtgggtacgggtccccattccttatatagaaatggcatgtTATCCTCCCTGTAATTTTTGTAGCTACTTTATTAAGGTACGCTAAAGTGTaagcgcagggacttcccgaatctcggtattatcccggtaagtgtggactatatttGGGATGGACGCGAAC
PCA1:Start-3645|CAD2.min:3646-End|RT:25_nt_each ATCCCAGCAGCCCAAgcgacaacggtttaggtgggtacgggtccccattccttatatagaaatggcatgtAGCTATACTTCTGCGTTATGCAAAGGTGTGATCCAGGTACTGCTGCTATTaagcgcagggacttcccgaatctcggtattatcccggtaagtgtggactatatttGGGATGGACGCGAAC
PCA1:Start-3648|CAD2.min:3649-End|RT:25_nt_each ATCCCAGCAGCCCAAgcgacaacggtttaggtgggtacgggtccccattccttatatagaaatggcatgtTATACTTCTGCGTTATGCAAAGATTTGATCCAGGTACTGCTGCTATTTGAaagcgcagggacttcccgaatctcggtattatcccggtaagtgtggactatatttGGGATGGACGCGAAC
PCA1:Start-114|CAD2.min:115-End|RT:29_nt_each ATCCCAGCAGCCCAAgcgacaacggtttaggtgggtacgggtccccattccttatatagaaatggcCTATGCAAGATAATAGAGGCGAGTGTCATTTACGTAGTATCGAGCGACACGCCAACGAgcagggacttcccgaatctcggtattatcccggtaagtgtggactatatttGGGATGGACGCGAAC
PCA1:Start-129|CAD2.min:130-End|RT:29_nt_each ATCCCAGCAGCCCAAgcgacaacggtttaggtgggtacgggtccccattccttatatagaaatggcGAGGCGAGTGTCATCGTAGATCCATAGAACGACACGCCAACGATAACTTAGGTCTCGTgcagggacttcccgaatctcggtattatcccggtaagtgtggactatatttGGGATGGACGCGAAC
PCA1:Start-426|CAD2.min:427-End|RT:29_nt_each ATCCCAGCAGCCCAAgcgacaacggtttaggtgggtacgggtccccattccttatatagaaatggcGTGACCACACCAATGAATCCTGTGTTGATGAGTGTTGTGTACGTGACAGCAGCGTCATgcagggacttcccgaatctcggtattatcccggtaagtgtggactatatttGGGATGGACGCGAAC
PCA1:Start-465|CAD2.min:466-End|RT:29_nt_each ATCCCAGCAGCCCAAgcgacaacggtttaggtgggtacgggtccccattccttatatagaaatggcTTAGAGATTCTTCAGTGATGGTCGAGGAAGGAACCGGTTCTTGTGAGGCGGTTAGCAGgcagggacttcccgaatctcggtattatcccggtaagtgtggactatatttGGGATGGACGCGAAC
PCA1:Start-627|CAD2.min:628-End|RT:29_nt_each ATCCCAGCAGCCCAAgcgacaacggtttaggtgggtacgggtccccattccttatatagaaatggcACCAACACACAGGGAAGGGTAGGCTTTGCCTAGAGAGTTCCGATAGCACTTTAAAGAAgcagggacttcccgaatctcggtattatcccggtaagtgtggactatatttGGGATGGACGCGAAC
PCA1:Start-660|CAD2.min:661-End|RT:29_nt_each ATCCCAGCAGCCCAAgcgacaacggtttaggtgggtacgggtccccattccttatatagaaatggcAATCAAGTGACTCTACACTCAAGAAAAGACGATGCAAGGTATCGCGTCAAAAGATAGAgcagggacttcccgaatctcggtattatcccggtaagtgtggactatatttGGGATGGACGCGAAC
PCA1:Start-774|CAD2.min:775-End|RT:29_nt_each ATCCCAGCAGCCCAAgcgacaacggtttaggtgggtacgggtccccattccttatatagaaatggcGTAGCTGTGAAAAGAGGACTTTTAAAGGTACTACGAACGTCGGTATCAGCGGTTCATCgcagggacttcccgaatctcggtattatcccggtaagtgtggactatatttGGGATGGACGCGAAC
PCA1:Start-1032|CAD2.min:1033-End|RT:29_nt_each ATCCCAGCAGCCCAAgcgacaacggtttaggtgggtacgggtccccattccttatatagaaatggcGTTCTGGATGTTTAACAAAGAAAAAGACCTACGGTGATAAGGAGCGACTTTCTAACGAgcagggacttcccgaatctcggtattatcccggtaagtgtggactatatttGGGATGGACGCGAAC
PCA1:Start-1188|CAD2.min:1189-End|RT:29_nt_each ATCCCAGCAGCCCAAgcgacaacggtttaggtgggtacgggtccccattccttatatagaaatggcTTTCAAGAATCGTATCAATGGAACCAATTGGCAACCACTTGAACTTGGAAGCGGGGAGgcagggacttcccgaatctcggtattatcccggtaagtgtggactatatttGGGATGGACGCGAAC
PCA1:Start-1257|CAD2.min:1258-End|RT:29_nt_each ATCCCAGCAGCCCAAgcgacaacggtttaggtgggtacgggtccccattccttatatagaaatggcAGCACATTGTTCTTAGTGTTTCAGGAATGACATGCACCGGCTGCGAGACTAAGTTAAAgcagggacttcccgaatctcggtattatcccggtaagtgtggactatatttGGGATGGACGCGAAC
PCA1:Start-1275|CAD2.min:1276-End|RT:29_nt_each ATCCCAGCAGCCCAAgcgacaacggtttaggtgggtacgggtccccattccttatatagaaatggcTTTCAGGAATGTCCTGTACTGGTTGTGAAACTAAGTTAAAGAAGAGCTTCGGTGCATTgcagggacttcccgaatctcggtattatcccggtaagtgtggactatatttGGGATGGACGCGAAC
PCA1:Start-1446|CAD2.min:1447-End|RT:29_nt_each ATCCCAGCAGCCCAAgcgacaacggtttaggtgggtacgggtccccattccttatatagaaatggcAATTCAAGTACGAACAGATTTCAAATCATGCGAGCACCATTGACGTCGTGGCACCATAgcagggacttcccgaatctcggtattatcccggtaagtgtggactatatttGGGATGGACGCGAAC
PCA1:Start-1467|CAD2.min:1468-End|RT:29_nt_each ATCCCAGCAGCCCAAgcgacaacggtttaggtgggtacgggtccccattccttatatagaaatggcCAAATCATGGTTCAACTATAGATGTTGTTGCACCATACGCTGCTAAGGACTTCATCAAgcagggacttcccgaatctcggtattatcccggtaagtgtggactatatttGGGATGGACGCGAAC
PCA1:Start-1545|CAD2.min:1546-End|RT:29_nt_each ATCCCAGCAGCCCAAgcgacaacggtttaggtgggtacgggtccccattccttatatagaaatggcTCACAGAGCTGAAAATTGTTGAGAGAAATGTTATCAGAATATATTTCGATCCTAAAGTgcagggacttcccgaatctcggtattatcccggtaagtgtggactatatttGGGATGGACGCGAAC
PCA1:Start-1770|CAD2.min:1771-End|RT:29_nt_each ATCCCAGCAGCCCAAgcgacaacggtttaggtgggtacgggtccccattccttatatagaaatggcCTCCACAGCTTCGTGAAAAAATTTCCACTATGAGTGTAAGCATGGTCTTGGCTACAATgcagggacttcccgaatctcggtattatcccggtaagtgtggactatatttGGGATGGACGCGAAC
PCA1:Start-1773|CAD2.min:1774-End|RT:29_nt_each ATCCCAGCAGCCCAAgcgacaacggtttaggtgggtacgggtccccattccttatatagaaatggcCACAGCTTCGTGAAAAAATTTCCACTATCAGTGTAAGCATGGTCTTGGCTACAATAATgcagggacttcccgaatctcggtattatcccggtaagtgtggactatatttGGGATGGACGCGAAC
PCA1:Start-1944|CAD2.min:1945-End|RT:29_nt_each ATCCCAGCAGCCCAAgcgacaacggtttaggtgggtacgggtccccattccttatatagaaatggcTTTCGATTGTATCATTTGGATATTTCGTTGCCGGGCATCCCCTTAGCACAGAACAATTgcagggacttcccgaatctcggtattatcccggtaagtgtggactatatttGGGATGGACGCGAAC
PCA1:Start-1947|CAD2.min:1948-End|RT:29_nt_each ATCCCAGCAGCCCAAgcgacaacggtttaggtgggtacgggtccccattccttatatagaaatggcCGATTGTATCATTTGGATATTTCGTTGTTGGGCATCCCCTTAGCACAGAACAATTCTTgcagggacttcccgaatctcggtattatcccggtaagtgtggactatatttGGGATGGACGCGAAC
PCA1:Start-2127|CAD2.min:2128-End|RT:29_nt_each ATCCCAGCAGCCCAAgcgacaacggtttaggtgggtacgggtccccattccttatatagaaatggcTGGATAAAACTGGTAAAGAGACGGAAATTGACATCCGTTTGTTACAGTACGGTGACATgcagggacttcccgaatctcggtattatcccggtaagtgtggactatatttGGGATGGACGCGAAC
PCA1:Start-2163|CAD2.min:2164-End|RT:29_nt_each ATCCCAGCAGCCCAAgcgacaacggtttaggtgggtacgggtccccattccttatatagaaatggcGACTTCTCCAATATGGCGATATTTTTAAGATCCTCCCCGACAGCCGTATTCCTACAGAgcagggacttcccgaatctcggtattatcccggtaagtgtggactatatttGGGATGGACGCGAAC
PCA1:Start-2505|CAD2.min:2506-End|RT:29_nt_each ATCCCAGCAGCCCAAgcgacaacggtttaggtgggtacgggtccccattccttatatagaaatggcGCGTTTGGATAGCGGTTGGAATCCGTGTGCAGAAACAGAGTAGAAGTGACGCTGTTATgcagggacttcccgaatctcggtattatcccggtaagtgtggactatatttGGGATGGACGCGAAC
PCA1:Start-2583|CAD2.min:2584-End|RT:29_nt_each ATCCCAGCAGCCCAAgcgacaacggtttaggtgggtacgggtccccattccttatatagaaatggcTTACGGTACTTATCGTTTCGTGTCCCTGCGCTATCGGTTTGGCTGTACCCATAGTTTTgcagggacttcccgaatctcggtattatcccggtaagtgtggactatatttGGGATGGACGCGAAC
PCA1:Start-2907|CAD2.min:2908-End|RT:29_nt_each ATCCCAGCAGCCCAAgcgacaacggtttaggtgggtacgggtccccattccttatatagaaatggcTTTCTAATACAAAAGCTGTGACTGGTAAGGGAGTGGAGGGTACGAGTTATAGCGGCCTgcagggacttcccgaatctcggtattatcccggtaagtgtggactatatttGGGATGGACGCGAAC
PCA1:Start-3339|CAD2.min:3340-End|RT:29_nt_each ATCCCAGCAGCCCAAgcgacaacggtttaggtgggtacgggtccccattccttatatagaaatggcTTTGCGGTGACGGAACAAACGACGCAATTGCCCTTACCCAGGCCACTATCGGTGTGCAgcagggacttcccgaatctcggtattatcccggtaagtgtggactatatttGGGATGGACGCGAAC
PCA1:Start-3624|CAD2.min:3625-End|RT:29_nt_each ATCCCAGCAGCCCAAgcgacaacggtttaggtgggtacgggtccccattccttatatagaaatggcTTAGTATCCTCCCTGTAATTTTTGTAGCTACTTTATTAAGGTACGCTAAAGTGTGATCgcagggacttcccgaatctcggtattatcccggtaagtgtggactatatttGGGATGGACGCGAAC
PCA1:Start-3645|CAD2.min:3646-End|RT:29_nt_each ATCCCAGCAGCCCAAgcgacaacggtttaggtgggtacgggtccccattccttatatagaaatggcTTGTAGCTATACTTCTGCGTTATGCAAAGGTGTGATCCAGGTACTGCTGCTATTTGATgcagggacttcccgaatctcggtattatcccggtaagtgtggactatatttGGGATGGACGCGAAC
PCA1:Start-3648|CAD2.min:3649-End|RT:29_nt_each ATCCCAGCAGCCCAAgcgacaacggtttaggtgggtacgggtccccattccttatatagaaatggcTAGCTATACTTCTGCGTTATGCAAAGATTTGATCCAGGTACTGCTGCTATTTGATTGTgcagggacttcccgaatctcggtattatcccggtaagtgtggactatatttGGGATGGACGCGAAC
PCA1:Start-114|CAD2.min:115-End|RT:34_nt_each ATCCCAGCAGCCCAAgcgacaacggtttaggtgggtacgggtccccattccttatatagaaAGATGCTATGCAAGATAATAGAGGCGAGTGTCATTTACGTAGTATCGAGCGACACGCCAACGATAACTgacttcccgaatctcggtattatcccggtaagtgtggactatatttGGGATGGACGCGAAC
PCA1:Start-129|CAD2.min:130-End|RT:34_nt_each ATCCCAGCAGCCCAAgcgacaacggtttaggtgggtacgggtccccattccttatatagaaTAATAGAGGCGAGTGTCATCGTAGATCCATAGAACGACACGCCAACGATAACTTAGGTCTCGTTAGTCgacttcccgaatctcggtattatcccggtaagtgtggactatatttGGGATGGACGCGAAC
PCA1:Start-426|CAD2.min:427-End|RT:34_nt_each ATCCCAGCAGCCCAAgcgacaacggtttaggtgggtacgggtccccattccttatatagaaAGGTGGTGACCACACCAATGAATCCTGTGTTGATGAGTGTTGTGTACGTGACAGCAGCGTCATGGTTGgacttcccgaatctcggtattatcccggtaagtgtggactatatttGGGATGGACGCGAAC
PCA1:Start-465|CAD2.min:466-End|RT:34_nt_each ATCCCAGCAGCCCAAgcgacaacggtttaggtgggtacgggtccccattccttatatagaaCTGCGTTAGAGATTCTTCAGTGATGGTCGAGGAAGGAACCGGTTCTTGTGAGGCGGTTAGCAGCAAGGgacttcccgaatctcggtattatcccggtaagtgtggactatatttGGGATGGACGCGAAC
PCA1:Start-627|CAD2.min:628-End|RT:34_nt_each ATCCCAGCAGCCCAAgcgacaacggtttaggtgggtacgggtccccattccttatatagaaTTCCAACCAACACACAGGGAAGGGTAGGCTTTGCCTAGAGAGTTCCGATAGCACTTTAAAGAAGCGTCgacttcccgaatctcggtattatcccggtaagtgtggactatatttGGGATGGACGCGAAC
PCA1:Start-660|CAD2.min:661-End|RT:34_nt_each ATCCCAGCAGCCCAAgcgacaacggtttaggtgggtacgggtccccattccttatatagaaCATCGAATCAAGTGACTCTACACTCAAGAAAAGACGATGCAAGGTATCGCGTCAAAAGATAGAAGTAAgacttcccgaatctcggtattatcccggtaagtgtggactatatttGGGATGGACGCGAAC
PCA1:Start-774|CAD2.min:775-End|RT:34_nt_each ATCCCAGCAGCCCAAgcgacaacggtttaggtgggtacgggtccccattccttatatagaaATCTCGTAGCTGTGAAAAGAGGACTTTTAAAGGTACTACGAACGTCGGTATCAGCGGTTCATCAAGCAgacttcccgaatctcggtattatcccggtaagtgtggactatatttGGGATGGACGCGAAC
PCA1:Start-1032|CAD2.min:1033-End|RT:34_nt_each ATCCCAGCAGCCCAAgcgacaacggtttaggtgggtacgggtccccattccttatatagaaCAACAGTTCTGGATGTTTAACAAAGAAAAAGACCTACGGTGATAAGGAGCGACTTTCTAACGATAACGgacttcccgaatctcggtattatcccggtaagtgtggactatatttGGGATGGACGCGAAC
PCA1:Start-1188|CAD2.min:1189-End|RT:34_nt_each ATCCCAGCAGCCCAAgcgacaacggtttaggtgggtacgggtccccattccttatatagaaTGAAATTTCAAGAATCGTATCAATGGAACCAATTGGCAACCACTTGAACTTGGAAGCGGGGAGCACTGgacttcccgaatctcggtattatcccggtaagtgtggactatatttGGGATGGACGCGAAC
PCA1:Start-1257|CAD2.min:1258-End|RT:34_nt_each ATCCCAGCAGCCCAAgcgacaacggtttaggtgggtacgggtccccattccttatatagaaTACCGAGCACATTGTTCTTAGTGTTTCAGGAATGACATGCACCGGCTGCGAGACTAAGTTAAAGAAGAgacttcccgaatctcggtattatcccggtaagtgtggactatatttGGGATGGACGCGAAC
PCA1:Start-1275|CAD2.min:1276-End|RT:34_nt_each ATCCCAGCAGCCCAAgcgacaacggtttaggtgggtacgggtccccattccttatatagaaTAGTGTTTCAGGAATGTCCTGTACTGGTTGTGAAACTAAGTTAAAGAAGAGCTTCGGTGCATTGAAGTgacttcccgaatctcggtattatcccggtaagtgtggactatatttGGGATGGACGCGAAC
PCA1:Start-1446|CAD2.min:1447-End|RT:34_nt_each ATCCCAGCAGCCCAAgcgacaacggtttaggtgggtacgggtccccattccttatatagaaTACTGAATTCAAGTACGAACAGATTTCAAATCATGCGAGCACCATTGACGTCGTGGCACCATACGCTGgacttcccgaatctcggtattatcccggtaagtgtggactatatttGGGATGGACGCGAAC
PCA1:Start-1467|CAD2.min:1468-End|RT:34_nt_each ATCCCAGCAGCCCAAgcgacaacggtttaggtgggtacgggtccccattccttatatagaaGATTTCAAATCATGGTTCAACTATAGATGTTGTTGCACCATACGCTGCTAAGGACTTCATCAACGAAGgacttcccgaatctcggtattatcccggtaagtgtggactatatttGGGATGGACGCGAAC
PCA1:Start-1545|CAD2.min:1546-End|RT:34_nt_each ATCCCAGCAGCCCAAgcgacaacggtttaggtgggtacgggtccccattccttatatagaaAGGTGTCACAGAGCTGAAAATTGTTGAGAGAAATGTTATCAGAATATATTTCGATCCTAAAGTAATCGgacttcccgaatctcggtattatcccggtaagtgtggactatatttGGGATGGACGCGAAC
PCA1:Start-1770|CAD2.min:1771-End|RT:34_nt_each ATCCCAGCAGCCCAAgcgacaacggtttaggtgggtacgggtccccattccttatatagaaTTGGGCTCCACAGCTTCGTGAAAAAATTTCCACTATGAGTGTAAGCATGGTCTTGGCTACAATAATCCgacttcccgaatctcggtattatcccggtaagtgtggactatatttGGGATGGACGCGAAC
PCA1:Start-1773|CAD2.min:1774-End|RT:34_nt_each ATCCCAGCAGCCCAAgcgacaacggtttaggtgggtacgggtccccattccttatatagaaGGCTCCACAGCTTCGTGAAAAAATTTCCACTATCAGTGTAAGCATGGTCTTGGCTACAATAATCCAGTgacttcccgaatctcggtattatcccggtaagtgtggactatatttGGGATGGACGCGAAC
PCA1:Start-1944|CAD2.min:1945-End|RT:34_nt_each ATCCCAGCAGCCCAAgcgacaacggtttaggtgggtacgggtccccattccttatatagaaCATATTTTCGATTGTATCATTTGGATATTTCGTTGCCGGGCATCCCCTTAGCACAGAACAATTCTTCGgacttcccgaatctcggtattatcccggtaagtgtggactatatttGGGATGGACGCGAAC
PCA1:Start-1947|CAD2.min:1948-End|RT:34_nt_each ATCCCAGCAGCCCAAgcgacaacggtttaggtgggtacgggtccccattccttatatagaaATTTTCGATTGTATCATTTGGATATTTCGTTGTTGGGCATCCCCTTAGCACAGAACAATTCTTCGAGAgacttcccgaatctcggtattatcccggtaagtgtggactatatttGGGATGGACGCGAAC
PCA1:Start-2127|CAD2.min:2128-End|RT:34_nt_each ATCCCAGCAGCCCAAgcgacaacggtttaggtgggtacgggtccccattccttatatagaaTCTGGTGGATAAAACTGGTAAAGAGACGGAAATTGACATCCGTTTGTTACAGTACGGTGACATATTCAgacttcccgaatctcggtattatcccggtaagtgtggactatatttGGGATGGACGCGAAC
PCA1:Start-2163|CAD2.min:2164-End|RT:34_nt_each ATCCCAGCAGCCCAAgcgacaacggtttaggtgggtacgggtccccattccttatatagaaTATTAGACTTCTCCAATATGGCGATATTTTTAAGATCCTCCCCGACAGCCGTATTCCTACAGACGGTAgacttcccgaatctcggtattatcccggtaagtgtggactatatttGGGATGGACGCGAAC
PCA1:Start-2505|CAD2.min:2506-End|RT:34_nt_each ATCCCAGCAGCCCAAgcgacaacggtttaggtgggtacgggtccccattccttatatagaaCTTTTGCGTTTGGATAGCGGTTGGAATCCGTGTGCAGAAACAGAGTAGAAGTGACGCTGTTATACAAGgacttcccgaatctcggtattatcccggtaagtgtggactatatttGGGATGGACGCGAAC
PCA1:Start-2583|CAD2.min:2584-End|RT:34_nt_each ATCCCAGCAGCCCAAgcgacaacggtttaggtgggtacgggtccccattccttatatagaaTGCCATTACGGTACTTATCGTTTCGTGTCCCTGCGCTATCGGTTTGGCTGTACCCATAGTTTTCGTGAgacttcccgaatctcggtattatcccggtaagtgtggactatatttGGGATGGACGCGAAC
PCA1:Start-2907|CAD2.min:2908-End|RT:34_nt_each ATCCCAGCAGCCCAAgcgacaacggtttaggtgggtacgggtccccattccttatatagaaAAATGTTTCTAATACAAAAGCTGTGACTGGTAAGGGAGTGGAGGGTACGAGTTATAGCGGCCTTAAACgacttcccgaatctcggtattatcccggtaagtgtggactatatttGGGATGGACGCGAAC
PCA1:Start-3339|CAD2.min:3340-End|RT:34_nt_each ATCCCAGCAGCCCAAgcgacaacggtttaggtgggtacgggtccccattccttatatagaaTGTTTTTTGCGGTGACGGAACAAACGACGCAATTGCCCTTACCCAGGCCACTATCGGTGTGCACATAAgacttcccgaatctcggtattatcccggtaagtgtggactatatttGGGATGGACGCGAAC
PCA1:Start-3624|CAD2.min:3625-End|RT:34_nt_each ATCCCAGCAGCCCAAgcgacaacggtttaggtgggtacgggtccccattccttatatagaaACTAGTTAGTATCCTCCCTGTAATTTTTGTAGCTACTTTATTAAGGTACGCTAAAGTGTGATCCAGGTgacttcccgaatctcggtattatcccggtaagtgtggactatatttGGGATGGACGCGAAC
PCA1:Start-3645|CAD2.min:3646-End|RT:34_nt_each ATCCCAGCAGCCCAAgcgacaacggtttaggtgggtacgggtccccattccttatatagaaAATTTTTGTAGCTATACTTCTGCGTTATGCAAAGGTGTGATCCAGGTACTGCTGCTATTTGATTGTAGgacttcccgaatctcggtattatcccggtaagtgtggactatatttGGGATGGACGCGAAC
PCA1:Start-3648|CAD2.min:3649-End|RT:34_nt_each ATCCCAGCAGCCCAAgcgacaacggtttaggtgggtacgggtccccattccttatatagaaTTTTGTAGCTATACTTCTGCGTTATGCAAAGATTTGATCCAGGTACTGCTGCTATTTGATTGTAGATTgacttcccgaatctcggtattatcccggtaagtgtggactatatttGGGATGGACGCGAAC
PCA1:Start-114|CAD2.min:115-End|RT:40_nt_each ATCCCAGCAGCCCAAgcgacaacggtttaggtgggtacgggtccccattccttatATCAATAGATGCTATGCAAGATAATAGAGGCGAGTGTCATTTACGTAGTATCGAGCGACACGCCAACGATAACTTAGGTCccgaatctcggtattatcccggtaagtgtggactatatttGGGATGGACGCGAAC
PCA1:Start-129|CAD2.min:130-End|RT:40_nt_each ATCCCAGCAGCCCAAgcgacaacggtttaggtgggtacgggtccccattccttatGCAAGATAATAGAGGCGAGTGTCATCGTAGATCCATAGAACGACACGCCAACGATAACTTAGGTCTCGTTAGTCAAAGGGccgaatctcggtattatcccggtaagtgtggactatatttGGGATGGACGCGAAC
PCA1:Start-426|CAD2.min:427-End|RT:40_nt_each ATCCCAGCAGCCCAAgcgacaacggtttaggtgggtacgggtccccattccttatTCAAACAGGTGGTGACCACACCAATGAATCCTGTGTTGATGAGTGTTGTGTACGTGACAGCAGCGTCATGGTTGAAGAGGccgaatctcggtattatcccggtaagtgtggactatatttGGGATGGACGCGAAC
PCA1:Start-465|CAD2.min:466-End|RT:40_nt_each ATCCCAGCAGCCCAAgcgacaacggtttaggtgggtacgggtccccattccttatTGGATGCTGCGTTAGAGATTCTTCAGTGATGGTCGAGGAAGGAACCGGTTCTTGTGAGGCGGTTAGCAGCAAGGAGCAGCccgaatctcggtattatcccggtaagtgtggactatatttGGGATGGACGCGAAC
PCA1:Start-627|CAD2.min:628-End|RT:40_nt_each ATCCCAGCAGCCCAAgcgacaacggtttaggtgggtacgggtccccattccttatTACCAATTCCAACCAACACACAGGGAAGGGTAGGCTTTGCCTAGAGAGTTCCGATAGCACTTTAAAGAAGCGTCGATGCAccgaatctcggtattatcccggtaagtgtggactatatttGGGATGGACGCGAAC
PCA1:Start-660|CAD2.min:661-End|RT:40_nt_each ATCCCAGCAGCCCAAgcgacaacggtttaggtgggtacgggtccccattccttatGCTTTGCATCGAATCAAGTGACTCTACACTCAAGAAAAGACGATGCAAGGTATCGCGTCAAAAGATAGAAGTAAGTTCAAccgaatctcggtattatcccggtaagtgtggactatatttGGGATGGACGCGAAC
PCA1:Start-774|CAD2.min:775-End|RT:40_nt_each ATCCCAGCAGCCCAAgcgacaacggtttaggtgggtacgggtccccattccttatGATTGCATCTCGTAGCTGTGAAAAGAGGACTTTTAAAGGTACTACGAACGTCGGTATCAGCGGTTCATCAAGCACTGATTccgaatctcggtattatcccggtaagtgtggactatatttGGGATGGACGCGAAC
PCA1:Start-1032|CAD2.min:1033-End|RT:40_nt_each ATCCCAGCAGCCCAAgcgacaacggtttaggtgggtacgggtccccattccttatCTACCGCAACAGTTCTGGATGTTTAACAAAGAAAAAGACCTACGGTGATAAGGAGCGACTTTCTAACGATAACGGTCACGccgaatctcggtattatcccggtaagtgtggactatatttGGGATGGACGCGAAC
PCA1:Start-1188|CAD2.min:1189-End|RT:40_nt_each ATCCCAGCAGCCCAAgcgacaacggtttaggtgggtacgggtccccattccttatTTCGAGTGAAATTTCAAGAATCGTATCAATGGAACCAATTGGCAACCACTTGAACTTGGAAGCGGGGAGCACTGGGACTGccgaatctcggtattatcccggtaagtgtggactatatttGGGATGGACGCGAAC
PCA1:Start-1257|CAD2.min:1258-End|RT:40_nt_each ATCCCAGCAGCCCAAgcgacaacggtttaggtgggtacgggtccccattccttatTACCGGTACCGAGCACATTGTTCTTAGTGTTTCAGGAATGACATGCACCGGCTGCGAGACTAAGTTAAAGAAGAGCTTCGccgaatctcggtattatcccggtaagtgtggactatatttGGGATGGACGCGAAC
PCA1:Start-1275|CAD2.min:1276-End|RT:40_nt_each ATCCCAGCAGCCCAAgcgacaacggtttaggtgggtacgggtccccattccttatTGTTCTTAGTGTTTCAGGAATGTCCTGTACTGGTTGTGAAACTAAGTTAAAGAAGAGCTTCGGTGCATTGAAGTGCGTCCccgaatctcggtattatcccggtaagtgtggactatatttGGGATGGACGCGAAC
PCA1:Start-1446|CAD2.min:1447-End|RT:40_nt_each ATCCCAGCAGCCCAAgcgacaacggtttaggtgggtacgggtccccattccttatCAAAACTACTGAATTCAAGTACGAACAGATTTCAAATCATGCGAGCACCATTGACGTCGTGGCACCATACGCTGCTAAGGccgaatctcggtattatcccggtaagtgtggactatatttGGGATGGACGCGAAC
PCA1:Start-1467|CAD2.min:1468-End|RT:40_nt_each ATCCCAGCAGCCCAAgcgacaacggtttaggtgggtacgggtccccattccttatCGAACAGATTTCAAATCATGGTTCAACTATAGATGTTGTTGCACCATACGCTGCTAAGGACTTCATCAACGAAGAGTGGCccgaatctcggtattatcccggtaagtgtggactatatttGGGATGGACGCGAAC
PCA1:Start-1545|CAD2.min:1546-End|RT:40_nt_each ATCCCAGCAGCCCAAgcgacaacggtttaggtgggtacgggtccccattccttatGCCACAAGGTGTCACAGAGCTGAAAATTGTTGAGAGAAATGTTATCAGAATATATTTCGATCCTAAAGTAATCGGGGCACccgaatctcggtattatcccggtaagtgtggactatatttGGGATGGACGCGAAC
PCA1:Start-1770|CAD2.min:1771-End|RT:40_nt_each ATCCCAGCAGCCCAAgcgacaacggtttaggtgggtacgggtccccattccttatGATGGCTTGGGCTCCACAGCTTCGTGAAAAAATTTCCACTATGAGTGTAAGCATGGTCTTGGCTACAATAATCCAGTTCGccgaatctcggtattatcccggtaagtgtggactatatttGGGATGGACGCGAAC
PCA1:Start-1773|CAD2.min:1774-End|RT:40_nt_each ATCCCAGCAGCCCAAgcgacaacggtttaggtgggtacgggtccccattccttatGGCTTGGGCTCCACAGCTTCGTGAAAAAATTTCCACTATCAGTGTAAGCATGGTCTTGGCTACAATAATCCAGTTCGTGAccgaatctcggtattatcccggtaagtgtggactatatttGGGATGGACGCGAAC
PCA1:Start-1944|CAD2.min:1945-End|RT:40_nt_each ATCCCAGCAGCCCAAgcgacaacggtttaggtgggtacgggtccccattccttatTGCCTACATATTTTCGATTGTATCATTTGGATATTTCGTTGCCGGGCATCCCCTTAGCACAGAACAATTCTTCGAGACTTccgaatctcggtattatcccggtaagtgtggactatatttGGGATGGACGCGAAC
PCA1:Start-1947|CAD2.min:1948-End|RT:40_nt_each ATCCCAGCAGCCCAAgcgacaacggtttaggtgggtacgggtccccattccttatCTACATATTTTCGATTGTATCATTTGGATATTTCGTTGTTGGGCATCCCCTTAGCACAGAACAATTCTTCGAGACTTCAAccgaatctcggtattatcccggtaagtgtggactatatttGGGATGGACGCGAAC
PCA1:Start-2127|CAD2.min:2128-End|RT:40_nt_each ATCCCAGCAGCCCAAgcgacaacggtttaggtgggtacgggtccccattccttatTGCTATTCTGGTGGATAAAACTGGTAAAGAGACGGAAATTGACATCCGTTTGTTACAGTACGGTGACATATTCAAAATCCccgaatctcggtattatcccggtaagtgtggactatatttGGGATGGACGCGAAC
PCA1:Start-2163|CAD2.min:2164-End|RT:40_nt_each ATCCCAGCAGCCCAAgcgacaacggtttaggtgggtacgggtccccattccttatAATTAATATTAGACTTCTCCAATATGGCGATATTTTTAAGATCCTCCCCGACAGCCGTATTCCTACAGACGGTACCGTTAccgaatctcggtattatcccggtaagtgtggactatatttGGGATGGACGCGAAC
PCA1:Start-2505|CAD2.min:2506-End|RT:40_nt_each ATCCCAGCAGCCCAAgcgacaacggtttaggtgggtacgggtccccattccttatCGTCACCTTTTGCGTTTGGATAGCGGTTGGAATCCGTGTGCAGAAACAGAGTAGAAGTGACGCTGTTATACAAGCTATCAccgaatctcggtattatcccggtaagtgtggactatatttGGGATGGACGCGAAC
PCA1:Start-2583|CAD2.min:2584-End|RT:40_nt_each ATCCCAGCAGCCCAAgcgacaacggtttaggtgggtacgggtccccattccttatTATATATGCCATTACGGTACTTATCGTTTCGTGTCCCTGCGCTATCGGTTTGGCTGTACCCATAGTTTTCGTGATCGCTTccgaatctcggtattatcccggtaagtgtggactatatttGGGATGGACGCGAAC
PCA1:Start-2907|CAD2.min:2908-End|RT:40_nt_each ATCCCAGCAGCCCAAgcgacaacggtttaggtgggtacgggtccccattccttatTGCTCAAAATGTTTCTAATACAAAAGCTGTGACTGGTAAGGGAGTGGAGGGTACGAGTTATAGCGGCCTTAAACTTCAGGccgaatctcggtattatcccggtaagtgtggactatatttGGGATGGACGCGAAC
PCA1:Start-3339|CAD2.min:3340-End|RT:40_nt_each ATCCCAGCAGCCCAAgcgacaacggtttaggtgggtacgggtccccattccttatGGTTGTTGTTTTTTGCGGTGACGGAACAAACGACGCAATTGCCCTTACCCAGGCCACTATCGGTGTGCACATAAACGAAGccgaatctcggtattatcccggtaagtgtggactatatttGGGATGGACGCGAAC
PCA1:Start-3624|CAD2.min:3625-End|RT:40_nt_each ATCCCAGCAGCCCAAgcgacaacggtttaggtgggtacgggtccccattccttatAGGGGAACTAGTTAGTATCCTCCCTGTAATTTTTGTAGCTACTTTATTAAGGTACGCTAAAGTGTGATCCAGGTACTGCTccgaatctcggtattatcccggtaagtgtggactatatttGGGATGGACGCGAAC
PCA1:Start-3645|CAD2.min:3646-End|RT:40_nt_each ATCCCAGCAGCCCAAgcgacaacggtttaggtgggtacgggtccccattccttatCCCTGTAATTTTTGTAGCTATACTTCTGCGTTATGCAAAGGTGTGATCCAGGTACTGCTGCTATTTGATTGTAGATTTTCccgaatctcggtattatcccggtaagtgtggactatatttGGGATGGACGCGAAC
PCA1:Start-3648|CAD2.min:3649-End|RT:40_nt_each ATCCCAGCAGCCCAAgcgacaacggtttaggtgggtacgggtccccattccttatTGTAATTTTTGTAGCTATACTTCTGCGTTATGCAAAGATTTGATCCAGGTACTGCTGCTATTTGATTGTAGATTTTCTTTccgaatctcggtattatcccggtaagtgtggactatatttGGGATGGACGCGAAC
PCA1:Start-114|CAD2.min:115-End|RT:47_nt_each ATCCCAGCAGCCCAAgcgacaacggtttaggtgggtacgggtccccatAGAACATATCAATAGATGCTATGCAAGATAATAGAGGCGAGTGTCATTTACGTAGTATCGAGCGACACGCCAACGATAACTTAGGTCTCGTTAGtcggtattatcccggtaagtgtggactatatttGGGATGGACGCGAAC
PCA1:Start-129|CAD2.min:130-End|RT:47_nt_each ATCCCAGCAGCCCAAgcgacaacggtttaggtgggtacgggtccccatATGCTATGCAAGATAATAGAGGCGAGTGTCATCGTAGATCCATAGAACGACACGCCAACGATAACTTAGGTCTCGTTAGTCAAAGGGATTGCACtcggtattatcccggtaagtgtggactatatttGGGATGGACGCGAAC
PCA1:Start-426|CAD2.min:427-End|RT:47_nt_each ATCCCAGCAGCCCAAgcgacaacggtttaggtgggtacgggtccccatGCGATGCTCAAACAGGTGGTGACCACACCAATGAATCCTGTGTTGATGAGTGTTGTGTACGTGACAGCAGCGTCATGGTTGAAGAGGGAACCGGtcggtattatcccggtaagtgtggactatatttGGGATGGACGCGAAC
PCA1:Start-465|CAD2.min:466-End|RT:47_nt_each ATCCCAGCAGCCCAAgcgacaacggtttaggtgggtacgggtccccatGTGTTGATGGATGCTGCGTTAGAGATTCTTCAGTGATGGTCGAGGAAGGAACCGGTTCTTGTGAGGCGGTTAGCAGCAAGGAGCAGCTTTTAACtcggtattatcccggtaagtgtggactatatttGGGATGGACGCGAAC
PCA1:Start-627|CAD2.min:628-End|RT:47_nt_each ATCCCAGCAGCCCAAgcgacaacggtttaggtgggtacgggtccccatGCTGCAATACCAATTCCAACCAACACACAGGGAAGGGTAGGCTTTGCCTAGAGAGTTCCGATAGCACTTTAAAGAAGCGTCGATGCAAGGTATCtcggtattatcccggtaagtgtggactatatttGGGATGGACGCGAAC
PCA1:Start-660|CAD2.min:661-End|RT:47_nt_each ATCCCAGCAGCCCAAgcgacaacggtttaggtgggtacgggtccccatAGGGTAGGCTTTGCATCGAATCAAGTGACTCTACACTCAAGAAAAGACGATGCAAGGTATCGCGTCAAAAGATAGAAGTAAGTTCAAAACCAGAtcggtattatcccggtaagtgtggactatatttGGGATGGACGCGAAC
PCA1:Start-774|CAD2.min:775-End|RT:47_nt_each ATCCCAGCAGCCCAAgcgacaacggtttaggtgggtacgggtccccatTTGAGCGGATTGCATCTCGTAGCTGTGAAAAGAGGACTTTTAAAGGTACTACGAACGTCGGTATCAGCGGTTCATCAAGCACTGATTCACTTTCtcggtattatcccggtaagtgtggactatatttGGGATGGACGCGAAC
PCA1:Start-1032|CAD2.min:1033-End|RT:47_nt_each ATCCCAGCAGCCCAAgcgacaacggtttaggtgggtacgggtccccatAATACTCCTACCGCAACAGTTCTGGATGTTTAACAAAGAAAAAGACCTACGGTGATAAGGAGCGACTTTCTAACGATAACGGTCACGCAGACTTtcggtattatcccggtaagtgtggactatatttGGGATGGACGCGAAC
PCA1:Start-1188|CAD2.min:1189-End|RT:47_nt_each ATCCCAGCAGCCCAAgcgacaacggtttaggtgggtacgggtccccatGACACTCTTCGAGTGAAATTTCAAGAATCGTATCAATGGAACCAATTGGCAACCACTTGAACTTGGAAGCGGGGAGCACTGGGACTGAACATATtcggtattatcccggtaagtgtggactatatttGGGATGGACGCGAAC
PCA1:Start-1257|CAD2.min:1258-End|RT:47_nt_each ATCCCAGCAGCCCAAgcgacaacggtttaggtgggtacgggtccccatCAGGATCTACCGGTACCGAGCACATTGTTCTTAGTGTTTCAGGAATGACATGCACCGGCTGCGAGACTAAGTTAAAGAAGAGCTTCGGTGCATTtcggtattatcccggtaagtgtggactatatttGGGATGGACGCGAAC
PCA1:Start-1275|CAD2.min:1276-End|RT:47_nt_each ATCCCAGCAGCCCAAgcgacaacggtttaggtgggtacgggtccccatAGCACATTGTTCTTAGTGTTTCAGGAATGTCCTGTACTGGTTGTGAAACTAAGTTAAAGAAGAGCTTCGGTGCATTGAAGTGCGTCCATGGGCTtcggtattatcccggtaagtgtggactatatttGGGATGGACGCGAAC
PCA1:Start-1446|CAD2.min:1447-End|RT:47_nt_each ATCCCAGCAGCCCAAgcgacaacggtttaggtgggtacgggtccccatACTTGAGCAAAACTACTGAATTCAAGTACGAACAGATTTCAAATCATGCGAGCACCATTGACGTCGTGGCACCATACGCTGCTAAGGACTTCATtcggtattatcccggtaagtgtggactatatttGGGATGGACGCGAAC
PCA1:Start-1467|CAD2.min:1468-End|RT:47_nt_each ATCCCAGCAGCCCAAgcgacaacggtttaggtgggtacgggtccccatTCAAGTACGAACAGATTTCAAATCATGGTTCAACTATAGATGTTGTTGCACCATACGCTGCTAAGGACTTCATCAACGAAGAGTGGCCCCAGGGtcggtattatcccggtaagtgtggactatatttGGGATGGACGCGAAC
PCA1:Start-1545|CAD2.min:1546-End|RT:47_nt_each ATCCCAGCAGCCCAAgcgacaacggtttaggtgggtacgggtccccatAGGAATGGCCACAAGGTGTCACAGAGCTGAAAATTGTTGAGAGAAATGTTATCAGAATATATTTCGATCCTAAAGTAATCGGGGCACGGGACTTtcggtattatcccggtaagtgtggactatatttGGGATGGACGCGAAC
PCA1:Start-1770|CAD2.min:1771-End|RT:47_nt_each ATCCCAGCAGCCCAAgcgacaacggtttaggtgggtacgggtccccatTTCTCGTGATGGCTTGGGCTCCACAGCTTCGTGAAAAAATTTCCACTATGAGTGTAAGCATGGTCTTGGCTACAATAATCCAGTTCGTGATCGCtcggtattatcccggtaagtgtggactatatttGGGATGGACGCGAAC
PCA1:Start-1773|CAD2.min:1774-End|RT:47_nt_each ATCCCAGCAGCCCAAgcgacaacggtttaggtgggtacgggtccccatTCGTGATGGCTTGGGCTCCACAGCTTCGTGAAAAAATTTCCACTATCAGTGTAAGCATGGTCTTGGCTACAATAATCCAGTTCGTGATCGCGGGtcggtattatcccggtaagtgtggactatatttGGGATGGACGCGAAC
PCA1:Start-1944|CAD2.min:1945-End|RT:47_nt_each ATCCCAGCAGCCCAAgcgacaacggtttaggtgggtacgggtccccatCTAGCGCTGCCTACATATTTTCGATTGTATCATTTGGATATTTCGTTGCCGGGCATCCCCTTAGCACAGAACAATTCTTCGAGACTTCAAGCCTtcggtattatcccggtaagtgtggactatatttGGGATGGACGCGAAC
PCA1:Start-1947|CAD2.min:1948-End|RT:47_nt_each ATCCCAGCAGCCCAAgcgacaacggtttaggtgggtacgggtccccatGCGCTGCCTACATATTTTCGATTGTATCATTTGGATATTTCGTTGTTGGGCATCCCCTTAGCACAGAACAATTCTTCGAGACTTCAAGCCTTTTtcggtattatcccggtaagtgtggactatatttGGGATGGACGCGAAC
PCA1:Start-2127|CAD2.min:2128-End|RT:47_nt_each ATCCCAGCAGCCCAAgcgacaacggtttaggtgggtacgggtccccatCCTCTTCTGCTATTCTGGTGGATAAAACTGGTAAAGAGACGGAAATTGACATCCGTTTGTTACAGTACGGTGACATATTCAAAATCCTCCCCGAtcggtattatcccggtaagtgtggactatatttGGGATGGACGCGAAC
PCA1:Start-2163|CAD2.min:2164-End|RT:47_nt_each ATCCCAGCAGCCCAAgcgacaacggtttaggtgggtacgggtccccatAGACGGAAATTAATATTAGACTTCTCCAATATGGCGATATTTTTAAGATCCTCCCCGACAGCCGTATTCCTACAGACGGTACCGTTATCAGCGGtcggtattatcccggtaagtgtggactatatttGGGATGGACGCGAAC
PCA1:Start-2505|CAD2.min:2506-End|RT:47_nt_each ATCCCAGCAGCCCAAgcgacaacggtttaggtgggtacgggtccccatTCACTGTCGTCACCTTTTGCGTTTGGATAGCGGTTGGAATCCGTGTGCAGAAACAGAGTAGAAGTGACGCTGTTATACAAGCTATCATCTACGCtcggtattatcccggtaagtgtggactatatttGGGATGGACGCGAAC
PCA1:Start-2583|CAD2.min:2584-End|RT:47_nt_each ATCCCAGCAGCCCAAgcgacaacggtttaggtgggtacgggtccccatAGGCCATTATATATGCCATTACGGTACTTATCGTTTCGTGTCCCTGCGCTATCGGTTTGGCTGTACCCATAGTTTTCGTGATCGCTTCCGGTGTtcggtattatcccggtaagtgtggactatatttGGGATGGACGCGAAC
PCA1:Start-2907|CAD2.min:2908-End|RT:47_nt_each ATCCCAGCAGCCCAAgcgacaacggtttaggtgggtacgggtccccatGTGTTTCTGCTCAAAATGTTTCTAATACAAAAGCTGTGACTGGTAAGGGAGTGGAGGGTACGAGTTATAGCGGCCTTAAACTTCAGGGCGGTAAtcggtattatcccggtaagtgtggactatatttGGGATGGACGCGAAC
PCA1:Start-3339|CAD2.min:3340-End|RT:47_nt_each ATCCCAGCAGCCCAAgcgacaacggtttaggtgggtacgggtccccatAAAGACCGGTTGTTGTTTTTTGCGGTGACGGAACAAACGACGCAATTGCCCTTACCCAGGCCACTATCGGTGTGCACATAAACGAAGGTTCAGAtcggtattatcccggtaagtgtggactatatttGGGATGGACGCGAAC
PCA1:Start-3624|CAD2.min:3625-End|RT:47_nt_each ATCCCAGCAGCCCAAgcgacaacggtttaggtgggtacgggtccccatCGGGTTTAGGGGAACTAGTTAGTATCCTCCCTGTAATTTTTGTAGCTACTTTATTAAGGTACGCTAAAGTGTGATCCAGGTACTGCTGCTATTTtcggtattatcccggtaagtgtggactatatttGGGATGGACGCGAAC
PCA1:Start-3645|CAD2.min:3646-End|RT:47_nt_each ATCCCAGCAGCCCAAgcgacaacggtttaggtgggtacgggtccccatGTATCCTCCCTGTAATTTTTGTAGCTATACTTCTGCGTTATGCAAAGGTGTGATCCAGGTACTGCTGCTATTTGATTGTAGATTTTCTTTTTTCtcggtattatcccggtaagtgtggactatatttGGGATGGACGCGAAC
PCA1:Start-3648|CAD2.min:3649-End|RT:47_nt_each ATCCCAGCAGCCCAAgcgacaacggtttaggtgggtacgggtccccatTCCTCCCTGTAATTTTTGTAGCTATACTTCTGCGTTATGCAAAGATTTGATCCAGGTACTGCTGCTATTTGATTGTAGATTTTCTTTTTTCTTTtcggtattatcccggtaagtgtggactatatttGGGATGGACGCGAAC
PCA1:Start-114|CAD2.min:115-End|RT:55_nt_each ATCCCAGCAGCCCAAgcgacaacggtttaggtgggtacggAAATAGCGAGAACATATCAATAGATGCTATGCAAGATAATAGAGGCGAGTGTCATTTACGTAGTATCGAGCGACACGCCAACGATAACTTAGGTCTCGTTAGTCAAAGGGatcccggtaagtgtggactatatttGGGATGGACGCGAAC
PCA1:Start-129|CAD2.min:130-End|RT:55_nt_each ATCCCAGCAGCCCAAgcgacaacggtttaggtgggtacggATCAATAGATGCTATGCAAGATAATAGAGGCGAGTGTCATCGTAGATCCATAGAACGACACGCCAACGATAACTTAGGTCTCGTTAGTCAAAGGGATTGCACAAACAGACatcccggtaagtgtggactatatttGGGATGGACGCGAAC
PCA1:Start-426|CAD2.min:427-End|RT:55_nt_each ATCCCAGCAGCCCAAgcgacaacggtttaggtgggtacggCTGTTGCGGCGATGCTCAAACAGGTGGTGACCACACCAATGAATCCTGTGTTGATGAGTGTTGTGTACGTGACAGCAGCGTCATGGTTGAAGAGGGAACCGGTTCTTGTGatcccggtaagtgtggactatatttGGGATGGACGCGAAC
PCA1:Start-465|CAD2.min:466-End|RT:55_nt_each ATCCCAGCAGCCCAAgcgacaacggtttaggtgggtacggTGAATCCTGTGTTGATGGATGCTGCGTTAGAGATTCTTCAGTGATGGTCGAGGAAGGAACCGGTTCTTGTGAGGCGGTTAGCAGCAAGGAGCAGCTTTTAACATCGTTCGatcccggtaagtgtggactatatttGGGATGGACGCGAAC
PCA1:Start-627|CAD2.min:628-End|RT:55_nt_each ATCCCAGCAGCCCAAgcgacaacggtttaggtgggtacggGACAACTCGCTGCAATACCAATTCCAACCAACACACAGGGAAGGGTAGGCTTTGCCTAGAGAGTTCCGATAGCACTTTAAAGAAGCGTCGATGCAAGGTATCGCGTCAAAatcccggtaagtgtggactatatttGGGATGGACGCGAAC
PCA1:Start-660|CAD2.min:661-End|RT:55_nt_each ATCCCAGCAGCCCAAgcgacaacggtttaggtgggtacggCACAGGGAAGGGTAGGCTTTGCATCGAATCAAGTGACTCTACACTCAAGAAAAGACGATGCAAGGTATCGCGTCAAAAGATAGAAGTAAGTTCAAAACCAGAATGTTGTAatcccggtaagtgtggactatatttGGGATGGACGCGAAC
PCA1:Start-774|CAD2.min:775-End|RT:55_nt_each ATCCCAGCAGCCCAAgcgacaacggtttaggtgggtacggTTCATGTGTTGAGCGGATTGCATCTCGTAGCTGTGAAAAGAGGACTTTTAAAGGTACTACGAACGTCGGTATCAGCGGTTCATCAAGCACTGATTCACTTTCTGAAAAGTatcccggtaagtgtggactatatttGGGATGGACGCGAAC
PCA1:Start-1032|CAD2.min:1033-End|RT:55_nt_each ATCCCAGCAGCCCAAgcgacaacggtttaggtgggtacggAAAGACAAAATACTCCTACCGCAACAGTTCTGGATGTTTAACAAAGAAAAAGACCTACGGTGATAAGGAGCGACTTTCTAACGATAACGGTCACGCAGACTTCGTCTGCAatcccggtaagtgtggactatatttGGGATGGACGCGAAC
PCA1:Start-1188|CAD2.min:1189-End|RT:55_nt_each ATCCCAGCAGCCCAAgcgacaacggtttaggtgggtacggTATTTCTGGACACTCTTCGAGTGAAATTTCAAGAATCGTATCAATGGAACCAATTGGCAACCACTTGAACTTGGAAGCGGGGAGCACTGGGACTGAACATATAGTGTTATatcccggtaagtgtggactatatttGGGATGGACGCGAAC
PCA1:Start-1257|CAD2.min:1258-End|RT:55_nt_each ATCCCAGCAGCCCAAgcgacaacggtttaggtgggtacggTCTTGAGGCAGGATCTACCGGTACCGAGCACATTGTTCTTAGTGTTTCAGGAATGACATGCACCGGCTGCGAGACTAAGTTAAAGAAGAGCTTCGGTGCATTGAAGTGCGatcccggtaagtgtggactatatttGGGATGGACGCGAAC
PCA1:Start-1275|CAD2.min:1276-End|RT:55_nt_each ATCCCAGCAGCCCAAgcgacaacggtttaggtgggtacggCGGTACCGAGCACATTGTTCTTAGTGTTTCAGGAATGTCCTGTACTGGTTGTGAAACTAAGTTAAAGAAGAGCTTCGGTGCATTGAAGTGCGTCCATGGGCTAAAGACATatcccggtaagtgtggactatatttGGGATGGACGCGAAC
PCA1:Start-1446|CAD2.min:1447-End|RT:55_nt_each ATCCCAGCAGCCCAAgcgacaacggtttaggtgggtacggTATCAAGCACTTGAGCAAAACTACTGAATTCAAGTACGAACAGATTTCAAATCATGCGAGCACCATTGACGTCGTGGCACCATACGCTGCTAAGGACTTCATCAACGAAGatcccggtaagtgtggactatatttGGGATGGACGCGAAC
PCA1:Start-1467|CAD2.min:1468-End|RT:55_nt_each ATCCCAGCAGCCCAAgcgacaacggtttaggtgggtacggTACTGAATTCAAGTACGAACAGATTTCAAATCATGGTTCAACTATAGATGTTGTTGCACCATACGCTGCTAAGGACTTCATCAACGAAGAGTGGCCCCAGGGCGTGACTGatcccggtaagtgtggactatatttGGGATGGACGCGAAC
PCA1:Start-1545|CAD2.min:1546-End|RT:55_nt_each ATCCCAGCAGCCCAAgcgacaacggtttaggtgggtacggTATTAATGAGGAATGGCCACAAGGTGTCACAGAGCTGAAAATTGTTGAGAGAAATGTTATCAGAATATATTTCGATCCTAAAGTAATCGGGGCACGGGACTTAGTTAACGatcccggtaagtgtggactatatttGGGATGGACGCGAAC
PCA1:Start-1770|CAD2.min:1771-End|RT:55_nt_each ATCCCAGCAGCCCAAgcgacaacggtttaggtgggtacggGATCCCGATTCTCGTGATGGCTTGGGCTCCACAGCTTCGTGAAAAAATTTCCACTATGAGTGTAAGCATGGTCTTGGCTACAATAATCCAGTTCGTGATCGCGGGTCCATatcccggtaagtgtggactatatttGGGATGGACGCGAAC
PCA1:Start-1773|CAD2.min:1774-End|RT:55_nt_each ATCCCAGCAGCCCAAgcgacaacggtttaggtgggtacggCCCGATTCTCGTGATGGCTTGGGCTCCACAGCTTCGTGAAAAAATTTCCACTATCAGTGTAAGCATGGTCTTGGCTACAATAATCCAGTTCGTGATCGCGGGTCCATTCTatcccggtaagtgtggactatatttGGGATGGACGCGAAC
PCA1:Start-1944|CAD2.min:1945-End|RT:55_nt_each ATCCCAGCAGCCCAAgcgacaacggtttaggtgggtacggTTTAAGCACTAGCGCTGCCTACATATTTTCGATTGTATCATTTGGATATTTCGTTGCCGGGCATCCCCTTAGCACAGAACAATTCTTCGAGACTTCAAGCCTTTTGGTCAatcccggtaagtgtggactatatttGGGATGGACGCGAAC
PCA1:Start-1947|CAD2.min:1948-End|RT:55_nt_each ATCCCAGCAGCCCAAgcgacaacggtttaggtgggtacggAAGCACTAGCGCTGCCTACATATTTTCGATTGTATCATTTGGATATTTCGTTGTTGGGCATCCCCTTAGCACAGAACAATTCTTCGAGACTTCAAGCCTTTTGGTCACGTatcccggtaagtgtggactatatttGGGATGGACGCGAAC
PCA1:Start-2127|CAD2.min:2128-End|RT:55_nt_each ATCCCAGCAGCCCAAgcgacaacggtttaggtgggtacggCTTACAGGCCTCTTCTGCTATTCTGGTGGATAAAACTGGTAAAGAGACGGAAATTGACATCCGTTTGTTACAGTACGGTGACATATTCAAAATCCTCCCCGACAGCCGTAatcccggtaagtgtggactatatttGGGATGGACGCGAAC
PCA1:Start-2163|CAD2.min:2164-End|RT:55_nt_each ATCCCAGCAGCCCAAgcgacaacggtttaggtgggtacggTGGTAAAGAGACGGAAATTAATATTAGACTTCTCCAATATGGCGATATTTTTAAGATCCTCCCCGACAGCCGTATTCCTACAGACGGTACCGTTATCAGCGGTAGCAGCGatcccggtaagtgtggactatatttGGGATGGACGCGAAC
PCA1:Start-2505|CAD2.min:2506-End|RT:55_nt_each ATCCCAGCAGCCCAAgcgacaacggtttaggtgggtacggCATTGGAATCACTGTCGTCACCTTTTGCGTTTGGATAGCGGTTGGAATCCGTGTGCAGAAACAGAGTAGAAGTGACGCTGTTATACAAGCTATCATCTACGCGATCACTGatcccggtaagtgtggactatatttGGGATGGACGCGAAC
PCA1:Start-2583|CAD2.min:2584-End|RT:55_nt_each ATCCCAGCAGCCCAAgcgacaacggtttaggtgggtacggCGTAATTCAGGCCATTATATATGCCATTACGGTACTTATCGTTTCGTGTCCCTGCGCTATCGGTTTGGCTGTACCCATAGTTTTCGTGATCGCTTCCGGTGTTGCAGCAAatcccggtaagtgtggactatatttGGGATGGACGCGAAC
PCA1:Start-2907|CAD2.min:2908-End|RT:55_nt_each ATCCCAGCAGCCCAAgcgacaacggtttaggtgggtacggAGAAAAAGGTGTTTCTGCTCAAAATGTTTCTAATACAAAAGCTGTGACTGGTAAGGGAGTGGAGGGTACGAGTTATAGCGGCCTTAAACTTCAGGGCGGTAATTGCAGATatcccggtaagtgtggactatatttGGGATGGACGCGAAC
PCA1:Start-3339|CAD2.min:3340-End|RT:55_nt_each ATCCCAGCAGCCCAAgcgacaacggtttaggtgggtacggGCAGTCAAAAAGACCGGTTGTTGTTTTTTGCGGTGACGGAACAAACGACGCAATTGCCCTTACCCAGGCCACTATCGGTGTGCACATAAACGAAGGTTCAGAAGTCGCGAatcccggtaagtgtggactatatttGGGATGGACGCGAAC
PCA1:Start-3624|CAD2.min:3625-End|RT:55_nt_each ATCCCAGCAGCCCAAgcgacaacggtttaggtgggtacggAGAGTATGCGGGTTTAGGGGAACTAGTTAGTATCCTCCCTGTAATTTTTGTAGCTACTTTATTAAGGTACGCTAAAGTGTGATCCAGGTACTGCTGCTATTTGATTGTAGatcccggtaagtgtggactatatttGGGATGGACGCGAAC
PCA1:Start-3645|CAD2.min:3646-End|RT:55_nt_each ATCCCAGCAGCCCAAgcgacaacggtttaggtgggtacggACTAGTTAGTATCCTCCCTGTAATTTTTGTAGCTATACTTCTGCGTTATGCAAAGGTGTGATCCAGGTACTGCTGCTATTTGATTGTAGATTTTCTTTTTTCTTTTCTTTatcccggtaagtgtggactatatttGGGATGGACGCGAAC
PCA1:Start-3648|CAD2.min:3649-End|RT:55_nt_each ATCCCAGCAGCCCAAgcgacaacggtttaggtgggtacggAGTTAGTATCCTCCCTGTAATTTTTGTAGCTATACTTCTGCGTTATGCAAAGATTTGATCCAGGTACTGCTGCTATTTGATTGTAGATTTTCTTTTTTCTTTTCTTTTTTatcccggtaagtgtggactatatttGGGATGGACGCGAAC
PCA1:Start-114|CAD2.min:115-End|RT:64_nt_each ATCCCAGCAGCCCAAgcgacaacggtttaggTGGAGTGGTAAATAGCGAGAACATATCAATAGATGCTATGCAAGATAATAGAGGCGAGTGTCATTTACGTAGTATCGAGCGACACGCCAACGATAACTTAGGTCTCGTTAGTCAAAGGGATTGCACAAagtgtggactatatttGGGATGGACGCGAAC
PCA1:Start-129|CAD2.min:130-End|RT:64_nt_each ATCCCAGCAGCCCAAgcgacaacggtttaggCGAGAACATATCAATAGATGCTATGCAAGATAATAGAGGCGAGTGTCATCGTAGATCCATAGAACGACACGCCAACGATAACTTAGGTCTCGTTAGTCAAAGGGATTGCACAAACAGACCAAAGATAAagtgtggactatatttGGGATGGACGCGAAC
PCA1:Start-426|CAD2.min:427-End|RT:64_nt_each ATCCCAGCAGCCCAAgcgacaacggtttaggTGTGGACAGCTGTTGCGGCGATGCTCAAACAGGTGGTGACCACACCAATGAATCCTGTGTTGATGAGTGTTGTGTACGTGACAGCAGCGTCATGGTTGAAGAGGGAACCGGTTCTTGTGAGGCGGTTAagtgtggactatatttGGGATGGACGCGAAC
PCA1:Start-465|CAD2.min:466-End|RT:64_nt_each ATCCCAGCAGCCCAAgcgacaacggtttaggCCACACCAATGAATCCTGTGTTGATGGATGCTGCGTTAGAGATTCTTCAGTGATGGTCGAGGAAGGAACCGGTTCTTGTGAGGCGGTTAGCAGCAAGGAGCAGCTTTTAACATCGTTCGAGGTAGTGCagtgtggactatatttGGGATGGACGCGAAC
PCA1:Start-627|CAD2.min:628-End|RT:64_nt_each ATCCCAGCAGCCCAAgcgacaacggtttaggTATTAGAGAGACAACTCGCTGCAATACCAATTCCAACCAACACACAGGGAAGGGTAGGCTTTGCCTAGAGAGTTCCGATAGCACTTTAAAGAAGCGTCGATGCAAGGTATCGCGTCAAAAGATAGAAGagtgtggactatatttGGGATGGACGCGAAC
PCA1:Start-660|CAD2.min:661-End|RT:64_nt_each ATCCCAGCAGCCCAAgcgacaacggtttaggCAACCAACACACAGGGAAGGGTAGGCTTTGCATCGAATCAAGTGACTCTACACTCAAGAAAAGACGATGCAAGGTATCGCGTCAAAAGATAGAAGTAAGTTCAAAACCAGAATGTTGTAATATAAGTTagtgtggactatatttGGGATGGACGCGAAC
PCA1:Start-774|CAD2.min:775-End|RT:64_nt_each ATCCCAGCAGCCCAAgcgacaacggtttaggCTGCAACATTTCATGTGTTGAGCGGATTGCATCTCGTAGCTGTGAAAAGAGGACTTTTAAAGGTACTACGAACGTCGGTATCAGCGGTTCATCAAGCACTGATTCACTTTCTGAAAAGTTCTTCTCAGagtgtggactatatttGGGATGGACGCGAAC
PCA1:Start-1032|CAD2.min:1033-End|RT:64_nt_each ATCCCAGCAGCCCAAgcgacaacggtttaggTGCTTCTAAAAAGACAAAATACTCCTACCGCAACAGTTCTGGATGTTTAACAAAGAAAAAGACCTACGGTGATAAGGAGCGACTTTCTAACGATAACGGTCACGCAGACTTCGTCTGCAGCAAGTCCTagtgtggactatatttGGGATGGACGCGAAC
PCA1:Start-1188|CAD2.min:1189-End|RT:64_nt_each ATCCCAGCAGCCCAAgcgacaacggtttaggTACCTCAACTATTTCTGGACACTCTTCGAGTGAAATTTCAAGAATCGTATCAATGGAACCAATTGGCAACCACTTGAACTTGGAAGCGGGGAGCACTGGGACTGAACATATAGTGTTATCCGTAAGTGagtgtggactatatttGGGATGGACGCGAAC
PCA1:Start-1257|CAD2.min:1258-End|RT:64_nt_each ATCCCAGCAGCCCAAgcgacaacggtttaggTCATCTTAATCTTGAGGCAGGATCTACCGGTACCGAGCACATTGTTCTTAGTGTTTCAGGAATGACATGCACCGGCTGCGAGACTAAGTTAAAGAAGAGCTTCGGTGCATTGAAGTGCGTCCATGGGCagtgtggactatatttGGGATGGACGCGAAC
PCA1:Start-1275|CAD2.min:1276-End|RT:64_nt_each ATCCCAGCAGCCCAAgcgacaacggtttaggAGGATCTACCGGTACCGAGCACATTGTTCTTAGTGTTTCAGGAATGTCCTGTACTGGTTGTGAAACTAAGTTAAAGAAGAGCTTCGGTGCATTGAAGTGCGTCCATGGGCTAAAGACATCCCTTATTCagtgtggactatatttGGGATGGACGCGAAC
PCA1:Start-1446|CAD2.min:1447-End|RT:64_nt_each ATCCCAGCAGCCCAAgcgacaacggtttaggCAAGGATGTTATCAAGCACTTGAGCAAAACTACTGAATTCAAGTACGAACAGATTTCAAATCATGCGAGCACCATTGACGTCGTGGCACCATACGCTGCTAAGGACTTCATCAACGAAGAGTGGCCCCagtgtggactatatttGGGATGGACGCGAAC
PCA1:Start-1467|CAD2.min:1468-End|RT:64_nt_each ATCCCAGCAGCCCAAgcgacaacggtttaggGAGCAAAACTACTGAATTCAAGTACGAACAGATTTCAAATCATGGTTCAACTATAGATGTTGTTGCACCATACGCTGCTAAGGACTTCATCAACGAAGAGTGGCCCCAGGGCGTGACTGAATTAAAGAagtgtggactatatttGGGATGGACGCGAAC
PCA1:Start-1545|CAD2.min:1546-End|RT:64_nt_each ATCCCAGCAGCCCAAgcgacaacggtttaggAAAAGATTTTATTAATGAGGAATGGCCACAAGGTGTCACAGAGCTGAAAATTGTTGAGAGAAATGTTATCAGAATATATTTCGATCCTAAAGTAATCGGGGCACGGGACTTAGTTAACGAGGGTTGGTagtgtggactatatttGGGATGGACGCGAAC
PCA1:Start-1770|CAD2.min:1771-End|RT:64_nt_each ATCCCAGCAGCCCAAgcgacaacggtttaggAATATTGACGATCCCGATTCTCGTGATGGCTTGGGCTCCACAGCTTCGTGAAAAAATTTCCACTATGAGTGTAAGCATGGTCTTGGCTACAATAATCCAGTTCGTGATCGCGGGTCCATTCTATCTCAagtgtggactatatttGGGATGGACGCGAAC
PCA1:Start-1773|CAD2.min:1774-End|RT:64_nt_each ATCCCAGCAGCCCAAgcgacaacggtttaggATTGACGATCCCGATTCTCGTGATGGCTTGGGCTCCACAGCTTCGTGAAAAAATTTCCACTATCAGTGTAAGCATGGTCTTGGCTACAATAATCCAGTTCGTGATCGCGGGTCCATTCTATCTCAACGagtgtggactatatttGGGATGGACGCGAAC
PCA1:Start-1944|CAD2.min:1945-End|RT:64_nt_each ATCCCAGCAGCCCAAgcgacaacggtttaggACTAATAGTTTTAAGCACTAGCGCTGCCTACATATTTTCGATTGTATCATTTGGATATTTCGTTGCCGGGCATCCCCTTAGCACAGAACAATTCTTCGAGACTTCAAGCCTTTTGGTCACGTTGATTAagtgtggactatatttGGGATGGACGCGAAC
PCA1:Start-1947|CAD2.min:1948-End|RT:64_nt_each ATCCCAGCAGCCCAAgcgacaacggtttaggAATAGTTTTAAGCACTAGCGCTGCCTACATATTTTCGATTGTATCATTTGGATATTTCGTTGTTGGGCATCCCCTTAGCACAGAACAATTCTTCGAGACTTCAAGCCTTTTGGTCACGTTGATTATGGagtgtggactatatttGGGATGGACGCGAAC
PCA1:Start-2127|CAD2.min:2128-End|RT:64_nt_each ATCCCAGCAGCCCAAgcgacaacggtttaggAGTACGTTCCTTACAGGCCTCTTCTGCTATTCTGGTGGATAAAACTGGTAAAGAGACGGAAATTGACATCCGTTTGTTACAGTACGGTGACATATTCAAAATCCTCCCCGACAGCCGTATTCCTACAGagtgtggactatatttGGGATGGACGCGAAC
PCA1:Start-2163|CAD2.min:2164-End|RT:64_nt_each ATCCCAGCAGCCCAAgcgacaacggtttaggGGATAAAACTGGTAAAGAGACGGAAATTAATATTAGACTTCTCCAATATGGCGATATTTTTAAGATCCTCCCCGACAGCCGTATTCCTACAGACGGTACCGTTATCAGCGGTAGCAGCGAGGTTGATGagtgtggactatatttGGGATGGACGCGAAC
PCA1:Start-2505|CAD2.min:2506-End|RT:64_nt_each ATCCCAGCAGCCCAAgcgacaacggtttaggGCCAACTATCATTGGAATCACTGTCGTCACCTTTTGCGTTTGGATAGCGGTTGGAATCCGTGTGCAGAAACAGAGTAGAAGTGACGCTGTTATACAAGCTATCATCTACGCGATCACTGTGTTGATTGagtgtggactatatttGGGATGGACGCGAAC
PCA1:Start-2583|CAD2.min:2584-End|RT:64_nt_each ATCCCAGCAGCCCAAgcgacaacggtttaggCTCCGATGCCGTAATTCAGGCCATTATATATGCCATTACGGTACTTATCGTTTCGTGTCCCTGCGCTATCGGTTTGGCTGTACCCATAGTTTTCGTGATCGCTTCCGGTGTTGCAGCAAAGCGTGGCGagtgtggactatatttGGGATGGACGCGAAC
PCA1:Start-2907|CAD2.min:2908-End|RT:64_nt_each ATCCCAGCAGCCCAAgcgacaacggtttaggCTATCTCAAAGAAAAAGGTGTTTCTGCTCAAAATGTTTCTAATACAAAAGCTGTGACTGGTAAGGGAGTGGAGGGTACGAGTTATAGCGGCCTTAAACTTCAGGGCGGTAATTGCAGATGGTTAGGCCagtgtggactatatttGGGATGGACGCGAAC
PCA1:Start-3339|CAD2.min:3340-End|RT:64_nt_each ATCCCAGCAGCCCAAgcgacaacggtttaggTAGTTCTTCGCAGTCAAAAAGACCGGTTGTTGTTTTTTGCGGTGACGGAACAAACGACGCAATTGCCCTTACCCAGGCCACTATCGGTGTGCACATAAACGAAGGTTCAGAAGTCGCGAAATTGGCAGagtgtggactatatttGGGATGGACGCGAAC
PCA1:Start-3624|CAD2.min:3625-End|RT:64_nt_each ATCCCAGCAGCCCAAgcgacaacggtttaggTATTCCACCAGAGTATGCGGGTTTAGGGGAACTAGTTAGTATCCTCCCTGTAATTTTTGTAGCTACTTTATTAAGGTACGCTAAAGTGTGATCCAGGTACTGCTGCTATTTGATTGTAGATTTTCTTTagtgtggactatatttGGGATGGACGCGAAC
PCA1:Start-3645|CAD2.min:3646-End|RT:64_nt_each ATCCCAGCAGCCCAAgcgacaacggtttaggTTTAGGGGAACTAGTTAGTATCCTCCCTGTAATTTTTGTAGCTATACTTCTGCGTTATGCAAAGGTGTGATCCAGGTACTGCTGCTATTTGATTGTAGATTTTCTTTTTTCTTTTCTTTTTTTTTTTTagtgtggactatatttGGGATGGACGCGAAC
PCA1:Start-3648|CAD2.min:3649-End|RT:64_nt_each ATCCCAGCAGCCCAAgcgacaacggtttaggAGGGGAACTAGTTAGTATCCTCCCTGTAATTTTTGTAGCTATACTTCTGCGTTATGCAAAGATTTGATCCAGGTACTGCTGCTATTTGATTGTAGATTTTCTTTTTTCTTTTCTTTTTTTTTTTTGACagtgtggactatatttGGGATGGACGCGAAC
PCA1:Start-114|CAD2.min:115-End|RT:74_nt_each ATCCCAGCAGCCCAAgcgacaATGGCGAGTATGGAGTGGTAAATAGCGAGAACATATCAATAGATGCTATGCAAGATAATAGAGGCGAGTGTCATTTACGTAGTATCGAGCGACACGCCAACGATAACTTAGGTCTCGTTAGTCAAAGGGATTGCACAAACAGACCAAAatatttGGGATGGACGCGAAC
PCA1:Start-129|CAD2.min:130-End|RT:74_nt_each ATCCCAGCAGCCCAAgcgacaTGGTAAATAGCGAGAACATATCAATAGATGCTATGCAAGATAATAGAGGCGAGTGTCATCGTAGATCCATAGAACGACACGCCAACGATAACTTAGGTCTCGTTAGTCAAAGGGATTGCACAAACAGACCAAAGATAACCCCACAAGAatatttGGGATGGACGCGAAC
PCA1:Start-426|CAD2.min:427-End|RT:74_nt_each ATCCCAGCAGCCCAAgcgacaCTGGCTTGGATGTGGACAGCTGTTGCGGCGATGCTCAAACAGGTGGTGACCACACCAATGAATCCTGTGTTGATGAGTGTTGTGTACGTGACAGCAGCGTCATGGTTGAAGAGGGAACCGGTTCTTGTGAGGCGGTTAGCAGCAAGGAatatttGGGATGGACGCGAAC
PCA1:Start-465|CAD2.min:466-End|RT:74_nt_each ATCCCAGCAGCCCAAgcgacaCAGGTGGTGACCACACCAATGAATCCTGTGTTGATGGATGCTGCGTTAGAGATTCTTCAGTGATGGTCGAGGAAGGAACCGGTTCTTGTGAGGCGGTTAGCAGCAAGGAGCAGCTTTTAACATCGTTCGAGGTAGTGCCCTCAAAGAGatatttGGGATGGACGCGAAC
PCA1:Start-627|CAD2.min:628-End|RT:74_nt_each ATCCCAGCAGCCCAAgcgacaCTATTCATGATATTAGAGAGACAACTCGCTGCAATACCAATTCCAACCAACACACAGGGAAGGGTAGGCTTTGCCTAGAGAGTTCCGATAGCACTTTAAAGAAGCGTCGATGCAAGGTATCGCGTCAAAAGATAGAAGTAAGTTCAAAatatttGGGATGGACGCGAAC
PCA1:Start-660|CAD2.min:661-End|RT:74_nt_each ATCCCAGCAGCCCAAgcgacaATACCAATTCCAACCAACACACAGGGAAGGGTAGGCTTTGCATCGAATCAAGTGACTCTACACTCAAGAAAAGACGATGCAAGGTATCGCGTCAAAAGATAGAAGTAAGTTCAAAACCAGAATGTTGTAATATAAGTTGCGTGGAAAGatatttGGGATGGACGCGAAC
PCA1:Start-774|CAD2.min:775-End|RT:74_nt_each ATCCCAGCAGCCCAAgcgacaAGCCTGAGTGCTGCAACATTTCATGTGTTGAGCGGATTGCATCTCGTAGCTGTGAAAAGAGGACTTTTAAAGGTACTACGAACGTCGGTATCAGCGGTTCATCAAGCACTGATTCACTTTCTGAAAAGTTCTTCTCAGAGCAATATAGatatttGGGATGGACGCGAAC
PCA1:Start-1032|CAD2.min:1033-End|RT:74_nt_each ATCCCAGCAGCCCAAgcgacaGCGGGGAGGGTGCTTCTAAAAAGACAAAATACTCCTACCGCAACAGTTCTGGATGTTTAACAAAGAAAAAGACCTACGGTGATAAGGAGCGACTTTCTAACGATAACGGTCACGCAGACTTCGTCTGCAGCAAGTCCTGCTGTACCAAatatttGGGATGGACGCGAAC
PCA1:Start-1188|CAD2.min:1189-End|RT:74_nt_each ATCCCAGCAGCCCAAgcgacaATTGTGCTGTTACCTCAACTATTTCTGGACACTCTTCGAGTGAAATTTCAAGAATCGTATCAATGGAACCAATTGGCAACCACTTGAACTTGGAAGCGGGGAGCACTGGGACTGAACATATAGTGTTATCCGTAAGTGGTATGACATGatatttGGGATGGACGCGAAC
PCA1:Start-1257|CAD2.min:1258-End|RT:74_nt_each ATCCCAGCAGCCCAAgcgacaCAATTGAAAATCATCTTAATCTTGAGGCAGGATCTACCGGTACCGAGCACATTGTTCTTAGTGTTTCAGGAATGACATGCACCGGCTGCGAGACTAAGTTAAAGAAGAGCTTCGGTGCATTGAAGTGCGTCCATGGGCTAAAGACATCatatttGGGATGGACGCGAAC
PCA1:Start-1275|CAD2.min:1276-End|RT:74_nt_each ATCCCAGCAGCCCAAgcgacaATCTTGAGGCAGGATCTACCGGTACCGAGCACATTGTTCTTAGTGTTTCAGGAATGTCCTGTACTGGTTGTGAAACTAAGTTAAAGAAGAGCTTCGGTGCATTGAAGTGCGTCCATGGGCTAAAGACATCCCTTATTCTTAGCCAGGCatatttGGGATGGACGCGAAC
PCA1:Start-1446|CAD2.min:1447-End|RT:74_nt_each ATCCCAGCAGCCCAAgcgacaAGGGATCTGTCAAGGATGTTATCAAGCACTTGAGCAAAACTACTGAATTCAAGTACGAACAGATTTCAAATCATGCGAGCACCATTGACGTCGTGGCACCATACGCTGCTAAGGACTTCATCAACGAAGAGTGGCCCCAGGGCGTGACatatttGGGATGGACGCGAAC
PCA1:Start-1467|CAD2.min:1468-End|RT:74_nt_each ATCCCAGCAGCCCAAgcgacaTCAAGCACTTGAGCAAAACTACTGAATTCAAGTACGAACAGATTTCAAATCATGGTTCAACTATAGATGTTGTTGCACCATACGCTGCTAAGGACTTCATCAACGAAGAGTGGCCCCAGGGCGTGACTGAATTAAAGATCGTAGAACGatatttGGGATGGACGCGAAC
PCA1:Start-1545|CAD2.min:1546-End|RT:74_nt_each ATCCCAGCAGCCCAAgcgacaCTTATGCAGCAAAAGATTTTATTAATGAGGAATGGCCACAAGGTGTCACAGAGCTGAAAATTGTTGAGAGAAATGTTATCAGAATATATTTCGATCCTAAAGTAATCGGGGCACGGGACTTAGTTAACGAGGGTTGGTCTGTTCCAGTatatttGGGATGGACGCGAAC
PCA1:Start-1770|CAD2.min:1771-End|RT:74_nt_each ATCCCAGCAGCCCAAgcgacaCTTTATCCATAATATTGACGATCCCGATTCTCGTGATGGCTTGGGCTCCACAGCTTCGTGAAAAAATTTCCACTATGAGTGTAAGCATGGTCTTGGCTACAATAATCCAGTTCGTGATCGCGGGTCCATTCTATCTCAACGCACTTAAatatttGGGATGGACGCGAAC
PCA1:Start-1773|CAD2.min:1774-End|RT:74_nt_each ATCCCAGCAGCCCAAgcgacaTATCCATAATATTGACGATCCCGATTCTCGTGATGGCTTGGGCTCCACAGCTTCGTGAAAAAATTTCCACTATCAGTGTAAGCATGGTCTTGGCTACAATAATCCAGTTCGTGATCGCGGGTCCATTCTATCTCAACGCACTTAAATCatatttGGGATGGACGCGAAC
PCA1:Start-1944|CAD2.min:1945-End|RT:74_nt_each ATCCCAGCAGCCCAAgcgacaAAATGGATCTACTAATAGTTTTAAGCACTAGCGCTGCCTACATATTTTCGATTGTATCATTTGGATATTTCGTTGCCGGGCATCCCCTTAGCACAGAACAATTCTTCGAGACTTCAAGCCTTTTGGTCACGTTGATTATGGTGGGCAGatatttGGGATGGACGCGAAC
PCA1:Start-1947|CAD2.min:1948-End|RT:74_nt_each ATCCCAGCAGCCCAAgcgacaTGGATCTACTAATAGTTTTAAGCACTAGCGCTGCCTACATATTTTCGATTGTATCATTTGGATATTTCGTTGTTGGGCATCCCCTTAGCACAGAACAATTCTTCGAGACTTCAAGCCTTTTGGTCACGTTGATTATGGTGGGCAGGTTatatttGGGATGGACGCGAAC
PCA1:Start-2127|CAD2.min:2128-End|RT:74_nt_each ATCCCAGCAGCCCAAgcgacaAGTCAATATCAGTACGTTCCTTACAGGCCTCTTCTGCTATTCTGGTGGATAAAACTGGTAAAGAGACGGAAATTGACATCCGTTTGTTACAGTACGGTGACATATTCAAAATCCTCCCCGACAGCCGTATTCCTACAGACGGTACCGTatatttGGGATGGACGCGAAC
PCA1:Start-2163|CAD2.min:2164-End|RT:74_nt_each ATCCCAGCAGCCCAAgcgacaCTATTCTGGTGGATAAAACTGGTAAAGAGACGGAAATTAATATTAGACTTCTCCAATATGGCGATATTTTTAAGATCCTCCCCGACAGCCGTATTCCTACAGACGGTACCGTTATCAGCGGTAGCAGCGAGGTTGATGAGGCTCTTATatatttGGGATGGACGCGAAC
PCA1:Start-2505|CAD2.min:2506-End|RT:74_nt_each ATCCCAGCAGCCCAAgcgacaGTTATTTCGTGCCAACTATCATTGGAATCACTGTCGTCACCTTTTGCGTTTGGATAGCGGTTGGAATCCGTGTGCAGAAACAGAGTAGAAGTGACGCTGTTATACAAGCTATCATCTACGCGATCACTGTGTTGATTGTCAGCTGCCCatatttGGGATGGACGCGAAC
PCA1:Start-2583|CAD2.min:2584-End|RT:74_nt_each ATCCCAGCAGCCCAAgcgacaAGCAATCCCGCTCCGATGCCGTAATTCAGGCCATTATATATGCCATTACGGTACTTATCGTTTCGTGTCCCTGCGCTATCGGTTTGGCTGTACCCATAGTTTTCGTGATCGCTTCCGGTGTTGCAGCAAAGCGTGGCGTGATATTTAAatatttGGGATGGACGCGAAC
PCA1:Start-2907|CAD2.min:2908-End|RT:74_nt_each ATCCCAGCAGCCCAAgcgacaCAATAGCATCCTATCTCAAAGAAAAAGGTGTTTCTGCTCAAAATGTTTCTAATACAAAAGCTGTGACTGGTAAGGGAGTGGAGGGTACGAGTTATAGCGGCCTTAAACTTCAGGGCGGTAATTGCAGATGGTTAGGCCACAATAACGAatatttGGGATGGACGCGAAC
PCA1:Start-3339|CAD2.min:3340-End|RT:74_nt_each ATCCCAGCAGCCCAAgcgacaGAAATTGCGATAGTTCTTCGCAGTCAAAAAGACCGGTTGTTGTTTTTTGCGGTGACGGAACAAACGACGCAATTGCCCTTACCCAGGCCACTATCGGTGTGCACATAAACGAAGGTTCAGAAGTCGCGAAATTGGCAGCAGACGTTGTatatttGGGATGGACGCGAAC
PCA1:Start-3624|CAD2.min:3625-End|RT:74_nt_each ATCCCAGCAGCCCAAgcgacaTTGACTTTCATATTCCACCAGAGTATGCGGGTTTAGGGGAACTAGTTAGTATCCTCCCTGTAATTTTTGTAGCTACTTTATTAAGGTACGCTAAAGTGTGATCCAGGTACTGCTGCTATTTGATTGTAGATTTTCTTTTTTCTTTTCTatatttGGGATGGACGCGAAC
PCA1:Start-3645|CAD2.min:3646-End|RT:74_nt_each ATCCCAGCAGCCCAAgcgacaAGTATGCGGGTTTAGGGGAACTAGTTAGTATCCTCCCTGTAATTTTTGTAGCTATACTTCTGCGTTATGCAAAGGTGTGATCCAGGTACTGCTGCTATTTGATTGTAGATTTTCTTTTTTCTTTTCTTTTTTTTTTTTGACGACTCTGatatttGGGATGGACGCGAAC
PCA1:Start-3648|CAD2.min:3649-End|RT:74_nt_each ATCCCAGCAGCCCAAgcgacaATGCGGGTTTAGGGGAACTAGTTAGTATCCTCCCTGTAATTTTTGTAGCTATACTTCTGCGTTATGCAAAGATTTGATCCAGGTACTGCTGCTATTTGATTGTAGATTTTCTTTTTTCTTTTCTTTTTTTTTTTTGACGACTCTGTAAatatttGGGATGGACGCGAAC
PCA1:Start-114|CAD2.min:115-End|RT:80_nt_each ATCCCAGCAGCCCAACCAGCGATGGCGAGTATGGAGTGGTAAATAGCGAGAACATATCAATAGATGCTATGCAAGATAATAGAGGCGAGTGTCATTTACGTAGTATCGAGCGACACGCCAACGATAACTTAGGTCTCGTTAGTCAAAGGGATTGCACAAACAGACCAAAGATAACGGGATGGACGCGAAC
PCA1:Start-129|CAD2.min:130-End|RT:80_nt_each ATCCCAGCAGCCCAAATGGAGTGGTAAATAGCGAGAACATATCAATAGATGCTATGCAAGATAATAGAGGCGAGTGTCATCGTAGATCCATAGAACGACACGCCAACGATAACTTAGGTCTCGTTAGTCAAAGGGATTGCACAAACAGACCAAAGATAACCCCACAAGAGTGCCTGGGATGGACGCGAAC
PCA1:Start-426|CAD2.min:427-End|RT:80_nt_each ATCCCAGCAGCCCAACTGAGACTGGCTTGGATGTGGACAGCTGTTGCGGCGATGCTCAAACAGGTGGTGACCACACCAATGAATCCTGTGTTGATGAGTGTTGTGTACGTGACAGCAGCGTCATGGTTGAAGAGGGAACCGGTTCTTGTGAGGCGGTTAGCAGCAAGGAGCAGCTGGGATGGACGCGAAC
PCA1:Start-465|CAD2.min:466-End|RT:80_nt_each ATCCCAGCAGCCCAACTCAAACAGGTGGTGACCACACCAATGAATCCTGTGTTGATGGATGCTGCGTTAGAGATTCTTCAGTGATGGTCGAGGAAGGAACCGGTTCTTGTGAGGCGGTTAGCAGCAAGGAGCAGCTTTTAACATCGTTCGAGGTAGTGCCCTCAAAGAGCGAGGGGGGATGGACGCGAAC
PCA1:Start-627|CAD2.min:628-End|RT:80_nt_each ATCCCAGCAGCCCAATGCAATCTATTCATGATATTAGAGAGACAACTCGCTGCAATACCAATTCCAACCAACACACAGGGAAGGGTAGGCTTTGCCTAGAGAGTTCCGATAGCACTTTAAAGAAGCGTCGATGCAAGGTATCGCGTCAAAAGATAGAAGTAAGTTCAAAACCAGAGGGATGGACGCGAAC
PCA1:Start-660|CAD2.min:661-End|RT:80_nt_each ATCCCAGCAGCCCAAGCTGCAATACCAATTCCAACCAACACACAGGGAAGGGTAGGCTTTGCATCGAATCAAGTGACTCTACACTCAAGAAAAGACGATGCAAGGTATCGCGTCAAAAGATAGAAGTAAGTTCAAAACCAGAATGTTGTAATATAAGTTGCGTGGAAAGAATAGCGGGATGGACGCGAAC
PCA1:Start-774|CAD2.min:775-End|RT:80_nt_each ATCCCAGCAGCCCAACCAGTAAGCCTGAGTGCTGCAACATTTCATGTGTTGAGCGGATTGCATCTCGTAGCTGTGAAAAGAGGACTTTTAAAGGTACTACGAACGTCGGTATCAGCGGTTCATCAAGCACTGATTCACTTTCTGAAAAGTTCTTCTCAGAGCAATATAGCCGTATGGGATGGACGCGAAC
PCA1:Start-1032|CAD2.min:1033-End|RT:80_nt_each ATCCCAGCAGCCCAATTTGTAGCGGGGAGGGTGCTTCTAAAAAGACAAAATACTCCTACCGCAACAGTTCTGGATGTTTAACAAAGAAAAAGACCTACGGTGATAAGGAGCGACTTTCTAACGATAACGGTCACGCAGACTTCGTCTGCAGCAAGTCCTGCTGTACCAAGATGAAGGGATGGACGCGAAC
PCA1:Start-1188|CAD2.min:1189-End|RT:80_nt_each ATCCCAGCAGCCCAATGAAGGATTGTGCTGTTACCTCAACTATTTCTGGACACTCTTCGAGTGAAATTTCAAGAATCGTATCAATGGAACCAATTGGCAACCACTTGAACTTGGAAGCGGGGAGCACTGGGACTGAACATATAGTGTTATCCGTAAGTGGTATGACATGCACCGGGGGATGGACGCGAAC
PCA1:Start-1257|CAD2.min:1258-End|RT:80_nt_each ATCCCAGCAGCCCAATGGAACCAATTGAAAATCATCTTAATCTTGAGGCAGGATCTACCGGTACCGAGCACATTGTTCTTAGTGTTTCAGGAATGACATGCACCGGCTGCGAGACTAAGTTAAAGAAGAGCTTCGGTGCATTGAAGTGCGTCCATGGGCTAAAGACATCCCTTATGGGATGGACGCGAAC
PCA1:Start-1275|CAD2.min:1276-End|RT:80_nt_each ATCCCAGCAGCCCAAATCTTAATCTTGAGGCAGGATCTACCGGTACCGAGCACATTGTTCTTAGTGTTTCAGGAATGTCCTGTACTGGTTGTGAAACTAAGTTAAAGAAGAGCTTCGGTGCATTGAAGTGCGTCCATGGGCTAAAGACATCCCTTATTCTTAGCCAGGCAGAGTTGGGATGGACGCGAAC
PCA1:Start-1446|CAD2.min:1447-End|RT:80_nt_each ATCCCAGCAGCCCAATTGCTCAGGGATCTGTCAAGGATGTTATCAAGCACTTGAGCAAAACTACTGAATTCAAGTACGAACAGATTTCAAATCATGCGAGCACCATTGACGTCGTGGCACCATACGCTGCTAAGGACTTCATCAACGAAGAGTGGCCCCAGGGCGTGACTGAATTGGGATGGACGCGAAC
PCA1:Start-1467|CAD2.min:1468-End|RT:80_nt_each ATCCCAGCAGCCCAAATGTTATCAAGCACTTGAGCAAAACTACTGAATTCAAGTACGAACAGATTTCAAATCATGGTTCAACTATAGATGTTGTTGCACCATACGCTGCTAAGGACTTCATCAACGAAGAGTGGCCCCAGGGCGTGACTGAATTAAAGATCGTAGAACGCAACGTGGGATGGACGCGAAC
PCA1:Start-1545|CAD2.min:1546-End|RT:80_nt_each ATCCCAGCAGCCCAATTGTTCCTTATGCAGCAAAAGATTTTATTAATGAGGAATGGCCACAAGGTGTCACAGAGCTGAAAATTGTTGAGAGAAATGTTATCAGAATATATTTCGATCCTAAAGTAATCGGGGCACGGGACTTAGTTAACGAGGGTTGGTCTGTTCCAGTATCAATGGGATGGACGCGAAC
PCA1:Start-1770|CAD2.min:1771-End|RT:80_nt_each ATCCCAGCAGCCCAACGACCGCTTTATCCATAATATTGACGATCCCGATTCTCGTGATGGCTTGGGCTCCACAGCTTCGTGAAAAAATTTCCACTATGAGTGTAAGCATGGTCTTGGCTACAATAATCCAGTTCGTGATCGCGGGTCCATTCTATCTCAACGCACTTAAATCACTGGGATGGACGCGAAC
PCA1:Start-1773|CAD2.min:1774-End|RT:80_nt_each ATCCCAGCAGCCCAACCGCTTTATCCATAATATTGACGATCCCGATTCTCGTGATGGCTTGGGCTCCACAGCTTCGTGAAAAAATTTCCACTATCAGTGTAAGCATGGTCTTGGCTACAATAATCCAGTTCGTGATCGCGGGTCCATTCTATCTCAACGCACTTAAATCACTAATGGGATGGACGCGAAC
PCA1:Start-1944|CAD2.min:1945-End|RT:80_nt_each ATCCCAGCAGCCCAATCATTGAAATGGATCTACTAATAGTTTTAAGCACTAGCGCTGCCTACATATTTTCGATTGTATCATTTGGATATTTCGTTGCCGGGCATCCCCTTAGCACAGAACAATTCTTCGAGACTTCAAGCCTTTTGGTCACGTTGATTATGGTGGGCAGGTTCGTGGGATGGACGCGAAC
PCA1:Start-1947|CAD2.min:1948-End|RT:80_nt_each ATCCCAGCAGCCCAATTGAAATGGATCTACTAATAGTTTTAAGCACTAGCGCTGCCTACATATTTTCGATTGTATCATTTGGATATTTCGTTGTTGGGCATCCCCTTAGCACAGAACAATTCTTCGAGACTTCAAGCCTTTTGGTCACGTTGATTATGGTGGGCAGGTTCGTCTCGGGATGGACGCGAAC
PCA1:Start-2127|CAD2.min:2128-End|RT:80_nt_each ATCCCAGCAGCCCAACTGTAAAGTCAATATCAGTACGTTCCTTACAGGCCTCTTCTGCTATTCTGGTGGATAAAACTGGTAAAGAGACGGAAATTGACATCCGTTTGTTACAGTACGGTGACATATTCAAAATCCTCCCCGACAGCCGTATTCCTACAGACGGTACCGTTATCAGGGGATGGACGCGAAC
PCA1:Start-2163|CAD2.min:2164-End|RT:80_nt_each ATCCCAGCAGCCCAACTTCTGCTATTCTGGTGGATAAAACTGGTAAAGAGACGGAAATTAATATTAGACTTCTCCAATATGGCGATATTTTTAAGATCCTCCCCGACAGCCGTATTCCTACAGACGGTACCGTTATCAGCGGTAGCAGCGAGGTTGATGAGGCTCTTATTACTGGGGGATGGACGCGAAC
PCA1:Start-2505|CAD2.min:2506-End|RT:80_nt_each ATCCCAGCAGCCCAATTGCAAGTTATTTCGTGCCAACTATCATTGGAATCACTGTCGTCACCTTTTGCGTTTGGATAGCGGTTGGAATCCGTGTGCAGAAACAGAGTAGAAGTGACGCTGTTATACAAGCTATCATCTACGCGATCACTGTGTTGATTGTCAGCTGCCCATGTGCGGGATGGACGCGAAC
PCA1:Start-2583|CAD2.min:2584-End|RT:80_nt_each ATCCCAGCAGCCCAATGGAAAAGCAATCCCGCTCCGATGCCGTAATTCAGGCCATTATATATGCCATTACGGTACTTATCGTTTCGTGTCCCTGCGCTATCGGTTTGGCTGTACCCATAGTTTTCGTGATCGCTTCCGGTGTTGCAGCAAAGCGTGGCGTGATATTTAAGAGCGCGGGATGGACGCGAAC
PCA1:Start-2907|CAD2.min:2908-End|RT:80_nt_each ATCCCAGCAGCCCAACCATGGCAATAGCATCCTATCTCAAAGAAAAAGGTGTTTCTGCTCAAAATGTTTCTAATACAAAAGCTGTGACTGGTAAGGGAGTGGAGGGTACGAGTTATAGCGGCCTTAAACTTCAGGGCGGTAATTGCAGATGGTTAGGCCACAATAACGACCCAGAGGGATGGACGCGAAC
PCA1:Start-3339|CAD2.min:3340-End|RT:80_nt_each ATCCCAGCAGCCCAAAAGGAAGAAATTGCGATAGTTCTTCGCAGTCAAAAAGACCGGTTGTTGTTTTTTGCGGTGACGGAACAAACGACGCAATTGCCCTTACCCAGGCCACTATCGGTGTGCACATAAACGAAGGTTCAGAAGTCGCGAAATTGGCAGCAGACGTTGTAATGCTGGGATGGACGCGAAC
PCA1:Start-3624|CAD2.min:3625-End|RT:80_nt_each ATCCCAGCAGCCCAACCTTTGTTGACTTTCATATTCCACCAGAGTATGCGGGTTTAGGGGAACTAGTTAGTATCCTCCCTGTAATTTTTGTAGCTACTTTATTAAGGTACGCTAAAGTGTGATCCAGGTACTGCTGCTATTTGATTGTAGATTTTCTTTTTTCTTTTCTTTTTTTGGGATGGACGCGAAC
PCA1:Start-3645|CAD2.min:3646-End|RT:80_nt_each ATCCCAGCAGCCCAACACCAGAGTATGCGGGTTTAGGGGAACTAGTTAGTATCCTCCCTGTAATTTTTGTAGCTATACTTCTGCGTTATGCAAAGGTGTGATCCAGGTACTGCTGCTATTTGATTGTAGATTTTCTTTTTTCTTTTCTTTTTTTTTTTTGACGACTCTGTAATACGGGATGGACGCGAAC
PCA1:Start-3648|CAD2.min:3649-End|RT:80_nt_each ATCCCAGCAGCCCAACAGAGTATGCGGGTTTAGGGGAACTAGTTAGTATCCTCCCTGTAATTTTTGTAGCTATACTTCTGCGTTATGCAAAGATTTGATCCAGGTACTGCTGCTATTTGATTGTAGATTTTCTTTTTTCTTTTCTTTTTTTTTTTTGACGACTCTGTAATACTCTGGGATGGACGCGAAC
