>PCA1:Start-114|CAD2.low:115-End|RT:20_nt_each GCATTGCCCGGTTGTgcgacaacggtttaggtgggtacgggtccccattccttatatagaaatggcatgttagatATAATAGAGGCGAGTGTCATCTGCGGTCAATCGAGCGACAtagctaagcgcagggacttcccgaatctcggtattatcccggtaagtgtggactatatttACACTCTCGGCAGCC
PCA1:Start-129|CAD2.low:130-End|RT:20_nt_each GCATTGCCCGGTTGTgcgacaacggtttaggtgggtacgggtccccattccttatatagaaatggcatgttagatGTCATCGTAGATCCATAGAACGACACGCAAACGATAATTTtagctaagcgcagggacttcccgaatctcggtattatcccggtaagtgtggactatatttACACTCTCGGCAGCC
PCA1:Start-426|CAD2.low:427-End|RT:20_nt_each GCATTGCCCGGTTGTgcgacaacggtttaggtgggtacgggtccccattccttatatagaaatggcatgttagatCCAATGAATCCTGTGTTGATGAATGTTGTGTCCGAGATTCtagctaagcgcagggacttcccgaatctcggtattatcccggtaagtgtggactatatttACACTCTCGGCAGCC
PCA1:Start-465|CAD2.low:466-End|RT:20_nt_each GCATTGCCCGGTTGTgcgacaacggtttaggtgggtacgggtccccattccttatatagaaatggcatgttagatCTTCAGTGATGGTCGAGGAAGGAACAGGTTCTTGTGAAGCtagctaagcgcagggacttcccgaatctcggtattatcccggtaagtgtggactatatttACACTCTCGGCAGCC
PCA1:Start-627|CAD2.low:628-End|RT:20_nt_each GCATTGCCCGGTTGTgcgacaacggtttaggtgggtacgggtccccattccttatatagaaatggcatgttagatCAGGGAAGGGTAGGCTTTGCCTTGAGAGCAGTGATAGCACtagctaagcgcagggacttcccgaatctcggtattatcccggtaagtgtggactatatttACACTCTCGGCAGCC
PCA1:Start-660|CAD2.low:661-End|RT:20_nt_each GCATTGCCCGGTTGTgcgacaacggtttaggtgggtacgggtccccattccttatatagaaatggcatgttagatACTCTACACTCAAGAAAAGAAGATGTAAGGTTTCTCGCCAtagctaagcgcagggacttcccgaatctcggtattatcccggtaagtgtggactatatttACACTCTCGGCAGCC
PCA1:Start-774|CAD2.low:775-End|RT:20_nt_each GCATTGCCCGGTTGTgcgacaacggtttaggtgggtacgggtccccattccttatatagaaatggcatgttagatAAAAGAGGACTTTTAAAGGTACTACAAACGTTGGCATCAGtagctaagcgcagggacttcccgaatctcggtattatcccggtaagtgtggactatatttACACTCTCGGCAGCC
PCA1:Start-1032|CAD2.low:1033-End|RT:20_nt_each GCATTGCCCGGTTGTgcgacaacggtttaggtgggtacgggtccccattccttatatagaaatggcatgttagatGTTTAACAAAGAAAAAGACCTACGGGGATAAGGAAAGACTtagctaagcgcagggacttcccgaatctcggtattatcccggtaagtgtggactatatttACACTCTCGGCAGCC
PCA1:Start-1188|CAD2.low:1189-End|RT:20_nt_each GCATTGCCCGGTTGTgcgacaacggtttaggtgggtacgggtccccattccttatatagaaatggcatgttagatTCGTATCAATGGAACCAATTGGGAATCATTTGAACTTGGAtagctaagcgcagggacttcccgaatctcggtattatcccggtaagtgtggactatatttACACTCTCGGCAGCC
PCA1:Start-1257|CAD2.low:1258-End|RT:20_nt_each GCATTGCCCGGTTGTgcgacaacggtttaggtgggtacgggtccccattccttatatagaaatggcatgttagatTTCTTAGTGTTTCAGGAATGACCTGTACTGGATGCGAGACtagctaagcgcagggacttcccgaatctcggtattatcccggtaagtgtggactatatttACACTCTCGGCAGCC
PCA1:Start-1275|CAD2.low:1276-End|RT:20_nt_each GCATTGCCCGGTTGTgcgacaacggtttaggtgggtacgggtccccattccttatatagaaatggcatgttagatTGTCCTGTACTGGTTGTGAAACTAAACTAAAGAAGAGCTTtagctaagcgcagggacttcccgaatctcggtattatcccggtaagtgtggactatatttACACTCTCGGCAGCC
PCA1:Start-1446|CAD2.low:1447-End|RT:20_nt_each GCATTGCCCGGTTGTgcgacaacggtttaggtgggtacgggtccccattccttatatagaaatggcatgttagatACGAACAGATTTCAAATCATGCCTCTACAATTGATGTGGTtagctaagcgcagggacttcccgaatctcggtattatcccggtaagtgtggactatatttACACTCTCGGCAGCC
PCA1:Start-1467|CAD2.low:1468-End|RT:20_nt_each GCATTGCCCGGTTGTgcgacaacggtttaggtgggtacgggtccccattccttatatagaaatggcatgttagatGTTCAACTATAGATGTTGTTGCGCCCTACGCAGCTAAAGAtagctaagcgcagggacttcccgaatctcggtattatcccggtaagtgtggactatatttACACTCTCGGCAGCC
PCA1:Start-1545|CAD2.low:1546-End|RT:20_nt_each GCATTGCCCGGTTGTgcgacaacggtttaggtgggtacgggtccccattccttatatagaaatggcatgttagatTGAAAATTGTTGAGAGAAATGTTATCAGGATCTATTTCGAtagctaagcgcagggacttcccgaatctcggtattatcccggtaagtgtggactatatttACACTCTCGGCAGCC
PCA1:Start-1770|CAD2.low:1771-End|RT:20_nt_each GCATTGCCCGGTTGTgcgacaacggtttaggtgggtacgggtccccattccttatatagaaatggcatgttagatTTCGTGAAAAAATTTCCACTATGAGTGTGTCAATGGTACTtagctaagcgcagggacttcccgaatctcggtattatcccggtaagtgtggactatatttACACTCTCGGCAGCC
PCA1:Start-1773|CAD2.low:1774-End|RT:20_nt_each GCATTGCCCGGTTGTgcgacaacggtttaggtgggtacgggtccccattccttatatagaaatggcatgttagatGTGAAAAAATTTCCACTATCAGTGTGTCAATGGTACTAGCtagctaagcgcagggacttcccgaatctcggtattatcccggtaagtgtggactatatttACACTCTCGGCAGCC
PCA1:Start-1944|CAD2.low:1945-End|RT:20_nt_each GCATTGCCCGGTTGTgcgacaacggtttaggtgggtacgggtccccattccttatatagaaatggcatgttagatTATCATTTGGATATTTCGTTGCCGGTCATCCCCTGAGTACtagctaagcgcagggacttcccgaatctcggtattatcccggtaagtgtggactatatttACACTCTCGGCAGCC
PCA1:Start-1947|CAD2.low:1948-End|RT:20_nt_each GCATTGCCCGGTTGTgcgacaacggtttaggtgggtacgggtccccattccttatatagaaatggcatgttagatCATTTGGATATTTCGTTGTTGGTCATCCCCTGAGTACAGAtagctaagcgcagggacttcccgaatctcggtattatcccggtaagtgtggactatatttACACTCTCGGCAGCC
PCA1:Start-2127|CAD2.low:2128-End|RT:20_nt_each GCATTGCCCGGTTGTgcgacaacggtttaggtgggtacgggtccccattccttatatagaaatggcatgttagatCTGGTAAAGAGACGGAAATTGACATACGCCTGTTGCAGTAtagctaagcgcagggacttcccgaatctcggtattatcccggtaagtgtggactatatttACACTCTCGGCAGCC
PCA1:Start-2163|CAD2.low:2164-End|RT:20_nt_each GCATTGCCCGGTTGTgcgacaacggtttaggtgggtacgggtccccattccttatatagaaatggcatgttagatAATATGGCGATATTTTTAAGATATTGCCCGACAGTAGGATtagctaagcgcagggacttcccgaatctcggtattatcccggtaagtgtggactatatttACACTCTCGGCAGCC
PCA1:Start-2505|CAD2.low:2506-End|RT:20_nt_each GCATTGCCCGGTTGTgcgacaacggtttaggtgggtacgggtccccattccttatatagaaatggcatgttagatTAGCGGTTGGAATCCGTGTGCAAAAGCAGTCTAGGAGCGAtagctaagcgcagggacttcccgaatctcggtattatcccggtaagtgtggactatatttACACTCTCGGCAGCC
PCA1:Start-2583|CAD2.low:2584-End|RT:20_nt_each GCATTGCCCGGTTGTgcgacaacggtttaggtgggtacgggtccccattccttatatagaaatggcatgttagatTTATCGTTTCGTGTCCCTGCGCTATTGGTTTGGCAGTCCCtagctaagcgcagggacttcccgaatctcggtattatcccggtaagtgtggactatatttACACTCTCGGCAGCC
PCA1:Start-2907|CAD2.low:2908-End|RT:20_nt_each GCATTGCCCGGTTGTgcgacaacggtttaggtgggtacgggtccccattccttatatagaaatggcatgttagatCAAAAGCTGTGACTGGTAAGGGCGTTGAAGGGACGTCTTAtagctaagcgcagggacttcccgaatctcggtattatcccggtaagtgtggactatatttACACTCTCGGCAGCC
PCA1:Start-3339|CAD2.low:3340-End|RT:20_nt_each GCATTGCCCGGTTGTgcgacaacggtttaggtgggtacgggtccccattccttatatagaaatggcatgttagatACGGAACAAACGACGCAATTGCATTAACGCAGGCTACAATtagctaagcgcagggacttcccgaatctcggtattatcccggtaagtgtggactatatttACACTCTCGGCAGCC
PCA1:Start-3624|CAD2.low:3625-End|RT:20_nt_each GCATTGCCCGGTTGTgcgacaacggtttaggtgggtacgggtccccattccttatatagaaatggcatgttagatTCCCTGTAATTTTTGTAGCTACTTTGTTGAGATACGCTAAtagctaagcgcagggacttcccgaatctcggtattatcccggtaagtgtggactatatttACACTCTCGGCAGCC
PCA1:Start-3645|CAD2.low:3646-End|RT:20_nt_each GCATTGCCCGGTTGTgcgacaacggtttaggtgggtacgggtccccattccttatatagaaatggcatgttagatTACTTCTGCGTTATGCAAAGGTATGATCCAGGTACTGCTGtagctaagcgcagggacttcccgaatctcggtattatcccggtaagtgtggactatatttACACTCTCGGCAGCC
PCA1:Start-3648|CAD2.low:3649-End|RT:20_nt_each GCATTGCCCGGTTGTgcgacaacggtttaggtgggtacgggtccccattccttatatagaaatggcatgttagatTTCTGCGTTATGCAAAGATTTGATCCAGGTACTGCTGCTAtagctaagcgcagggacttcccgaatctcggtattatcccggtaagtgtggactatatttACACTCTCGGCAGCC
PCA1:Start-114|CAD2.low:115-End|RT:22_nt_each GCATTGCCCGGTTGTgcgacaacggtttaggtgggtacgggtccccattccttatatagaaatggcatgttagAGATAATAGAGGCGAGTGTCATCTGCGGTCAATCGAGCGACACGgctaagcgcagggacttcccgaatctcggtattatcccggtaagtgtggactatatttACACTCTCGGCAGCC
PCA1:Start-129|CAD2.low:130-End|RT:22_nt_each GCATTGCCCGGTTGTgcgacaacggtttaggtgggtacgggtccccattccttatatagaaatggcatgttagGTGTCATCGTAGATCCATAGAACGACACGCAAACGATAATTTAGgctaagcgcagggacttcccgaatctcggtattatcccggtaagtgtggactatatttACACTCTCGGCAGCC
PCA1:Start-426|CAD2.low:427-End|RT:22_nt_each GCATTGCCCGGTTGTgcgacaacggtttaggtgggtacgggtccccattccttatatagaaatggcatgttagCACCAATGAATCCTGTGTTGATGAATGTTGTGTCCGAGATTCTAgctaagcgcagggacttcccgaatctcggtattatcccggtaagtgtggactatatttACACTCTCGGCAGCC
PCA1:Start-465|CAD2.low:466-End|RT:22_nt_each GCATTGCCCGGTTGTgcgacaacggtttaggtgggtacgggtccccattccttatatagaaatggcatgttagTTCTTCAGTGATGGTCGAGGAAGGAACAGGTTCTTGTGAAGCAGgctaagcgcagggacttcccgaatctcggtattatcccggtaagtgtggactatatttACACTCTCGGCAGCC
PCA1:Start-627|CAD2.low:628-End|RT:22_nt_each GCATTGCCCGGTTGTgcgacaacggtttaggtgggtacgggtccccattccttatatagaaatggcatgttagCACAGGGAAGGGTAGGCTTTGCCTTGAGAGCAGTGATAGCACTTgctaagcgcagggacttcccgaatctcggtattatcccggtaagtgtggactatatttACACTCTCGGCAGCC
PCA1:Start-660|CAD2.low:661-End|RT:22_nt_each GCATTGCCCGGTTGTgcgacaacggtttaggtgggtacgggtccccattccttatatagaaatggcatgttagTGACTCTACACTCAAGAAAAGAAGATGTAAGGTTTCTCGCCAAAgctaagcgcagggacttcccgaatctcggtattatcccggtaagtgtggactatatttACACTCTCGGCAGCC
PCA1:Start-774|CAD2.low:775-End|RT:22_nt_each GCATTGCCCGGTTGTgcgacaacggtttaggtgggtacgggtccccattccttatatagaaatggcatgttagTGAAAAGAGGACTTTTAAAGGTACTACAAACGTTGGCATCAGCGgctaagcgcagggacttcccgaatctcggtattatcccggtaagtgtggactatatttACACTCTCGGCAGCC
PCA1:Start-1032|CAD2.low:1033-End|RT:22_nt_each GCATTGCCCGGTTGTgcgacaacggtttaggtgggtacgggtccccattccttatatagaaatggcatgttagATGTTTAACAAAGAAAAAGACCTACGGGGATAAGGAAAGACTTTgctaagcgcagggacttcccgaatctcggtattatcccggtaagtgtggactatatttACACTCTCGGCAGCC
PCA1:Start-1188|CAD2.low:1189-End|RT:22_nt_each GCATTGCCCGGTTGTgcgacaacggtttaggtgggtacgggtccccattccttatatagaaatggcatgttagAATCGTATCAATGGAACCAATTGGGAATCATTTGAACTTGGAAGgctaagcgcagggacttcccgaatctcggtattatcccggtaagtgtggactatatttACACTCTCGGCAGCC
PCA1:Start-1257|CAD2.low:1258-End|RT:22_nt_each GCATTGCCCGGTTGTgcgacaacggtttaggtgggtacgggtccccattccttatatagaaatggcatgttagTGTTCTTAGTGTTTCAGGAATGACCTGTACTGGATGCGAGACTAgctaagcgcagggacttcccgaatctcggtattatcccggtaagtgtggactatatttACACTCTCGGCAGCC
PCA1:Start-1275|CAD2.low:1276-End|RT:22_nt_each GCATTGCCCGGTTGTgcgacaacggtttaggtgggtacgggtccccattccttatatagaaatggcatgttagAATGTCCTGTACTGGTTGTGAAACTAAACTAAAGAAGAGCTTCGgctaagcgcagggacttcccgaatctcggtattatcccggtaagtgtggactatatttACACTCTCGGCAGCC
PCA1:Start-1446|CAD2.low:1447-End|RT:22_nt_each GCATTGCCCGGTTGTgcgacaacggtttaggtgggtacgggtccccattccttatatagaaatggcatgttagGTACGAACAGATTTCAAATCATGCCTCTACAATTGATGTGGTGGgctaagcgcagggacttcccgaatctcggtattatcccggtaagtgtggactatatttACACTCTCGGCAGCC
PCA1:Start-1467|CAD2.low:1468-End|RT:22_nt_each GCATTGCCCGGTTGTgcgacaacggtttaggtgggtacgggtccccattccttatatagaaatggcatgttagTGGTTCAACTATAGATGTTGTTGCGCCCTACGCAGCTAAAGACTgctaagcgcagggacttcccgaatctcggtattatcccggtaagtgtggactatatttACACTCTCGGCAGCC
PCA1:Start-1545|CAD2.low:1546-End|RT:22_nt_each GCATTGCCCGGTTGTgcgacaacggtttaggtgggtacgggtccccattccttatatagaaatggcatgttagGCTGAAAATTGTTGAGAGAAATGTTATCAGGATCTATTTCGATCgctaagcgcagggacttcccgaatctcggtattatcccggtaagtgtggactatatttACACTCTCGGCAGCC
PCA1:Start-1770|CAD2.low:1771-End|RT:22_nt_each GCATTGCCCGGTTGTgcgacaacggtttaggtgggtacgggtccccattccttatatagaaatggcatgttagGCTTCGTGAAAAAATTTCCACTATGAGTGTGTCAATGGTACTAGgctaagcgcagggacttcccgaatctcggtattatcccggtaagtgtggactatatttACACTCTCGGCAGCC
PCA1:Start-1773|CAD2.low:1774-End|RT:22_nt_each GCATTGCCCGGTTGTgcgacaacggtttaggtgggtacgggtccccattccttatatagaaatggcatgttagTCGTGAAAAAATTTCCACTATCAGTGTGTCAATGGTACTAGCAAgctaagcgcagggacttcccgaatctcggtattatcccggtaagtgtggactatatttACACTCTCGGCAGCC
PCA1:Start-1944|CAD2.low:1945-End|RT:22_nt_each GCATTGCCCGGTTGTgcgacaacggtttaggtgggtacgggtccccattccttatatagaaatggcatgttagTGTATCATTTGGATATTTCGTTGCCGGTCATCCCCTGAGTACAGgctaagcgcagggacttcccgaatctcggtattatcccggtaagtgtggactatatttACACTCTCGGCAGCC
PCA1:Start-1947|CAD2.low:1948-End|RT:22_nt_each GCATTGCCCGGTTGTgcgacaacggtttaggtgggtacgggtccccattccttatatagaaatggcatgttagATCATTTGGATATTTCGTTGTTGGTCATCCCCTGAGTACAGAACgctaagcgcagggacttcccgaatctcggtattatcccggtaagtgtggactatatttACACTCTCGGCAGCC
PCA1:Start-2127|CAD2.low:2128-End|RT:22_nt_each GCATTGCCCGGTTGTgcgacaacggtttaggtgggtacgggtccccattccttatatagaaatggcatgttagAACTGGTAAAGAGACGGAAATTGACATACGCCTGTTGCAGTACGgctaagcgcagggacttcccgaatctcggtattatcccggtaagtgtggactatatttACACTCTCGGCAGCC
PCA1:Start-2163|CAD2.low:2164-End|RT:22_nt_each GCATTGCCCGGTTGTgcgacaacggtttaggtgggtacgggtccccattccttatatagaaatggcatgttagCCAATATGGCGATATTTTTAAGATATTGCCCGACAGTAGGATTCgctaagcgcagggacttcccgaatctcggtattatcccggtaagtgtggactatatttACACTCTCGGCAGCC
PCA1:Start-2505|CAD2.low:2506-End|RT:22_nt_each GCATTGCCCGGTTGTgcgacaacggtttaggtgggtacgggtccccattccttatatagaaatggcatgttagGATAGCGGTTGGAATCCGTGTGCAAAAGCAGTCTAGGAGCGATGgctaagcgcagggacttcccgaatctcggtattatcccggtaagtgtggactatatttACACTCTCGGCAGCC
PCA1:Start-2583|CAD2.low:2584-End|RT:22_nt_each GCATTGCCCGGTTGTgcgacaacggtttaggtgggtacgggtccccattccttatatagaaatggcatgttagACTTATCGTTTCGTGTCCCTGCGCTATTGGTTTGGCAGTCCCTAgctaagcgcagggacttcccgaatctcggtattatcccggtaagtgtggactatatttACACTCTCGGCAGCC
PCA1:Start-2907|CAD2.low:2908-End|RT:22_nt_each GCATTGCCCGGTTGTgcgacaacggtttaggtgggtacgggtccccattccttatatagaaatggcatgttagTACAAAAGCTGTGACTGGTAAGGGCGTTGAAGGGACGTCTTATTgctaagcgcagggacttcccgaatctcggtattatcccggtaagtgtggactatatttACACTCTCGGCAGCC
PCA1:Start-3339|CAD2.low:3340-End|RT:22_nt_each GCATTGCCCGGTTGTgcgacaacggtttaggtgggtacgggtccccattccttatatagaaatggcatgttagTGACGGAACAAACGACGCAATTGCATTAACGCAGGCTACAATCGgctaagcgcagggacttcccgaatctcggtattatcccggtaagtgtggactatatttACACTCTCGGCAGCC
PCA1:Start-3624|CAD2.low:3625-End|RT:22_nt_each GCATTGCCCGGTTGTgcgacaacggtttaggtgggtacgggtccccattccttatatagaaatggcatgttagCCTCCCTGTAATTTTTGTAGCTACTTTGTTGAGATACGCTAAGGgctaagcgcagggacttcccgaatctcggtattatcccggtaagtgtggactatatttACACTCTCGGCAGCC
PCA1:Start-3645|CAD2.low:3646-End|RT:22_nt_each GCATTGCCCGGTTGTgcgacaacggtttaggtgggtacgggtccccattccttatatagaaatggcatgttagTATACTTCTGCGTTATGCAAAGGTATGATCCAGGTACTGCTGCTgctaagcgcagggacttcccgaatctcggtattatcccggtaagtgtggactatatttACACTCTCGGCAGCC
PCA1:Start-3648|CAD2.low:3649-End|RT:22_nt_each GCATTGCCCGGTTGTgcgacaacggtttaggtgggtacgggtccccattccttatatagaaatggcatgttagACTTCTGCGTTATGCAAAGATTTGATCCAGGTACTGCTGCTATTgctaagcgcagggacttcccgaatctcggtattatcccggtaagtgtggactatatttACACTCTCGGCAGCC
PCA1:Start-114|CAD2.low:115-End|RT:25_nt_each GCATTGCCCGGTTGTgcgacaacggtttaggtgggtacgggtccccattccttatatagaaatggcatgtGCAAGATAATAGAGGCGAGTGTCATCTGCGGTCAATCGAGCGACACGCAAaagcgcagggacttcccgaatctcggtattatcccggtaagtgtggactatatttACACTCTCGGCAGCC
PCA1:Start-129|CAD2.low:130-End|RT:25_nt_each GCATTGCCCGGTTGTgcgacaacggtttaggtgggtacgggtccccattccttatatagaaatggcatgtCGAGTGTCATCGTAGATCCATAGAACGACACGCAAACGATAATTTAGGTTaagcgcagggacttcccgaatctcggtattatcccggtaagtgtggactatatttACACTCTCGGCAGCC
PCA1:Start-426|CAD2.low:427-End|RT:25_nt_each GCATTGCCCGGTTGTgcgacaacggtttaggtgggtacgggtccccattccttatatagaaatggcatgtCCACACCAATGAATCCTGTGTTGATGAATGTTGTGTCCGAGATTCTAGTGaagcgcagggacttcccgaatctcggtattatcccggtaagtgtggactatatttACACTCTCGGCAGCC
PCA1:Start-465|CAD2.low:466-End|RT:25_nt_each GCATTGCCCGGTTGTgcgacaacggtttaggtgggtacgggtccccattccttatatagaaatggcatgtAGATTCTTCAGTGATGGTCGAGGAAGGAACAGGTTCTTGTGAAGCAGTTTaagcgcagggacttcccgaatctcggtattatcccggtaagtgtggactatatttACACTCTCGGCAGCC
PCA1:Start-627|CAD2.low:628-End|RT:25_nt_each GCATTGCCCGGTTGTgcgacaacggtttaggtgggtacgggtccccattccttatatagaaatggcatgtACACACAGGGAAGGGTAGGCTTTGCCTTGAGAGCAGTGATAGCACTTTAAaagcgcagggacttcccgaatctcggtattatcccggtaagtgtggactatatttACACTCTCGGCAGCC
PCA1:Start-660|CAD2.low:661-End|RT:25_nt_each GCATTGCCCGGTTGTgcgacaacggtttaggtgggtacgggtccccattccttatatagaaatggcatgtAAGTGACTCTACACTCAAGAAAAGAAGATGTAAGGTTTCTCGCCAAAAGAaagcgcagggacttcccgaatctcggtattatcccggtaagtgtggactatatttACACTCTCGGCAGCC
PCA1:Start-774|CAD2.low:775-End|RT:25_nt_each GCATTGCCCGGTTGTgcgacaacggtttaggtgggtacgggtccccattccttatatagaaatggcatgtCTGTGAAAAGAGGACTTTTAAAGGTACTACAAACGTTGGCATCAGCGGCTaagcgcagggacttcccgaatctcggtattatcccggtaagtgtggactatatttACACTCTCGGCAGCC
PCA1:Start-1032|CAD2.low:1033-End|RT:25_nt_each GCATTGCCCGGTTGTgcgacaacggtttaggtgggtacgggtccccattccttatatagaaatggcatgtTGGATGTTTAACAAAGAAAAAGACCTACGGGGATAAGGAAAGACTTTCTAaagcgcagggacttcccgaatctcggtattatcccggtaagtgtggactatatttACACTCTCGGCAGCC
PCA1:Start-1188|CAD2.low:1189-End|RT:25_nt_each GCATTGCCCGGTTGTgcgacaacggtttaggtgggtacgggtccccattccttatatagaaatggcatgtAAGAATCGTATCAATGGAACCAATTGGGAATCATTTGAACTTGGAAGCTGaagcgcagggacttcccgaatctcggtattatcccggtaagtgtggactatatttACACTCTCGGCAGCC
PCA1:Start-1257|CAD2.low:1258-End|RT:25_nt_each GCATTGCCCGGTTGTgcgacaacggtttaggtgggtacgggtccccattccttatatagaaatggcatgtCATTGTTCTTAGTGTTTCAGGAATGACCTGTACTGGATGCGAGACTAAACaagcgcagggacttcccgaatctcggtattatcccggtaagtgtggactatatttACACTCTCGGCAGCC
PCA1:Start-1275|CAD2.low:1276-End|RT:25_nt_each GCATTGCCCGGTTGTgcgacaacggtttaggtgggtacgggtccccattccttatatagaaatggcatgtAGGAATGTCCTGTACTGGTTGTGAAACTAAACTAAAGAAGAGCTTCGGTGaagcgcagggacttcccgaatctcggtattatcccggtaagtgtggactatatttACACTCTCGGCAGCC
PCA1:Start-1446|CAD2.low:1447-End|RT:25_nt_each GCATTGCCCGGTTGTgcgacaacggtttaggtgggtacgggtccccattccttatatagaaatggcatgtCAAGTACGAACAGATTTCAAATCATGCCTCTACAATTGATGTGGTGGCGCaagcgcagggacttcccgaatctcggtattatcccggtaagtgtggactatatttACACTCTCGGCAGCC
PCA1:Start-1467|CAD2.low:1468-End|RT:25_nt_each GCATTGCCCGGTTGTgcgacaacggtttaggtgggtacgggtccccattccttatatagaaatggcatgtTCATGGTTCAACTATAGATGTTGTTGCGCCCTACGCAGCTAAAGACTTCAaagcgcagggacttcccgaatctcggtattatcccggtaagtgtggactatatttACACTCTCGGCAGCC
PCA1:Start-1545|CAD2.low:1546-End|RT:25_nt_each GCATTGCCCGGTTGTgcgacaacggtttaggtgggtacgggtccccattccttatatagaaatggcatgtAGAGCTGAAAATTGTTGAGAGAAATGTTATCAGGATCTATTTCGATCCTAaagcgcagggacttcccgaatctcggtattatcccggtaagtgtggactatatttACACTCTCGGCAGCC
PCA1:Start-1770|CAD2.low:1771-End|RT:25_nt_each GCATTGCCCGGTTGTgcgacaacggtttaggtgggtacgggtccccattccttatatagaaatggcatgtACAGCTTCGTGAAAAAATTTCCACTATGAGTGTGTCAATGGTACTAGCAAaagcgcagggacttcccgaatctcggtattatcccggtaagtgtggactatatttACACTCTCGGCAGCC
PCA1:Start-1773|CAD2.low:1774-End|RT:25_nt_each GCATTGCCCGGTTGTgcgacaacggtttaggtgggtacgggtccccattccttatatagaaatggcatgtGCTTCGTGAAAAAATTTCCACTATCAGTGTGTCAATGGTACTAGCAACAAaagcgcagggacttcccgaatctcggtattatcccggtaagtgtggactatatttACACTCTCGGCAGCC
PCA1:Start-1944|CAD2.low:1945-End|RT:25_nt_each GCATTGCCCGGTTGTgcgacaacggtttaggtgggtacgggtccccattccttatatagaaatggcatgtGATTGTATCATTTGGATATTTCGTTGCCGGTCATCCCCTGAGTACAGAACaagcgcagggacttcccgaatctcggtattatcccggtaagtgtggactatatttACACTCTCGGCAGCC
PCA1:Start-1947|CAD2.low:1948-End|RT:25_nt_each GCATTGCCCGGTTGTgcgacaacggtttaggtgggtacgggtccccattccttatatagaaatggcatgtTGTATCATTTGGATATTTCGTTGTTGGTCATCCCCTGAGTACAGAACAGTaagcgcagggacttcccgaatctcggtattatcccggtaagtgtggactatatttACACTCTCGGCAGCC
PCA1:Start-2127|CAD2.low:2128-End|RT:25_nt_each GCATTGCCCGGTTGTgcgacaacggtttaggtgggtacgggtccccattccttatatagaaatggcatgtTAAAACTGGTAAAGAGACGGAAATTGACATACGCCTGTTGCAGTACGGCGaagcgcagggacttcccgaatctcggtattatcccggtaagtgtggactatatttACACTCTCGGCAGCC
PCA1:Start-2163|CAD2.low:2164-End|RT:25_nt_each GCATTGCCCGGTTGTgcgacaacggtttaggtgggtacgggtccccattccttatatagaaatggcatgtTCTCCAATATGGCGATATTTTTAAGATATTGCCCGACAGTAGGATTCCAAaagcgcagggacttcccgaatctcggtattatcccggtaagtgtggactatatttACACTCTCGGCAGCC
PCA1:Start-2505|CAD2.low:2506-End|RT:25_nt_each GCATTGCCCGGTTGTgcgacaacggtttaggtgggtacgggtccccattccttatatagaaatggcatgtTTGGATAGCGGTTGGAATCCGTGTGCAAAAGCAGTCTAGGAGCGATGCTGaagcgcagggacttcccgaatctcggtattatcccggtaagtgtggactatatttACACTCTCGGCAGCC
PCA1:Start-2583|CAD2.low:2584-End|RT:25_nt_each GCATTGCCCGGTTGTgcgacaacggtttaggtgggtacgggtccccattccttatatagaaatggcatgtGGTACTTATCGTTTCGTGTCCCTGCGCTATTGGTTTGGCAGTCCCTATTGaagcgcagggacttcccgaatctcggtattatcccggtaagtgtggactatatttACACTCTCGGCAGCC
PCA1:Start-2907|CAD2.low:2908-End|RT:25_nt_each GCATTGCCCGGTTGTgcgacaacggtttaggtgggtacgggtccccattccttatatagaaatggcatgtTAATACAAAAGCTGTGACTGGTAAGGGCGTTGAAGGGACGTCTTATTCCGaagcgcagggacttcccgaatctcggtattatcccggtaagtgtggactatatttACACTCTCGGCAGCC
PCA1:Start-3339|CAD2.low:3340-End|RT:25_nt_each GCATTGCCCGGTTGTgcgacaacggtttaggtgggtacgggtccccattccttatatagaaatggcatgtCGGTGACGGAACAAACGACGCAATTGCATTAACGCAGGCTACAATCGGTGaagcgcagggacttcccgaatctcggtattatcccggtaagtgtggactatatttACACTCTCGGCAGCC
PCA1:Start-3624|CAD2.low:3625-End|RT:25_nt_each GCATTGCCCGGTTGTgcgacaacggtttaggtgggtacgggtccccattccttatatagaaatggcatgtTATCCTCCCTGTAATTTTTGTAGCTACTTTGTTGAGATACGCTAAGGTATaagcgcagggacttcccgaatctcggtattatcccggtaagtgtggactatatttACACTCTCGGCAGCC
PCA1:Start-3645|CAD2.low:3646-End|RT:25_nt_each GCATTGCCCGGTTGTgcgacaacggtttaggtgggtacgggtccccattccttatatagaaatggcatgtAGCTATACTTCTGCGTTATGCAAAGGTATGATCCAGGTACTGCTGCTATTaagcgcagggacttcccgaatctcggtattatcccggtaagtgtggactatatttACACTCTCGGCAGCC
PCA1:Start-3648|CAD2.low:3649-End|RT:25_nt_each GCATTGCCCGGTTGTgcgacaacggtttaggtgggtacgggtccccattccttatatagaaatggcatgtTATACTTCTGCGTTATGCAAAGATTTGATCCAGGTACTGCTGCTATTTGAaagcgcagggacttcccgaatctcggtattatcccggtaagtgtggactatatttACACTCTCGGCAGCC
PCA1:Start-114|CAD2.low:115-End|RT:29_nt_each GCATTGCCCGGTTGTgcgacaacggtttaggtgggtacgggtccccattccttatatagaaatggcCTATGCAAGATAATAGAGGCGAGTGTCATCTGCGGTCAATCGAGCGACACGCAAACGAgcagggacttcccgaatctcggtattatcccggtaagtgtggactatatttACACTCTCGGCAGCC
PCA1:Start-129|CAD2.low:130-End|RT:29_nt_each GCATTGCCCGGTTGTgcgacaacggtttaggtgggtacgggtccccattccttatatagaaatggcGAGGCGAGTGTCATCGTAGATCCATAGAACGACACGCAAACGATAATTTAGGTTTGGTgcagggacttcccgaatctcggtattatcccggtaagtgtggactatatttACACTCTCGGCAGCC
PCA1:Start-426|CAD2.low:427-End|RT:29_nt_each GCATTGCCCGGTTGTgcgacaacggtttaggtgggtacgggtccccattccttatatagaaatggcGTGACCACACCAATGAATCCTGTGTTGATGAATGTTGTGTCCGAGATTCTAGTGTAATgcagggacttcccgaatctcggtattatcccggtaagtgtggactatatttACACTCTCGGCAGCC
PCA1:Start-465|CAD2.low:466-End|RT:29_nt_each GCATTGCCCGGTTGTgcgacaacggtttaggtgggtacgggtccccattccttatatagaaatggcTTAGAGATTCTTCAGTGATGGTCGAGGAAGGAACAGGTTCTTGTGAAGCAGTTTCCTCgcagggacttcccgaatctcggtattatcccggtaagtgtggactatatttACACTCTCGGCAGCC
PCA1:Start-627|CAD2.low:628-End|RT:29_nt_each GCATTGCCCGGTTGTgcgacaacggtttaggtgggtacgggtccccattccttatatagaaatggcACCAACACACAGGGAAGGGTAGGCTTTGCCTTGAGAGCAGTGATAGCACTTTAAAGAAgcagggacttcccgaatctcggtattatcccggtaagtgtggactatatttACACTCTCGGCAGCC
PCA1:Start-660|CAD2.low:661-End|RT:29_nt_each GCATTGCCCGGTTGTgcgacaacggtttaggtgggtacgggtccccattccttatatagaaatggcAATCAAGTGACTCTACACTCAAGAAAAGAAGATGTAAGGTTTCTCGCCAAAAGATAGAgcagggacttcccgaatctcggtattatcccggtaagtgtggactatatttACACTCTCGGCAGCC
PCA1:Start-774|CAD2.low:775-End|RT:29_nt_each GCATTGCCCGGTTGTgcgacaacggtttaggtgggtacgggtccccattccttatatagaaatggcGTAGCTGTGAAAAGAGGACTTTTAAAGGTACTACAAACGTTGGCATCAGCGGCTCGTCgcagggacttcccgaatctcggtattatcccggtaagtgtggactatatttACACTCTCGGCAGCC
PCA1:Start-1032|CAD2.low:1033-End|RT:29_nt_each GCATTGCCCGGTTGTgcgacaacggtttaggtgggtacgggtccccattccttatatagaaatggcGTTCTGGATGTTTAACAAAGAAAAAGACCTACGGGGATAAGGAAAGACTTTCTAACGAgcagggacttcccgaatctcggtattatcccggtaagtgtggactatatttACACTCTCGGCAGCC
PCA1:Start-1188|CAD2.low:1189-End|RT:29_nt_each GCATTGCCCGGTTGTgcgacaacggtttaggtgggtacgggtccccattccttatatagaaatggcTTTCAAGAATCGTATCAATGGAACCAATTGGGAATCATTTGAACTTGGAAGCTGGCAGgcagggacttcccgaatctcggtattatcccggtaagtgtggactatatttACACTCTCGGCAGCC
PCA1:Start-1257|CAD2.low:1258-End|RT:29_nt_each GCATTGCCCGGTTGTgcgacaacggtttaggtgggtacgggtccccattccttatatagaaatggcAGCACATTGTTCTTAGTGTTTCAGGAATGACCTGTACTGGATGCGAGACTAAACTAAAgcagggacttcccgaatctcggtattatcccggtaagtgtggactatatttACACTCTCGGCAGCC
PCA1:Start-1275|CAD2.low:1276-End|RT:29_nt_each GCATTGCCCGGTTGTgcgacaacggtttaggtgggtacgggtccccattccttatatagaaatggcTTTCAGGAATGTCCTGTACTGGTTGTGAAACTAAACTAAAGAAGAGCTTCGGTGCTCTgcagggacttcccgaatctcggtattatcccggtaagtgtggactatatttACACTCTCGGCAGCC
PCA1:Start-1446|CAD2.low:1447-End|RT:29_nt_each GCATTGCCCGGTTGTgcgacaacggtttaggtgggtacgggtccccattccttatatagaaatggcAATTCAAGTACGAACAGATTTCAAATCATGCCTCTACAATTGATGTGGTGGCGCCCTAgcagggacttcccgaatctcggtattatcccggtaagtgtggactatatttACACTCTCGGCAGCC
PCA1:Start-1467|CAD2.low:1468-End|RT:29_nt_each GCATTGCCCGGTTGTgcgacaacggtttaggtgggtacgggtccccattccttatatagaaatggcCAAATCATGGTTCAACTATAGATGTTGTTGCGCCCTACGCAGCTAAAGACTTCATAAAgcagggacttcccgaatctcggtattatcccggtaagtgtggactatatttACACTCTCGGCAGCC
PCA1:Start-1545|CAD2.low:1546-End|RT:29_nt_each GCATTGCCCGGTTGTgcgacaacggtttaggtgggtacgggtccccattccttatatagaaatggcTCACAGAGCTGAAAATTGTTGAGAGAAATGTTATCAGGATCTATTTCGATCCTAAAGTgcagggacttcccgaatctcggtattatcccggtaagtgtggactatatttACACTCTCGGCAGCC
PCA1:Start-1770|CAD2.low:1771-End|RT:29_nt_each GCATTGCCCGGTTGTgcgacaacggtttaggtgggtacgggtccccattccttatatagaaatggcCTCCACAGCTTCGTGAAAAAATTTCCACTATGAGTGTGTCAATGGTACTAGCAACAATgcagggacttcccgaatctcggtattatcccggtaagtgtggactatatttACACTCTCGGCAGCC
PCA1:Start-1773|CAD2.low:1774-End|RT:29_nt_each GCATTGCCCGGTTGTgcgacaacggtttaggtgggtacgggtccccattccttatatagaaatggcCACAGCTTCGTGAAAAAATTTCCACTATCAGTGTGTCAATGGTACTAGCAACAATCATgcagggacttcccgaatctcggtattatcccggtaagtgtggactatatttACACTCTCGGCAGCC
PCA1:Start-1944|CAD2.low:1945-End|RT:29_nt_each GCATTGCCCGGTTGTgcgacaacggtttaggtgggtacgggtccccattccttatatagaaatggcTTTCGATTGTATCATTTGGATATTTCGTTGCCGGTCATCCCCTGAGTACAGAACAGTTgcagggacttcccgaatctcggtattatcccggtaagtgtggactatatttACACTCTCGGCAGCC
PCA1:Start-1947|CAD2.low:1948-End|RT:29_nt_each GCATTGCCCGGTTGTgcgacaacggtttaggtgggtacgggtccccattccttatatagaaatggcCGATTGTATCATTTGGATATTTCGTTGTTGGTCATCCCCTGAGTACAGAACAGTTCTTgcagggacttcccgaatctcggtattatcccggtaagtgtggactatatttACACTCTCGGCAGCC
PCA1:Start-2127|CAD2.low:2128-End|RT:29_nt_each GCATTGCCCGGTTGTgcgacaacggtttaggtgggtacgggtccccattccttatatagaaatggcTGGATAAAACTGGTAAAGAGACGGAAATTGACATACGCCTGTTGCAGTACGGCGATATgcagggacttcccgaatctcggtattatcccggtaagtgtggactatatttACACTCTCGGCAGCC
PCA1:Start-2163|CAD2.low:2164-End|RT:29_nt_each GCATTGCCCGGTTGTgcgacaacggtttaggtgggtacgggtccccattccttatatagaaatggcGACTTCTCCAATATGGCGATATTTTTAAGATATTGCCCGACAGTAGGATTCCAACTGAgcagggacttcccgaatctcggtattatcccggtaagtgtggactatatttACACTCTCGGCAGCC
PCA1:Start-2505|CAD2.low:2506-End|RT:29_nt_each GCATTGCCCGGTTGTgcgacaacggtttaggtgggtacgggtccccattccttatatagaaatggcGCGTTTGGATAGCGGTTGGAATCCGTGTGCAAAAGCAGTCTAGGAGCGATGCTGTTATgcagggacttcccgaatctcggtattatcccggtaagtgtggactatatttACACTCTCGGCAGCC
PCA1:Start-2583|CAD2.low:2584-End|RT:29_nt_each GCATTGCCCGGTTGTgcgacaacggtttaggtgggtacgggtccccattccttatatagaaatggcTTACGGTACTTATCGTTTCGTGTCCCTGCGCTATTGGTTTGGCAGTCCCTATTGTGTTgcagggacttcccgaatctcggtattatcccggtaagtgtggactatatttACACTCTCGGCAGCC
PCA1:Start-2907|CAD2.low:2908-End|RT:29_nt_each GCATTGCCCGGTTGTgcgacaacggtttaggtgggtacgggtccccattccttatatagaaatggcTTTCTAATACAAAAGCTGTGACTGGTAAGGGCGTTGAAGGGACGTCTTATTCCGGTCTgcagggacttcccgaatctcggtattatcccggtaagtgtggactatatttACACTCTCGGCAGCC
PCA1:Start-3339|CAD2.low:3340-End|RT:29_nt_each GCATTGCCCGGTTGTgcgacaacggtttaggtgggtacgggtccccattccttatatagaaatggcTTTGCGGTGACGGAACAAACGACGCAATTGCATTAACGCAGGCTACAATCGGTGTTCAgcagggacttcccgaatctcggtattatcccggtaagtgtggactatatttACACTCTCGGCAGCC
PCA1:Start-3624|CAD2.low:3625-End|RT:29_nt_each GCATTGCCCGGTTGTgcgacaacggtttaggtgggtacgggtccccattccttatatagaaatggcTTAGTATCCTCCCTGTAATTTTTGTAGCTACTTTGTTGAGATACGCTAAGGTATGATCgcagggacttcccgaatctcggtattatcccggtaagtgtggactatatttACACTCTCGGCAGCC
PCA1:Start-3645|CAD2.low:3646-End|RT:29_nt_each GCATTGCCCGGTTGTgcgacaacggtttaggtgggtacgggtccccattccttatatagaaatggcTTGTAGCTATACTTCTGCGTTATGCAAAGGTATGATCCAGGTACTGCTGCTATTTGATgcagggacttcccgaatctcggtattatcccggtaagtgtggactatatttACACTCTCGGCAGCC
PCA1:Start-3648|CAD2.low:3649-End|RT:29_nt_each GCATTGCCCGGTTGTgcgacaacggtttaggtgggtacgggtccccattccttatatagaaatggcTAGCTATACTTCTGCGTTATGCAAAGATTTGATCCAGGTACTGCTGCTATTTGATTGTgcagggacttcccgaatctcggtattatcccggtaagtgtggactatatttACACTCTCGGCAGCC
PCA1:Start-114|CAD2.low:115-End|RT:34_nt_each GCATTGCCCGGTTGTgcgacaacggtttaggtgggtacgggtccccattccttatatagaaAGATGCTATGCAAGATAATAGAGGCGAGTGTCATCTGCGGTCAATCGAGCGACACGCAAACGATAATTgacttcccgaatctcggtattatcccggtaagtgtggactatatttACACTCTCGGCAGCC
PCA1:Start-129|CAD2.low:130-End|RT:34_nt_each GCATTGCCCGGTTGTgcgacaacggtttaggtgggtacgggtccccattccttatatagaaTAATAGAGGCGAGTGTCATCGTAGATCCATAGAACGACACGCAAACGATAATTTAGGTTTGGTGTCACgacttcccgaatctcggtattatcccggtaagtgtggactatatttACACTCTCGGCAGCC
PCA1:Start-426|CAD2.low:427-End|RT:34_nt_each GCATTGCCCGGTTGTgcgacaacggtttaggtgggtacgggtccccattccttatatagaaAGGTGGTGACCACACCAATGAATCCTGTGTTGATGAATGTTGTGTCCGAGATTCTAGTGTAATGGTAGgacttcccgaatctcggtattatcccggtaagtgtggactatatttACACTCTCGGCAGCC
PCA1:Start-465|CAD2.low:466-End|RT:34_nt_each GCATTGCCCGGTTGTgcgacaacggtttaggtgggtacgggtccccattccttatatagaaCTGCGTTAGAGATTCTTCAGTGATGGTCGAGGAAGGAACAGGTTCTTGTGAAGCAGTTTCCTCCAAGGgacttcccgaatctcggtattatcccggtaagtgtggactatatttACACTCTCGGCAGCC
PCA1:Start-627|CAD2.low:628-End|RT:34_nt_each GCATTGCCCGGTTGTgcgacaacggtttaggtgggtacgggtccccattccttatatagaaTTCCAACCAACACACAGGGAAGGGTAGGCTTTGCCTTGAGAGCAGTGATAGCACTTTAAAGAAAAGAAgacttcccgaatctcggtattatcccggtaagtgtggactatatttACACTCTCGGCAGCC
PCA1:Start-660|CAD2.low:661-End|RT:34_nt_each GCATTGCCCGGTTGTgcgacaacggtttaggtgggtacgggtccccattccttatatagaaCATCGAATCAAGTGACTCTACACTCAAGAAAAGAAGATGTAAGGTTTCTCGCCAAAAGATAGAAGTAAgacttcccgaatctcggtattatcccggtaagtgtggactatatttACACTCTCGGCAGCC
PCA1:Start-774|CAD2.low:775-End|RT:34_nt_each GCATTGCCCGGTTGTgcgacaacggtttaggtgggtacgggtccccattccttatatagaaATCTCGTAGCTGTGAAAAGAGGACTTTTAAAGGTACTACAAACGTTGGCATCAGCGGCTCGTCGAGTAgacttcccgaatctcggtattatcccggtaagtgtggactatatttACACTCTCGGCAGCC
PCA1:Start-1032|CAD2.low:1033-End|RT:34_nt_each GCATTGCCCGGTTGTgcgacaacggtttaggtgggtacgggtccccattccttatatagaaCAACAGTTCTGGATGTTTAACAAAGAAAAAGACCTACGGGGATAAGGAAAGACTTTCTAACGACAACGgacttcccgaatctcggtattatcccggtaagtgtggactatatttACACTCTCGGCAGCC
PCA1:Start-1188|CAD2.low:1189-End|RT:34_nt_each GCATTGCCCGGTTGTgcgacaacggtttaggtgggtacgggtccccattccttatatagaaTGAAATTTCAAGAATCGTATCAATGGAACCAATTGGGAATCATTTGAACTTGGAAGCTGGCAGCACTGgacttcccgaatctcggtattatcccggtaagtgtggactatatttACACTCTCGGCAGCC
PCA1:Start-1257|CAD2.low:1258-End|RT:34_nt_each GCATTGCCCGGTTGTgcgacaacggtttaggtgggtacgggtccccattccttatatagaaTACCGAGCACATTGTTCTTAGTGTTTCAGGAATGACCTGTACTGGATGCGAGACTAAACTAAAGAAGAgacttcccgaatctcggtattatcccggtaagtgtggactatatttACACTCTCGGCAGCC
PCA1:Start-1275|CAD2.low:1276-End|RT:34_nt_each GCATTGCCCGGTTGTgcgacaacggtttaggtgggtacgggtccccattccttatatagaaTAGTGTTTCAGGAATGTCCTGTACTGGTTGTGAAACTAAACTAAAGAAGAGCTTCGGTGCTCTGAAGTgacttcccgaatctcggtattatcccggtaagtgtggactatatttACACTCTCGGCAGCC
PCA1:Start-1446|CAD2.low:1447-End|RT:34_nt_each GCATTGCCCGGTTGTgcgacaacggtttaggtgggtacgggtccccattccttatatagaaTACTGAATTCAAGTACGAACAGATTTCAAATCATGCCTCTACAATTGATGTGGTGGCGCCCTACGCAGgacttcccgaatctcggtattatcccggtaagtgtggactatatttACACTCTCGGCAGCC
PCA1:Start-1467|CAD2.low:1468-End|RT:34_nt_each GCATTGCCCGGTTGTgcgacaacggtttaggtgggtacgggtccccattccttatatagaaGATTTCAAATCATGGTTCAACTATAGATGTTGTTGCGCCCTACGCAGCTAAAGACTTCATAAACGAGGgacttcccgaatctcggtattatcccggtaagtgtggactatatttACACTCTCGGCAGCC
PCA1:Start-1545|CAD2.low:1546-End|RT:34_nt_each GCATTGCCCGGTTGTgcgacaacggtttaggtgggtacgggtccccattccttatatagaaAGGTGTCACAGAGCTGAAAATTGTTGAGAGAAATGTTATCAGGATCTATTTCGATCCTAAAGTAATTGgacttcccgaatctcggtattatcccggtaagtgtggactatatttACACTCTCGGCAGCC
PCA1:Start-1770|CAD2.low:1771-End|RT:34_nt_each GCATTGCCCGGTTGTgcgacaacggtttaggtgggtacgggtccccattccttatatagaaTTGGGCTCCACAGCTTCGTGAAAAAATTTCCACTATGAGTGTGTCAATGGTACTAGCAACAATCATCCgacttcccgaatctcggtattatcccggtaagtgtggactatatttACACTCTCGGCAGCC
PCA1:Start-1773|CAD2.low:1774-End|RT:34_nt_each GCATTGCCCGGTTGTgcgacaacggtttaggtgggtacgggtccccattccttatatagaaGGCTCCACAGCTTCGTGAAAAAATTTCCACTATCAGTGTGTCAATGGTACTAGCAACAATCATCCAGTgacttcccgaatctcggtattatcccggtaagtgtggactatatttACACTCTCGGCAGCC
PCA1:Start-1944|CAD2.low:1945-End|RT:34_nt_each GCATTGCCCGGTTGTgcgacaacggtttaggtgggtacgggtccccattccttatatagaaCATATTTTCGATTGTATCATTTGGATATTTCGTTGCCGGTCATCCCCTGAGTACAGAACAGTTCTTCGgacttcccgaatctcggtattatcccggtaagtgtggactatatttACACTCTCGGCAGCC
PCA1:Start-1947|CAD2.low:1948-End|RT:34_nt_each GCATTGCCCGGTTGTgcgacaacggtttaggtgggtacgggtccccattccttatatagaaATTTTCGATTGTATCATTTGGATATTTCGTTGTTGGTCATCCCCTGAGTACAGAACAGTTCTTCGAGAgacttcccgaatctcggtattatcccggtaagtgtggactatatttACACTCTCGGCAGCC
PCA1:Start-2127|CAD2.low:2128-End|RT:34_nt_each GCATTGCCCGGTTGTgcgacaacggtttaggtgggtacgggtccccattccttatatagaaTCTGGTGGATAAAACTGGTAAAGAGACGGAAATTGACATACGCCTGTTGCAGTACGGCGATATTTTCAgacttcccgaatctcggtattatcccggtaagtgtggactatatttACACTCTCGGCAGCC
PCA1:Start-2163|CAD2.low:2164-End|RT:34_nt_each GCATTGCCCGGTTGTgcgacaacggtttaggtgggtacgggtccccattccttatatagaaTATTAGACTTCTCCAATATGGCGATATTTTTAAGATATTGCCCGACAGTAGGATTCCAACTGATGGGAgacttcccgaatctcggtattatcccggtaagtgtggactatatttACACTCTCGGCAGCC
PCA1:Start-2505|CAD2.low:2506-End|RT:34_nt_each GCATTGCCCGGTTGTgcgacaacggtttaggtgggtacgggtccccattccttatatagaaCTTTTGCGTTTGGATAGCGGTTGGAATCCGTGTGCAAAAGCAGTCTAGGAGCGATGCTGTTATCCAAGgacttcccgaatctcggtattatcccggtaagtgtggactatatttACACTCTCGGCAGCC
PCA1:Start-2583|CAD2.low:2584-End|RT:34_nt_each GCATTGCCCGGTTGTgcgacaacggtttaggtgggtacgggtccccattccttatatagaaTGCCATTACGGTACTTATCGTTTCGTGTCCCTGCGCTATTGGTTTGGCAGTCCCTATTGTGTTTGTCAgacttcccgaatctcggtattatcccggtaagtgtggactatatttACACTCTCGGCAGCC
PCA1:Start-2907|CAD2.low:2908-End|RT:34_nt_each GCATTGCCCGGTTGTgcgacaacggtttaggtgggtacgggtccccattccttatatagaaAAATGTTTCTAATACAAAAGCTGTGACTGGTAAGGGCGTTGAAGGGACGTCTTATTCCGGTCTTAAACgacttcccgaatctcggtattatcccggtaagtgtggactatatttACACTCTCGGCAGCC
PCA1:Start-3339|CAD2.low:3340-End|RT:34_nt_each GCATTGCCCGGTTGTgcgacaacggtttaggtgggtacgggtccccattccttatatagaaTGTTTTTTGCGGTGACGGAACAAACGACGCAATTGCATTAACGCAGGCTACAATCGGTGTTCACATAAgacttcccgaatctcggtattatcccggtaagtgtggactatatttACACTCTCGGCAGCC
PCA1:Start-3624|CAD2.low:3625-End|RT:34_nt_each GCATTGCCCGGTTGTgcgacaacggtttaggtgggtacgggtccccattccttatatagaaACTAGTTAGTATCCTCCCTGTAATTTTTGTAGCTACTTTGTTGAGATACGCTAAGGTATGATCCAGGTgacttcccgaatctcggtattatcccggtaagtgtggactatatttACACTCTCGGCAGCC
PCA1:Start-3645|CAD2.low:3646-End|RT:34_nt_each GCATTGCCCGGTTGTgcgacaacggtttaggtgggtacgggtccccattccttatatagaaAATTTTTGTAGCTATACTTCTGCGTTATGCAAAGGTATGATCCAGGTACTGCTGCTATTTGATTGTAGgacttcccgaatctcggtattatcccggtaagtgtggactatatttACACTCTCGGCAGCC
PCA1:Start-3648|CAD2.low:3649-End|RT:34_nt_each GCATTGCCCGGTTGTgcgacaacggtttaggtgggtacgggtccccattccttatatagaaTTTTGTAGCTATACTTCTGCGTTATGCAAAGATTTGATCCAGGTACTGCTGCTATTTGATTGTAGATTgacttcccgaatctcggtattatcccggtaagtgtggactatatttACACTCTCGGCAGCC
PCA1:Start-114|CAD2.low:115-End|RT:40_nt_each GCATTGCCCGGTTGTgcgacaacggtttaggtgggtacgggtccccattccttatATCAATAGATGCTATGCAAGATAATAGAGGCGAGTGTCATCTGCGGTCAATCGAGCGACACGCAAACGATAATTTAGGTTccgaatctcggtattatcccggtaagtgtggactatatttACACTCTCGGCAGCC
PCA1:Start-129|CAD2.low:130-End|RT:40_nt_each GCATTGCCCGGTTGTgcgacaacggtttaggtgggtacgggtccccattccttatGCAAGATAATAGAGGCGAGTGTCATCGTAGATCCATAGAACGACACGCAAACGATAATTTAGGTTTGGTGTCACAACGTGccgaatctcggtattatcccggtaagtgtggactatatttACACTCTCGGCAGCC
PCA1:Start-426|CAD2.low:427-End|RT:40_nt_each GCATTGCCCGGTTGTgcgacaacggtttaggtgggtacgggtccccattccttatTCAAACAGGTGGTGACCACACCAATGAATCCTGTGTTGATGAATGTTGTGTCCGAGATTCTAGTGTAATGGTAGAAGAGGccgaatctcggtattatcccggtaagtgtggactatatttACACTCTCGGCAGCC
PCA1:Start-465|CAD2.low:466-End|RT:40_nt_each GCATTGCCCGGTTGTgcgacaacggtttaggtgggtacgggtccccattccttatTGGATGCTGCGTTAGAGATTCTTCAGTGATGGTCGAGGAAGGAACAGGTTCTTGTGAAGCAGTTTCCTCCAAGGAGCAGTccgaatctcggtattatcccggtaagtgtggactatatttACACTCTCGGCAGCC
PCA1:Start-627|CAD2.low:628-End|RT:40_nt_each GCATTGCCCGGTTGTgcgacaacggtttaggtgggtacgggtccccattccttatTACCAATTCCAACCAACACACAGGGAAGGGTAGGCTTTGCCTTGAGAGCAGTGATAGCACTTTAAAGAAAAGAAGATGTAccgaatctcggtattatcccggtaagtgtggactatatttACACTCTCGGCAGCC
PCA1:Start-660|CAD2.low:661-End|RT:40_nt_each GCATTGCCCGGTTGTgcgacaacggtttaggtgggtacgggtccccattccttatGCTTTGCATCGAATCAAGTGACTCTACACTCAAGAAAAGAAGATGTAAGGTTTCTCGCCAAAAGATAGAAGTAAGCTCAAccgaatctcggtattatcccggtaagtgtggactatatttACACTCTCGGCAGCC
PCA1:Start-774|CAD2.low:775-End|RT:40_nt_each GCATTGCCCGGTTGTgcgacaacggtttaggtgggtacgggtccccattccttatGATTGCATCTCGTAGCTGTGAAAAGAGGACTTTTAAAGGTACTACAAACGTTGGCATCAGCGGCTCGTCGAGTACTGATTccgaatctcggtattatcccggtaagtgtggactatatttACACTCTCGGCAGCC
PCA1:Start-1032|CAD2.low:1033-End|RT:40_nt_each GCATTGCCCGGTTGTgcgacaacggtttaggtgggtacgggtccccattccttatCTACCGCAACAGTTCTGGATGTTTAACAAAGAAAAAGACCTACGGGGATAAGGAAAGACTTTCTAACGACAACGGACATGccgaatctcggtattatcccggtaagtgtggactatatttACACTCTCGGCAGCC
PCA1:Start-1188|CAD2.low:1189-End|RT:40_nt_each GCATTGCCCGGTTGTgcgacaacggtttaggtgggtacgggtccccattccttatTTCGAGTGAAATTTCAAGAATCGTATCAATGGAACCAATTGGGAATCATTTGAACTTGGAAGCTGGCAGCACTGGTACTGccgaatctcggtattatcccggtaagtgtggactatatttACACTCTCGGCAGCC
PCA1:Start-1257|CAD2.low:1258-End|RT:40_nt_each GCATTGCCCGGTTGTgcgacaacggtttaggtgggtacgggtccccattccttatTACCGGTACCGAGCACATTGTTCTTAGTGTTTCAGGAATGACCTGTACTGGATGCGAGACTAAACTAAAGAAGAGCTTCGccgaatctcggtattatcccggtaagtgtggactatatttACACTCTCGGCAGCC
PCA1:Start-1275|CAD2.low:1276-End|RT:40_nt_each GCATTGCCCGGTTGTgcgacaacggtttaggtgggtacgggtccccattccttatTGTTCTTAGTGTTTCAGGAATGTCCTGTACTGGTTGTGAAACTAAACTAAAGAAGAGCTTCGGTGCTCTGAAGTGCGTCCccgaatctcggtattatcccggtaagtgtggactatatttACACTCTCGGCAGCC
PCA1:Start-1446|CAD2.low:1447-End|RT:40_nt_each GCATTGCCCGGTTGTgcgacaacggtttaggtgggtacgggtccccattccttatCAAAACTACTGAATTCAAGTACGAACAGATTTCAAATCATGCCTCTACAATTGATGTGGTGGCGCCCTACGCAGCTAAAGccgaatctcggtattatcccggtaagtgtggactatatttACACTCTCGGCAGCC
PCA1:Start-1467|CAD2.low:1468-End|RT:40_nt_each GCATTGCCCGGTTGTgcgacaacggtttaggtgggtacgggtccccattccttatCGAACAGATTTCAAATCATGGTTCAACTATAGATGTTGTTGCGCCCTACGCAGCTAAAGACTTCATAAACGAGGAATGGCccgaatctcggtattatcccggtaagtgtggactatatttACACTCTCGGCAGCC
PCA1:Start-1545|CAD2.low:1546-End|RT:40_nt_each GCATTGCCCGGTTGTgcgacaacggtttaggtgggtacgggtccccattccttatGCCACAAGGTGTCACAGAGCTGAAAATTGTTGAGAGAAATGTTATCAGGATCTATTTCGATCCTAAAGTAATTGGCGCTCccgaatctcggtattatcccggtaagtgtggactatatttACACTCTCGGCAGCC
PCA1:Start-1770|CAD2.low:1771-End|RT:40_nt_each GCATTGCCCGGTTGTgcgacaacggtttaggtgggtacgggtccccattccttatGATGGCTTGGGCTCCACAGCTTCGTGAAAAAATTTCCACTATGAGTGTGTCAATGGTACTAGCAACAATCATCCAGTTCGccgaatctcggtattatcccggtaagtgtggactatatttACACTCTCGGCAGCC
PCA1:Start-1773|CAD2.low:1774-End|RT:40_nt_each GCATTGCCCGGTTGTgcgacaacggtttaggtgggtacgggtccccattccttatGGCTTGGGCTCCACAGCTTCGTGAAAAAATTTCCACTATCAGTGTGTCAATGGTACTAGCAACAATCATCCAGTTCGTGAccgaatctcggtattatcccggtaagtgtggactatatttACACTCTCGGCAGCC
PCA1:Start-1944|CAD2.low:1945-End|RT:40_nt_each GCATTGCCCGGTTGTgcgacaacggtttaggtgggtacgggtccccattccttatTGCCTACATATTTTCGATTGTATCATTTGGATATTTCGTTGCCGGTCATCCCCTGAGTACAGAACAGTTCTTCGAGACATccgaatctcggtattatcccggtaagtgtggactatatttACACTCTCGGCAGCC
PCA1:Start-1947|CAD2.low:1948-End|RT:40_nt_each GCATTGCCCGGTTGTgcgacaacggtttaggtgggtacgggtccccattccttatCTACATATTTTCGATTGTATCATTTGGATATTTCGTTGTTGGTCATCCCCTGAGTACAGAACAGTTCTTCGAGACATCAAccgaatctcggtattatcccggtaagtgtggactatatttACACTCTCGGCAGCC
PCA1:Start-2127|CAD2.low:2128-End|RT:40_nt_each GCATTGCCCGGTTGTgcgacaacggtttaggtgggtacgggtccccattccttatTGCTATTCTGGTGGATAAAACTGGTAAAGAGACGGAAATTGACATACGCCTGTTGCAGTACGGCGATATTTTCAAAATATccgaatctcggtattatcccggtaagtgtggactatatttACACTCTCGGCAGCC
PCA1:Start-2163|CAD2.low:2164-End|RT:40_nt_each GCATTGCCCGGTTGTgcgacaacggtttaggtgggtacgggtccccattccttatAATTAATATTAGACTTCTCCAATATGGCGATATTTTTAAGATATTGCCCGACAGTAGGATTCCAACTGATGGGACTGTTAccgaatctcggtattatcccggtaagtgtggactatatttACACTCTCGGCAGCC
PCA1:Start-2505|CAD2.low:2506-End|RT:40_nt_each GCATTGCCCGGTTGTgcgacaacggtttaggtgggtacgggtccccattccttatCGTCACCTTTTGCGTTTGGATAGCGGTTGGAATCCGTGTGCAAAAGCAGTCTAGGAGCGATGCTGTTATCCAAGCGATAAccgaatctcggtattatcccggtaagtgtggactatatttACACTCTCGGCAGCC
PCA1:Start-2583|CAD2.low:2584-End|RT:40_nt_each GCATTGCCCGGTTGTgcgacaacggtttaggtgggtacgggtccccattccttatTATATATGCCATTACGGTACTTATCGTTTCGTGTCCCTGCGCTATTGGTTTGGCAGTCCCTATTGTGTTTGTCATCGCATccgaatctcggtattatcccggtaagtgtggactatatttACACTCTCGGCAGCC
PCA1:Start-2907|CAD2.low:2908-End|RT:40_nt_each GCATTGCCCGGTTGTgcgacaacggtttaggtgggtacgggtccccattccttatTGCTCAAAATGTTTCTAATACAAAAGCTGTGACTGGTAAGGGCGTTGAAGGGACGTCTTATTCCGGTCTTAAACTTCAGGccgaatctcggtattatcccggtaagtgtggactatatttACACTCTCGGCAGCC
PCA1:Start-3339|CAD2.low:3340-End|RT:40_nt_each GCATTGCCCGGTTGTgcgacaacggtttaggtgggtacgggtccccattccttatGGTTGTTGTTTTTTGCGGTGACGGAACAAACGACGCAATTGCATTAACGCAGGCTACAATCGGTGTTCACATAAATGAAGccgaatctcggtattatcccggtaagtgtggactatatttACACTCTCGGCAGCC
PCA1:Start-3624|CAD2.low:3625-End|RT:40_nt_each GCATTGCCCGGTTGTgcgacaacggtttaggtgggtacgggtccccattccttatAGGGGAACTAGTTAGTATCCTCCCTGTAATTTTTGTAGCTACTTTGTTGAGATACGCTAAGGTATGATCCAGGTACTGCTccgaatctcggtattatcccggtaagtgtggactatatttACACTCTCGGCAGCC
PCA1:Start-3645|CAD2.low:3646-End|RT:40_nt_each GCATTGCCCGGTTGTgcgacaacggtttaggtgggtacgggtccccattccttatCCCTGTAATTTTTGTAGCTATACTTCTGCGTTATGCAAAGGTATGATCCAGGTACTGCTGCTATTTGATTGTAGATTTTCccgaatctcggtattatcccggtaagtgtggactatatttACACTCTCGGCAGCC
PCA1:Start-3648|CAD2.low:3649-End|RT:40_nt_each GCATTGCCCGGTTGTgcgacaacggtttaggtgggtacgggtccccattccttatTGTAATTTTTGTAGCTATACTTCTGCGTTATGCAAAGATTTGATCCAGGTACTGCTGCTATTTGATTGTAGATTTTCTTTccgaatctcggtattatcccggtaagtgtggactatatttACACTCTCGGCAGCC
PCA1:Start-114|CAD2.low:115-End|RT:47_nt_each GCATTGCCCGGTTGTgcgacaacggtttaggtgggtacgggtccccatAGAACATATCAATAGATGCTATGCAAGATAATAGAGGCGAGTGTCATCTGCGGTCAATCGAGCGACACGCAAACGATAATTTAGGTTTGGTGTCtcggtattatcccggtaagtgtggactatatttACACTCTCGGCAGCC
PCA1:Start-129|CAD2.low:130-End|RT:47_nt_each GCATTGCCCGGTTGTgcgacaacggtttaggtgggtacgggtccccatATGCTATGCAAGATAATAGAGGCGAGTGTCATCGTAGATCCATAGAACGACACGCAAACGATAATTTAGGTTTGGTGTCACAACGTGATTGCACtcggtattatcccggtaagtgtggactatatttACACTCTCGGCAGCC
PCA1:Start-426|CAD2.low:427-End|RT:47_nt_each GCATTGCCCGGTTGTgcgacaacggtttaggtgggtacgggtccccatGCGATGCTCAAACAGGTGGTGACCACACCAATGAATCCTGTGTTGATGAATGTTGTGTCCGAGATTCTAGTGTAATGGTAGAAGAGGGAACAGGtcggtattatcccggtaagtgtggactatatttACACTCTCGGCAGCC
PCA1:Start-465|CAD2.low:466-End|RT:47_nt_each GCATTGCCCGGTTGTgcgacaacggtttaggtgggtacgggtccccatGTGTTGATGGATGCTGCGTTAGAGATTCTTCAGTGATGGTCGAGGAAGGAACAGGTTCTTGTGAAGCAGTTTCCTCCAAGGAGCAGTTGTTGACtcggtattatcccggtaagtgtggactatatttACACTCTCGGCAGCC
PCA1:Start-627|CAD2.low:628-End|RT:47_nt_each GCATTGCCCGGTTGTgcgacaacggtttaggtgggtacgggtccccatGCTGCAATACCAATTCCAACCAACACACAGGGAAGGGTAGGCTTTGCCTTGAGAGCAGTGATAGCACTTTAAAGAAAAGAAGATGTAAGGTTTCtcggtattatcccggtaagtgtggactatatttACACTCTCGGCAGCC
PCA1:Start-660|CAD2.low:661-End|RT:47_nt_each GCATTGCCCGGTTGTgcgacaacggtttaggtgggtacgggtccccatAGGGTAGGCTTTGCATCGAATCAAGTGACTCTACACTCAAGAAAAGAAGATGTAAGGTTTCTCGCCAAAAGATAGAAGTAAGCTCAAAACCCGAtcggtattatcccggtaagtgtggactatatttACACTCTCGGCAGCC
PCA1:Start-774|CAD2.low:775-End|RT:47_nt_each GCATTGCCCGGTTGTgcgacaacggtttaggtgggtacgggtccccatTTGAGCGGATTGCATCTCGTAGCTGTGAAAAGAGGACTTTTAAAGGTACTACAAACGTTGGCATCAGCGGCTCGTCGAGTACTGATTCCCTTTCtcggtattatcccggtaagtgtggactatatttACACTCTCGGCAGCC
PCA1:Start-1032|CAD2.low:1033-End|RT:47_nt_each GCATTGCCCGGTTGTgcgacaacggtttaggtgggtacgggtccccatAATACTCCTACCGCAACAGTTCTGGATGTTTAACAAAGAAAAAGACCTACGGGGATAAGGAAAGACTTTCTAACGACAACGGACATGCCGACTTtcggtattatcccggtaagtgtggactatatttACACTCTCGGCAGCC
PCA1:Start-1188|CAD2.low:1189-End|RT:47_nt_each GCATTGCCCGGTTGTgcgacaacggtttaggtgggtacgggtccccatGACACTCTTCGAGTGAAATTTCAAGAATCGTATCAATGGAACCAATTGGGAATCATTTGAACTTGGAAGCTGGCAGCACTGGTACTGAACACATtcggtattatcccggtaagtgtggactatatttACACTCTCGGCAGCC
PCA1:Start-1257|CAD2.low:1258-End|RT:47_nt_each GCATTGCCCGGTTGTgcgacaacggtttaggtgggtacgggtccccatCAGGATCTACCGGTACCGAGCACATTGTTCTTAGTGTTTCAGGAATGACCTGTACTGGATGCGAGACTAAACTAAAGAAGAGCTTCGGTGCTCTtcggtattatcccggtaagtgtggactatatttACACTCTCGGCAGCC
PCA1:Start-1275|CAD2.low:1276-End|RT:47_nt_each GCATTGCCCGGTTGTgcgacaacggtttaggtgggtacgggtccccatAGCACATTGTTCTTAGTGTTTCAGGAATGTCCTGTACTGGTTGTGAAACTAAACTAAAGAAGAGCTTCGGTGCTCTGAAGTGCGTCCATGGGCTtcggtattatcccggtaagtgtggactatatttACACTCTCGGCAGCC
PCA1:Start-1446|CAD2.low:1447-End|RT:47_nt_each GCATTGCCCGGTTGTgcgacaacggtttaggtgggtacgggtccccatACTTGAGCAAAACTACTGAATTCAAGTACGAACAGATTTCAAATCATGCCTCTACAATTGATGTGGTGGCGCCCTACGCAGCTAAAGACTTCATtcggtattatcccggtaagtgtggactatatttACACTCTCGGCAGCC
PCA1:Start-1467|CAD2.low:1468-End|RT:47_nt_each GCATTGCCCGGTTGTgcgacaacggtttaggtgggtacgggtccccatTCAAGTACGAACAGATTTCAAATCATGGTTCAACTATAGATGTTGTTGCGCCCTACGCAGCTAAAGACTTCATAAACGAGGAATGGCCTCAAGGtcggtattatcccggtaagtgtggactatatttACACTCTCGGCAGCC
PCA1:Start-1545|CAD2.low:1546-End|RT:47_nt_each GCATTGCCCGGTTGTgcgacaacggtttaggtgggtacgggtccccatAGGAATGGCCACAAGGTGTCACAGAGCTGAAAATTGTTGAGAGAAATGTTATCAGGATCTATTTCGATCCTAAAGTAATTGGCGCTCGCGACTTtcggtattatcccggtaagtgtggactatatttACACTCTCGGCAGCC
PCA1:Start-1770|CAD2.low:1771-End|RT:47_nt_each GCATTGCCCGGTTGTgcgacaacggtttaggtgggtacgggtccccatTTCTCGTGATGGCTTGGGCTCCACAGCTTCGTGAAAAAATTTCCACTATGAGTGTGTCAATGGTACTAGCAACAATCATCCAGTTCGTGATCGCtcggtattatcccggtaagtgtggactatatttACACTCTCGGCAGCC
PCA1:Start-1773|CAD2.low:1774-End|RT:47_nt_each GCATTGCCCGGTTGTgcgacaacggtttaggtgggtacgggtccccatTCGTGATGGCTTGGGCTCCACAGCTTCGTGAAAAAATTTCCACTATCAGTGTGTCAATGGTACTAGCAACAATCATCCAGTTCGTGATCGCTGGtcggtattatcccggtaagtgtggactatatttACACTCTCGGCAGCC
PCA1:Start-1944|CAD2.low:1945-End|RT:47_nt_each GCATTGCCCGGTTGTgcgacaacggtttaggtgggtacgggtccccatCTAGCGCTGCCTACATATTTTCGATTGTATCATTTGGATATTTCGTTGCCGGTCATCCCCTGAGTACAGAACAGTTCTTCGAGACATCAAGCCTtcggtattatcccggtaagtgtggactatatttACACTCTCGGCAGCC
PCA1:Start-1947|CAD2.low:1948-End|RT:47_nt_each GCATTGCCCGGTTGTgcgacaacggtttaggtgggtacgggtccccatGCGCTGCCTACATATTTTCGATTGTATCATTTGGATATTTCGTTGTTGGTCATCCCCTGAGTACAGAACAGTTCTTCGAGACATCAAGCCTATTtcggtattatcccggtaagtgtggactatatttACACTCTCGGCAGCC
PCA1:Start-2127|CAD2.low:2128-End|RT:47_nt_each GCATTGCCCGGTTGTgcgacaacggtttaggtgggtacgggtccccatCCTCTTCTGCTATTCTGGTGGATAAAACTGGTAAAGAGACGGAAATTGACATACGCCTGTTGCAGTACGGCGATATTTTCAAAATATTGCCCGAtcggtattatcccggtaagtgtggactatatttACACTCTCGGCAGCC
PCA1:Start-2163|CAD2.low:2164-End|RT:47_nt_each GCATTGCCCGGTTGTgcgacaacggtttaggtgggtacgggtccccatAGACGGAAATTAATATTAGACTTCTCCAATATGGCGATATTTTTAAGATATTGCCCGACAGTAGGATTCCAACTGATGGGACTGTTATTAGCGGtcggtattatcccggtaagtgtggactatatttACACTCTCGGCAGCC
PCA1:Start-2505|CAD2.low:2506-End|RT:47_nt_each GCATTGCCCGGTTGTgcgacaacggtttaggtgggtacgggtccccatTCACTGTCGTCACCTTTTGCGTTTGGATAGCGGTTGGAATCCGTGTGCAAAAGCAGTCTAGGAGCGATGCTGTTATCCAAGCGATAATTTATGCtcggtattatcccggtaagtgtggactatatttACACTCTCGGCAGCC
PCA1:Start-2583|CAD2.low:2584-End|RT:47_nt_each GCATTGCCCGGTTGTgcgacaacggtttaggtgggtacgggtccccatAGGCCATTATATATGCCATTACGGTACTTATCGTTTCGTGTCCCTGCGCTATTGGTTTGGCAGTCCCTATTGTGTTTGTCATCGCATCAGGAGTtcggtattatcccggtaagtgtggactatatttACACTCTCGGCAGCC
PCA1:Start-2907|CAD2.low:2908-End|RT:47_nt_each GCATTGCCCGGTTGTgcgacaacggtttaggtgggtacgggtccccatGTGTTTCTGCTCAAAATGTTTCTAATACAAAAGCTGTGACTGGTAAGGGCGTTGAAGGGACGTCTTATTCCGGTCTTAAACTTCAGGGTGGGAAtcggtattatcccggtaagtgtggactatatttACACTCTCGGCAGCC
PCA1:Start-3339|CAD2.low:3340-End|RT:47_nt_each GCATTGCCCGGTTGTgcgacaacggtttaggtgggtacgggtccccatAAAGACCGGTTGTTGTTTTTTGCGGTGACGGAACAAACGACGCAATTGCATTAACGCAGGCTACAATCGGTGTTCACATAAATGAAGGATCCGAtcggtattatcccggtaagtgtggactatatttACACTCTCGGCAGCC
PCA1:Start-3624|CAD2.low:3625-End|RT:47_nt_each GCATTGCCCGGTTGTgcgacaacggtttaggtgggtacgggtccccatCGGGTTTAGGGGAACTAGTTAGTATCCTCCCTGTAATTTTTGTAGCTACTTTGTTGAGATACGCTAAGGTATGATCCAGGTACTGCTGCTATTTtcggtattatcccggtaagtgtggactatatttACACTCTCGGCAGCC
PCA1:Start-3645|CAD2.low:3646-End|RT:47_nt_each GCATTGCCCGGTTGTgcgacaacggtttaggtgggtacgggtccccatGTATCCTCCCTGTAATTTTTGTAGCTATACTTCTGCGTTATGCAAAGGTATGATCCAGGTACTGCTGCTATTTGATTGTAGATTTTCTTTTTTCtcggtattatcccggtaagtgtggactatatttACACTCTCGGCAGCC
PCA1:Start-3648|CAD2.low:3649-End|RT:47_nt_each GCATTGCCCGGTTGTgcgacaacggtttaggtgggtacgggtccccatTCCTCCCTGTAATTTTTGTAGCTATACTTCTGCGTTATGCAAAGATTTGATCCAGGTACTGCTGCTATTTGATTGTAGATTTTCTTTTTTCTTTtcggtattatcccggtaagtgtggactatatttACACTCTCGGCAGCC
PCA1:Start-114|CAD2.low:115-End|RT:55_nt_each GCATTGCCCGGTTGTgcgacaacggtttaggtgggtacggAAATAGCGAGAACATATCAATAGATGCTATGCAAGATAATAGAGGCGAGTGTCATCTGCGGTCAATCGAGCGACACGCAAACGATAATTTAGGTTTGGTGTCACAACGTGatcccggtaagtgtggactatatttACACTCTCGGCAGCC
PCA1:Start-129|CAD2.low:130-End|RT:55_nt_each GCATTGCCCGGTTGTgcgacaacggtttaggtgggtacggATCAATAGATGCTATGCAAGATAATAGAGGCGAGTGTCATCGTAGATCCATAGAACGACACGCAAACGATAATTTAGGTTTGGTGTCACAACGTGATTGCACGAACAGACatcccggtaagtgtggactatatttACACTCTCGGCAGCC
PCA1:Start-426|CAD2.low:427-End|RT:55_nt_each GCATTGCCCGGTTGTgcgacaacggtttaggtgggtacggCTGTTGCGGCGATGCTCAAACAGGTGGTGACCACACCAATGAATCCTGTGTTGATGAATGTTGTGTCCGAGATTCTAGTGTAATGGTAGAAGAGGGAACAGGTTCTTGTGatcccggtaagtgtggactatatttACACTCTCGGCAGCC
PCA1:Start-465|CAD2.low:466-End|RT:55_nt_each GCATTGCCCGGTTGTgcgacaacggtttaggtgggtacggTGAATCCTGTGTTGATGGATGCTGCGTTAGAGATTCTTCAGTGATGGTCGAGGAAGGAACAGGTTCTTGTGAAGCAGTTTCCTCCAAGGAGCAGTTGTTGACTTCTTTTGatcccggtaagtgtggactatatttACACTCTCGGCAGCC
PCA1:Start-627|CAD2.low:628-End|RT:55_nt_each GCATTGCCCGGTTGTgcgacaacggtttaggtgggtacggGACAACTCGCTGCAATACCAATTCCAACCAACACACAGGGAAGGGTAGGCTTTGCCTTGAGAGCAGTGATAGCACTTTAAAGAAAAGAAGATGTAAGGTTTCTCGCCAAAatcccggtaagtgtggactatatttACACTCTCGGCAGCC
PCA1:Start-660|CAD2.low:661-End|RT:55_nt_each GCATTGCCCGGTTGTgcgacaacggtttaggtgggtacggCACAGGGAAGGGTAGGCTTTGCATCGAATCAAGTGACTCTACACTCAAGAAAAGAAGATGTAAGGTTTCTCGCCAAAAGATAGAAGTAAGCTCAAAACCCGAATGTTGTAatcccggtaagtgtggactatatttACACTCTCGGCAGCC
PCA1:Start-774|CAD2.low:775-End|RT:55_nt_each GCATTGCCCGGTTGTgcgacaacggtttaggtgggtacggTTCATGTGTTGAGCGGATTGCATCTCGTAGCTGTGAAAAGAGGACTTTTAAAGGTACTACAAACGTTGGCATCAGCGGCTCGTCGAGTACTGATTCCCTTTCTGAAAAGTatcccggtaagtgtggactatatttACACTCTCGGCAGCC
PCA1:Start-1032|CAD2.low:1033-End|RT:55_nt_each GCATTGCCCGGTTGTgcgacaacggtttaggtgggtacggAAAGACAAAATACTCCTACCGCAACAGTTCTGGATGTTTAACAAAGAAAAAGACCTACGGGGATAAGGAAAGACTTTCTAACGACAACGGACATGCCGACTTTGTCTGCTatcccggtaagtgtggactatatttACACTCTCGGCAGCC
PCA1:Start-1188|CAD2.low:1189-End|RT:55_nt_each GCATTGCCCGGTTGTgcgacaacggtttaggtgggtacggTATTTCTGGACACTCTTCGAGTGAAATTTCAAGAATCGTATCAATGGAACCAATTGGGAATCATTTGAACTTGGAAGCTGGCAGCACTGGTACTGAACACATAGTGTTGTatcccggtaagtgtggactatatttACACTCTCGGCAGCC
PCA1:Start-1257|CAD2.low:1258-End|RT:55_nt_each GCATTGCCCGGTTGTgcgacaacggtttaggtgggtacggTCTTGAGGCAGGATCTACCGGTACCGAGCACATTGTTCTTAGTGTTTCAGGAATGACCTGTACTGGATGCGAGACTAAACTAAAGAAGAGCTTCGGTGCTCTGAAGTGCGatcccggtaagtgtggactatatttACACTCTCGGCAGCC
PCA1:Start-1275|CAD2.low:1276-End|RT:55_nt_each GCATTGCCCGGTTGTgcgacaacggtttaggtgggtacggCGGTACCGAGCACATTGTTCTTAGTGTTTCAGGAATGTCCTGTACTGGTTGTGAAACTAAACTAAAGAAGAGCTTCGGTGCTCTGAAGTGCGTCCATGGGCTGAAAACAAatcccggtaagtgtggactatatttACACTCTCGGCAGCC
PCA1:Start-1446|CAD2.low:1447-End|RT:55_nt_each GCATTGCCCGGTTGTgcgacaacggtttaggtgggtacggTATCAAGCACTTGAGCAAAACTACTGAATTCAAGTACGAACAGATTTCAAATCATGCCTCTACAATTGATGTGGTGGCGCCCTACGCAGCTAAAGACTTCATAAACGAGGatcccggtaagtgtggactatatttACACTCTCGGCAGCC
PCA1:Start-1467|CAD2.low:1468-End|RT:55_nt_each GCATTGCCCGGTTGTgcgacaacggtttaggtgggtacggTACTGAATTCAAGTACGAACAGATTTCAAATCATGGTTCAACTATAGATGTTGTTGCGCCCTACGCAGCTAAAGACTTCATAAACGAGGAATGGCCTCAAGGGGTAACGGatcccggtaagtgtggactatatttACACTCTCGGCAGCC
PCA1:Start-1545|CAD2.low:1546-End|RT:55_nt_each GCATTGCCCGGTTGTgcgacaacggtttaggtgggtacggTATTAATGAGGAATGGCCACAAGGTGTCACAGAGCTGAAAATTGTTGAGAGAAATGTTATCAGGATCTATTTCGATCCTAAAGTAATTGGCGCTCGCGACTTAGTAAATGatcccggtaagtgtggactatatttACACTCTCGGCAGCC
PCA1:Start-1770|CAD2.low:1771-End|RT:55_nt_each GCATTGCCCGGTTGTgcgacaacggtttaggtgggtacggGATCCCGATTCTCGTGATGGCTTGGGCTCCACAGCTTCGTGAAAAAATTTCCACTATGAGTGTGTCAATGGTACTAGCAACAATCATCCAGTTCGTGATCGCTGGTCCCTatcccggtaagtgtggactatatttACACTCTCGGCAGCC
PCA1:Start-1773|CAD2.low:1774-End|RT:55_nt_each GCATTGCCCGGTTGTgcgacaacggtttaggtgggtacggCCCGATTCTCGTGATGGCTTGGGCTCCACAGCTTCGTGAAAAAATTTCCACTATCAGTGTGTCAATGGTACTAGCAACAATCATCCAGTTCGTGATCGCTGGTCCCTTCTatcccggtaagtgtggactatatttACACTCTCGGCAGCC
PCA1:Start-1944|CAD2.low:1945-End|RT:55_nt_each GCATTGCCCGGTTGTgcgacaacggtttaggtgggtacggTTTAAGCACTAGCGCTGCCTACATATTTTCGATTGTATCATTTGGATATTTCGTTGCCGGTCATCCCCTGAGTACAGAACAGTTCTTCGAGACATCAAGCCTATTGGTTAatcccggtaagtgtggactatatttACACTCTCGGCAGCC
PCA1:Start-1947|CAD2.low:1948-End|RT:55_nt_each GCATTGCCCGGTTGTgcgacaacggtttaggtgggtacggAAGCACTAGCGCTGCCTACATATTTTCGATTGTATCATTTGGATATTTCGTTGTTGGTCATCCCCTGAGTACAGAACAGTTCTTCGAGACATCAAGCCTATTGGTTACATatcccggtaagtgtggactatatttACACTCTCGGCAGCC
PCA1:Start-2127|CAD2.low:2128-End|RT:55_nt_each GCATTGCCCGGTTGTgcgacaacggtttaggtgggtacggCTTACAGGCCTCTTCTGCTATTCTGGTGGATAAAACTGGTAAAGAGACGGAAATTGACATACGCCTGTTGCAGTACGGCGATATTTTCAAAATATTGCCCGACAGTAGGAatcccggtaagtgtggactatatttACACTCTCGGCAGCC
PCA1:Start-2163|CAD2.low:2164-End|RT:55_nt_each GCATTGCCCGGTTGTgcgacaacggtttaggtgggtacggTGGTAAAGAGACGGAAATTAATATTAGACTTCTCCAATATGGCGATATTTTTAAGATATTGCCCGACAGTAGGATTCCAACTGATGGGACTGTTATTAGCGGTTCAAGTGatcccggtaagtgtggactatatttACACTCTCGGCAGCC
PCA1:Start-2505|CAD2.low:2506-End|RT:55_nt_each GCATTGCCCGGTTGTgcgacaacggtttaggtgggtacggCATTGGAATCACTGTCGTCACCTTTTGCGTTTGGATAGCGGTTGGAATCCGTGTGCAAAAGCAGTCTAGGAGCGATGCTGTTATCCAAGCGATAATTTATGCTATAACTGatcccggtaagtgtggactatatttACACTCTCGGCAGCC
PCA1:Start-2583|CAD2.low:2584-End|RT:55_nt_each GCATTGCCCGGTTGTgcgacaacggtttaggtgggtacggCGTAATTCAGGCCATTATATATGCCATTACGGTACTTATCGTTTCGTGTCCCTGCGCTATTGGTTTGGCAGTCCCTATTGTGTTTGTCATCGCATCAGGAGTTGCCGCCAatcccggtaagtgtggactatatttACACTCTCGGCAGCC
PCA1:Start-2907|CAD2.low:2908-End|RT:55_nt_each GCATTGCCCGGTTGTgcgacaacggtttaggtgggtacggAGAAAAAGGTGTTTCTGCTCAAAATGTTTCTAATACAAAAGCTGTGACTGGTAAGGGCGTTGAAGGGACGTCTTATTCCGGTCTTAAACTTCAGGGTGGGAATTGCCGCTatcccggtaagtgtggactatatttACACTCTCGGCAGCC
PCA1:Start-3339|CAD2.low:3340-End|RT:55_nt_each GCATTGCCCGGTTGTgcgacaacggtttaggtgggtacggGCAGTCAAAAAGACCGGTTGTTGTTTTTTGCGGTGACGGAACAAACGACGCAATTGCATTAACGCAGGCTACAATCGGTGTTCACATAAATGAAGGATCCGAAGTAGCAAatcccggtaagtgtggactatatttACACTCTCGGCAGCC
PCA1:Start-3624|CAD2.low:3625-End|RT:55_nt_each GCATTGCCCGGTTGTgcgacaacggtttaggtgggtacggAGAGTATGCGGGTTTAGGGGAACTAGTTAGTATCCTCCCTGTAATTTTTGTAGCTACTTTGTTGAGATACGCTAAGGTATGATCCAGGTACTGCTGCTATTTGATTGTAGatcccggtaagtgtggactatatttACACTCTCGGCAGCC
PCA1:Start-3645|CAD2.low:3646-End|RT:55_nt_each GCATTGCCCGGTTGTgcgacaacggtttaggtgggtacggACTAGTTAGTATCCTCCCTGTAATTTTTGTAGCTATACTTCTGCGTTATGCAAAGGTATGATCCAGGTACTGCTGCTATTTGATTGTAGATTTTCTTTTTTCTTTTCTTTatcccggtaagtgtggactatatttACACTCTCGGCAGCC
PCA1:Start-3648|CAD2.low:3649-End|RT:55_nt_each GCATTGCCCGGTTGTgcgacaacggtttaggtgggtacggAGTTAGTATCCTCCCTGTAATTTTTGTAGCTATACTTCTGCGTTATGCAAAGATTTGATCCAGGTACTGCTGCTATTTGATTGTAGATTTTCTTTTTTCTTTTCTTTTTTatcccggtaagtgtggactatatttACACTCTCGGCAGCC
PCA1:Start-114|CAD2.low:115-End|RT:64_nt_each GCATTGCCCGGTTGTgcgacaacggtttaggTGGAGTGGTAAATAGCGAGAACATATCAATAGATGCTATGCAAGATAATAGAGGCGAGTGTCATCTGCGGTCAATCGAGCGACACGCAAACGATAATTTAGGTTTGGTGTCACAACGTGATTGCACGAagtgtggactatatttACACTCTCGGCAGCC
PCA1:Start-129|CAD2.low:130-End|RT:64_nt_each GCATTGCCCGGTTGTgcgacaacggtttaggCGAGAACATATCAATAGATGCTATGCAAGATAATAGAGGCGAGTGTCATCGTAGATCCATAGAACGACACGCAAACGATAATTTAGGTTTGGTGTCACAACGTGATTGCACGAACAGACCAAAGATAAagtgtggactatatttACACTCTCGGCAGCC
PCA1:Start-426|CAD2.low:427-End|RT:64_nt_each GCATTGCCCGGTTGTgcgacaacggtttaggTGTGGACAGCTGTTGCGGCGATGCTCAAACAGGTGGTGACCACACCAATGAATCCTGTGTTGATGAATGTTGTGTCCGAGATTCTAGTGTAATGGTAGAAGAGGGAACAGGTTCTTGTGAAGCAGTTTagtgtggactatatttACACTCTCGGCAGCC
PCA1:Start-465|CAD2.low:466-End|RT:64_nt_each GCATTGCCCGGTTGTgcgacaacggtttaggCCACACCAATGAATCCTGTGTTGATGGATGCTGCGTTAGAGATTCTTCAGTGATGGTCGAGGAAGGAACAGGTTCTTGTGAAGCAGTTTCCTCCAAGGAGCAGTTGTTGACTTCTTTTGAGGTCGTCCagtgtggactatatttACACTCTCGGCAGCC
PCA1:Start-627|CAD2.low:628-End|RT:64_nt_each GCATTGCCCGGTTGTgcgacaacggtttaggTATTAGAGAGACAACTCGCTGCAATACCAATTCCAACCAACACACAGGGAAGGGTAGGCTTTGCCTTGAGAGCAGTGATAGCACTTTAAAGAAAAGAAGATGTAAGGTTTCTCGCCAAAAGATAGAAGagtgtggactatatttACACTCTCGGCAGCC
PCA1:Start-660|CAD2.low:661-End|RT:64_nt_each GCATTGCCCGGTTGTgcgacaacggtttaggCAACCAACACACAGGGAAGGGTAGGCTTTGCATCGAATCAAGTGACTCTACACTCAAGAAAAGAAGATGTAAGGTTTCTCGCCAAAAGATAGAAGTAAGCTCAAAACCCGAATGTTGTAATATAAGCTagtgtggactatatttACACTCTCGGCAGCC
PCA1:Start-774|CAD2.low:775-End|RT:64_nt_each GCATTGCCCGGTTGTgcgacaacggtttaggCTGCAACATTTCATGTGTTGAGCGGATTGCATCTCGTAGCTGTGAAAAGAGGACTTTTAAAGGTACTACAAACGTTGGCATCAGCGGCTCGTCGAGTACTGATTCCCTTTCTGAAAAGTTCTTCTCTGagtgtggactatatttACACTCTCGGCAGCC
PCA1:Start-1032|CAD2.low:1033-End|RT:64_nt_each GCATTGCCCGGTTGTgcgacaacggtttaggTGCTTCTAAAAAGACAAAATACTCCTACCGCAACAGTTCTGGATGTTTAACAAAGAAAAAGACCTACGGGGATAAGGAAAGACTTTCTAACGACAACGGACATGCCGACTTTGTCTGCTCAAAGTCCTagtgtggactatatttACACTCTCGGCAGCC
PCA1:Start-1188|CAD2.low:1189-End|RT:64_nt_each GCATTGCCCGGTTGTgcgacaacggtttaggTACCTCAACTATTTCTGGACACTCTTCGAGTGAAATTTCAAGAATCGTATCAATGGAACCAATTGGGAATCATTTGAACTTGGAAGCTGGCAGCACTGGTACTGAACACATAGTGTTGTCAGTAAGTGagtgtggactatatttACACTCTCGGCAGCC
PCA1:Start-1257|CAD2.low:1258-End|RT:64_nt_each GCATTGCCCGGTTGTgcgacaacggtttaggTCATCTTAATCTTGAGGCAGGATCTACCGGTACCGAGCACATTGTTCTTAGTGTTTCAGGAATGACCTGTACTGGATGCGAGACTAAACTAAAGAAGAGCTTCGGTGCTCTGAAGTGCGTCCATGGGCagtgtggactatatttACACTCTCGGCAGCC
PCA1:Start-1275|CAD2.low:1276-End|RT:64_nt_each GCATTGCCCGGTTGTgcgacaacggtttaggAGGATCTACCGGTACCGAGCACATTGTTCTTAGTGTTTCAGGAATGTCCTGTACTGGTTGTGAAACTAAACTAAAGAAGAGCTTCGGTGCTCTGAAGTGCGTCCATGGGCTGAAAACAAGCTTAATCCagtgtggactatatttACACTCTCGGCAGCC
PCA1:Start-1446|CAD2.low:1447-End|RT:64_nt_each GCATTGCCCGGTTGTgcgacaacggtttaggCAAGGATGTTATCAAGCACTTGAGCAAAACTACTGAATTCAAGTACGAACAGATTTCAAATCATGCCTCTACAATTGATGTGGTGGCGCCCTACGCAGCTAAAGACTTCATAAACGAGGAATGGCCTCagtgtggactatatttACACTCTCGGCAGCC
PCA1:Start-1467|CAD2.low:1468-End|RT:64_nt_each GCATTGCCCGGTTGTgcgacaacggtttaggGAGCAAAACTACTGAATTCAAGTACGAACAGATTTCAAATCATGGTTCAACTATAGATGTTGTTGCGCCCTACGCAGCTAAAGACTTCATAAACGAGGAATGGCCTCAAGGGGTAACGGAGTTGAAGAagtgtggactatatttACACTCTCGGCAGCC
PCA1:Start-1545|CAD2.low:1546-End|RT:64_nt_each GCATTGCCCGGTTGTgcgacaacggtttaggAAAAGATTTTATTAATGAGGAATGGCCACAAGGTGTCACAGAGCTGAAAATTGTTGAGAGAAATGTTATCAGGATCTATTTCGATCCTAAAGTAATTGGCGCTCGCGACTTAGTAAATGAGGGTTGGTagtgtggactatatttACACTCTCGGCAGCC
PCA1:Start-1770|CAD2.low:1771-End|RT:64_nt_each GCATTGCCCGGTTGTgcgacaacggtttaggAATATTGACGATCCCGATTCTCGTGATGGCTTGGGCTCCACAGCTTCGTGAAAAAATTTCCACTATGAGTGTGTCAATGGTACTAGCAACAATCATCCAGTTCGTGATCGCTGGTCCCTTCTATCTAAagtgtggactatatttACACTCTCGGCAGCC
PCA1:Start-1773|CAD2.low:1774-End|RT:64_nt_each GCATTGCCCGGTTGTgcgacaacggtttaggATTGACGATCCCGATTCTCGTGATGGCTTGGGCTCCACAGCTTCGTGAAAAAATTTCCACTATCAGTGTGTCAATGGTACTAGCAACAATCATCCAGTTCGTGATCGCTGGTCCCTTCTATCTAAACGagtgtggactatatttACACTCTCGGCAGCC
PCA1:Start-1944|CAD2.low:1945-End|RT:64_nt_each GCATTGCCCGGTTGTgcgacaacggtttaggACTAATAGTTTTAAGCACTAGCGCTGCCTACATATTTTCGATTGTATCATTTGGATATTTCGTTGCCGGTCATCCCCTGAGTACAGAACAGTTCTTCGAGACATCAAGCCTATTGGTTACATTGATAAagtgtggactatatttACACTCTCGGCAGCC
PCA1:Start-1947|CAD2.low:1948-End|RT:64_nt_each GCATTGCCCGGTTGTgcgacaacggtttaggAATAGTTTTAAGCACTAGCGCTGCCTACATATTTTCGATTGTATCATTTGGATATTTCGTTGTTGGTCATCCCCTGAGTACAGAACAGTTCTTCGAGACATCAAGCCTATTGGTTACATTGATAATGGagtgtggactatatttACACTCTCGGCAGCC
PCA1:Start-2127|CAD2.low:2128-End|RT:64_nt_each GCATTGCCCGGTTGTgcgacaacggtttaggAGTACGTTCCTTACAGGCCTCTTCTGCTATTCTGGTGGATAAAACTGGTAAAGAGACGGAAATTGACATACGCCTGTTGCAGTACGGCGATATTTTCAAAATATTGCCCGACAGTAGGATTCCAACTGagtgtggactatatttACACTCTCGGCAGCC
PCA1:Start-2163|CAD2.low:2164-End|RT:64_nt_each GCATTGCCCGGTTGTgcgacaacggtttaggGGATAAAACTGGTAAAGAGACGGAAATTAATATTAGACTTCTCCAATATGGCGATATTTTTAAGATATTGCCCGACAGTAGGATTCCAACTGATGGGACTGTTATTAGCGGTTCAAGTGAAGTCGATGagtgtggactatatttACACTCTCGGCAGCC
PCA1:Start-2505|CAD2.low:2506-End|RT:64_nt_each GCATTGCCCGGTTGTgcgacaacggtttaggGCCAACTATCATTGGAATCACTGTCGTCACCTTTTGCGTTTGGATAGCGGTTGGAATCCGTGTGCAAAAGCAGTCTAGGAGCGATGCTGTTATCCAAGCGATAATTTATGCTATAACTGTTTTAATTGagtgtggactatatttACACTCTCGGCAGCC
PCA1:Start-2583|CAD2.low:2584-End|RT:64_nt_each GCATTGCCCGGTTGTgcgacaacggtttaggCTCCGATGCCGTAATTCAGGCCATTATATATGCCATTACGGTACTTATCGTTTCGTGTCCCTGCGCTATTGGTTTGGCAGTCCCTATTGTGTTTGTCATCGCATCAGGAGTTGCCGCCAAAAGAGGAGagtgtggactatatttACACTCTCGGCAGCC
PCA1:Start-2907|CAD2.low:2908-End|RT:64_nt_each GCATTGCCCGGTTGTgcgacaacggtttaggCTATCTCAAAGAAAAAGGTGTTTCTGCTCAAAATGTTTCTAATACAAAAGCTGTGACTGGTAAGGGCGTTGAAGGGACGTCTTATTCCGGTCTTAAACTTCAGGGTGGGAATTGCCGCTGGTTAGGACagtgtggactatatttACACTCTCGGCAGCC
PCA1:Start-3339|CAD2.low:3340-End|RT:64_nt_each GCATTGCCCGGTTGTgcgacaacggtttaggTAGTTCTTCGCAGTCAAAAAGACCGGTTGTTGTTTTTTGCGGTGACGGAACAAACGACGCAATTGCATTAACGCAGGCTACAATCGGTGTTCACATAAATGAAGGATCCGAAGTAGCAAAGTTGGCCGagtgtggactatatttACACTCTCGGCAGCC
PCA1:Start-3624|CAD2.low:3625-End|RT:64_nt_each GCATTGCCCGGTTGTgcgacaacggtttaggTATTCCACCAGAGTATGCGGGTTTAGGGGAACTAGTTAGTATCCTCCCTGTAATTTTTGTAGCTACTTTGTTGAGATACGCTAAGGTATGATCCAGGTACTGCTGCTATTTGATTGTAGATTTTCTTTagtgtggactatatttACACTCTCGGCAGCC
PCA1:Start-3645|CAD2.low:3646-End|RT:64_nt_each GCATTGCCCGGTTGTgcgacaacggtttaggTTTAGGGGAACTAGTTAGTATCCTCCCTGTAATTTTTGTAGCTATACTTCTGCGTTATGCAAAGGTATGATCCAGGTACTGCTGCTATTTGATTGTAGATTTTCTTTTTTCTTTTCTTTTTTTTTTTTagtgtggactatatttACACTCTCGGCAGCC
PCA1:Start-3648|CAD2.low:3649-End|RT:64_nt_each GCATTGCCCGGTTGTgcgacaacggtttaggAGGGGAACTAGTTAGTATCCTCCCTGTAATTTTTGTAGCTATACTTCTGCGTTATGCAAAGATTTGATCCAGGTACTGCTGCTATTTGATTGTAGATTTTCTTTTTTCTTTTCTTTTTTTTTTTTGACagtgtggactatatttACACTCTCGGCAGCC
PCA1:Start-114|CAD2.low:115-End|RT:74_nt_each GCATTGCCCGGTTGTgcgacaATGGCGAGTATGGAGTGGTAAATAGCGAGAACATATCAATAGATGCTATGCAAGATAATAGAGGCGAGTGTCATCTGCGGTCAATCGAGCGACACGCAAACGATAATTTAGGTTTGGTGTCACAACGTGATTGCACGAACAGACCAAAatatttACACTCTCGGCAGCC
PCA1:Start-129|CAD2.low:130-End|RT:74_nt_each GCATTGCCCGGTTGTgcgacaTGGTAAATAGCGAGAACATATCAATAGATGCTATGCAAGATAATAGAGGCGAGTGTCATCGTAGATCCATAGAACGACACGCAAACGATAATTTAGGTTTGGTGTCACAACGTGATTGCACGAACAGACCAAAGATAACACCACAAGAatatttACACTCTCGGCAGCC
PCA1:Start-426|CAD2.low:427-End|RT:74_nt_each GCATTGCCCGGTTGTgcgacaCTGGCTTGGATGTGGACAGCTGTTGCGGCGATGCTCAAACAGGTGGTGACCACACCAATGAATCCTGTGTTGATGAATGTTGTGTCCGAGATTCTAGTGTAATGGTAGAAGAGGGAACAGGTTCTTGTGAAGCAGTTTCCTCCAAGGAatatttACACTCTCGGCAGCC
PCA1:Start-465|CAD2.low:466-End|RT:74_nt_each GCATTGCCCGGTTGTgcgacaCAGGTGGTGACCACACCAATGAATCCTGTGTTGATGGATGCTGCGTTAGAGATTCTTCAGTGATGGTCGAGGAAGGAACAGGTTCTTGTGAAGCAGTTTCCTCCAAGGAGCAGTTGTTGACTTCTTTTGAGGTCGTCCCCTCAAAGAGatatttACACTCTCGGCAGCC
PCA1:Start-627|CAD2.low:628-End|RT:74_nt_each GCATTGCCCGGTTGTgcgacaCTATTCATGATATTAGAGAGACAACTCGCTGCAATACCAATTCCAACCAACACACAGGGAAGGGTAGGCTTTGCCTTGAGAGCAGTGATAGCACTTTAAAGAAAAGAAGATGTAAGGTTTCTCGCCAAAAGATAGAAGTAAGCTCAAAatatttACACTCTCGGCAGCC
PCA1:Start-660|CAD2.low:661-End|RT:74_nt_each GCATTGCCCGGTTGTgcgacaATACCAATTCCAACCAACACACAGGGAAGGGTAGGCTTTGCATCGAATCAAGTGACTCTACACTCAAGAAAAGAAGATGTAAGGTTTCTCGCCAAAAGATAGAAGTAAGCTCAAAACCCGAATGTTGTAATATAAGCTGCGTCGAAAGatatttACACTCTCGGCAGCC
PCA1:Start-774|CAD2.low:775-End|RT:74_nt_each GCATTGCCCGGTTGTgcgacaAGCCTGAGTGCTGCAACATTTCATGTGTTGAGCGGATTGCATCTCGTAGCTGTGAAAAGAGGACTTTTAAAGGTACTACAAACGTTGGCATCAGCGGCTCGTCGAGTACTGATTCCCTTTCTGAAAAGTTCTTCTCTGAACAGTATAGatatttACACTCTCGGCAGCC
PCA1:Start-1032|CAD2.low:1033-End|RT:74_nt_each GCATTGCCCGGTTGTgcgacaGCGGGGAGGGTGCTTCTAAAAAGACAAAATACTCCTACCGCAACAGTTCTGGATGTTTAACAAAGAAAAAGACCTACGGGGATAAGGAAAGACTTTCTAACGACAACGGACATGCCGACTTTGTCTGCTCAAAGTCCTGCTGTACCAAatatttACACTCTCGGCAGCC
PCA1:Start-1188|CAD2.low:1189-End|RT:74_nt_each GCATTGCCCGGTTGTgcgacaATTGTGCTGTTACCTCAACTATTTCTGGACACTCTTCGAGTGAAATTTCAAGAATCGTATCAATGGAACCAATTGGGAATCATTTGAACTTGGAAGCTGGCAGCACTGGTACTGAACACATAGTGTTGTCAGTAAGTGGAATGACCTGatatttACACTCTCGGCAGCC
PCA1:Start-1257|CAD2.low:1258-End|RT:74_nt_each GCATTGCCCGGTTGTgcgacaCAATTGAAAATCATCTTAATCTTGAGGCAGGATCTACCGGTACCGAGCACATTGTTCTTAGTGTTTCAGGAATGACCTGTACTGGATGCGAGACTAAACTAAAGAAGAGCTTCGGTGCTCTGAAGTGCGTCCATGGGCTGAAAACAAGatatttACACTCTCGGCAGCC
PCA1:Start-1275|CAD2.low:1276-End|RT:74_nt_each GCATTGCCCGGTTGTgcgacaATCTTGAGGCAGGATCTACCGGTACCGAGCACATTGTTCTTAGTGTTTCAGGAATGTCCTGTACTGGTTGTGAAACTAAACTAAAGAAGAGCTTCGGTGCTCTGAAGTGCGTCCATGGGCTGAAAACAAGCTTAATCCTGTCACAAGCatatttACACTCTCGGCAGCC
PCA1:Start-1446|CAD2.low:1447-End|RT:74_nt_each GCATTGCCCGGTTGTgcgacaAGGGATCTGTCAAGGATGTTATCAAGCACTTGAGCAAAACTACTGAATTCAAGTACGAACAGATTTCAAATCATGCCTCTACAATTGATGTGGTGGCGCCCTACGCAGCTAAAGACTTCATAAACGAGGAATGGCCTCAAGGGGTAACatatttACACTCTCGGCAGCC
PCA1:Start-1467|CAD2.low:1468-End|RT:74_nt_each GCATTGCCCGGTTGTgcgacaTCAAGCACTTGAGCAAAACTACTGAATTCAAGTACGAACAGATTTCAAATCATGGTTCAACTATAGATGTTGTTGCGCCCTACGCAGCTAAAGACTTCATAAACGAGGAATGGCCTCAAGGGGTAACGGAGTTGAAGATCGTCGAACGatatttACACTCTCGGCAGCC
PCA1:Start-1545|CAD2.low:1546-End|RT:74_nt_each GCATTGCCCGGTTGTgcgacaCTTATGCAGCAAAAGATTTTATTAATGAGGAATGGCCACAAGGTGTCACAGAGCTGAAAATTGTTGAGAGAAATGTTATCAGGATCTATTTCGATCCTAAAGTAATTGGCGCTCGCGACTTAGTAAATGAGGGTTGGTCAGTTCCAGTatatttACACTCTCGGCAGCC
PCA1:Start-1770|CAD2.low:1771-End|RT:74_nt_each GCATTGCCCGGTTGTgcgacaCTTTATCCATAATATTGACGATCCCGATTCTCGTGATGGCTTGGGCTCCACAGCTTCGTGAAAAAATTTCCACTATGAGTGTGTCAATGGTACTAGCAACAATCATCCAGTTCGTGATCGCTGGTCCCTTCTATCTAAACGCACTAAAatatttACACTCTCGGCAGCC
PCA1:Start-1773|CAD2.low:1774-End|RT:74_nt_each GCATTGCCCGGTTGTgcgacaTATCCATAATATTGACGATCCCGATTCTCGTGATGGCTTGGGCTCCACAGCTTCGTGAAAAAATTTCCACTATCAGTGTGTCAATGGTACTAGCAACAATCATCCAGTTCGTGATCGCTGGTCCCTTCTATCTAAACGCACTAAAATCatatttACACTCTCGGCAGCC
PCA1:Start-1944|CAD2.low:1945-End|RT:74_nt_each GCATTGCCCGGTTGTgcgacaAAATGGATCTACTAATAGTTTTAAGCACTAGCGCTGCCTACATATTTTCGATTGTATCATTTGGATATTTCGTTGCCGGTCATCCCCTGAGTACAGAACAGTTCTTCGAGACATCAAGCCTATTGGTTACATTGATAATGGTTGGCAGatatttACACTCTCGGCAGCC
PCA1:Start-1947|CAD2.low:1948-End|RT:74_nt_each GCATTGCCCGGTTGTgcgacaTGGATCTACTAATAGTTTTAAGCACTAGCGCTGCCTACATATTTTCGATTGTATCATTTGGATATTTCGTTGTTGGTCATCCCCTGAGTACAGAACAGTTCTTCGAGACATCAAGCCTATTGGTTACATTGATAATGGTTGGCAGATTatatttACACTCTCGGCAGCC
PCA1:Start-2127|CAD2.low:2128-End|RT:74_nt_each GCATTGCCCGGTTGTgcgacaAGTCAATATCAGTACGTTCCTTACAGGCCTCTTCTGCTATTCTGGTGGATAAAACTGGTAAAGAGACGGAAATTGACATACGCCTGTTGCAGTACGGCGATATTTTCAAAATATTGCCCGACAGTAGGATTCCAACTGATGGGACTGTatatttACACTCTCGGCAGCC
PCA1:Start-2163|CAD2.low:2164-End|RT:74_nt_each GCATTGCCCGGTTGTgcgacaCTATTCTGGTGGATAAAACTGGTAAAGAGACGGAAATTAATATTAGACTTCTCCAATATGGCGATATTTTTAAGATATTGCCCGACAGTAGGATTCCAACTGATGGGACTGTTATTAGCGGTTCAAGTGAAGTCGATGAAGCACTTATatatttACACTCTCGGCAGCC
PCA1:Start-2505|CAD2.low:2506-End|RT:74_nt_each GCATTGCCCGGTTGTgcgacaGTTATTTCGTGCCAACTATCATTGGAATCACTGTCGTCACCTTTTGCGTTTGGATAGCGGTTGGAATCCGTGTGCAAAAGCAGTCTAGGAGCGATGCTGTTATCCAAGCGATAATTTATGCTATAACTGTTTTAATTGTCAGTTGCCCatatttACACTCTCGGCAGCC
PCA1:Start-2583|CAD2.low:2584-End|RT:74_nt_each GCATTGCCCGGTTGTgcgacaAGCAATCCCGCTCCGATGCCGTAATTCAGGCCATTATATATGCCATTACGGTACTTATCGTTTCGTGTCCCTGCGCTATTGGTTTGGCAGTCCCTATTGTGTTTGTCATCGCATCAGGAGTTGCCGCCAAAAGAGGAGTCATTTTCAAatatttACACTCTCGGCAGCC
PCA1:Start-2907|CAD2.low:2908-End|RT:74_nt_each GCATTGCCCGGTTGTgcgacaCAATAGCATCCTATCTCAAAGAAAAAGGTGTTTCTGCTCAAAATGTTTCTAATACAAAAGCTGTGACTGGTAAGGGCGTTGAAGGGACGTCTTATTCCGGTCTTAAACTTCAGGGTGGGAATTGCCGCTGGTTAGGACACAATAACGAatatttACACTCTCGGCAGCC
PCA1:Start-3339|CAD2.low:3340-End|RT:74_nt_each GCATTGCCCGGTTGTgcgacaGAAATTGCGATAGTTCTTCGCAGTCAAAAAGACCGGTTGTTGTTTTTTGCGGTGACGGAACAAACGACGCAATTGCATTAACGCAGGCTACAATCGGTGTTCACATAAATGAAGGATCCGAAGTAGCAAAGTTGGCCGCCGACGTTGTatatttACACTCTCGGCAGCC
PCA1:Start-3624|CAD2.low:3625-End|RT:74_nt_each GCATTGCCCGGTTGTgcgacaTTGACTTTCATATTCCACCAGAGTATGCGGGTTTAGGGGAACTAGTTAGTATCCTCCCTGTAATTTTTGTAGCTACTTTGTTGAGATACGCTAAGGTATGATCCAGGTACTGCTGCTATTTGATTGTAGATTTTCTTTTTTCTTTTCTatatttACACTCTCGGCAGCC
PCA1:Start-3645|CAD2.low:3646-End|RT:74_nt_each GCATTGCCCGGTTGTgcgacaAGTATGCGGGTTTAGGGGAACTAGTTAGTATCCTCCCTGTAATTTTTGTAGCTATACTTCTGCGTTATGCAAAGGTATGATCCAGGTACTGCTGCTATTTGATTGTAGATTTTCTTTTTTCTTTTCTTTTTTTTTTTTGACGACTCTGatatttACACTCTCGGCAGCC
PCA1:Start-3648|CAD2.low:3649-End|RT:74_nt_each GCATTGCCCGGTTGTgcgacaATGCGGGTTTAGGGGAACTAGTTAGTATCCTCCCTGTAATTTTTGTAGCTATACTTCTGCGTTATGCAAAGATTTGATCCAGGTACTGCTGCTATTTGATTGTAGATTTTCTTTTTTCTTTTCTTTTTTTTTTTTGACGACTCTGTAAatatttACACTCTCGGCAGCC
PCA1:Start-114|CAD2.low:115-End|RT:80_nt_each GCATTGCCCGGTTGTCCAGCGATGGCGAGTATGGAGTGGTAAATAGCGAGAACATATCAATAGATGCTATGCAAGATAATAGAGGCGAGTGTCATCTGCGGTCAATCGAGCGACACGCAAACGATAATTTAGGTTTGGTGTCACAACGTGATTGCACGAACAGACCAAAGATAACACACTCTCGGCAGCC
PCA1:Start-129|CAD2.low:130-End|RT:80_nt_each GCATTGCCCGGTTGTATGGAGTGGTAAATAGCGAGAACATATCAATAGATGCTATGCAAGATAATAGAGGCGAGTGTCATCGTAGATCCATAGAACGACACGCAAACGATAATTTAGGTTTGGTGTCACAACGTGATTGCACGAACAGACCAAAGATAACACCACAAGAATGCTTACACTCTCGGCAGCC
PCA1:Start-426|CAD2.low:427-End|RT:80_nt_each GCATTGCCCGGTTGTCTGAGACTGGCTTGGATGTGGACAGCTGTTGCGGCGATGCTCAAACAGGTGGTGACCACACCAATGAATCCTGTGTTGATGAATGTTGTGTCCGAGATTCTAGTGTAATGGTAGAAGAGGGAACAGGTTCTTGTGAAGCAGTTTCCTCCAAGGAGCAGTTACACTCTCGGCAGCC
PCA1:Start-465|CAD2.low:466-End|RT:80_nt_each GCATTGCCCGGTTGTCTCAAACAGGTGGTGACCACACCAATGAATCCTGTGTTGATGGATGCTGCGTTAGAGATTCTTCAGTGATGGTCGAGGAAGGAACAGGTTCTTGTGAAGCAGTTTCCTCCAAGGAGCAGTTGTTGACTTCTTTTGAGGTCGTCCCCTCAAAGAGCGAAGGACACTCTCGGCAGCC
PCA1:Start-627|CAD2.low:628-End|RT:80_nt_each GCATTGCCCGGTTGTTGCAATCTATTCATGATATTAGAGAGACAACTCGCTGCAATACCAATTCCAACCAACACACAGGGAAGGGTAGGCTTTGCCTTGAGAGCAGTGATAGCACTTTAAAGAAAAGAAGATGTAAGGTTTCTCGCCAAAAGATAGAAGTAAGCTCAAAACCCGAACACTCTCGGCAGCC
PCA1:Start-660|CAD2.low:661-End|RT:80_nt_each GCATTGCCCGGTTGTGCTGCAATACCAATTCCAACCAACACACAGGGAAGGGTAGGCTTTGCATCGAATCAAGTGACTCTACACTCAAGAAAAGAAGATGTAAGGTTTCTCGCCAAAAGATAGAAGTAAGCTCAAAACCCGAATGTTGTAATATAAGCTGCGTCGAAAGAATCGCACACTCTCGGCAGCC
PCA1:Start-774|CAD2.low:775-End|RT:80_nt_each GCATTGCCCGGTTGTCCAGTAAGCCTGAGTGCTGCAACATTTCATGTGTTGAGCGGATTGCATCTCGTAGCTGTGAAAAGAGGACTTTTAAAGGTACTACAAACGTTGGCATCAGCGGCTCGTCGAGTACTGATTCCCTTTCTGAAAAGTTCTTCTCTGAACAGTATAGCCGGATACACTCTCGGCAGCC
PCA1:Start-1032|CAD2.low:1033-End|RT:80_nt_each GCATTGCCCGGTTGTTTTGTAGCGGGGAGGGTGCTTCTAAAAAGACAAAATACTCCTACCGCAACAGTTCTGGATGTTTAACAAAGAAAAAGACCTACGGGGATAAGGAAAGACTTTCTAACGACAACGGACATGCCGACTTTGTCTGCTCAAAGTCCTGCTGTACCAAGATGAAACACTCTCGGCAGCC
PCA1:Start-1188|CAD2.low:1189-End|RT:80_nt_each GCATTGCCCGGTTGTTGAAGGATTGTGCTGTTACCTCAACTATTTCTGGACACTCTTCGAGTGAAATTTCAAGAATCGTATCAATGGAACCAATTGGGAATCATTTGAACTTGGAAGCTGGCAGCACTGGTACTGAACACATAGTGTTGTCAGTAAGTGGAATGACCTGTACTGGACACTCTCGGCAGCC
PCA1:Start-1257|CAD2.low:1258-End|RT:80_nt_each GCATTGCCCGGTTGTTGGAACCAATTGAAAATCATCTTAATCTTGAGGCAGGATCTACCGGTACCGAGCACATTGTTCTTAGTGTTTCAGGAATGACCTGTACTGGATGCGAGACTAAACTAAAGAAGAGCTTCGGTGCTCTGAAGTGCGTCCATGGGCTGAAAACAAGCTTAATACACTCTCGGCAGCC
PCA1:Start-1275|CAD2.low:1276-End|RT:80_nt_each GCATTGCCCGGTTGTATCTTAATCTTGAGGCAGGATCTACCGGTACCGAGCACATTGTTCTTAGTGTTTCAGGAATGTCCTGTACTGGTTGTGAAACTAAACTAAAGAAGAGCTTCGGTGCTCTGAAGTGCGTCCATGGGCTGAAAACAAGCTTAATCCTGTCACAAGCGGAATTACACTCTCGGCAGCC
PCA1:Start-1446|CAD2.low:1447-End|RT:80_nt_each GCATTGCCCGGTTGTTTGCTCAGGGATCTGTCAAGGATGTTATCAAGCACTTGAGCAAAACTACTGAATTCAAGTACGAACAGATTTCAAATCATGCCTCTACAATTGATGTGGTGGCGCCCTACGCAGCTAAAGACTTCATAAACGAGGAATGGCCTCAAGGGGTAACGGAGTTACACTCTCGGCAGCC
PCA1:Start-1467|CAD2.low:1468-End|RT:80_nt_each GCATTGCCCGGTTGTATGTTATCAAGCACTTGAGCAAAACTACTGAATTCAAGTACGAACAGATTTCAAATCATGGTTCAACTATAGATGTTGTTGCGCCCTACGCAGCTAAAGACTTCATAAACGAGGAATGGCCTCAAGGGGTAACGGAGTTGAAGATCGTCGAACGCAACGTACACTCTCGGCAGCC
PCA1:Start-1545|CAD2.low:1546-End|RT:80_nt_each GCATTGCCCGGTTGTTTGTTCCTTATGCAGCAAAAGATTTTATTAATGAGGAATGGCCACAAGGTGTCACAGAGCTGAAAATTGTTGAGAGAAATGTTATCAGGATCTATTTCGATCCTAAAGTAATTGGCGCTCGCGACTTAGTAAATGAGGGTTGGTCAGTTCCAGTCTCGATACACTCTCGGCAGCC
PCA1:Start-1770|CAD2.low:1771-End|RT:80_nt_each GCATTGCCCGGTTGTCGACCGCTTTATCCATAATATTGACGATCCCGATTCTCGTGATGGCTTGGGCTCCACAGCTTCGTGAAAAAATTTCCACTATGAGTGTGTCAATGGTACTAGCAACAATCATCCAGTTCGTGATCGCTGGTCCCTTCTATCTAAACGCACTAAAATCTCTACACTCTCGGCAGCC
PCA1:Start-1773|CAD2.low:1774-End|RT:80_nt_each GCATTGCCCGGTTGTCCGCTTTATCCATAATATTGACGATCCCGATTCTCGTGATGGCTTGGGCTCCACAGCTTCGTGAAAAAATTTCCACTATCAGTGTGTCAATGGTACTAGCAACAATCATCCAGTTCGTGATCGCTGGTCCCTTCTATCTAAACGCACTAAAATCTCTAATACACTCTCGGCAGCC
PCA1:Start-1944|CAD2.low:1945-End|RT:80_nt_each GCATTGCCCGGTTGTTCATTGAAATGGATCTACTAATAGTTTTAAGCACTAGCGCTGCCTACATATTTTCGATTGTATCATTTGGATATTTCGTTGCCGGTCATCCCCTGAGTACAGAACAGTTCTTCGAGACATCAAGCCTATTGGTTACATTGATAATGGTTGGCAGATTCGTACACTCTCGGCAGCC
PCA1:Start-1947|CAD2.low:1948-End|RT:80_nt_each GCATTGCCCGGTTGTTTGAAATGGATCTACTAATAGTTTTAAGCACTAGCGCTGCCTACATATTTTCGATTGTATCATTTGGATATTTCGTTGTTGGTCATCCCCTGAGTACAGAACAGTTCTTCGAGACATCAAGCCTATTGGTTACATTGATAATGGTTGGCAGATTCGTTAGACACTCTCGGCAGCC
PCA1:Start-2127|CAD2.low:2128-End|RT:80_nt_each GCATTGCCCGGTTGTCTGTAAAGTCAATATCAGTACGTTCCTTACAGGCCTCTTCTGCTATTCTGGTGGATAAAACTGGTAAAGAGACGGAAATTGACATACGCCTGTTGCAGTACGGCGATATTTTCAAAATATTGCCCGACAGTAGGATTCCAACTGATGGGACTGTTATTAGACACTCTCGGCAGCC
PCA1:Start-2163|CAD2.low:2164-End|RT:80_nt_each GCATTGCCCGGTTGTCTTCTGCTATTCTGGTGGATAAAACTGGTAAAGAGACGGAAATTAATATTAGACTTCTCCAATATGGCGATATTTTTAAGATATTGCCCGACAGTAGGATTCCAACTGATGGGACTGTTATTAGCGGTTCAAGTGAAGTCGATGAAGCACTTATTACCGGACACTCTCGGCAGCC
PCA1:Start-2505|CAD2.low:2506-End|RT:80_nt_each GCATTGCCCGGTTGTTTGCAAGTTATTTCGTGCCAACTATCATTGGAATCACTGTCGTCACCTTTTGCGTTTGGATAGCGGTTGGAATCCGTGTGCAAAAGCAGTCTAGGAGCGATGCTGTTATCCAAGCGATAATTTATGCTATAACTGTTTTAATTGTCAGTTGCCCATGCGCACACTCTCGGCAGCC
PCA1:Start-2583|CAD2.low:2584-End|RT:80_nt_each GCATTGCCCGGTTGTTGGAAAAGCAATCCCGCTCCGATGCCGTAATTCAGGCCATTATATATGCCATTACGGTACTTATCGTTTCGTGTCCCTGCGCTATTGGTTTGGCAGTCCCTATTGTGTTTGTCATCGCATCAGGAGTTGCCGCCAAAAGAGGAGTCATTTTCAAGTCGGCACACTCTCGGCAGCC
PCA1:Start-2907|CAD2.low:2908-End|RT:80_nt_each GCATTGCCCGGTTGTCCATGGCAATAGCATCCTATCTCAAAGAAAAAGGTGTTTCTGCTCAAAATGTTTCTAATACAAAAGCTGTGACTGGTAAGGGCGTTGAAGGGACGTCTTATTCCGGTCTTAAACTTCAGGGTGGGAATTGCCGCTGGTTAGGACACAATAACGACCCAGAACACTCTCGGCAGCC
PCA1:Start-3339|CAD2.low:3340-End|RT:80_nt_each GCATTGCCCGGTTGTAAGGAAGAAATTGCGATAGTTCTTCGCAGTCAAAAAGACCGGTTGTTGTTTTTTGCGGTGACGGAACAAACGACGCAATTGCATTAACGCAGGCTACAATCGGTGTTCACATAAATGAAGGATCCGAAGTAGCAAAGTTGGCCGCCGACGTTGTAATGCTACACTCTCGGCAGCC
PCA1:Start-3624|CAD2.low:3625-End|RT:80_nt_each GCATTGCCCGGTTGTCCTTTGTTGACTTTCATATTCCACCAGAGTATGCGGGTTTAGGGGAACTAGTTAGTATCCTCCCTGTAATTTTTGTAGCTACTTTGTTGAGATACGCTAAGGTATGATCCAGGTACTGCTGCTATTTGATTGTAGATTTTCTTTTTTCTTTTCTTTTTTTACACTCTCGGCAGCC
PCA1:Start-3645|CAD2.low:3646-End|RT:80_nt_each GCATTGCCCGGTTGTCACCAGAGTATGCGGGTTTAGGGGAACTAGTTAGTATCCTCCCTGTAATTTTTGTAGCTATACTTCTGCGTTATGCAAAGGTATGATCCAGGTACTGCTGCTATTTGATTGTAGATTTTCTTTTTTCTTTTCTTTTTTTTTTTTGACGACTCTGTAATACACACTCTCGGCAGCC
PCA1:Start-3648|CAD2.low:3649-End|RT:80_nt_each GCATTGCCCGGTTGTCAGAGTATGCGGGTTTAGGGGAACTAGTTAGTATCCTCCCTGTAATTTTTGTAGCTATACTTCTGCGTTATGCAAAGATTTGATCCAGGTACTGCTGCTATTTGATTGTAGATTTTCTTTTTTCTTTTCTTTTTTTTTTTTGACGACTCTGTAATACTCTACACTCTCGGCAGCC
