>PCA1:Start-114|CAD2.high:115-End|RT:20_nt_each,gcgacaacggtttaggtgggtacgggtccccattccttatatagaaatggcatgttagatATAATAGAGGCGAGTGTCATCTTAGATCTATAGAAAGGCAtagctaagcgcagggacttcccgaatctcggtattatcccggtaagtgtggactatattt
PCA1:Start-129|CAD2.high:130-End|RT:20_nt_each,gcgacaacggtttaggtgggtacgggtccccattccttatatagaaatggcatgttagatGTCATCGTAGATCCATAGAAAGGCATGCTAATGACAACCTtagctaagcgcagggacttcccgaatctcggtattatcccggtaagtgtggactatattt
PCA1:Start-426|CAD2.high:427-End|RT:20_nt_each,gcgacaacggtttaggtgggtacgggtccccattccttatatagaaatggcatgttagatCCAATGAATCCTGTGTTGATGAGTGTTGTGTTAGGGATTCtagctaagcgcagggacttcccgaatctcggtattatcccggtaagtgtggactatattt
PCA1:Start-465|CAD2.high:466-End|RT:20_nt_each,gcgacaacggtttaggtgggtacgggtccccattccttatatagaaatggcatgttagatCTTCAGTGATGGTCGAGGAAGGTACAGGCAGCTGCGAAGCtagctaagcgcagggacttcccgaatctcggtattatcccggtaagtgtggactatattt
PCA1:Start-627|CAD2.high:628-End|RT:20_nt_each,gcgacaacggtttaggtgggtacgggtccccattccttatatagaaatggcatgttagatCAGGGAAGGGTAGGCTTTGCTTGGAATCGAGTGACTCAACtagctaagcgcagggacttcccgaatctcggtattatcccggtaagtgtggactatattt
PCA1:Start-660|CAD2.high:661-End|RT:20_nt_each,gcgacaacggtttaggtgggtacgggtccccattccttatatagaaatggcatgttagatACTCTACACTCAAGAAAAGAAGATGTAAAGTTAGCAGACAtagctaagcgcagggacttcccgaatctcggtattatcccggtaagtgtggactatattt
PCA1:Start-774|CAD2.high:775-End|RT:20_nt_each,gcgacaacggtttaggtgggtacgggtccccattccttatatagaaatggcatgttagatAAAAGAGGACTTTTAAAGGTACCACCAATGTAGGAATTTCtagctaagcgcagggacttcccgaatctcggtattatcccggtaagtgtggactatattt
PCA1:Start-1032|CAD2.high:1033-End|RT:20_nt_each,gcgacaacggtttaggtgggtacgggtccccattccttatatagaaatggcatgttagatGTTTAACAAAGAAAAAGACCTATGGCGACAAAGAAAGATTtagctaagcgcagggacttcccgaatctcggtattatcccggtaagtgtggactatattt
PCA1:Start-1188|CAD2.high:1189-End|RT:20_nt_each,gcgacaacggtttaggtgggtacgggtccccattccttatatagaaatggcatgttagatTCGTATCAATGGAACCAATTGGAAATCATCTTAACCTAGAtagctaagcgcagggacttcccgaatctcggtattatcccggtaagtgtggactatattt
PCA1:Start-1257|CAD2.high:1258-End|RT:20_nt_each,gcgacaacggtttaggtgggtacgggtccccattccttatatagaaatggcatgttagatTTCTTAGTGTTTCAGGAATGACCTGTACTGGTTGTGAAACtagctaagcgcagggacttcccgaatctcggtattatcccggtaagtgtggactatattt
PCA1:Start-1275|CAD2.high:1276-End|RT:20_nt_each,gcgacaacggtttaggtgggtacgggtccccattccttatatagaaatggcatgttagatTGTCCTGTACTGGTTGTGAAACAAAACTTAAGAAATCGTTtagctaagcgcagggacttcccgaatctcggtattatcccggtaagtgtggactatattt
PCA1:Start-1446|CAD2.high:1447-End|RT:20_nt_each,gcgacaacggtttaggtgggtacgggtccccattccttatatagaaatggcatgttagatACGAACAGATTTCAAATCATGCTTCAACGATTGATGTTGTtagctaagcgcagggacttcccgaatctcggtattatcccggtaagtgtggactatattt
PCA1:Start-1467|CAD2.high:1468-End|RT:20_nt_each,gcgacaacggtttaggtgggtacgggtccccattccttatatagaaatggcatgttagatGTTCAACTATAGATGTTGTTGCCCCATACGCAGCAAAAGAtagctaagcgcagggacttcccgaatctcggtattatcccggtaagtgtggactatattt
PCA1:Start-1545|CAD2.high:1546-End|RT:20_nt_each,gcgacaacggtttaggtgggtacgggtccccattccttatatagaaatggcatgttagatTGAAAATTGTTGAGAGAAATGTTATTAGAATCTACTTTGAtagctaagcgcagggacttcccgaatctcggtattatcccggtaagtgtggactatattt
PCA1:Start-1770|CAD2.high:1771-End|RT:20_nt_each,gcgacaacggtttaggtgggtacgggtccccattccttatatagaaatggcatgttagatTTCGTGAAAAAATTTCCACTATGTCCGTTTCAATGGTGCTtagctaagcgcagggacttcccgaatctcggtattatcccggtaagtgtggactatattt
PCA1:Start-1773|CAD2.high:1774-End|RT:20_nt_each,gcgacaacggtttaggtgggtacgggtccccattccttatatagaaatggcatgttagatGTGAAAAAATTTCCACTATCTCCGTTTCAATGGTGCTAGCtagctaagcgcagggacttcccgaatctcggtattatcccggtaagtgtggactatattt
PCA1:Start-1944|CAD2.high:1945-End|RT:20_nt_each,gcgacaacggtttaggtgggtacgggtccccattccttatatagaaatggcatgttagatTATCATTTGGATATTTCGTTGCTGGCCACCCTTTATCCACtagctaagcgcagggacttcccgaatctcggtattatcccggtaagtgtggactatattt
PCA1:Start-1947|CAD2.high:1948-End|RT:20_nt_each,gcgacaacggtttaggtgggtacgggtccccattccttatatagaaatggcatgttagatCATTTGGATATTTCGTTGTTGGCCACCCTTTATCCACGGAtagctaagcgcagggacttcccgaatctcggtattatcccggtaagtgtggactatattt
PCA1:Start-2127|CAD2.high:2128-End|RT:20_nt_each,gcgacaacggtttaggtgggtacgggtccccattccttatatagaaatggcatgttagatCTGGTAAAGAGACGGAAATTGACATTAGACTGTTACAATAtagctaagcgcagggacttcccgaatctcggtattatcccggtaagtgtggactatattt
PCA1:Start-2163|CAD2.high:2164-End|RT:20_nt_each,gcgacaacggtttaggtgggtacgggtccccattccttatatagaaatggcatgttagatAATATGGCGATATTTTTAAGATTTTACCTGATTCAAGAATtagctaagcgcagggacttcccgaatctcggtattatcccggtaagtgtggactatattt
PCA1:Start-2505|CAD2.high:2506-End|RT:20_nt_each,gcgacaacggtttaggtgggtacgggtccccattccttatatagaaatggcatgttagatTAGCGGTTGGAATCCGTGTGCAGAAGCAATCACGTTCCGAtagctaagcgcagggacttcccgaatctcggtattatcccggtaagtgtggactatattt
PCA1:Start-2583|CAD2.high:2584-End|RT:20_nt_each,gcgacaacggtttaggtgggtacgggtccccattccttatatagaaatggcatgttagatTTATCGTTTCGTGTCCCTGCGCAATCGGCCTGGCAGTTCCtagctaagcgcagggacttcccgaatctcggtattatcccggtaagtgtggactatattt
PCA1:Start-2907|CAD2.high:2908-End|RT:20_nt_each,gcgacaacggtttaggtgggtacgggtccccattccttatatagaaatggcatgttagatCAAAAGCTGTGACTGGTAAGGGTGTAGAAGGGACATCATAtagctaagcgcagggacttcccgaatctcggtattatcccggtaagtgtggactatattt
PCA1:Start-3339|CAD2.high:3340-End|RT:20_nt_each,gcgacaacggtttaggtgggtacgggtccccattccttatatagaaatggcatgttagatACGGAACAAACGACGCAATTGCTTTGACTCAAGCTACTATtagctaagcgcagggacttcccgaatctcggtattatcccggtaagtgtggactatattt
PCA1:Start-3624|CAD2.high:3625-End|RT:20_nt_each,gcgacaacggtttaggtgggtacgggtccccattccttatatagaaatggcatgttagatTCCCTGTAATTTTTGTAGCTACTCTTCTTCGATACGCAAAtagctaagcgcagggacttcccgaatctcggtattatcccggtaagtgtggactatattt
PCA1:Start-3645|CAD2.high:3646-End|RT:20_nt_each,gcgacaacggtttaggtgggtacgggtccccattccttatatagaaatggcatgttagatTACTTCTGCGTTATGCAAAGGTTTAATCCAGGTACTGCTGtagctaagcgcagggacttcccgaatctcggtattatcccggtaagtgtggactatattt
PCA1:Start-3648|CAD2.high:3649-End|RT:20_nt_each,gcgacaacggtttaggtgggtacgggtccccattccttatatagaaatggcatgttagatTTCTGCGTTATGCAAAGATTTAATCCAGGTACTGCTGCTAtagctaagcgcagggacttcccgaatctcggtattatcccggtaagtgtggactatattt
PCA1:Start-114|CAD2.high:115-End|RT:22_nt_each,gcgacaacggtttaggtgggtacgggtccccattccttatatagaaatggcatgttagAGATAATAGAGGCGAGTGTCATCTTAGATCTATAGAAAGGCATGgctaagcgcagggacttcccgaatctcggtattatcccggtaagtgtggactatattt
PCA1:Start-129|CAD2.high:130-End|RT:22_nt_each,gcgacaacggtttaggtgggtacgggtccccattccttatatagaaatggcatgttagGTGTCATCGTAGATCCATAGAAAGGCATGCTAATGACAACCTGGgctaagcgcagggacttcccgaatctcggtattatcccggtaagtgtggactatattt
PCA1:Start-426|CAD2.high:427-End|RT:22_nt_each,gcgacaacggtttaggtgggtacgggtccccattccttatatagaaatggcatgttagCACCAATGAATCCTGTGTTGATGAGTGTTGTGTTAGGGATTCTTgctaagcgcagggacttcccgaatctcggtattatcccggtaagtgtggactatattt
PCA1:Start-465|CAD2.high:466-End|RT:22_nt_each,gcgacaacggtttaggtgggtacgggtccccattccttatatagaaatggcatgttagTTCTTCAGTGATGGTCGAGGAAGGTACAGGCAGCTGCGAAGCAGgctaagcgcagggacttcccgaatctcggtattatcccggtaagtgtggactatattt
PCA1:Start-627|CAD2.high:628-End|RT:22_nt_each,gcgacaacggtttaggtgggtacgggtccccattccttatatagaaatggcatgttagCACAGGGAAGGGTAGGCTTTGCTTGGAATCGAGTGACTCAACACgctaagcgcagggacttcccgaatctcggtattatcccggtaagtgtggactatattt
PCA1:Start-660|CAD2.high:661-End|RT:22_nt_each,gcgacaacggtttaggtgggtacgggtccccattccttatatagaaatggcatgttagTGACTCTACACTCAAGAAAAGAAGATGTAAAGTTAGCAGACAGAgctaagcgcagggacttcccgaatctcggtattatcccggtaagtgtggactatattt
PCA1:Start-774|CAD2.high:775-End|RT:22_nt_each,gcgacaacggtttaggtgggtacgggtccccattccttatatagaaatggcatgttagTGAAAAGAGGACTTTTAAAGGTACCACCAATGTAGGAATTTCTGgctaagcgcagggacttcccgaatctcggtattatcccggtaagtgtggactatattt
PCA1:Start-1032|CAD2.high:1033-End|RT:22_nt_each,gcgacaacggtttaggtgggtacgggtccccattccttatatagaaatggcatgttagATGTTTAACAAAGAAAAAGACCTATGGCGACAAAGAAAGATTGAgctaagcgcagggacttcccgaatctcggtattatcccggtaagtgtggactatattt
PCA1:Start-1188|CAD2.high:1189-End|RT:22_nt_each,gcgacaacggtttaggtgggtacgggtccccattccttatatagaaatggcatgttagAATCGTATCAATGGAACCAATTGGAAATCATCTTAACCTAGAAGgctaagcgcagggacttcccgaatctcggtattatcccggtaagtgtggactatattt
PCA1:Start-1257|CAD2.high:1258-End|RT:22_nt_each,gcgacaacggtttaggtgggtacgggtccccattccttatatagaaatggcatgttagTGTTCTTAGTGTTTCAGGAATGACCTGTACTGGTTGTGAAACAAgctaagcgcagggacttcccgaatctcggtattatcccggtaagtgtggactatattt
PCA1:Start-1275|CAD2.high:1276-End|RT:22_nt_each,gcgacaacggtttaggtgggtacgggtccccattccttatatagaaatggcatgttagAATGTCCTGTACTGGTTGTGAAACAAAACTTAAGAAATCGTTTGgctaagcgcagggacttcccgaatctcggtattatcccggtaagtgtggactatattt
PCA1:Start-1446|CAD2.high:1447-End|RT:22_nt_each,gcgacaacggtttaggtgggtacgggtccccattccttatatagaaatggcatgttagGTACGAACAGATTTCAAATCATGCTTCAACGATTGATGTTGTCGgctaagcgcagggacttcccgaatctcggtattatcccggtaagtgtggactatattt
PCA1:Start-1467|CAD2.high:1468-End|RT:22_nt_each,gcgacaacggtttaggtgggtacgggtccccattccttatatagaaatggcatgttagTGGTTCAACTATAGATGTTGTTGCCCCATACGCAGCAAAAGATTgctaagcgcagggacttcccgaatctcggtattatcccggtaagtgtggactatattt
PCA1:Start-1545|CAD2.high:1546-End|RT:22_nt_each,gcgacaacggtttaggtgggtacgggtccccattccttatatagaaatggcatgttagGCTGAAAATTGTTGAGAGAAATGTTATTAGAATCTACTTTGATCgctaagcgcagggacttcccgaatctcggtattatcccggtaagtgtggactatattt
PCA1:Start-1770|CAD2.high:1771-End|RT:22_nt_each,gcgacaacggtttaggtgggtacgggtccccattccttatatagaaatggcatgttagGCTTCGTGAAAAAATTTCCACTATGTCCGTTTCAATGGTGCTAGgctaagcgcagggacttcccgaatctcggtattatcccggtaagtgtggactatattt
PCA1:Start-1773|CAD2.high:1774-End|RT:22_nt_each,gcgacaacggtttaggtgggtacgggtccccattccttatatagaaatggcatgttagTCGTGAAAAAATTTCCACTATCTCCGTTTCAATGGTGCTAGCAAgctaagcgcagggacttcccgaatctcggtattatcccggtaagtgtggactatattt
PCA1:Start-1944|CAD2.high:1945-End|RT:22_nt_each,gcgacaacggtttaggtgggtacgggtccccattccttatatagaaatggcatgttagTGTATCATTTGGATATTTCGTTGCTGGCCACCCTTTATCCACGGgctaagcgcagggacttcccgaatctcggtattatcccggtaagtgtggactatattt
PCA1:Start-1947|CAD2.high:1948-End|RT:22_nt_each,gcgacaacggtttaggtgggtacgggtccccattccttatatagaaatggcatgttagATCATTTGGATATTTCGTTGTTGGCCACCCTTTATCCACGGAGCgctaagcgcagggacttcccgaatctcggtattatcccggtaagtgtggactatattt
PCA1:Start-2127|CAD2.high:2128-End|RT:22_nt_each,gcgacaacggtttaggtgggtacgggtccccattccttatatagaaatggcatgttagAACTGGTAAAGAGACGGAAATTGACATTAGACTGTTACAATATGgctaagcgcagggacttcccgaatctcggtattatcccggtaagtgtggactatattt
PCA1:Start-2163|CAD2.high:2164-End|RT:22_nt_each,gcgacaacggtttaggtgggtacgggtccccattccttatatagaaatggcatgttagCCAATATGGCGATATTTTTAAGATTTTACCTGATTCAAGAATCCgctaagcgcagggacttcccgaatctcggtattatcccggtaagtgtggactatattt
PCA1:Start-2505|CAD2.high:2506-End|RT:22_nt_each,gcgacaacggtttaggtgggtacgggtccccattccttatatagaaatggcatgttagGATAGCGGTTGGAATCCGTGTGCAGAAGCAATCACGTTCCGACGgctaagcgcagggacttcccgaatctcggtattatcccggtaagtgtggactatattt
PCA1:Start-2583|CAD2.high:2584-End|RT:22_nt_each,gcgacaacggtttaggtgggtacgggtccccattccttatatagaaatggcatgttagACTTATCGTTTCGTGTCCCTGCGCAATCGGCCTGGCAGTTCCTAgctaagcgcagggacttcccgaatctcggtattatcccggtaagtgtggactatattt
PCA1:Start-2907|CAD2.high:2908-End|RT:22_nt_each,gcgacaacggtttaggtgggtacgggtccccattccttatatagaaatggcatgttagTACAAAAGCTGTGACTGGTAAGGGTGTAGAAGGGACATCATATTgctaagcgcagggacttcccgaatctcggtattatcccggtaagtgtggactatattt
PCA1:Start-3339|CAD2.high:3340-End|RT:22_nt_each,gcgacaacggtttaggtgggtacgggtccccattccttatatagaaatggcatgttagTGACGGAACAAACGACGCAATTGCTTTGACTCAAGCTACTATTGgctaagcgcagggacttcccgaatctcggtattatcccggtaagtgtggactatattt
PCA1:Start-3624|CAD2.high:3625-End|RT:22_nt_each,gcgacaacggtttaggtgggtacgggtccccattccttatatagaaatggcatgttagCCTCCCTGTAATTTTTGTAGCTACTCTTCTTCGATACGCAAAAGgctaagcgcagggacttcccgaatctcggtattatcccggtaagtgtggactatattt
PCA1:Start-3645|CAD2.high:3646-End|RT:22_nt_each,gcgacaacggtttaggtgggtacgggtccccattccttatatagaaatggcatgttagTATACTTCTGCGTTATGCAAAGGTTTAATCCAGGTACTGCTGCTgctaagcgcagggacttcccgaatctcggtattatcccggtaagtgtggactatattt
PCA1:Start-3648|CAD2.high:3649-End|RT:22_nt_each,gcgacaacggtttaggtgggtacgggtccccattccttatatagaaatggcatgttagACTTCTGCGTTATGCAAAGATTTAATCCAGGTACTGCTGCTATTgctaagcgcagggacttcccgaatctcggtattatcccggtaagtgtggactatattt
PCA1:Start-114|CAD2.high:115-End|RT:25_nt_each,gcgacaacggtttaggtgggtacgggtccccattccttatatagaaatggcatgtGCAAGATAATAGAGGCGAGTGTCATCTTAGATCTATAGAAAGGCATGCTAaagcgcagggacttcccgaatctcggtattatcccggtaagtgtggactatattt
PCA1:Start-129|CAD2.high:130-End|RT:25_nt_each,gcgacaacggtttaggtgggtacgggtccccattccttatatagaaatggcatgtCGAGTGTCATCGTAGATCCATAGAAAGGCATGCTAATGACAACCTGGGATaagcgcagggacttcccgaatctcggtattatcccggtaagtgtggactatattt
PCA1:Start-426|CAD2.high:427-End|RT:25_nt_each,gcgacaacggtttaggtgggtacgggtccccattccttatatagaaatggcatgtCCACACCAATGAATCCTGTGTTGATGAGTGTTGTGTTAGGGATTCTTCTGaagcgcagggacttcccgaatctcggtattatcccggtaagtgtggactatattt
PCA1:Start-465|CAD2.high:466-End|RT:25_nt_each,gcgacaacggtttaggtgggtacgggtccccattccttatatagaaatggcatgtAGATTCTTCAGTGATGGTCGAGGAAGGTACAGGCAGCTGCGAAGCAGTATaagcgcagggacttcccgaatctcggtattatcccggtaagtgtggactatattt
PCA1:Start-627|CAD2.high:628-End|RT:25_nt_each,gcgacaacggtttaggtgggtacgggtccccattccttatatagaaatggcatgtACACACAGGGAAGGGTAGGCTTTGCTTGGAATCGAGTGACTCAACACTCAaagcgcagggacttcccgaatctcggtattatcccggtaagtgtggactatattt
PCA1:Start-660|CAD2.high:661-End|RT:25_nt_each,gcgacaacggtttaggtgggtacgggtccccattccttatatagaaatggcatgtAAGTGACTCTACACTCAAGAAAAGAAGATGTAAAGTTAGCAGACAGAAAAaagcgcagggacttcccgaatctcggtattatcccggtaagtgtggactatattt
PCA1:Start-774|CAD2.high:775-End|RT:25_nt_each,gcgacaacggtttaggtgggtacgggtccccattccttatatagaaatggcatgtCTGTGAAAAGAGGACTTTTAAAGGTACCACCAATGTAGGAATTTCTGGCAaagcgcagggacttcccgaatctcggtattatcccggtaagtgtggactatattt
PCA1:Start-1032|CAD2.high:1033-End|RT:25_nt_each,gcgacaacggtttaggtgggtacgggtccccattccttatatagaaatggcatgtTGGATGTTTAACAAAGAAAAAGACCTATGGCGACAAAGAAAGATTGAGTAaagcgcagggacttcccgaatctcggtattatcccggtaagtgtggactatattt
PCA1:Start-1188|CAD2.high:1189-End|RT:25_nt_each,gcgacaacggtttaggtgggtacgggtccccattccttatatagaaatggcatgtAAGAATCGTATCAATGGAACCAATTGGAAATCATCTTAACCTAGAAGCGGaagcgcagggacttcccgaatctcggtattatcccggtaagtgtggactatattt
PCA1:Start-1257|CAD2.high:1258-End|RT:25_nt_each,gcgacaacggtttaggtgggtacgggtccccattccttatatagaaatggcatgtCATTGTTCTTAGTGTTTCAGGAATGACCTGTACTGGTTGTGAAACAAAACaagcgcagggacttcccgaatctcggtattatcccggtaagtgtggactatattt
PCA1:Start-1275|CAD2.high:1276-End|RT:25_nt_each,gcgacaacggtttaggtgggtacgggtccccattccttatatagaaatggcatgtAGGAATGTCCTGTACTGGTTGTGAAACAAAACTTAAGAAATCGTTTGGAGaagcgcagggacttcccgaatctcggtattatcccggtaagtgtggactatattt
PCA1:Start-1446|CAD2.high:1447-End|RT:25_nt_each,gcgacaacggtttaggtgggtacgggtccccattccttatatagaaatggcatgtCAAGTACGAACAGATTTCAAATCATGCTTCAACGATTGATGTTGTCGCCCaagcgcagggacttcccgaatctcggtattatcccggtaagtgtggactatattt
PCA1:Start-1467|CAD2.high:1468-End|RT:25_nt_each,gcgacaacggtttaggtgggtacgggtccccattccttatatagaaatggcatgtTCATGGTTCAACTATAGATGTTGTTGCCCCATACGCAGCAAAAGATTTCAaagcgcagggacttcccgaatctcggtattatcccggtaagtgtggactatattt
PCA1:Start-1545|CAD2.high:1546-End|RT:25_nt_each,gcgacaacggtttaggtgggtacgggtccccattccttatatagaaatggcatgtAGAGCTGAAAATTGTTGAGAGAAATGTTATTAGAATCTACTTTGATCCAAaagcgcagggacttcccgaatctcggtattatcccggtaagtgtggactatattt
PCA1:Start-1770|CAD2.high:1771-End|RT:25_nt_each,gcgacaacggtttaggtgggtacgggtccccattccttatatagaaatggcatgtACAGCTTCGTGAAAAAATTTCCACTATGTCCGTTTCAATGGTGCTAGCAAaagcgcagggacttcccgaatctcggtattatcccggtaagtgtggactatattt
PCA1:Start-1773|CAD2.high:1774-End|RT:25_nt_each,gcgacaacggtttaggtgggtacgggtccccattccttatatagaaatggcatgtGCTTCGTGAAAAAATTTCCACTATCTCCGTTTCAATGGTGCTAGCAACTAaagcgcagggacttcccgaatctcggtattatcccggtaagtgtggactatattt
PCA1:Start-1944|CAD2.high:1945-End|RT:25_nt_each,gcgacaacggtttaggtgggtacgggtccccattccttatatagaaatggcatgtGATTGTATCATTTGGATATTTCGTTGCTGGCCACCCTTTATCCACGGAGCaagcgcagggacttcccgaatctcggtattatcccggtaagtgtggactatattt
PCA1:Start-1947|CAD2.high:1948-End|RT:25_nt_each,gcgacaacggtttaggtgggtacgggtccccattccttatatagaaatggcatgtTGTATCATTTGGATATTTCGTTGTTGGCCACCCTTTATCCACGGAGCAGTaagcgcagggacttcccgaatctcggtattatcccggtaagtgtggactatattt
PCA1:Start-2127|CAD2.high:2128-End|RT:25_nt_each,gcgacaacggtttaggtgggtacgggtccccattccttatatagaaatggcatgtTAAAACTGGTAAAGAGACGGAAATTGACATTAGACTGTTACAATATGGCGaagcgcagggacttcccgaatctcggtattatcccggtaagtgtggactatattt
PCA1:Start-2163|CAD2.high:2164-End|RT:25_nt_each,gcgacaacggtttaggtgggtacgggtccccattccttatatagaaatggcatgtTCTCCAATATGGCGATATTTTTAAGATTTTACCTGATTCAAGAATCCCCAaagcgcagggacttcccgaatctcggtattatcccggtaagtgtggactatattt
PCA1:Start-2505|CAD2.high:2506-End|RT:25_nt_each,gcgacaacggtttaggtgggtacgggtccccattccttatatagaaatggcatgtTTGGATAGCGGTTGGAATCCGTGTGCAGAAGCAATCACGTTCCGACGCTGaagcgcagggacttcccgaatctcggtattatcccggtaagtgtggactatattt
PCA1:Start-2583|CAD2.high:2584-End|RT:25_nt_each,gcgacaacggtttaggtgggtacgggtccccattccttatatagaaatggcatgtGGTACTTATCGTTTCGTGTCCCTGCGCAATCGGCCTGGCAGTTCCTATCGaagcgcagggacttcccgaatctcggtattatcccggtaagtgtggactatattt
PCA1:Start-2907|CAD2.high:2908-End|RT:25_nt_each,gcgacaacggtttaggtgggtacgggtccccattccttatatagaaatggcatgtTAATACAAAAGCTGTGACTGGTAAGGGTGTAGAAGGGACATCATATTCTGaagcgcagggacttcccgaatctcggtattatcccggtaagtgtggactatattt
PCA1:Start-3339|CAD2.high:3340-End|RT:25_nt_each,gcgacaacggtttaggtgggtacgggtccccattccttatatagaaatggcatgtCGGTGACGGAACAAACGACGCAATTGCTTTGACTCAAGCTACTATTGGTGaagcgcagggacttcccgaatctcggtattatcccggtaagtgtggactatattt
PCA1:Start-3624|CAD2.high:3625-End|RT:25_nt_each,gcgacaacggtttaggtgggtacgggtccccattccttatatagaaatggcatgtTATCCTCCCTGTAATTTTTGTAGCTACTCTTCTTCGATACGCAAAAGTTTaagcgcagggacttcccgaatctcggtattatcccggtaagtgtggactatattt
PCA1:Start-3645|CAD2.high:3646-End|RT:25_nt_each,gcgacaacggtttaggtgggtacgggtccccattccttatatagaaatggcatgtAGCTATACTTCTGCGTTATGCAAAGGTTTAATCCAGGTACTGCTGCTATTaagcgcagggacttcccgaatctcggtattatcccggtaagtgtggactatattt
PCA1:Start-3648|CAD2.high:3649-End|RT:25_nt_each,gcgacaacggtttaggtgggtacgggtccccattccttatatagaaatggcatgtTATACTTCTGCGTTATGCAAAGATTTAATCCAGGTACTGCTGCTATTTGAaagcgcagggacttcccgaatctcggtattatcccggtaagtgtggactatattt
PCA1:Start-114|CAD2.high:115-End|RT:29_nt_each,gcgacaacggtttaggtgggtacgggtccccattccttatatagaaatggcCTATGCAAGATAATAGAGGCGAGTGTCATCTTAGATCTATAGAAAGGCATGCTAATGAgcagggacttcccgaatctcggtattatcccggtaagtgtggactatattt
PCA1:Start-129|CAD2.high:130-End|RT:29_nt_each,gcgacaacggtttaggtgggtacgggtccccattccttatatagaaatggcGAGGCGAGTGTCATCGTAGATCCATAGAAAGGCATGCTAATGACAACCTGGGATTAGTgcagggacttcccgaatctcggtattatcccggtaagtgtggactatattt
PCA1:Start-426|CAD2.high:427-End|RT:29_nt_each,gcgacaacggtttaggtgggtacgggtccccattccttatatagaaatggcGTGACCACACCAATGAATCCTGTGTTGATGAGTGTTGTGTTAGGGATTCTTCTGTTATgcagggacttcccgaatctcggtattatcccggtaagtgtggactatattt
PCA1:Start-465|CAD2.high:466-End|RT:29_nt_each,gcgacaacggtttaggtgggtacgggtccccattccttatatagaaatggcTTAGAGATTCTTCAGTGATGGTCGAGGAAGGTACAGGCAGCTGCGAAGCAGTATCTTCgcagggacttcccgaatctcggtattatcccggtaagtgtggactatattt
PCA1:Start-627|CAD2.high:628-End|RT:29_nt_each,gcgacaacggtttaggtgggtacgggtccccattccttatatagaaatggcACCAACACACAGGGAAGGGTAGGCTTTGCTTGGAATCGAGTGACTCAACACTCAAGAAgcagggacttcccgaatctcggtattatcccggtaagtgtggactatattt
PCA1:Start-660|CAD2.high:661-End|RT:29_nt_each,gcgacaacggtttaggtgggtacgggtccccattccttatatagaaatggcAATCAAGTGACTCTACACTCAAGAAAAGAAGATGTAAAGTTAGCAGACAGAAAATTGAgcagggacttcccgaatctcggtattatcccggtaagtgtggactatattt
PCA1:Start-774|CAD2.high:775-End|RT:29_nt_each,gcgacaacggtttaggtgggtacgggtccccattccttatatagaaatggcGTAGCTGTGAAAAGAGGACTTTTAAAGGTACCACCAATGTAGGAATTTCTGGCAGTAGgcagggacttcccgaatctcggtattatcccggtaagtgtggactatattt
PCA1:Start-1032|CAD2.high:1033-End|RT:29_nt_each,gcgacaacggtttaggtgggtacgggtccccattccttatatagaaatggcGTTCTGGATGTTTAACAAAGAAAAAGACCTATGGCGACAAAGAAAGATTGAGTAATGAgcagggacttcccgaatctcggtattatcccggtaagtgtggactatattt
PCA1:Start-1188|CAD2.high:1189-End|RT:29_nt_each,gcgacaacggtttaggtgggtacgggtccccattccttatatagaaatggcTTTCAAGAATCGTATCAATGGAACCAATTGGAAATCATCTTAACCTAGAAGCGGGCTCgcagggacttcccgaatctcggtattatcccggtaagtgtggactatattt
PCA1:Start-1257|CAD2.high:1258-End|RT:29_nt_each,gcgacaacggtttaggtgggtacgggtccccattccttatatagaaatggcAGCACATTGTTCTTAGTGTTTCAGGAATGACCTGTACTGGTTGTGAAACAAAACTTAAgcagggacttcccgaatctcggtattatcccggtaagtgtggactatattt
PCA1:Start-1275|CAD2.high:1276-End|RT:29_nt_each,gcgacaacggtttaggtgggtacgggtccccattccttatatagaaatggcTTTCAGGAATGTCCTGTACTGGTTGTGAAACAAAACTTAAGAAATCGTTTGGAGCTCTgcagggacttcccgaatctcggtattatcccggtaagtgtggactatattt
PCA1:Start-1446|CAD2.high:1447-End|RT:29_nt_each,gcgacaacggtttaggtgggtacgggtccccattccttatatagaaatggcAATTCAAGTACGAACAGATTTCAAATCATGCTTCAACGATTGATGTTGTCGCCCCATAgcagggacttcccgaatctcggtattatcccggtaagtgtggactatattt
PCA1:Start-1467|CAD2.high:1468-End|RT:29_nt_each,gcgacaacggtttaggtgggtacgggtccccattccttatatagaaatggcCAAATCATGGTTCAACTATAGATGTTGTTGCCCCATACGCAGCAAAAGATTTCATAAAgcagggacttcccgaatctcggtattatcccggtaagtgtggactatattt
PCA1:Start-1545|CAD2.high:1546-End|RT:29_nt_each,gcgacaacggtttaggtgggtacgggtccccattccttatatagaaatggcTCACAGAGCTGAAAATTGTTGAGAGAAATGTTATTAGAATCTACTTTGATCCAAAGGTgcagggacttcccgaatctcggtattatcccggtaagtgtggactatattt
PCA1:Start-1770|CAD2.high:1771-End|RT:29_nt_each,gcgacaacggtttaggtgggtacgggtccccattccttatatagaaatggcCTCCACAGCTTCGTGAAAAAATTTCCACTATGTCCGTTTCAATGGTGCTAGCAACTATgcagggacttcccgaatctcggtattatcccggtaagtgtggactatattt
PCA1:Start-1773|CAD2.high:1774-End|RT:29_nt_each,gcgacaacggtttaggtgggtacgggtccccattccttatatagaaatggcCACAGCTTCGTGAAAAAATTTCCACTATCTCCGTTTCAATGGTGCTAGCAACTATTATgcagggacttcccgaatctcggtattatcccggtaagtgtggactatattt
PCA1:Start-1944|CAD2.high:1945-End|RT:29_nt_each,gcgacaacggtttaggtgggtacgggtccccattccttatatagaaatggcTTTCGATTGTATCATTTGGATATTTCGTTGCTGGCCACCCTTTATCCACGGAGCAGTTgcagggacttcccgaatctcggtattatcccggtaagtgtggactatattt
PCA1:Start-1947|CAD2.high:1948-End|RT:29_nt_each,gcgacaacggtttaggtgggtacgggtccccattccttatatagaaatggcCGATTGTATCATTTGGATATTTCGTTGTTGGCCACCCTTTATCCACGGAGCAGTTCTTgcagggacttcccgaatctcggtattatcccggtaagtgtggactatattt
PCA1:Start-2127|CAD2.high:2128-End|RT:29_nt_each,gcgacaacggtttaggtgggtacgggtccccattccttatatagaaatggcTGGATAAAACTGGTAAAGAGACGGAAATTGACATTAGACTGTTACAATATGGCGATATgcagggacttcccgaatctcggtattatcccggtaagtgtggactatattt
PCA1:Start-2163|CAD2.high:2164-End|RT:29_nt_each,gcgacaacggtttaggtgggtacgggtccccattccttatatagaaatggcGACTTCTCCAATATGGCGATATTTTTAAGATTTTACCTGATTCAAGAATCCCCACAGAgcagggacttcccgaatctcggtattatcccggtaagtgtggactatattt
PCA1:Start-2505|CAD2.high:2506-End|RT:29_nt_each,gcgacaacggtttaggtgggtacgggtccccattccttatatagaaatggcGCGTTTGGATAGCGGTTGGAATCCGTGTGCAGAAGCAATCACGTTCCGACGCTGTAATgcagggacttcccgaatctcggtattatcccggtaagtgtggactatattt
PCA1:Start-2583|CAD2.high:2584-End|RT:29_nt_each,gcgacaacggtttaggtgggtacgggtccccattccttatatagaaatggcTTACGGTACTTATCGTTTCGTGTCCCTGCGCAATCGGCCTGGCAGTTCCTATCGTATTgcagggacttcccgaatctcggtattatcccggtaagtgtggactatattt
PCA1:Start-2907|CAD2.high:2908-End|RT:29_nt_each,gcgacaacggtttaggtgggtacgggtccccattccttatatagaaatggcTTTCTAATACAAAAGCTGTGACTGGTAAGGGTGTAGAAGGGACATCATATTCTGGTTTgcagggacttcccgaatctcggtattatcccggtaagtgtggactatattt
PCA1:Start-3339|CAD2.high:3340-End|RT:29_nt_each,gcgacaacggtttaggtgggtacgggtccccattccttatatagaaatggcTTTGCGGTGACGGAACAAACGACGCAATTGCTTTGACTCAAGCTACTATTGGTGTCCAgcagggacttcccgaatctcggtattatcccggtaagtgtggactatattt
PCA1:Start-3624|CAD2.high:3625-End|RT:29_nt_each,gcgacaacggtttaggtgggtacgggtccccattccttatatagaaatggcTTAGTATCCTCCCTGTAATTTTTGTAGCTACTCTTCTTCGATACGCAAAAGTTTAATCgcagggacttcccgaatctcggtattatcccggtaagtgtggactatattt
PCA1:Start-3645|CAD2.high:3646-End|RT:29_nt_each,gcgacaacggtttaggtgggtacgggtccccattccttatatagaaatggcTTGTAGCTATACTTCTGCGTTATGCAAAGGTTTAATCCAGGTACTGCTGCTATTTGATgcagggacttcccgaatctcggtattatcccggtaagtgtggactatattt
PCA1:Start-3648|CAD2.high:3649-End|RT:29_nt_each,gcgacaacggtttaggtgggtacgggtccccattccttatatagaaatggcTAGCTATACTTCTGCGTTATGCAAAGATTTAATCCAGGTACTGCTGCTATTTGATTGTgcagggacttcccgaatctcggtattatcccggtaagtgtggactatattt
PCA1:Start-114|CAD2.high:115-End|RT:34_nt_each,gcgacaacggtttaggtgggtacgggtccccattccttatatagaaAGATGCTATGCAAGATAATAGAGGCGAGTGTCATCTTAGATCTATAGAAAGGCATGCTAATGACAACCgacttcccgaatctcggtattatcccggtaagtgtggactatattt
PCA1:Start-129|CAD2.high:130-End|RT:34_nt_each,gcgacaacggtttaggtgggtacgggtccccattccttatatagaaTAATAGAGGCGAGTGTCATCGTAGATCCATAGAAAGGCATGCTAATGACAACCTGGGATTAGTCTCTCgacttcccgaatctcggtattatcccggtaagtgtggactatattt
PCA1:Start-426|CAD2.high:427-End|RT:34_nt_each,gcgacaacggtttaggtgggtacgggtccccattccttatatagaaAGGTGGTGACCACACCAATGAATCCTGTGTTGATGAGTGTTGTGTTAGGGATTCTTCTGTTATGGTGGgacttcccgaatctcggtattatcccggtaagtgtggactatattt
PCA1:Start-465|CAD2.high:466-End|RT:34_nt_each,gcgacaacggtttaggtgggtacgggtccccattccttatatagaaCTGCGTTAGAGATTCTTCAGTGATGGTCGAGGAAGGTACAGGCAGCTGCGAAGCAGTATCTTCAAAAGgacttcccgaatctcggtattatcccggtaagtgtggactatattt
PCA1:Start-627|CAD2.high:628-End|RT:34_nt_each,gcgacaacggtttaggtgggtacgggtccccattccttatatagaaTTCCAACCAACACACAGGGAAGGGTAGGCTTTGCTTGGAATCGAGTGACTCAACACTCAAGAAGAGAAgacttcccgaatctcggtattatcccggtaagtgtggactatattt
PCA1:Start-660|CAD2.high:661-End|RT:34_nt_each,gcgacaacggtttaggtgggtacgggtccccattccttatatagaaCATCGAATCAAGTGACTCTACACTCAAGAAAAGAAGATGTAAAGTTAGCAGACAGAAAATTGAGGTTTgacttcccgaatctcggtattatcccggtaagtgtggactatattt
PCA1:Start-774|CAD2.high:775-End|RT:34_nt_each,gcgacaacggtttaggtgggtacgggtccccattccttatatagaaATCTCGTAGCTGTGAAAAGAGGACTTTTAAAGGTACCACCAATGTAGGAATTTCTGGCAGTAGCTCCAgacttcccgaatctcggtattatcccggtaagtgtggactatattt
PCA1:Start-1032|CAD2.high:1033-End|RT:34_nt_each,gcgacaacggtttaggtgggtacgggtccccattccttatatagaaCAACAGTTCTGGATGTTTAACAAAGAAAAAGACCTATGGCGACAAAGAAAGATTGAGTAATGACAATGgacttcccgaatctcggtattatcccggtaagtgtggactatattt
PCA1:Start-1188|CAD2.high:1189-End|RT:34_nt_each,gcgacaacggtttaggtgggtacgggtccccattccttatatagaaTGAAATTTCAAGAATCGTATCAATGGAACCAATTGGAAATCATCTTAACCTAGAAGCGGGCTCAACAGgacttcccgaatctcggtattatcccggtaagtgtggactatattt
PCA1:Start-1257|CAD2.high:1258-End|RT:34_nt_each,gcgacaacggtttaggtgggtacgggtccccattccttatatagaaTACCGAGCACATTGTTCTTAGTGTTTCAGGAATGACCTGTACTGGTTGTGAAACAAAACTTAAGAAATgacttcccgaatctcggtattatcccggtaagtgtggactatattt
PCA1:Start-1275|CAD2.high:1276-End|RT:34_nt_each,gcgacaacggtttaggtgggtacgggtccccattccttatatagaaTAGTGTTTCAGGAATGTCCTGTACTGGTTGTGAAACAAAACTTAAGAAATCGTTTGGAGCTCTGAAATgacttcccgaatctcggtattatcccggtaagtgtggactatattt
PCA1:Start-1446|CAD2.high:1447-End|RT:34_nt_each,gcgacaacggtttaggtgggtacgggtccccattccttatatagaaTACTGAATTCAAGTACGAACAGATTTCAAATCATGCTTCAACGATTGATGTTGTCGCCCCATACGCAGgacttcccgaatctcggtattatcccggtaagtgtggactatattt
PCA1:Start-1467|CAD2.high:1468-End|RT:34_nt_each,gcgacaacggtttaggtgggtacgggtccccattccttatatagaaGATTTCAAATCATGGTTCAACTATAGATGTTGTTGCCCCATACGCAGCAAAAGATTTCATAAATGAGGgacttcccgaatctcggtattatcccggtaagtgtggactatattt
PCA1:Start-1545|CAD2.high:1546-End|RT:34_nt_each,gcgacaacggtttaggtgggtacgggtccccattccttatatagaaAGGTGTCACAGAGCTGAAAATTGTTGAGAGAAATGTTATTAGAATCTACTTTGATCCAAAGGTTATAGgacttcccgaatctcggtattatcccggtaagtgtggactatattt
PCA1:Start-1770|CAD2.high:1771-End|RT:34_nt_each,gcgacaacggtttaggtgggtacgggtccccattccttatatagaaTTGGGCTCCACAGCTTCGTGAAAAAATTTCCACTATGTCCGTTTCAATGGTGCTAGCAACTATTATACgacttcccgaatctcggtattatcccggtaagtgtggactatattt
PCA1:Start-1773|CAD2.high:1774-End|RT:34_nt_each,gcgacaacggtttaggtgggtacgggtccccattccttatatagaaGGCTCCACAGCTTCGTGAAAAAATTTCCACTATCTCCGTTTCAATGGTGCTAGCAACTATTATACAATgacttcccgaatctcggtattatcccggtaagtgtggactatattt
PCA1:Start-1944|CAD2.high:1945-End|RT:34_nt_each,gcgacaacggtttaggtgggtacgggtccccattccttatatagaaCATATTTTCGATTGTATCATTTGGATATTTCGTTGCTGGCCACCCTTTATCCACGGAGCAGTTCTTTGgacttcccgaatctcggtattatcccggtaagtgtggactatattt
PCA1:Start-1947|CAD2.high:1948-End|RT:34_nt_each,gcgacaacggtttaggtgggtacgggtccccattccttatatagaaATTTTCGATTGTATCATTTGGATATTTCGTTGTTGGCCACCCTTTATCCACGGAGCAGTTCTTTGAGAgacttcccgaatctcggtattatcccggtaagtgtggactatattt
PCA1:Start-2127|CAD2.high:2128-End|RT:34_nt_each,gcgacaacggtttaggtgggtacgggtccccattccttatatagaaTCTGGTGGATAAAACTGGTAAAGAGACGGAAATTGACATTAGACTGTTACAATATGGCGATATCTTTAgacttcccgaatctcggtattatcccggtaagtgtggactatattt
PCA1:Start-2163|CAD2.high:2164-End|RT:34_nt_each,gcgacaacggtttaggtgggtacgggtccccattccttatatagaaTATTAGACTTCTCCAATATGGCGATATTTTTAAGATTTTACCTGATTCAAGAATCCCCACAGATGGAAgacttcccgaatctcggtattatcccggtaagtgtggactatattt
PCA1:Start-2505|CAD2.high:2506-End|RT:34_nt_each,gcgacaacggtttaggtgggtacgggtccccattccttatatagaaCTTTTGCGTTTGGATAGCGGTTGGAATCCGTGTGCAGAAGCAATCACGTTCCGACGCTGTAATTCAGGgacttcccgaatctcggtattatcccggtaagtgtggactatattt
PCA1:Start-2583|CAD2.high:2584-End|RT:34_nt_each,gcgacaacggtttaggtgggtacgggtccccattccttatatagaaTGCCATTACGGTACTTATCGTTTCGTGTCCCTGCGCAATCGGCCTGGCAGTTCCTATCGTATTTGTGAgacttcccgaatctcggtattatcccggtaagtgtggactatattt
PCA1:Start-2907|CAD2.high:2908-End|RT:34_nt_each,gcgacaacggtttaggtgggtacgggtccccattccttatatagaaAAATGTTTCTAATACAAAAGCTGTGACTGGTAAGGGTGTAGAAGGGACATCATATTCTGGTTTGAAATgacttcccgaatctcggtattatcccggtaagtgtggactatattt
PCA1:Start-3339|CAD2.high:3340-End|RT:34_nt_each,gcgacaacggtttaggtgggtacgggtccccattccttatatagaaTGTTTTTTGCGGTGACGGAACAAACGACGCAATTGCTTTGACTCAAGCTACTATTGGTGTCCATATAAgacttcccgaatctcggtattatcccggtaagtgtggactatattt
PCA1:Start-3624|CAD2.high:3625-End|RT:34_nt_each,gcgacaacggtttaggtgggtacgggtccccattccttatatagaaACTAGTTAGTATCCTCCCTGTAATTTTTGTAGCTACTCTTCTTCGATACGCAAAAGTTTAATCCAGGTgacttcccgaatctcggtattatcccggtaagtgtggactatattt
PCA1:Start-3645|CAD2.high:3646-End|RT:34_nt_each,gcgacaacggtttaggtgggtacgggtccccattccttatatagaaAATTTTTGTAGCTATACTTCTGCGTTATGCAAAGGTTTAATCCAGGTACTGCTGCTATTTGATTGTAGgacttcccgaatctcggtattatcccggtaagtgtggactatattt
PCA1:Start-3648|CAD2.high:3649-End|RT:34_nt_each,gcgacaacggtttaggtgggtacgggtccccattccttatatagaaTTTTGTAGCTATACTTCTGCGTTATGCAAAGATTTAATCCAGGTACTGCTGCTATTTGATTGTAGATTgacttcccgaatctcggtattatcccggtaagtgtggactatattt
PCA1:Start-114|CAD2.high:115-End|RT:40_nt_each,gcgacaacggtttaggtgggtacgggtccccattccttatATCAATAGATGCTATGCAAGATAATAGAGGCGAGTGTCATCTTAGATCTATAGAAAGGCATGCTAATGACAACCTGGGATccgaatctcggtattatcccggtaagtgtggactatattt
PCA1:Start-129|CAD2.high:130-End|RT:40_nt_each,gcgacaacggtttaggtgggtacgggtccccattccttatGCAAGATAATAGAGGCGAGTGTCATCGTAGATCCATAGAAAGGCATGCTAATGACAACCTGGGATTAGTCTCTCAGCGAGccgaatctcggtattatcccggtaagtgtggactatattt
PCA1:Start-426|CAD2.high:427-End|RT:40_nt_each,gcgacaacggtttaggtgggtacgggtccccattccttatTCAAACAGGTGGTGACCACACCAATGAATCCTGTGTTGATGAGTGTTGTGTTAGGGATTCTTCTGTTATGGTGGAAGAGGccgaatctcggtattatcccggtaagtgtggactatattt
PCA1:Start-465|CAD2.high:466-End|RT:40_nt_each,gcgacaacggtttaggtgggtacgggtccccattccttatTGGATGCTGCGTTAGAGATTCTTCAGTGATGGTCGAGGAAGGTACAGGCAGCTGCGAAGCAGTATCTTCAAAAGAACAACccgaatctcggtattatcccggtaagtgtggactatattt
PCA1:Start-627|CAD2.high:628-End|RT:40_nt_each,gcgacaacggtttaggtgggtacgggtccccattccttatTACCAATTCCAACCAACACACAGGGAAGGGTAGGCTTTGCTTGGAATCGAGTGACTCAACACTCAAGAAGAGAAGATGTAccgaatctcggtattatcccggtaagtgtggactatattt
PCA1:Start-660|CAD2.high:661-End|RT:40_nt_each,gcgacaacggtttaggtgggtacgggtccccattccttatGCTTTGCATCGAATCAAGTGACTCTACACTCAAGAAAAGAAGATGTAAAGTTAGCAGACAGAAAATTGAGGTTTCAAGTAccgaatctcggtattatcccggtaagtgtggactatattt
PCA1:Start-774|CAD2.high:775-End|RT:40_nt_each,gcgacaacggtttaggtgggtacgggtccccattccttatGATTGCATCTCGTAGCTGTGAAAAGAGGACTTTTAAAGGTACCACCAATGTAGGAATTTCTGGCAGTAGCTCCACTGACAccgaatctcggtattatcccggtaagtgtggactatattt
PCA1:Start-1032|CAD2.high:1033-End|RT:40_nt_each,gcgacaacggtttaggtgggtacgggtccccattccttatCTACCGCAACAGTTCTGGATGTTTAACAAAGAAAAAGACCTATGGCGACAAAGAAAGATTGAGTAATGACAATGGCCATGccgaatctcggtattatcccggtaagtgtggactatattt
PCA1:Start-1188|CAD2.high:1189-End|RT:40_nt_each,gcgacaacggtttaggtgggtacgggtccccattccttatTTCGAGTGAAATTTCAAGAATCGTATCAATGGAACCAATTGGAAATCATCTTAACCTAGAAGCGGGCTCAACAGGTACTGccgaatctcggtattatcccggtaagtgtggactatattt
PCA1:Start-1257|CAD2.high:1258-End|RT:40_nt_each,gcgacaacggtttaggtgggtacgggtccccattccttatTACCGGTACCGAGCACATTGTTCTTAGTGTTTCAGGAATGACCTGTACTGGTTGTGAAACAAAACTTAAGAAATCGTTTGccgaatctcggtattatcccggtaagtgtggactatattt
PCA1:Start-1275|CAD2.high:1276-End|RT:40_nt_each,gcgacaacggtttaggtgggtacgggtccccattccttatTGTTCTTAGTGTTTCAGGAATGTCCTGTACTGGTTGTGAAACAAAACTTAAGAAATCGTTTGGAGCTCTGAAATGTGTACccgaatctcggtattatcccggtaagtgtggactatattt
PCA1:Start-1446|CAD2.high:1447-End|RT:40_nt_each,gcgacaacggtttaggtgggtacgggtccccattccttatCAAAACTACTGAATTCAAGTACGAACAGATTTCAAATCATGCTTCAACGATTGATGTTGTCGCCCCATACGCAGCAAAAGccgaatctcggtattatcccggtaagtgtggactatattt
PCA1:Start-1467|CAD2.high:1468-End|RT:40_nt_each,gcgacaacggtttaggtgggtacgggtccccattccttatCGAACAGATTTCAAATCATGGTTCAACTATAGATGTTGTTGCCCCATACGCAGCAAAAGATTTCATAAATGAGGAATGGCccgaatctcggtattatcccggtaagtgtggactatattt
PCA1:Start-1545|CAD2.high:1546-End|RT:40_nt_each,gcgacaacggtttaggtgggtacgggtccccattccttatGCCACAAGGTGTCACAGAGCTGAAAATTGTTGAGAGAAATGTTATTAGAATCTACTTTGATCCAAAGGTTATAGGTGCTAccgaatctcggtattatcccggtaagtgtggactatattt
PCA1:Start-1770|CAD2.high:1771-End|RT:40_nt_each,gcgacaacggtttaggtgggtacgggtccccattccttatGATGGCTTGGGCTCCACAGCTTCGTGAAAAAATTTCCACTATGTCCGTTTCAATGGTGCTAGCAACTATTATACAATTTGccgaatctcggtattatcccggtaagtgtggactatattt
PCA1:Start-1773|CAD2.high:1774-End|RT:40_nt_each,gcgacaacggtttaggtgggtacgggtccccattccttatGGCTTGGGCTCCACAGCTTCGTGAAAAAATTTCCACTATCTCCGTTTCAATGGTGCTAGCAACTATTATACAATTTGTTAccgaatctcggtattatcccggtaagtgtggactatattt
PCA1:Start-1944|CAD2.high:1945-End|RT:40_nt_each,gcgacaacggtttaggtgggtacgggtccccattccttatTGCCTACATATTTTCGATTGTATCATTTGGATATTTCGTTGCTGGCCACCCTTTATCCACGGAGCAGTTCTTTGAGACCAccgaatctcggtattatcccggtaagtgtggactatattt
PCA1:Start-1947|CAD2.high:1948-End|RT:40_nt_each,gcgacaacggtttaggtgggtacgggtccccattccttatCTACATATTTTCGATTGTATCATTTGGATATTTCGTTGTTGGCCACCCTTTATCCACGGAGCAGTTCTTTGAGACCAGCTccgaatctcggtattatcccggtaagtgtggactatattt
PCA1:Start-2127|CAD2.high:2128-End|RT:40_nt_each,gcgacaacggtttaggtgggtacgggtccccattccttatTGCTATTCTGGTGGATAAAACTGGTAAAGAGACGGAAATTGACATTAGACTGTTACAATATGGCGATATCTTTAAGATTTccgaatctcggtattatcccggtaagtgtggactatattt
PCA1:Start-2163|CAD2.high:2164-End|RT:40_nt_each,gcgacaacggtttaggtgggtacgggtccccattccttatAATTAATATTAGACTTCTCCAATATGGCGATATTTTTAAGATTTTACCTGATTCAAGAATCCCCACAGATGGAACAGTTAccgaatctcggtattatcccggtaagtgtggactatattt
PCA1:Start-2505|CAD2.high:2506-End|RT:40_nt_each,gcgacaacggtttaggtgggtacgggtccccattccttatCGTCACCTTTTGCGTTTGGATAGCGGTTGGAATCCGTGTGCAGAAGCAATCACGTTCCGACGCTGTAATTCAGGCAATTAccgaatctcggtattatcccggtaagtgtggactatattt
PCA1:Start-2583|CAD2.high:2584-End|RT:40_nt_each,gcgacaacggtttaggtgggtacgggtccccattccttatTATATATGCCATTACGGTACTTATCGTTTCGTGTCCCTGCGCAATCGGCCTGGCAGTTCCTATCGTATTTGTGATTGCTAccgaatctcggtattatcccggtaagtgtggactatattt
PCA1:Start-2907|CAD2.high:2908-End|RT:40_nt_each,gcgacaacggtttaggtgggtacgggtccccattccttatTGCTCAAAATGTTTCTAATACAAAAGCTGTGACTGGTAAGGGTGTAGAAGGGACATCATATTCTGGTTTGAAATTACAAGccgaatctcggtattatcccggtaagtgtggactatattt
PCA1:Start-3339|CAD2.high:3340-End|RT:40_nt_each,gcgacaacggtttaggtgggtacgggtccccattccttatGGTTGTTGTTTTTTGCGGTGACGGAACAAACGACGCAATTGCTTTGACTCAAGCTACTATTGGTGTCCATATAAATGAAGccgaatctcggtattatcccggtaagtgtggactatattt
PCA1:Start-3624|CAD2.high:3625-End|RT:40_nt_each,gcgacaacggtttaggtgggtacgggtccccattccttatAGGGGAACTAGTTAGTATCCTCCCTGTAATTTTTGTAGCTACTCTTCTTCGATACGCAAAAGTTTAATCCAGGTACTGCTccgaatctcggtattatcccggtaagtgtggactatattt
PCA1:Start-3645|CAD2.high:3646-End|RT:40_nt_each,gcgacaacggtttaggtgggtacgggtccccattccttatCCCTGTAATTTTTGTAGCTATACTTCTGCGTTATGCAAAGGTTTAATCCAGGTACTGCTGCTATTTGATTGTAGATTTTCccgaatctcggtattatcccggtaagtgtggactatattt
PCA1:Start-3648|CAD2.high:3649-End|RT:40_nt_each,gcgacaacggtttaggtgggtacgggtccccattccttatTGTAATTTTTGTAGCTATACTTCTGCGTTATGCAAAGATTTAATCCAGGTACTGCTGCTATTTGATTGTAGATTTTCTTTccgaatctcggtattatcccggtaagtgtggactatattt
PCA1:Start-114|CAD2.high:115-End|RT:47_nt_each,gcgacaacggtttaggtgggtacgggtccccatAGAACATATCAATAGATGCTATGCAAGATAATAGAGGCGAGTGTCATCTTAGATCTATAGAAAGGCATGCTAATGACAACCTGGGATTAGTCTCtcggtattatcccggtaagtgtggactatattt
PCA1:Start-129|CAD2.high:130-End|RT:47_nt_each,gcgacaacggtttaggtgggtacgggtccccatATGCTATGCAAGATAATAGAGGCGAGTGTCATCGTAGATCCATAGAAAGGCATGCTAATGACAACCTGGGATTAGTCTCTCAGCGAGACTGTACtcggtattatcccggtaagtgtggactatattt
PCA1:Start-426|CAD2.high:427-End|RT:47_nt_each,gcgacaacggtttaggtgggtacgggtccccatGCGATGCTCAAACAGGTGGTGACCACACCAATGAATCCTGTGTTGATGAGTGTTGTGTTAGGGATTCTTCTGTTATGGTGGAAGAGGGTACAGGtcggtattatcccggtaagtgtggactatattt
PCA1:Start-465|CAD2.high:466-End|RT:47_nt_each,gcgacaacggtttaggtgggtacgggtccccatGTGTTGATGGATGCTGCGTTAGAGATTCTTCAGTGATGGTCGAGGAAGGTACAGGCAGCTGCGAAGCAGTATCTTCAAAAGAACAACTGTTGACtcggtattatcccggtaagtgtggactatattt
PCA1:Start-627|CAD2.high:628-End|RT:47_nt_each,gcgacaacggtttaggtgggtacgggtccccatGCTGCAATACCAATTCCAACCAACACACAGGGAAGGGTAGGCTTTGCTTGGAATCGAGTGACTCAACACTCAAGAAGAGAAGATGTAAAGTTAGtcggtattatcccggtaagtgtggactatattt
PCA1:Start-660|CAD2.high:661-End|RT:47_nt_each,gcgacaacggtttaggtgggtacgggtccccatAGGGTAGGCTTTGCATCGAATCAAGTGACTCTACACTCAAGAAAAGAAGATGTAAAGTTAGCAGACAGAAAATTGAGGTTTCAAGTAAACCTGAtcggtattatcccggtaagtgtggactatattt
PCA1:Start-774|CAD2.high:775-End|RT:47_nt_each,gcgacaacggtttaggtgggtacgggtccccatTTGAGCGGATTGCATCTCGTAGCTGTGAAAAGAGGACTTTTAAAGGTACCACCAATGTAGGAATTTCTGGCAGTAGCTCCACTGACAGTTTGAGtcggtattatcccggtaagtgtggactatattt
PCA1:Start-1032|CAD2.high:1033-End|RT:47_nt_each,gcgacaacggtttaggtgggtacgggtccccatAATACTCCTACCGCAACAGTTCTGGATGTTTAACAAAGAAAAAGACCTATGGCGACAAAGAAAGATTGAGTAATGACAATGGCCATGCGGATTTtcggtattatcccggtaagtgtggactatattt
PCA1:Start-1188|CAD2.high:1189-End|RT:47_nt_each,gcgacaacggtttaggtgggtacgggtccccatGACACTCTTCGAGTGAAATTTCAAGAATCGTATCAATGGAACCAATTGGAAATCATCTTAACCTAGAAGCGGGCTCAACAGGTACTGAGCATATtcggtattatcccggtaagtgtggactatattt
PCA1:Start-1257|CAD2.high:1258-End|RT:47_nt_each,gcgacaacggtttaggtgggtacgggtccccatCAGGATCTACCGGTACCGAGCACATTGTTCTTAGTGTTTCAGGAATGACCTGTACTGGTTGTGAAACAAAACTTAAGAAATCGTTTGGAGCTCTtcggtattatcccggtaagtgtggactatattt
PCA1:Start-1275|CAD2.high:1276-End|RT:47_nt_each,gcgacaacggtttaggtgggtacgggtccccatAGCACATTGTTCTTAGTGTTTCAGGAATGTCCTGTACTGGTTGTGAAACAAAACTTAAGAAATCGTTTGGAGCTCTGAAATGTGTACATGGTTTtcggtattatcccggtaagtgtggactatattt
PCA1:Start-1446|CAD2.high:1447-End|RT:47_nt_each,gcgacaacggtttaggtgggtacgggtccccatACTTGAGCAAAACTACTGAATTCAAGTACGAACAGATTTCAAATCATGCTTCAACGATTGATGTTGTCGCCCCATACGCAGCAAAAGATTTCATtcggtattatcccggtaagtgtggactatattt
PCA1:Start-1467|CAD2.high:1468-End|RT:47_nt_each,gcgacaacggtttaggtgggtacgggtccccatTCAAGTACGAACAGATTTCAAATCATGGTTCAACTATAGATGTTGTTGCCCCATACGCAGCAAAAGATTTCATAAATGAGGAATGGCCACAAGGtcggtattatcccggtaagtgtggactatattt
PCA1:Start-1545|CAD2.high:1546-End|RT:47_nt_each,gcgacaacggtttaggtgggtacgggtccccatAGGAATGGCCACAAGGTGTCACAGAGCTGAAAATTGTTGAGAGAAATGTTATTAGAATCTACTTTGATCCAAAGGTTATAGGTGCTAGAGATCTtcggtattatcccggtaagtgtggactatattt
PCA1:Start-1770|CAD2.high:1771-End|RT:47_nt_each,gcgacaacggtttaggtgggtacgggtccccatTTCTCGTGATGGCTTGGGCTCCACAGCTTCGTGAAAAAATTTCCACTATGTCCGTTTCAATGGTGCTAGCAACTATTATACAATTTGTTATCGCtcggtattatcccggtaagtgtggactatattt
PCA1:Start-1773|CAD2.high:1774-End|RT:47_nt_each,gcgacaacggtttaggtgggtacgggtccccatTCGTGATGGCTTGGGCTCCACAGCTTCGTGAAAAAATTTCCACTATCTCCGTTTCAATGGTGCTAGCAACTATTATACAATTTGTTATCGCAGGtcggtattatcccggtaagtgtggactatattt
PCA1:Start-1944|CAD2.high:1945-End|RT:47_nt_each,gcgacaacggtttaggtgggtacgggtccccatCTAGCGCTGCCTACATATTTTCGATTGTATCATTTGGATATTTCGTTGCTGGCCACCCTTTATCCACGGAGCAGTTCTTTGAGACCAGCTCATTtcggtattatcccggtaagtgtggactatattt
PCA1:Start-1947|CAD2.high:1948-End|RT:47_nt_each,gcgacaacggtttaggtgggtacgggtccccatGCGCTGCCTACATATTTTCGATTGTATCATTTGGATATTTCGTTGTTGGCCACCCTTTATCCACGGAGCAGTTCTTTGAGACCAGCTCATTGCTtcggtattatcccggtaagtgtggactatattt
PCA1:Start-2127|CAD2.high:2128-End|RT:47_nt_each,gcgacaacggtttaggtgggtacgggtccccatCCTCTTCTGCTATTCTGGTGGATAAAACTGGTAAAGAGACGGAAATTGACATTAGACTGTTACAATATGGCGATATCTTTAAGATTTTACCTGAtcggtattatcccggtaagtgtggactatattt
PCA1:Start-2163|CAD2.high:2164-End|RT:47_nt_each,gcgacaacggtttaggtgggtacgggtccccatAGACGGAAATTAATATTAGACTTCTCCAATATGGCGATATTTTTAAGATTTTACCTGATTCAAGAATCCCCACAGATGGAACAGTTATATCCGGtcggtattatcccggtaagtgtggactatattt
PCA1:Start-2505|CAD2.high:2506-End|RT:47_nt_each,gcgacaacggtttaggtgggtacgggtccccatTCACTGTCGTCACCTTTTGCGTTTGGATAGCGGTTGGAATCCGTGTGCAGAAGCAATCACGTTCCGACGCTGTAATTCAGGCAATTATTTATGCtcggtattatcccggtaagtgtggactatattt
PCA1:Start-2583|CAD2.high:2584-End|RT:47_nt_each,gcgacaacggtttaggtgggtacgggtccccatAGGCCATTATATATGCCATTACGGTACTTATCGTTTCGTGTCCCTGCGCAATCGGCCTGGCAGTTCCTATCGTATTTGTGATTGCTAGTGGGGTtcggtattatcccggtaagtgtggactatattt
PCA1:Start-2907|CAD2.high:2908-End|RT:47_nt_each,gcgacaacggtttaggtgggtacgggtccccatGTGTTTCTGCTCAAAATGTTTCTAATACAAAAGCTGTGACTGGTAAGGGTGTAGAAGGGACATCATATTCTGGTTTGAAATTACAAGGAGGGAAtcggtattatcccggtaagtgtggactatattt
PCA1:Start-3339|CAD2.high:3340-End|RT:47_nt_each,gcgacaacggtttaggtgggtacgggtccccatAAAGACCGGTTGTTGTTTTTTGCGGTGACGGAACAAACGACGCAATTGCTTTGACTCAAGCTACTATTGGTGTCCATATAAATGAAGGAAGTGAtcggtattatcccggtaagtgtggactatattt
PCA1:Start-3624|CAD2.high:3625-End|RT:47_nt_each,gcgacaacggtttaggtgggtacgggtccccatCGGGTTTAGGGGAACTAGTTAGTATCCTCCCTGTAATTTTTGTAGCTACTCTTCTTCGATACGCAAAAGTTTAATCCAGGTACTGCTGCTATTTtcggtattatcccggtaagtgtggactatattt
PCA1:Start-3645|CAD2.high:3646-End|RT:47_nt_each,gcgacaacggtttaggtgggtacgggtccccatGTATCCTCCCTGTAATTTTTGTAGCTATACTTCTGCGTTATGCAAAGGTTTAATCCAGGTACTGCTGCTATTTGATTGTAGATTTTCTTTTTTCtcggtattatcccggtaagtgtggactatattt
PCA1:Start-3648|CAD2.high:3649-End|RT:47_nt_each,gcgacaacggtttaggtgggtacgggtccccatTCCTCCCTGTAATTTTTGTAGCTATACTTCTGCGTTATGCAAAGATTTAATCCAGGTACTGCTGCTATTTGATTGTAGATTTTCTTTTTTCTTTtcggtattatcccggtaagtgtggactatattt
PCA1:Start-114|CAD2.high:115-End|RT:55_nt_each,gcgacaacggtttaggtgggtacggAAATAGCGAGAACATATCAATAGATGCTATGCAAGATAATAGAGGCGAGTGTCATCTTAGATCTATAGAAAGGCATGCTAATGACAACCTGGGATTAGTCTCTCAGCGAGatcccggtaagtgtggactatattt
PCA1:Start-129|CAD2.high:130-End|RT:55_nt_each,gcgacaacggtttaggtgggtacggATCAATAGATGCTATGCAAGATAATAGAGGCGAGTGTCATCGTAGATCCATAGAAAGGCATGCTAATGACAACCTGGGATTAGTCTCTCAGCGAGACTGTACGAATCGTCatcccggtaagtgtggactatattt
PCA1:Start-426|CAD2.high:427-End|RT:55_nt_each,gcgacaacggtttaggtgggtacggCTGTTGCGGCGATGCTCAAACAGGTGGTGACCACACCAATGAATCCTGTGTTGATGAGTGTTGTGTTAGGGATTCTTCTGTTATGGTGGAAGAGGGTACAGGCAGCTGCGatcccggtaagtgtggactatattt
PCA1:Start-465|CAD2.high:466-End|RT:55_nt_each,gcgacaacggtttaggtgggtacggTGAATCCTGTGTTGATGGATGCTGCGTTAGAGATTCTTCAGTGATGGTCGAGGAAGGTACAGGCAGCTGCGAAGCAGTATCTTCAAAAGAACAACTGTTGACCAGTTTTGatcccggtaagtgtggactatattt
PCA1:Start-627|CAD2.high:628-End|RT:55_nt_each,gcgacaacggtttaggtgggtacggGACAACTCGCTGCAATACCAATTCCAACCAACACACAGGGAAGGGTAGGCTTTGCTTGGAATCGAGTGACTCAACACTCAAGAAGAGAAGATGTAAAGTTAGCAGACAGAatcccggtaagtgtggactatattt
PCA1:Start-660|CAD2.high:661-End|RT:55_nt_each,gcgacaacggtttaggtgggtacggCACAGGGAAGGGTAGGCTTTGCATCGAATCAAGTGACTCTACACTCAAGAAAAGAAGATGTAAAGTTAGCAGACAGAAAATTGAGGTTTCAAGTAAACCTGAATGCTGTAatcccggtaagtgtggactatattt
PCA1:Start-774|CAD2.high:775-End|RT:55_nt_each,gcgacaacggtttaggtgggtacggTTCATGTGTTGAGCGGATTGCATCTCGTAGCTGTGAAAAGAGGACTTTTAAAGGTACCACCAATGTAGGAATTTCTGGCAGTAGCTCCACTGACAGTTTGAGTGAGAAGTatcccggtaagtgtggactatattt
PCA1:Start-1032|CAD2.high:1033-End|RT:55_nt_each,gcgacaacggtttaggtgggtacggAAAGACAAAATACTCCTACCGCAACAGTTCTGGATGTTTAACAAAGAAAAAGACCTATGGCGACAAAGAAAGATTGAGTAATGACAATGGCCATGCGGATTTTGTATGTTatcccggtaagtgtggactatattt
PCA1:Start-1188|CAD2.high:1189-End|RT:55_nt_each,gcgacaacggtttaggtgggtacggTATTTCTGGACACTCTTCGAGTGAAATTTCAAGAATCGTATCAATGGAACCAATTGGAAATCATCTTAACCTAGAAGCGGGCTCAACAGGTACTGAGCATATTGTGCTGAatcccggtaagtgtggactatattt
PCA1:Start-1257|CAD2.high:1258-End|RT:55_nt_each,gcgacaacggtttaggtgggtacggTCTTGAGGCAGGATCTACCGGTACCGAGCACATTGTTCTTAGTGTTTCAGGAATGACCTGTACTGGTTGTGAAACAAAACTTAAGAAATCGTTTGGAGCTCTGAAATGTGatcccggtaagtgtggactatattt
PCA1:Start-1275|CAD2.high:1276-End|RT:55_nt_each,gcgacaacggtttaggtgggtacggCGGTACCGAGCACATTGTTCTTAGTGTTTCAGGAATGTCCTGTACTGGTTGTGAAACAAAACTTAAGAAATCGTTTGGAGCTCTGAAATGTGTACATGGTTTGAAGACGAatcccggtaagtgtggactatattt
PCA1:Start-1446|CAD2.high:1447-End|RT:55_nt_each,gcgacaacggtttaggtgggtacggTATCAAGCACTTGAGCAAAACTACTGAATTCAAGTACGAACAGATTTCAAATCATGCTTCAACGATTGATGTTGTCGCCCCATACGCAGCAAAAGATTTCATAAATGAGGatcccggtaagtgtggactatattt
PCA1:Start-1467|CAD2.high:1468-End|RT:55_nt_each,gcgacaacggtttaggtgggtacggTACTGAATTCAAGTACGAACAGATTTCAAATCATGGTTCAACTATAGATGTTGTTGCCCCATACGCAGCAAAAGATTTCATAAATGAGGAATGGCCACAAGGTGTTACAGatcccggtaagtgtggactatattt
PCA1:Start-1545|CAD2.high:1546-End|RT:55_nt_each,gcgacaacggtttaggtgggtacggTATTAATGAGGAATGGCCACAAGGTGTCACAGAGCTGAAAATTGTTGAGAGAAATGTTATTAGAATCTACTTTGATCCAAAGGTTATAGGTGCTAGAGATCTAGTAAATGatcccggtaagtgtggactatattt
PCA1:Start-1770|CAD2.high:1771-End|RT:55_nt_each,gcgacaacggtttaggtgggtacggGATCCCGATTCTCGTGATGGCTTGGGCTCCACAGCTTCGTGAAAAAATTTCCACTATGTCCGTTTCAATGGTGCTAGCAACTATTATACAATTTGTTATCGCAGGACCGTatcccggtaagtgtggactatattt
PCA1:Start-1773|CAD2.high:1774-End|RT:55_nt_each,gcgacaacggtttaggtgggtacggCCCGATTCTCGTGATGGCTTGGGCTCCACAGCTTCGTGAAAAAATTTCCACTATCTCCGTTTCAATGGTGCTAGCAACTATTATACAATTTGTTATCGCAGGACCGTTTTatcccggtaagtgtggactatattt
PCA1:Start-1944|CAD2.high:1945-End|RT:55_nt_each,gcgacaacggtttaggtgggtacggTTTAAGCACTAGCGCTGCCTACATATTTTCGATTGTATCATTTGGATATTTCGTTGCTGGCCACCCTTTATCCACGGAGCAGTTCTTTGAGACCAGCTCATTGCTGGTGAatcccggtaagtgtggactatattt
PCA1:Start-1947|CAD2.high:1948-End|RT:55_nt_each,gcgacaacggtttaggtgggtacggAAGCACTAGCGCTGCCTACATATTTTCGATTGTATCATTTGGATATTTCGTTGTTGGCCACCCTTTATCCACGGAGCAGTTCTTTGAGACCAGCTCATTGCTGGTGACTCatcccggtaagtgtggactatattt
PCA1:Start-2127|CAD2.high:2128-End|RT:55_nt_each,gcgacaacggtttaggtgggtacggCTTACAGGCCTCTTCTGCTATTCTGGTGGATAAAACTGGTAAAGAGACGGAAATTGACATTAGACTGTTACAATATGGCGATATCTTTAAGATTTTACCTGATTCAAGAAatcccggtaagtgtggactatattt
PCA1:Start-2163|CAD2.high:2164-End|RT:55_nt_each,gcgacaacggtttaggtgggtacggTGGTAAAGAGACGGAAATTAATATTAGACTTCTCCAATATGGCGATATTTTTAAGATTTTACCTGATTCAAGAATCCCCACAGATGGAACAGTTATATCCGGCTCTTCTGatcccggtaagtgtggactatattt
PCA1:Start-2505|CAD2.high:2506-End|RT:55_nt_each,gcgacaacggtttaggtgggtacggCATTGGAATCACTGTCGTCACCTTTTGCGTTTGGATAGCGGTTGGAATCCGTGTGCAGAAGCAATCACGTTCCGACGCTGTAATTCAGGCAATTATTTATGCTATTACAGatcccggtaagtgtggactatattt
PCA1:Start-2583|CAD2.high:2584-End|RT:55_nt_each,gcgacaacggtttaggtgggtacggCGTAATTCAGGCCATTATATATGCCATTACGGTACTTATCGTTTCGTGTCCCTGCGCAATCGGCCTGGCAGTTCCTATCGTATTTGTGATTGCTAGTGGGGTTGCCGCTAatcccggtaagtgtggactatattt
PCA1:Start-2907|CAD2.high:2908-End|RT:55_nt_each,gcgacaacggtttaggtgggtacggAGAAAAAGGTGTTTCTGCTCAAAATGTTTCTAATACAAAAGCTGTGACTGGTAAGGGTGTAGAAGGGACATCATATTCTGGTTTGAAATTACAAGGAGGGAACTGTAGGTatcccggtaagtgtggactatattt
PCA1:Start-3339|CAD2.high:3340-End|RT:55_nt_each,gcgacaacggtttaggtgggtacggGCAGTCAAAAAGACCGGTTGTTGTTTTTTGCGGTGACGGAACAAACGACGCAATTGCTTTGACTCAAGCTACTATTGGTGTCCATATAAATGAAGGAAGTGAGGTTGCCAatcccggtaagtgtggactatattt
PCA1:Start-3624|CAD2.high:3625-End|RT:55_nt_each,gcgacaacggtttaggtgggtacggAGAGTATGCGGGTTTAGGGGAACTAGTTAGTATCCTCCCTGTAATTTTTGTAGCTACTCTTCTTCGATACGCAAAAGTTTAATCCAGGTACTGCTGCTATTTGATTGTAGatcccggtaagtgtggactatattt
PCA1:Start-3645|CAD2.high:3646-End|RT:55_nt_each,gcgacaacggtttaggtgggtacggACTAGTTAGTATCCTCCCTGTAATTTTTGTAGCTATACTTCTGCGTTATGCAAAGGTTTAATCCAGGTACTGCTGCTATTTGATTGTAGATTTTCTTTTTTCTTTTCTTTatcccggtaagtgtggactatattt
PCA1:Start-3648|CAD2.high:3649-End|RT:55_nt_each,gcgacaacggtttaggtgggtacggAGTTAGTATCCTCCCTGTAATTTTTGTAGCTATACTTCTGCGTTATGCAAAGATTTAATCCAGGTACTGCTGCTATTTGATTGTAGATTTTCTTTTTTCTTTTCTTTTTTatcccggtaagtgtggactatattt
PCA1:Start-114|CAD2.high:115-End|RT:64_nt_each,gcgacaacggtttaggTGGAGTGGTAAATAGCGAGAACATATCAATAGATGCTATGCAAGATAATAGAGGCGAGTGTCATCTTAGATCTATAGAAAGGCATGCTAATGACAACCTGGGATTAGTCTCTCAGCGAGACTGTACGAagtgtggactatattt
PCA1:Start-129|CAD2.high:130-End|RT:64_nt_each,gcgacaacggtttaggCGAGAACATATCAATAGATGCTATGCAAGATAATAGAGGCGAGTGTCATCGTAGATCCATAGAAAGGCATGCTAATGACAACCTGGGATTAGTCTCTCAGCGAGACTGTACGAATCGTCCGAAAATCAagtgtggactatattt
PCA1:Start-426|CAD2.high:427-End|RT:64_nt_each,gcgacaacggtttaggTGTGGACAGCTGTTGCGGCGATGCTCAAACAGGTGGTGACCACACCAATGAATCCTGTGTTGATGAGTGTTGTGTTAGGGATTCTTCTGTTATGGTGGAAGAGGGTACAGGCAGCTGCGAAGCAGTATagtgtggactatattt
PCA1:Start-465|CAD2.high:466-End|RT:64_nt_each,gcgacaacggtttaggCCACACCAATGAATCCTGTGTTGATGGATGCTGCGTTAGAGATTCTTCAGTGATGGTCGAGGAAGGTACAGGCAGCTGCGAAGCAGTATCTTCAAAAGAACAACTGTTGACCAGTTTTGAAGTGGTTCagtgtggactatattt
PCA1:Start-627|CAD2.high:628-End|RT:64_nt_each,gcgacaacggtttaggTATTAGAGAGACAACTCGCTGCAATACCAATTCCAACCAACACACAGGGAAGGGTAGGCTTTGCTTGGAATCGAGTGACTCAACACTCAAGAAGAGAAGATGTAAAGTTAGCAGACAGAAAATTGAGGagtgtggactatattt
PCA1:Start-660|CAD2.high:661-End|RT:64_nt_each,gcgacaacggtttaggCAACCAACACACAGGGAAGGGTAGGCTTTGCATCGAATCAAGTGACTCTACACTCAAGAAAAGAAGATGTAAAGTTAGCAGACAGAAAATTGAGGTTTCAAGTAAACCTGAATGCTGTAACATTTCTTagtgtggactatattt
PCA1:Start-774|CAD2.high:775-End|RT:64_nt_each,gcgacaacggtttaggCTGCAACATTTCATGTGTTGAGCGGATTGCATCTCGTAGCTGTGAAAAGAGGACTTTTAAAGGTACCACCAATGTAGGAATTTCTGGCAGTAGCTCCACTGACAGTTTGAGTGAGAAGTTCTTCAGCGagtgtggactatattt
PCA1:Start-1032|CAD2.high:1033-End|RT:64_nt_each,gcgacaacggtttaggTGCTTCTAAAAAGACAAAATACTCCTACCGCAACAGTTCTGGATGTTTAACAAAGAAAAAGACCTATGGCGACAAAGAAAGATTGAGTAATGACAATGGCCATGCGGATTTTGTATGTTCTAAGAGCTagtgtggactatattt
PCA1:Start-1188|CAD2.high:1189-End|RT:64_nt_each,gcgacaacggtttaggTACCTCAACTATTTCTGGACACTCTTCGAGTGAAATTTCAAGAATCGTATCAATGGAACCAATTGGAAATCATCTTAACCTAGAAGCGGGCTCAACAGGTACTGAGCATATTGTGCTGAGCGTTTCAGagtgtggactatattt
PCA1:Start-1257|CAD2.high:1258-End|RT:64_nt_each,gcgacaacggtttaggTCATCTTAATCTTGAGGCAGGATCTACCGGTACCGAGCACATTGTTCTTAGTGTTTCAGGAATGACCTGTACTGGTTGTGAAACAAAACTTAAGAAATCGTTTGGAGCTCTGAAATGTGTACATGGTTagtgtggactatattt
PCA1:Start-1275|CAD2.high:1276-End|RT:64_nt_each,gcgacaacggtttaggAGGATCTACCGGTACCGAGCACATTGTTCTTAGTGTTTCAGGAATGTCCTGTACTGGTTGTGAAACAAAACTTAAGAAATCGTTTGGAGCTCTGAAATGTGTACATGGTTTGAAGACGAGTCTAATATagtgtggactatattt
PCA1:Start-1446|CAD2.high:1447-End|RT:64_nt_each,gcgacaacggtttaggCAAGGATGTTATCAAGCACTTGAGCAAAACTACTGAATTCAAGTACGAACAGATTTCAAATCATGCTTCAACGATTGATGTTGTCGCCCCATACGCAGCAAAAGATTTCATAAATGAGGAATGGCCACagtgtggactatattt
PCA1:Start-1467|CAD2.high:1468-End|RT:64_nt_each,gcgacaacggtttaggGAGCAAAACTACTGAATTCAAGTACGAACAGATTTCAAATCATGGTTCAACTATAGATGTTGTTGCCCCATACGCAGCAAAAGATTTCATAAATGAGGAATGGCCACAAGGTGTTACAGAACTGAAAAagtgtggactatattt
PCA1:Start-1545|CAD2.high:1546-End|RT:64_nt_each,gcgacaacggtttaggAAAAGATTTTATTAATGAGGAATGGCCACAAGGTGTCACAGAGCTGAAAATTGTTGAGAGAAATGTTATTAGAATCTACTTTGATCCAAAGGTTATAGGTGCTAGAGATCTAGTAAATGAAGGTTGGAagtgtggactatattt
PCA1:Start-1770|CAD2.high:1771-End|RT:64_nt_each,gcgacaacggtttaggAATATTGACGATCCCGATTCTCGTGATGGCTTGGGCTCCACAGCTTCGTGAAAAAATTTCCACTATGTCCGTTTCAATGGTGCTAGCAACTATTATACAATTTGTTATCGCAGGACCGTTTTACCTGAagtgtggactatattt
PCA1:Start-1773|CAD2.high:1774-End|RT:64_nt_each,gcgacaacggtttaggATTGACGATCCCGATTCTCGTGATGGCTTGGGCTCCACAGCTTCGTGAAAAAATTTCCACTATCTCCGTTTCAATGGTGCTAGCAACTATTATACAATTTGTTATCGCAGGACCGTTTTACCTGAATGagtgtggactatattt
PCA1:Start-1944|CAD2.high:1945-End|RT:64_nt_each,gcgacaacggtttaggACTAATAGTTTTAAGCACTAGCGCTGCCTACATATTTTCGATTGTATCATTTGGATATTTCGTTGCTGGCCACCCTTTATCCACGGAGCAGTTCTTTGAGACCAGCTCATTGCTGGTGACTCTCATCAagtgtggactatattt
PCA1:Start-1947|CAD2.high:1948-End|RT:64_nt_each,gcgacaacggtttaggAATAGTTTTAAGCACTAGCGCTGCCTACATATTTTCGATTGTATCATTTGGATATTTCGTTGTTGGCCACCCTTTATCCACGGAGCAGTTCTTTGAGACCAGCTCATTGCTGGTGACTCTCATCATGGagtgtggactatattt
PCA1:Start-2127|CAD2.high:2128-End|RT:64_nt_each,gcgacaacggtttaggAGTACGTTCCTTACAGGCCTCTTCTGCTATTCTGGTGGATAAAACTGGTAAAGAGACGGAAATTGACATTAGACTGTTACAATATGGCGATATCTTTAAGATTTTACCTGATTCAAGAATCCCCACAGagtgtggactatattt
PCA1:Start-2163|CAD2.high:2164-End|RT:64_nt_each,gcgacaacggtttaggGGATAAAACTGGTAAAGAGACGGAAATTAATATTAGACTTCTCCAATATGGCGATATTTTTAAGATTTTACCTGATTCAAGAATCCCCACAGATGGAACAGTTATATCCGGCTCTTCTGAAGTAGATGagtgtggactatattt
PCA1:Start-2505|CAD2.high:2506-End|RT:64_nt_each,gcgacaacggtttaggGCCAACTATCATTGGAATCACTGTCGTCACCTTTTGCGTTTGGATAGCGGTTGGAATCCGTGTGCAGAAGCAATCACGTTCCGACGCTGTAATTCAGGCAATTATTTATGCTATTACAGTTCTCATAGagtgtggactatattt
PCA1:Start-2583|CAD2.high:2584-End|RT:64_nt_each,gcgacaacggtttaggCTCCGATGCCGTAATTCAGGCCATTATATATGCCATTACGGTACTTATCGTTTCGTGTCCCTGCGCAATCGGCCTGGCAGTTCCTATCGTATTTGTGATTGCTAGTGGGGTTGCCGCTAAAAGAGGCGagtgtggactatattt
PCA1:Start-2907|CAD2.high:2908-End|RT:64_nt_each,gcgacaacggtttaggCTATCTCAAAGAAAAAGGTGTTTCTGCTCAAAATGTTTCTAATACAAAAGCTGTGACTGGTAAGGGTGTAGAAGGGACATCATATTCTGGTTTGAAATTACAAGGAGGGAACTGTAGGTGGCTTGGTCagtgtggactatattt
PCA1:Start-3339|CAD2.high:3340-End|RT:64_nt_each,gcgacaacggtttaggTAGTTCTTCGCAGTCAAAAAGACCGGTTGTTGTTTTTTGCGGTGACGGAACAAACGACGCAATTGCTTTGACTCAAGCTACTATTGGTGTCCATATAAATGAAGGAAGTGAGGTTGCCAAGTTAGCTGagtgtggactatattt
PCA1:Start-3624|CAD2.high:3625-End|RT:64_nt_each,gcgacaacggtttaggTATTCCACCAGAGTATGCGGGTTTAGGGGAACTAGTTAGTATCCTCCCTGTAATTTTTGTAGCTACTCTTCTTCGATACGCAAAAGTTTAATCCAGGTACTGCTGCTATTTGATTGTAGATTTTCTTTagtgtggactatattt
PCA1:Start-3645|CAD2.high:3646-End|RT:64_nt_each,gcgacaacggtttaggTTTAGGGGAACTAGTTAGTATCCTCCCTGTAATTTTTGTAGCTATACTTCTGCGTTATGCAAAGGTTTAATCCAGGTACTGCTGCTATTTGATTGTAGATTTTCTTTTTTCTTTTCTTTTTTTTTTTTagtgtggactatattt
PCA1:Start-3648|CAD2.high:3649-End|RT:64_nt_each,gcgacaacggtttaggAGGGGAACTAGTTAGTATCCTCCCTGTAATTTTTGTAGCTATACTTCTGCGTTATGCAAAGATTTAATCCAGGTACTGCTGCTATTTGATTGTAGATTTTCTTTTTTCTTTTCTTTTTTTTTTTTGACagtgtggactatattt
PCA1:Start-114|CAD2.high:115-End|RT:74_nt_each,gcgacaATGGCGAGTATGGAGTGGTAAATAGCGAGAACATATCAATAGATGCTATGCAAGATAATAGAGGCGAGTGTCATCTTAGATCTATAGAAAGGCATGCTAATGACAACCTGGGATTAGTCTCTCAGCGAGACTGTACGAATCGTCCGAAatattt
PCA1:Start-129|CAD2.high:130-End|RT:74_nt_each,gcgacaTGGTAAATAGCGAGAACATATCAATAGATGCTATGCAAGATAATAGAGGCGAGTGTCATCGTAGATCCATAGAAAGGCATGCTAATGACAACCTGGGATTAGTCTCTCAGCGAGACTGTACGAATCGTCCGAAAATCACTCCTCAGGAatattt
PCA1:Start-426|CAD2.high:427-End|RT:74_nt_each,gcgacaCTGGCTTGGATGTGGACAGCTGTTGCGGCGATGCTCAAACAGGTGGTGACCACACCAATGAATCCTGTGTTGATGAGTGTTGTGTTAGGGATTCTTCTGTTATGGTGGAAGAGGGTACAGGCAGCTGCGAAGCAGTATCTTCAAAAGAatattt
PCA1:Start-465|CAD2.high:466-End|RT:74_nt_each,gcgacaCAGGTGGTGACCACACCAATGAATCCTGTGTTGATGGATGCTGCGTTAGAGATTCTTCAGTGATGGTCGAGGAAGGTACAGGCAGCTGCGAAGCAGTATCTTCAAAAGAACAACTGTTGACCAGTTTTGAAGTGGTTCCAAGTAAATCatattt
PCA1:Start-627|CAD2.high:628-End|RT:74_nt_each,gcgacaCTATTCATGATATTAGAGAGACAACTCGCTGCAATACCAATTCCAACCAACACACAGGGAAGGGTAGGCTTTGCTTGGAATCGAGTGACTCAACACTCAAGAAGAGAAGATGTAAAGTTAGCAGACAGAAAATTGAGGTTTCAAGTAAatattt
PCA1:Start-660|CAD2.high:661-End|RT:74_nt_each,gcgacaATACCAATTCCAACCAACACACAGGGAAGGGTAGGCTTTGCATCGAATCAAGTGACTCTACACTCAAGAAAAGAAGATGTAAAGTTAGCAGACAGAAAATTGAGGTTTCAAGTAAACCTGAATGCTGTAACATTTCTTGTGTTGAACGatattt
PCA1:Start-774|CAD2.high:775-End|RT:74_nt_each,gcgacaAGCCTGAGTGCTGCAACATTTCATGTGTTGAGCGGATTGCATCTCGTAGCTGTGAAAAGAGGACTTTTAAAGGTACCACCAATGTAGGAATTTCTGGCAGTAGCTCCACTGACAGTTTGAGTGAGAAGTTCTTCAGCGAACAGTACTCatattt
PCA1:Start-1032|CAD2.high:1033-End|RT:74_nt_each,gcgacaGCGGGGAGGGTGCTTCTAAAAAGACAAAATACTCCTACCGCAACAGTTCTGGATGTTTAACAAAGAAAAAGACCTATGGCGACAAAGAAAGATTGAGTAATGACAATGGCCATGCGGATTTTGTATGTTCTAAGAGCTGTTGTACTAAatattt
PCA1:Start-1188|CAD2.high:1189-End|RT:74_nt_each,gcgacaATTGTGCTGTTACCTCAACTATTTCTGGACACTCTTCGAGTGAAATTTCAAGAATCGTATCAATGGAACCAATTGGAAATCATCTTAACCTAGAAGCGGGCTCAACAGGTACTGAGCATATTGTGCTGAGCGTTTCAGGGATGACCTGatattt
PCA1:Start-1257|CAD2.high:1258-End|RT:74_nt_each,gcgacaCAATTGAAAATCATCTTAATCTTGAGGCAGGATCTACCGGTACCGAGCACATTGTTCTTAGTGTTTCAGGAATGACCTGTACTGGTTGTGAAACAAAACTTAAGAAATCGTTTGGAGCTCTGAAATGTGTACATGGTTTGAAGACGAGatattt
PCA1:Start-1275|CAD2.high:1276-End|RT:74_nt_each,gcgacaATCTTGAGGCAGGATCTACCGGTACCGAGCACATTGTTCTTAGTGTTTCAGGAATGTCCTGTACTGGTTGTGAAACAAAACTTAAGAAATCGTTTGGAGCTCTGAAATGTGTACATGGTTTGAAGACGAGTCTAATATTATCACAAGCatattt
PCA1:Start-1446|CAD2.high:1447-End|RT:74_nt_each,gcgacaAGGGATCTGTCAAGGATGTTATCAAGCACTTGAGCAAAACTACTGAATTCAAGTACGAACAGATTTCAAATCATGCTTCAACGATTGATGTTGTCGCCCCATACGCAGCAAAAGATTTCATAAATGAGGAATGGCCACAAGGTGTTACatattt
PCA1:Start-1467|CAD2.high:1468-End|RT:74_nt_each,gcgacaTCAAGCACTTGAGCAAAACTACTGAATTCAAGTACGAACAGATTTCAAATCATGGTTCAACTATAGATGTTGTTGCCCCATACGCAGCAAAAGATTTCATAAATGAGGAATGGCCACAAGGTGTTACAGAACTGAAAATTGTTGAGAGatattt
PCA1:Start-1545|CAD2.high:1546-End|RT:74_nt_each,gcgacaCTTATGCAGCAAAAGATTTTATTAATGAGGAATGGCCACAAGGTGTCACAGAGCTGAAAATTGTTGAGAGAAATGTTATTAGAATCTACTTTGATCCAAAGGTTATAGGTGCTAGAGATCTAGTAAATGAAGGTTGGAGTGTGCCAGTatattt
PCA1:Start-1770|CAD2.high:1771-End|RT:74_nt_each,gcgacaCTTTATCCATAATATTGACGATCCCGATTCTCGTGATGGCTTGGGCTCCACAGCTTCGTGAAAAAATTTCCACTATGTCCGTTTCAATGGTGCTAGCAACTATTATACAATTTGTTATCGCAGGACCGTTTTACCTGAATGCCTTGAAatattt
PCA1:Start-1773|CAD2.high:1774-End|RT:74_nt_each,gcgacaTATCCATAATATTGACGATCCCGATTCTCGTGATGGCTTGGGCTCCACAGCTTCGTGAAAAAATTTCCACTATCTCCGTTTCAATGGTGCTAGCAACTATTATACAATTTGTTATCGCAGGACCGTTTTACCTGAATGCCTTGAAGTCatattt
PCA1:Start-1944|CAD2.high:1945-End|RT:74_nt_each,gcgacaAAATGGATCTACTAATAGTTTTAAGCACTAGCGCTGCCTACATATTTTCGATTGTATCATTTGGATATTTCGTTGCTGGCCACCCTTTATCCACGGAGCAGTTCTTTGAGACCAGCTCATTGCTGGTGACTCTCATCATGGTGGGTAGatattt
PCA1:Start-1947|CAD2.high:1948-End|RT:74_nt_each,gcgacaTGGATCTACTAATAGTTTTAAGCACTAGCGCTGCCTACATATTTTCGATTGTATCATTTGGATATTTCGTTGTTGGCCACCCTTTATCCACGGAGCAGTTCTTTGAGACCAGCTCATTGCTGGTGACTCTCATCATGGTGGGTAGATTatattt
PCA1:Start-2127|CAD2.high:2128-End|RT:74_nt_each,gcgacaAGTCAATATCAGTACGTTCCTTACAGGCCTCTTCTGCTATTCTGGTGGATAAAACTGGTAAAGAGACGGAAATTGACATTAGACTGTTACAATATGGCGATATCTTTAAGATTTTACCTGATTCAAGAATCCCCACAGATGGAACAGTatattt
PCA1:Start-2163|CAD2.high:2164-End|RT:74_nt_each,gcgacaCTATTCTGGTGGATAAAACTGGTAAAGAGACGGAAATTAATATTAGACTTCTCCAATATGGCGATATTTTTAAGATTTTACCTGATTCAAGAATCCCCACAGATGGAACAGTTATATCCGGCTCTTCTGAAGTAGATGAAGCTTTAATatattt
PCA1:Start-2505|CAD2.high:2506-End|RT:74_nt_each,gcgacaGTTATTTCGTGCCAACTATCATTGGAATCACTGTCGTCACCTTTTGCGTTTGGATAGCGGTTGGAATCCGTGTGCAGAAGCAATCACGTTCCGACGCTGTAATTCAGGCAATTATTTATGCTATTACAGTTCTCATAGTTTCCTGTCCatattt
PCA1:Start-2583|CAD2.high:2584-End|RT:74_nt_each,gcgacaAGCAATCCCGCTCCGATGCCGTAATTCAGGCCATTATATATGCCATTACGGTACTTATCGTTTCGTGTCCCTGCGCAATCGGCCTGGCAGTTCCTATCGTATTTGTGATTGCTAGTGGGGTTGCCGCTAAAAGAGGCGTAATTTTCAAatattt
PCA1:Start-2907|CAD2.high:2908-End|RT:74_nt_each,gcgacaCAATAGCATCCTATCTCAAAGAAAAAGGTGTTTCTGCTCAAAATGTTTCTAATACAAAAGCTGTGACTGGTAAGGGTGTAGAAGGGACATCATATTCTGGTTTGAAATTACAAGGAGGGAACTGTAGGTGGCTTGGTCATAATAACGAatattt
PCA1:Start-3339|CAD2.high:3340-End|RT:74_nt_each,gcgacaGAAATTGCGATAGTTCTTCGCAGTCAAAAAGACCGGTTGTTGTTTTTTGCGGTGACGGAACAAACGACGCAATTGCTTTGACTCAAGCTACTATTGGTGTCCATATAAATGAAGGAAGTGAGGTTGCCAAGTTAGCTGCTGATGTTGTatattt
PCA1:Start-3624|CAD2.high:3625-End|RT:74_nt_each,gcgacaTTGACTTTCATATTCCACCAGAGTATGCGGGTTTAGGGGAACTAGTTAGTATCCTCCCTGTAATTTTTGTAGCTACTCTTCTTCGATACGCAAAAGTTTAATCCAGGTACTGCTGCTATTTGATTGTAGATTTTCTTTTTTCTTTTCTatattt
PCA1:Start-3645|CAD2.high:3646-End|RT:74_nt_each,gcgacaAGTATGCGGGTTTAGGGGAACTAGTTAGTATCCTCCCTGTAATTTTTGTAGCTATACTTCTGCGTTATGCAAAGGTTTAATCCAGGTACTGCTGCTATTTGATTGTAGATTTTCTTTTTTCTTTTCTTTTTTTTTTTTGACGACTCTGatattt
PCA1:Start-3648|CAD2.high:3649-End|RT:74_nt_each,gcgacaATGCGGGTTTAGGGGAACTAGTTAGTATCCTCCCTGTAATTTTTGTAGCTATACTTCTGCGTTATGCAAAGATTTAATCCAGGTACTGCTGCTATTTGATTGTAGATTTTCTTTTTTCTTTTCTTTTTTTTTTTTGACGACTCTGTAAatattt
PCA1:Start-114|CAD2.high:115-End|RT:80_nt_each,CCAGCGATGGCGAGTATGGAGTGGTAAATAGCGAGAACATATCAATAGATGCTATGCAAGATAATAGAGGCGAGTGTCATCTTAGATCTATAGAAAGGCATGCTAATGACAACCTGGGATTAGTCTCTCAGCGAGACTGTACGAATCGTCCGAAAATCAC
PCA1:Start-129|CAD2.high:130-End|RT:80_nt_each,ATGGAGTGGTAAATAGCGAGAACATATCAATAGATGCTATGCAAGATAATAGAGGCGAGTGTCATCGTAGATCCATAGAAAGGCATGCTAATGACAACCTGGGATTAGTCTCTCAGCGAGACTGTACGAATCGTCCGAAAATCACTCCTCAGGAATGCTT
PCA1:Start-426|CAD2.high:427-End|RT:80_nt_each,CTGAGACTGGCTTGGATGTGGACAGCTGTTGCGGCGATGCTCAAACAGGTGGTGACCACACCAATGAATCCTGTGTTGATGAGTGTTGTGTTAGGGATTCTTCTGTTATGGTGGAAGAGGGTACAGGCAGCTGCGAAGCAGTATCTTCAAAAGAACAACT
PCA1:Start-465|CAD2.high:466-End|RT:80_nt_each,CTCAAACAGGTGGTGACCACACCAATGAATCCTGTGTTGATGGATGCTGCGTTAGAGATTCTTCAGTGATGGTCGAGGAAGGTACAGGCAGCTGCGAAGCAGTATCTTCAAAAGAACAACTGTTGACCAGTTTTGAAGTGGTTCCAAGTAAATCTGAAGG
PCA1:Start-627|CAD2.high:628-End|RT:80_nt_each,TGCAATCTATTCATGATATTAGAGAGACAACTCGCTGCAATACCAATTCCAACCAACACACAGGGAAGGGTAGGCTTTGCTTGGAATCGAGTGACTCAACACTCAAGAAGAGAAGATGTAAAGTTAGCAGACAGAAAATTGAGGTTTCAAGTAAACCTGA
PCA1:Start-660|CAD2.high:661-End|RT:80_nt_each,GCTGCAATACCAATTCCAACCAACACACAGGGAAGGGTAGGCTTTGCATCGAATCAAGTGACTCTACACTCAAGAAAAGAAGATGTAAAGTTAGCAGACAGAAAATTGAGGTTTCAAGTAAACCTGAATGCTGTAACATTTCTTGTGTTGAACGTATTGC
PCA1:Start-774|CAD2.high:775-End|RT:80_nt_each,CCAGTAAGCCTGAGTGCTGCAACATTTCATGTGTTGAGCGGATTGCATCTCGTAGCTGTGAAAAGAGGACTTTTAAAGGTACCACCAATGTAGGAATTTCTGGCAGTAGCTCCACTGACAGTTTGAGTGAGAAGTTCTTCAGCGAACAGTACTCTCGTAT
PCA1:Start-1032|CAD2.high:1033-End|RT:80_nt_each,TTTGTAGCGGGGAGGGTGCTTCTAAAAAGACAAAATACTCCTACCGCAACAGTTCTGGATGTTTAACAAAGAAAAAGACCTATGGCGACAAAGAAAGATTGAGTAATGACAATGGCCATGCGGATTTTGTATGTTCTAAGAGCTGTTGTACTAAAATGAA
PCA1:Start-1188|CAD2.high:1189-End|RT:80_nt_each,TGAAGGATTGTGCTGTTACCTCAACTATTTCTGGACACTCTTCGAGTGAAATTTCAAGAATCGTATCAATGGAACCAATTGGAAATCATCTTAACCTAGAAGCGGGCTCAACAGGTACTGAGCATATTGTGCTGAGCGTTTCAGGGATGACCTGTACTGG
PCA1:Start-1257|CAD2.high:1258-End|RT:80_nt_each,TGGAACCAATTGAAAATCATCTTAATCTTGAGGCAGGATCTACCGGTACCGAGCACATTGTTCTTAGTGTTTCAGGAATGACCTGTACTGGTTGTGAAACAAAACTTAAGAAATCGTTTGGAGCTCTGAAATGTGTACATGGTTTGAAGACGAGTCTAAT
PCA1:Start-1275|CAD2.high:1276-End|RT:80_nt_each,ATCTTAATCTTGAGGCAGGATCTACCGGTACCGAGCACATTGTTCTTAGTGTTTCAGGAATGTCCTGTACTGGTTGTGAAACAAAACTTAAGAAATCGTTTGGAGCTCTGAAATGTGTACATGGTTTGAAGACGAGTCTAATATTATCACAAGCTGAATT
PCA1:Start-1446|CAD2.high:1447-End|RT:80_nt_each,TTGCTCAGGGATCTGTCAAGGATGTTATCAAGCACTTGAGCAAAACTACTGAATTCAAGTACGAACAGATTTCAAATCATGCTTCAACGATTGATGTTGTCGCCCCATACGCAGCAAAAGATTTCATAAATGAGGAATGGCCACAAGGTGTTACAGAACT
PCA1:Start-1467|CAD2.high:1468-End|RT:80_nt_each,ATGTTATCAAGCACTTGAGCAAAACTACTGAATTCAAGTACGAACAGATTTCAAATCATGGTTCAACTATAGATGTTGTTGCCCCATACGCAGCAAAAGATTTCATAAATGAGGAATGGCCACAAGGTGTTACAGAACTGAAAATTGTTGAGAGAAACGT
PCA1:Start-1545|CAD2.high:1546-End|RT:80_nt_each,TTGTTCCTTATGCAGCAAAAGATTTTATTAATGAGGAATGGCCACAAGGTGTCACAGAGCTGAAAATTGTTGAGAGAAATGTTATTAGAATCTACTTTGATCCAAAGGTTATAGGTGCTAGAGATCTAGTAAATGAAGGTTGGAGTGTGCCAGTAAGTAT
PCA1:Start-1770|CAD2.high:1771-End|RT:80_nt_each,CGACCGCTTTATCCATAATATTGACGATCCCGATTCTCGTGATGGCTTGGGCTCCACAGCTTCGTGAAAAAATTTCCACTATGTCCGTTTCAATGGTGCTAGCAACTATTATACAATTTGTTATCGCAGGACCGTTTTACCTGAATGCCTTGAAGTCTTT
PCA1:Start-1773|CAD2.high:1774-End|RT:80_nt_each,CCGCTTTATCCATAATATTGACGATCCCGATTCTCGTGATGGCTTGGGCTCCACAGCTTCGTGAAAAAATTTCCACTATCTCCGTTTCAATGGTGCTAGCAACTATTATACAATTTGTTATCGCAGGACCGTTTTACCTGAATGCCTTGAAGTCTTTGAT
PCA1:Start-1944|CAD2.high:1945-End|RT:80_nt_each,TCATTGAAATGGATCTACTAATAGTTTTAAGCACTAGCGCTGCCTACATATTTTCGATTGTATCATTTGGATATTTCGTTGCTGGCCACCCTTTATCCACGGAGCAGTTCTTTGAGACCAGCTCATTGCTGGTGACTCTCATCATGGTGGGTAGATTTGT
PCA1:Start-1947|CAD2.high:1948-End|RT:80_nt_each,TTGAAATGGATCTACTAATAGTTTTAAGCACTAGCGCTGCCTACATATTTTCGATTGTATCATTTGGATATTTCGTTGTTGGCCACCCTTTATCCACGGAGCAGTTCTTTGAGACCAGCTCATTGCTGGTGACTCTCATCATGGTGGGTAGATTTGTCTC
PCA1:Start-2127|CAD2.high:2128-End|RT:80_nt_each,CTGTAAAGTCAATATCAGTACGTTCCTTACAGGCCTCTTCTGCTATTCTGGTGGATAAAACTGGTAAAGAGACGGAAATTGACATTAGACTGTTACAATATGGCGATATCTTTAAGATTTTACCTGATTCAAGAATCCCCACAGATGGAACAGTTATATC
PCA1:Start-2163|CAD2.high:2164-End|RT:80_nt_each,CTTCTGCTATTCTGGTGGATAAAACTGGTAAAGAGACGGAAATTAATATTAGACTTCTCCAATATGGCGATATTTTTAAGATTTTACCTGATTCAAGAATCCCCACAGATGGAACAGTTATATCCGGCTCTTCTGAAGTAGATGAAGCTTTAATTACAGG
PCA1:Start-2505|CAD2.high:2506-End|RT:80_nt_each,TTGCAAGTTATTTCGTGCCAACTATCATTGGAATCACTGTCGTCACCTTTTGCGTTTGGATAGCGGTTGGAATCCGTGTGCAGAAGCAATCACGTTCCGACGCTGTAATTCAGGCAATTATTTATGCTATTACAGTTCTCATAGTTTCCTGTCCCTGCGC
PCA1:Start-2583|CAD2.high:2584-End|RT:80_nt_each,TGGAAAAGCAATCCCGCTCCGATGCCGTAATTCAGGCCATTATATATGCCATTACGGTACTTATCGTTTCGTGTCCCTGCGCAATCGGCCTGGCAGTTCCTATCGTATTTGTGATTGCTAGTGGGGTTGCCGCTAAAAGAGGCGTAATTTTCAAATCTGC
PCA1:Start-2907|CAD2.high:2908-End|RT:80_nt_each,CCATGGCAATAGCATCCTATCTCAAAGAAAAAGGTGTTTCTGCTCAAAATGTTTCTAATACAAAAGCTGTGACTGGTAAGGGTGTAGAAGGGACATCATATTCTGGTTTGAAATTACAAGGAGGGAACTGTAGGTGGCTTGGTCATAATAACGATCCTGA
PCA1:Start-3339|CAD2.high:3340-End|RT:80_nt_each,AAGGAAGAAATTGCGATAGTTCTTCGCAGTCAAAAAGACCGGTTGTTGTTTTTTGCGGTGACGGAACAAACGACGCAATTGCTTTGACTCAAGCTACTATTGGTGTCCATATAAATGAAGGAAGTGAGGTTGCCAAGTTAGCTGCTGATGTTGTTATGTT
PCA1:Start-3624|CAD2.high:3625-End|RT:80_nt_each,CCTTTGTTGACTTTCATATTCCACCAGAGTATGCGGGTTTAGGGGAACTAGTTAGTATCCTCCCTGTAATTTTTGTAGCTACTCTTCTTCGATACGCAAAAGTTTAATCCAGGTACTGCTGCTATTTGATTGTAGATTTTCTTTTTTCTTTTCTTTTTTT
PCA1:Start-3645|CAD2.high:3646-End|RT:80_nt_each,CACCAGAGTATGCGGGTTTAGGGGAACTAGTTAGTATCCTCCCTGTAATTTTTGTAGCTATACTTCTGCGTTATGCAAAGGTTTAATCCAGGTACTGCTGCTATTTGATTGTAGATTTTCTTTTTTCTTTTCTTTTTTTTTTTTGACGACTCTGTAATAC
PCA1:Start-3648|CAD2.high:3649-End|RT:80_nt_each,CAGAGTATGCGGGTTTAGGGGAACTAGTTAGTATCCTCCCTGTAATTTTTGTAGCTATACTTCTGCGTTATGCAAAGATTTAATCCAGGTACTGCTGCTATTTGATTGTAGATTTTCTTTTTTCTTTTCTTTTTTTTTTTTGACGACTCTGTAATACTCT