>PCA1:Start-114|CAD2:115-End|RT:20_nt_each GAGAGCCGGCCTGTGgcgacaacggtttaggtgggtacgggtccccattccttatatagaaatggcatgttagatATAATAGAGGCGAGTGTCATCTTAGGTCCATAGAAAGGCAtagctaagcgcagggacttcccgaatctcggtattatcccggtaagtgtggactatatttGGGTTTGGCTGCGTG
PCA1:Start-129|CAD2:130-End|RT:20_nt_each GAGAGCCGGCCTGTGgcgacaacggtttaggtgggtacgggtccccattccttatatagaaatggcatgttagatGTCATCGTAGATCCATAGAAAGGCATGCTAATGACAATCTtagctaagcgcagggacttcccgaatctcggtattatcccggtaagtgtggactatatttGGGTTTGGCTGCGTG
PCA1:Start-426|CAD2:427-End|RT:20_nt_each GAGAGCCGGCCTGTGgcgacaacggtttaggtgggtacgggtccccattccttatatagaaatggcatgttagatCCAATGAATCCTGTGTTGATGAATGCTGCGTTAGAGATTCtagctaagcgcagggacttcccgaatctcggtattatcccggtaagtgtggactatatttGGGTTTGGCTGCGTG
PCA1:Start-465|CAD2:466-End|RT:20_nt_each GAGAGCCGGCCTGTGgcgacaacggtttaggtgggtacgggtccccattccttatatagaaatggcatgttagatCTTCAGTGATGGTCGAGGAAGGTACAGGCAGCTGCGAAGCtagctaagcgcagggacttcccgaatctcggtattatcccggtaagtgtggactatatttGGGTTTGGCTGCGTG
PCA1:Start-627|CAD2:628-End|RT:20_nt_each GAGAGCCGGCCTGTGgcgacaacggtttaggtgggtacgggtccccattccttatatagaaatggcatgttagatCAGGGAAGGGTAGGCTTTGCCTTGAATCCAGTGACTCTACtagctaagcgcagggacttcccgaatctcggtattatcccggtaagtgtggactatatttGGGTTTGGCTGCGTG
PCA1:Start-660|CAD2:661-End|RT:20_nt_each GAGAGCCGGCCTGTGgcgacaacggtttaggtgggtacgggtccccattccttatatagaaatggcatgttagatACTCTACACTCAAGAAAAGACGTTGTAAAGTTAGCAGACAtagctaagcgcagggacttcccgaatctcggtattatcccggtaagtgtggactatatttGGGTTTGGCTGCGTG
PCA1:Start-774|CAD2:775-End|RT:20_nt_each GAGAGCCGGCCTGTGgcgacaacggtttaggtgggtacgggtccccattccttatatagaaatggcatgttagatAAAAGAGGACTTTTAAAGGTACCACCAATGTTGGAATTTCtagctaagcgcagggacttcccgaatctcggtattatcccggtaagtgtggactatatttGGGTTTGGCTGCGTG
PCA1:Start-1032|CAD2:1033-End|RT:20_nt_each GAGAGCCGGCCTGTGgcgacaacggtttaggtgggtacgggtccccattccttatatagaaatggcatgttagatGTTTAACAAAGAAAAAGACCTATGGAGACAAAGAAAGGTTtagctaagcgcagggacttcccgaatctcggtattatcccggtaagtgtggactatatttGGGTTTGGCTGCGTG
PCA1:Start-1188|CAD2:1189-End|RT:20_nt_each GAGAGCCGGCCTGTGgcgacaacggtttaggtgggtacgggtccccattccttatatagaaatggcatgttagatTCGTATCAATGGAACCAATTGGAAATCATCTTAATCTTGAtagctaagcgcagggacttcccgaatctcggtattatcccggtaagtgtggactatatttGGGTTTGGCTGCGTG
PCA1:Start-1257|CAD2:1258-End|RT:20_nt_each GAGAGCCGGCCTGTGgcgacaacggtttaggtgggtacgggtccccattccttatatagaaatggcatgttagatTTCTTAGTGTTTCAGGAATGACCTGTACTGGTTGTGAAACtagctaagcgcagggacttcccgaatctcggtattatcccggtaagtgtggactatatttGGGTTTGGCTGCGTG
PCA1:Start-1275|CAD2:1276-End|RT:20_nt_each GAGAGCCGGCCTGTGgcgacaacggtttaggtgggtacgggtccccattccttatatagaaatggcatgttagatTGTCCTGTACTGGTTGTGAAACAAAACTTAAGAAATCATTtagctaagcgcagggacttcccgaatctcggtattatcccggtaagtgtggactatatttGGGTTTGGCTGCGTG
PCA1:Start-1446|CAD2:1447-End|RT:20_nt_each GAGAGCCGGCCTGTGgcgacaacggtttaggtgggtacgggtccccattccttatatagaaatggcatgttagatACGAACAGATTTCAAATCATGCTTCAACTATAGATGTTGTtagctaagcgcagggacttcccgaatctcggtattatcccggtaagtgtggactatatttGGGTTTGGCTGCGTG
PCA1:Start-1467|CAD2:1468-End|RT:20_nt_each GAGAGCCGGCCTGTGgcgacaacggtttaggtgggtacgggtccccattccttatatagaaatggcatgttagatGTTCAACTATAGATGTTGTTGCTCCTTATGCAGCAAAAGAtagctaagcgcagggacttcccgaatctcggtattatcccggtaagtgtggactatatttGGGTTTGGCTGCGTG
PCA1:Start-1545|CAD2:1546-End|RT:20_nt_each GAGAGCCGGCCTGTGgcgacaacggtttaggtgggtacgggtccccattccttatatagaaatggcatgttagatTGAAAATTGTTGAGAGAAATGTCATTCGTATTTACTTTGAtagctaagcgcagggacttcccgaatctcggtattatcccggtaagtgtggactatatttGGGTTTGGCTGCGTG
PCA1:Start-1770|CAD2:1771-End|RT:20_nt_each GAGAGCCGGCCTGTGgcgacaacggtttaggtgggtacgggtccccattccttatatagaaatggcatgttagatTTCGTGAAAAAATTTCCACTATGTCCGTGTCAATGGTGCTtagctaagcgcagggacttcccgaatctcggtattatcccggtaagtgtggactatatttGGGTTTGGCTGCGTG
PCA1:Start-1773|CAD2:1774-End|RT:20_nt_each GAGAGCCGGCCTGTGgcgacaacggtttaggtgggtacgggtccccattccttatatagaaatggcatgttagatGTGAAAAAATTTCCACTATCTCCGTGTCAATGGTGCTAGCtagctaagcgcagggacttcccgaatctcggtattatcccggtaagtgtggactatatttGGGTTTGGCTGCGTG
PCA1:Start-1944|CAD2:1945-End|RT:20_nt_each GAGAGCCGGCCTGTGgcgacaacggtttaggtgggtacgggtccccattccttatatagaaatggcatgttagatTATCATTTGGATATTTCGTTGCTGGACACCCGTTATCTACtagctaagcgcagggacttcccgaatctcggtattatcccggtaagtgtggactatatttGGGTTTGGCTGCGTG
PCA1:Start-1947|CAD2:1948-End|RT:20_nt_each GAGAGCCGGCCTGTGgcgacaacggtttaggtgggtacgggtccccattccttatatagaaatggcatgttagatCATTTGGATATTTCGTTGTTGGACACCCGTTATCTACGGAtagctaagcgcagggacttcccgaatctcggtattatcccggtaagtgtggactatatttGGGTTTGGCTGCGTG
PCA1:Start-2127|CAD2:2128-End|RT:20_nt_each GAGAGCCGGCCTGTGgcgacaacggtttaggtgggtacgggtccccattccttatatagaaatggcatgttagatCTGGTAAAGAGACGGAAATTGATATTAGACTTCTCCAATAtagctaagcgcagggacttcccgaatctcggtattatcccggtaagtgtggactatatttGGGTTTGGCTGCGTG
PCA1:Start-2163|CAD2:2164-End|RT:20_nt_each GAGAGCCGGCCTGTGgcgacaacggtttaggtgggtacgggtccccattccttatatagaaatggcatgttagatAATATGGCGATATTTTTAAGATTTTACCTGATTCAAGAATtagctaagcgcagggacttcccgaatctcggtattatcccggtaagtgtggactatatttGGGTTTGGCTGCGTG
PCA1:Start-2505|CAD2:2506-End|RT:20_nt_each GAGAGCCGGCCTGTGgcgacaacggtttaggtgggtacgggtccccattccttatatagaaatggcatgttagatTAGCGGTTGGAATCCGTGTGCAAAAGCAATCCCGCTCCGAtagctaagcgcagggacttcccgaatctcggtattatcccggtaagtgtggactatatttGGGTTTGGCTGCGTG
PCA1:Start-2583|CAD2:2584-End|RT:20_nt_each GAGAGCCGGCCTGTGgcgacaacggtttaggtgggtacgggtccccattccttatatagaaatggcatgttagatTTATCGTTTCGTGTCCCTGCGCGATTGGACTTGCCGTTCCtagctaagcgcagggacttcccgaatctcggtattatcccggtaagtgtggactatatttGGGTTTGGCTGCGTG
PCA1:Start-2907|CAD2:2908-End|RT:20_nt_each GAGAGCCGGCCTGTGgcgacaacggtttaggtgggtacgggtccccattccttatatagaaatggcatgttagatCAAAAGCTGTGACTGGTAAGGGGGTAGAAGGAACATCATAtagctaagcgcagggacttcccgaatctcggtattatcccggtaagtgtggactatatttGGGTTTGGCTGCGTG
PCA1:Start-3339|CAD2:3340-End|RT:20_nt_each GAGAGCCGGCCTGTGgcgacaacggtttaggtgggtacgggtccccattccttatatagaaatggcatgttagatACGGAACAAACGACGCAATTGCTTTGACTCAAGCAACGATtagctaagcgcagggacttcccgaatctcggtattatcccggtaagtgtggactatatttGGGTTTGGCTGCGTG
PCA1:Start-3624|CAD2:3625-End|RT:20_nt_each GAGAGCCGGCCTGTGgcgacaacggtttaggtgggtacgggtccccattccttatatagaaatggcatgttagatTCCCTGTAATTTTTGTAGCTACACTTCTGCGTTATGCAAAtagctaagcgcagggacttcccgaatctcggtattatcccggtaagtgtggactatatttGGGTTTGGCTGCGTG
PCA1:Start-3645|CAD2:3646-End|RT:20_nt_each GAGAGCCGGCCTGTGgcgacaacggtttaggtgggtacgggtccccattccttatatagaaatggcatgttagatTACTTCTGCGTTATGCAAAGGTTTAGTCCAGGTACTGCTGtagctaagcgcagggacttcccgaatctcggtattatcccggtaagtgtggactatatttGGGTTTGGCTGCGTG
PCA1:Start-3648|CAD2:3649-End|RT:20_nt_each GAGAGCCGGCCTGTGgcgacaacggtttaggtgggtacgggtccccattccttatatagaaatggcatgttagatTTCTGCGTTATGCAAAGATTTAGTCCAGGTACTGCTGCTAtagctaagcgcagggacttcccgaatctcggtattatcccggtaagtgtggactatatttGGGTTTGGCTGCGTG
PCA1:Start-114|CAD2:115-End|RT:22_nt_each GAGAGCCGGCCTGTGgcgacaacggtttaggtgggtacgggtccccattccttatatagaaatggcatgttagAGATAATAGAGGCGAGTGTCATCTTAGGTCCATAGAAAGGCATGgctaagcgcagggacttcccgaatctcggtattatcccggtaagtgtggactatatttGGGTTTGGCTGCGTG
PCA1:Start-129|CAD2:130-End|RT:22_nt_each GAGAGCCGGCCTGTGgcgacaacggtttaggtgggtacgggtccccattccttatatagaaatggcatgttagGTGTCATCGTAGATCCATAGAAAGGCATGCTAATGACAATCTGGgctaagcgcagggacttcccgaatctcggtattatcccggtaagtgtggactatatttGGGTTTGGCTGCGTG
PCA1:Start-426|CAD2:427-End|RT:22_nt_each GAGAGCCGGCCTGTGgcgacaacggtttaggtgggtacgggtccccattccttatatagaaatggcatgttagCACCAATGAATCCTGTGTTGATGAATGCTGCGTTAGAGATTCTTgctaagcgcagggacttcccgaatctcggtattatcccggtaagtgtggactatatttGGGTTTGGCTGCGTG
PCA1:Start-465|CAD2:466-End|RT:22_nt_each GAGAGCCGGCCTGTGgcgacaacggtttaggtgggtacgggtccccattccttatatagaaatggcatgttagTTCTTCAGTGATGGTCGAGGAAGGTACAGGCAGCTGCGAAGCTGgctaagcgcagggacttcccgaatctcggtattatcccggtaagtgtggactatatttGGGTTTGGCTGCGTG
PCA1:Start-627|CAD2:628-End|RT:22_nt_each GAGAGCCGGCCTGTGgcgacaacggtttaggtgggtacgggtccccattccttatatagaaatggcatgttagCACAGGGAAGGGTAGGCTTTGCCTTGAATCCAGTGACTCTACACgctaagcgcagggacttcccgaatctcggtattatcccggtaagtgtggactatatttGGGTTTGGCTGCGTG
PCA1:Start-660|CAD2:661-End|RT:22_nt_each GAGAGCCGGCCTGTGgcgacaacggtttaggtgggtacgggtccccattccttatatagaaatggcatgttagTGACTCTACACTCAAGAAAAGACGTTGTAAAGTTAGCAGACAGAgctaagcgcagggacttcccgaatctcggtattatcccggtaagtgtggactatatttGGGTTTGGCTGCGTG
PCA1:Start-774|CAD2:775-End|RT:22_nt_each GAGAGCCGGCCTGTGgcgacaacggtttaggtgggtacgggtccccattccttatatagaaatggcatgttagTGAAAAGAGGACTTTTAAAGGTACCACCAATGTTGGAATTTCTGgctaagcgcagggacttcccgaatctcggtattatcccggtaagtgtggactatatttGGGTTTGGCTGCGTG
PCA1:Start-1032|CAD2:1033-End|RT:22_nt_each GAGAGCCGGCCTGTGgcgacaacggtttaggtgggtacgggtccccattccttatatagaaatggcatgttagATGTTTAACAAAGAAAAAGACCTATGGAGACAAAGAAAGGTTGAgctaagcgcagggacttcccgaatctcggtattatcccggtaagtgtggactatatttGGGTTTGGCTGCGTG
PCA1:Start-1188|CAD2:1189-End|RT:22_nt_each GAGAGCCGGCCTGTGgcgacaacggtttaggtgggtacgggtccccattccttatatagaaatggcatgttagAATCGTATCAATGGAACCAATTGGAAATCATCTTAATCTTGAGGgctaagcgcagggacttcccgaatctcggtattatcccggtaagtgtggactatatttGGGTTTGGCTGCGTG
PCA1:Start-1257|CAD2:1258-End|RT:22_nt_each GAGAGCCGGCCTGTGgcgacaacggtttaggtgggtacgggtccccattccttatatagaaatggcatgttagTGTTCTTAGTGTTTCAGGAATGACCTGTACTGGTTGTGAAACAAgctaagcgcagggacttcccgaatctcggtattatcccggtaagtgtggactatatttGGGTTTGGCTGCGTG
PCA1:Start-1275|CAD2:1276-End|RT:22_nt_each GAGAGCCGGCCTGTGgcgacaacggtttaggtgggtacgggtccccattccttatatagaaatggcatgttagAATGTCCTGTACTGGTTGTGAAACAAAACTTAAGAAATCATTTGgctaagcgcagggacttcccgaatctcggtattatcccggtaagtgtggactatatttGGGTTTGGCTGCGTG
PCA1:Start-1446|CAD2:1447-End|RT:22_nt_each GAGAGCCGGCCTGTGgcgacaacggtttaggtgggtacgggtccccattccttatatagaaatggcatgttagGTACGAACAGATTTCAAATCATGCTTCAACTATAGATGTTGTTGgctaagcgcagggacttcccgaatctcggtattatcccggtaagtgtggactatatttGGGTTTGGCTGCGTG
PCA1:Start-1467|CAD2:1468-End|RT:22_nt_each GAGAGCCGGCCTGTGgcgacaacggtttaggtgggtacgggtccccattccttatatagaaatggcatgttagTGGTTCAACTATAGATGTTGTTGCTCCTTATGCAGCAAAAGATTgctaagcgcagggacttcccgaatctcggtattatcccggtaagtgtggactatatttGGGTTTGGCTGCGTG
PCA1:Start-1545|CAD2:1546-End|RT:22_nt_each GAGAGCCGGCCTGTGgcgacaacggtttaggtgggtacgggtccccattccttatatagaaatggcatgttagGCTGAAAATTGTTGAGAGAAATGTCATTCGTATTTACTTTGACCgctaagcgcagggacttcccgaatctcggtattatcccggtaagtgtggactatatttGGGTTTGGCTGCGTG
PCA1:Start-1770|CAD2:1771-End|RT:22_nt_each GAGAGCCGGCCTGTGgcgacaacggtttaggtgggtacgggtccccattccttatatagaaatggcatgttagGCTTCGTGAAAAAATTTCCACTATGTCCGTGTCAATGGTGCTAGgctaagcgcagggacttcccgaatctcggtattatcccggtaagtgtggactatatttGGGTTTGGCTGCGTG
PCA1:Start-1773|CAD2:1774-End|RT:22_nt_each GAGAGCCGGCCTGTGgcgacaacggtttaggtgggtacgggtccccattccttatatagaaatggcatgttagTCGTGAAAAAATTTCCACTATCTCCGTGTCAATGGTGCTAGCAAgctaagcgcagggacttcccgaatctcggtattatcccggtaagtgtggactatatttGGGTTTGGCTGCGTG
PCA1:Start-1944|CAD2:1945-End|RT:22_nt_each GAGAGCCGGCCTGTGgcgacaacggtttaggtgggtacgggtccccattccttatatagaaatggcatgttagTGTATCATTTGGATATTTCGTTGCTGGACACCCGTTATCTACGGgctaagcgcagggacttcccgaatctcggtattatcccggtaagtgtggactatatttGGGTTTGGCTGCGTG
PCA1:Start-1947|CAD2:1948-End|RT:22_nt_each GAGAGCCGGCCTGTGgcgacaacggtttaggtgggtacgggtccccattccttatatagaaatggcatgttagATCATTTGGATATTTCGTTGTTGGACACCCGTTATCTACGGAGCgctaagcgcagggacttcccgaatctcggtattatcccggtaagtgtggactatatttGGGTTTGGCTGCGTG
PCA1:Start-2127|CAD2:2128-End|RT:22_nt_each GAGAGCCGGCCTGTGgcgacaacggtttaggtgggtacgggtccccattccttatatagaaatggcatgttagAACTGGTAAAGAGACGGAAATTGATATTAGACTTCTCCAATATGgctaagcgcagggacttcccgaatctcggtattatcccggtaagtgtggactatatttGGGTTTGGCTGCGTG
PCA1:Start-2163|CAD2:2164-End|RT:22_nt_each GAGAGCCGGCCTGTGgcgacaacggtttaggtgggtacgggtccccattccttatatagaaatggcatgttagCCAATATGGCGATATTTTTAAGATTTTACCTGATTCAAGAATCCgctaagcgcagggacttcccgaatctcggtattatcccggtaagtgtggactatatttGGGTTTGGCTGCGTG
PCA1:Start-2505|CAD2:2506-End|RT:22_nt_each GAGAGCCGGCCTGTGgcgacaacggtttaggtgggtacgggtccccattccttatatagaaatggcatgttagGATAGCGGTTGGAATCCGTGTGCAAAAGCAATCCCGCTCCGATGgctaagcgcagggacttcccgaatctcggtattatcccggtaagtgtggactatatttGGGTTTGGCTGCGTG
PCA1:Start-2583|CAD2:2584-End|RT:22_nt_each GAGAGCCGGCCTGTGgcgacaacggtttaggtgggtacgggtccccattccttatatagaaatggcatgttagACTTATCGTTTCGTGTCCCTGCGCGATTGGACTTGCCGTTCCTAgctaagcgcagggacttcccgaatctcggtattatcccggtaagtgtggactatatttGGGTTTGGCTGCGTG
PCA1:Start-2907|CAD2:2908-End|RT:22_nt_each GAGAGCCGGCCTGTGgcgacaacggtttaggtgggtacgggtccccattccttatatagaaatggcatgttagTACAAAAGCTGTGACTGGTAAGGGGGTAGAAGGAACATCATACTgctaagcgcagggacttcccgaatctcggtattatcccggtaagtgtggactatatttGGGTTTGGCTGCGTG
PCA1:Start-3339|CAD2:3340-End|RT:22_nt_each GAGAGCCGGCCTGTGgcgacaacggtttaggtgggtacgggtccccattccttatatagaaatggcatgttagTGACGGAACAAACGACGCAATTGCTTTGACTCAAGCAACGATTGgctaagcgcagggacttcccgaatctcggtattatcccggtaagtgtggactatatttGGGTTTGGCTGCGTG
PCA1:Start-3624|CAD2:3625-End|RT:22_nt_each GAGAGCCGGCCTGTGgcgacaacggtttaggtgggtacgggtccccattccttatatagaaatggcatgttagCCTCCCTGTAATTTTTGTAGCTACACTTCTGCGTTATGCAAAGGgctaagcgcagggacttcccgaatctcggtattatcccggtaagtgtggactatatttGGGTTTGGCTGCGTG
PCA1:Start-3645|CAD2:3646-End|RT:22_nt_each GAGAGCCGGCCTGTGgcgacaacggtttaggtgggtacgggtccccattccttatatagaaatggcatgttagTATACTTCTGCGTTATGCAAAGGTTTAGTCCAGGTACTGCTGCTgctaagcgcagggacttcccgaatctcggtattatcccggtaagtgtggactatatttGGGTTTGGCTGCGTG
PCA1:Start-3648|CAD2:3649-End|RT:22_nt_each GAGAGCCGGCCTGTGgcgacaacggtttaggtgggtacgggtccccattccttatatagaaatggcatgttagACTTCTGCGTTATGCAAAGATTTAGTCCAGGTACTGCTGCTATTgctaagcgcagggacttcccgaatctcggtattatcccggtaagtgtggactatatttGGGTTTGGCTGCGTG
PCA1:Start-114|CAD2:115-End|RT:25_nt_each GAGAGCCGGCCTGTGgcgacaacggtttaggtgggtacgggtccccattccttatatagaaatggcatgtGCAAGATAATAGAGGCGAGTGTCATCTTAGGTCCATAGAAAGGCATGCTAaagcgcagggacttcccgaatctcggtattatcccggtaagtgtggactatatttGGGTTTGGCTGCGTG
PCA1:Start-129|CAD2:130-End|RT:25_nt_each GAGAGCCGGCCTGTGgcgacaacggtttaggtgggtacgggtccccattccttatatagaaatggcatgtCGAGTGTCATCGTAGATCCATAGAAAGGCATGCTAATGACAATCTGGGATaagcgcagggacttcccgaatctcggtattatcccggtaagtgtggactatatttGGGTTTGGCTGCGTG
PCA1:Start-426|CAD2:427-End|RT:25_nt_each GAGAGCCGGCCTGTGgcgacaacggtttaggtgggtacgggtccccattccttatatagaaatggcatgtCCACACCAATGAATCCTGTGTTGATGAATGCTGCGTTAGAGATTCTTCAGaagcgcagggacttcccgaatctcggtattatcccggtaagtgtggactatatttGGGTTTGGCTGCGTG
PCA1:Start-465|CAD2:466-End|RT:25_nt_each GAGAGCCGGCCTGTGgcgacaacggtttaggtgggtacgggtccccattccttatatagaaatggcatgtAGATTCTTCAGTGATGGTCGAGGAAGGTACAGGCAGCTGCGAAGCTGTATaagcgcagggacttcccgaatctcggtattatcccggtaagtgtggactatatttGGGTTTGGCTGCGTG
PCA1:Start-627|CAD2:628-End|RT:25_nt_each GAGAGCCGGCCTGTGgcgacaacggtttaggtgggtacgggtccccattccttatatagaaatggcatgtACACACAGGGAAGGGTAGGCTTTGCCTTGAATCCAGTGACTCTACACTCAaagcgcagggacttcccgaatctcggtattatcccggtaagtgtggactatatttGGGTTTGGCTGCGTG
PCA1:Start-660|CAD2:661-End|RT:25_nt_each GAGAGCCGGCCTGTGgcgacaacggtttaggtgggtacgggtccccattccttatatagaaatggcatgtAAGTGACTCTACACTCAAGAAAAGACGTTGTAAAGTTAGCAGACAGAAAAaagcgcagggacttcccgaatctcggtattatcccggtaagtgtggactatatttGGGTTTGGCTGCGTG
PCA1:Start-774|CAD2:775-End|RT:25_nt_each GAGAGCCGGCCTGTGgcgacaacggtttaggtgggtacgggtccccattccttatatagaaatggcatgtCTGTGAAAAGAGGACTTTTAAAGGTACCACCAATGTTGGAATTTCTGGGAaagcgcagggacttcccgaatctcggtattatcccggtaagtgtggactatatttGGGTTTGGCTGCGTG
PCA1:Start-1032|CAD2:1033-End|RT:25_nt_each GAGAGCCGGCCTGTGgcgacaacggtttaggtgggtacgggtccccattccttatatagaaatggcatgtTGGATGTTTAACAAAGAAAAAGACCTATGGAGACAAAGAAAGGTTGAGCAaagcgcagggacttcccgaatctcggtattatcccggtaagtgtggactatatttGGGTTTGGCTGCGTG
PCA1:Start-1188|CAD2:1189-End|RT:25_nt_each GAGAGCCGGCCTGTGgcgacaacggtttaggtgggtacgggtccccattccttatatagaaatggcatgtAAGAATCGTATCAATGGAACCAATTGGAAATCATCTTAATCTTGAGGCAGaagcgcagggacttcccgaatctcggtattatcccggtaagtgtggactatatttGGGTTTGGCTGCGTG
PCA1:Start-1257|CAD2:1258-End|RT:25_nt_each GAGAGCCGGCCTGTGgcgacaacggtttaggtgggtacgggtccccattccttatatagaaatggcatgtCATTGTTCTTAGTGTTTCAGGAATGACCTGTACTGGTTGTGAAACAAAACaagcgcagggacttcccgaatctcggtattatcccggtaagtgtggactatatttGGGTTTGGCTGCGTG
PCA1:Start-1275|CAD2:1276-End|RT:25_nt_each GAGAGCCGGCCTGTGgcgacaacggtttaggtgggtacgggtccccattccttatatagaaatggcatgtAGGAATGTCCTGTACTGGTTGTGAAACAAAACTTAAGAAATCATTTGGCGaagcgcagggacttcccgaatctcggtattatcccggtaagtgtggactatatttGGGTTTGGCTGCGTG
PCA1:Start-1446|CAD2:1447-End|RT:25_nt_each GAGAGCCGGCCTGTGgcgacaacggtttaggtgggtacgggtccccattccttatatagaaatggcatgtCAAGTACGAACAGATTTCAAATCATGCTTCAACTATAGATGTTGTTGCTCaagcgcagggacttcccgaatctcggtattatcccggtaagtgtggactatatttGGGTTTGGCTGCGTG
PCA1:Start-1467|CAD2:1468-End|RT:25_nt_each GAGAGCCGGCCTGTGgcgacaacggtttaggtgggtacgggtccccattccttatatagaaatggcatgtTCATGGTTCAACTATAGATGTTGTTGCTCCTTATGCAGCAAAAGATTTTAaagcgcagggacttcccgaatctcggtattatcccggtaagtgtggactatatttGGGTTTGGCTGCGTG
PCA1:Start-1545|CAD2:1546-End|RT:25_nt_each GAGAGCCGGCCTGTGgcgacaacggtttaggtgggtacgggtccccattccttatatagaaatggcatgtAGAGCTGAAAATTGTTGAGAGAAATGTCATTCGTATTTACTTTGACCCAAaagcgcagggacttcccgaatctcggtattatcccggtaagtgtggactatatttGGGTTTGGCTGCGTG
PCA1:Start-1770|CAD2:1771-End|RT:25_nt_each GAGAGCCGGCCTGTGgcgacaacggtttaggtgggtacgggtccccattccttatatagaaatggcatgtACAGCTTCGTGAAAAAATTTCCACTATGTCCGTGTCAATGGTGCTAGCAAaagcgcagggacttcccgaatctcggtattatcccggtaagtgtggactatatttGGGTTTGGCTGCGTG
PCA1:Start-1773|CAD2:1774-End|RT:25_nt_each GAGAGCCGGCCTGTGgcgacaacggtttaggtgggtacgggtccccattccttatatagaaatggcatgtGCTTCGTGAAAAAATTTCCACTATCTCCGTGTCAATGGTGCTAGCAACTAaagcgcagggacttcccgaatctcggtattatcccggtaagtgtggactatatttGGGTTTGGCTGCGTG
PCA1:Start-1944|CAD2:1945-End|RT:25_nt_each GAGAGCCGGCCTGTGgcgacaacggtttaggtgggtacgggtccccattccttatatagaaatggcatgtGATTGTATCATTTGGATATTTCGTTGCTGGACACCCGTTATCTACGGAGCaagcgcagggacttcccgaatctcggtattatcccggtaagtgtggactatatttGGGTTTGGCTGCGTG
PCA1:Start-1947|CAD2:1948-End|RT:25_nt_each GAGAGCCGGCCTGTGgcgacaacggtttaggtgggtacgggtccccattccttatatagaaatggcatgtTGTATCATTTGGATATTTCGTTGTTGGACACCCGTTATCTACGGAGCAGTaagcgcagggacttcccgaatctcggtattatcccggtaagtgtggactatatttGGGTTTGGCTGCGTG
PCA1:Start-2127|CAD2:2128-End|RT:25_nt_each GAGAGCCGGCCTGTGgcgacaacggtttaggtgggtacgggtccccattccttatatagaaatggcatgtTAAAACTGGTAAAGAGACGGAAATTGATATTAGACTTCTCCAATATGGCGaagcgcagggacttcccgaatctcggtattatcccggtaagtgtggactatatttGGGTTTGGCTGCGTG
PCA1:Start-2163|CAD2:2164-End|RT:25_nt_each GAGAGCCGGCCTGTGgcgacaacggtttaggtgggtacgggtccccattccttatatagaaatggcatgtTCTCCAATATGGCGATATTTTTAAGATTTTACCTGATTCAAGAATCCCGAaagcgcagggacttcccgaatctcggtattatcccggtaagtgtggactatatttGGGTTTGGCTGCGTG
PCA1:Start-2505|CAD2:2506-End|RT:25_nt_each GAGAGCCGGCCTGTGgcgacaacggtttaggtgggtacgggtccccattccttatatagaaatggcatgtTTGGATAGCGGTTGGAATCCGTGTGCAAAAGCAATCCCGCTCCGATGCCGaagcgcagggacttcccgaatctcggtattatcccggtaagtgtggactatatttGGGTTTGGCTGCGTG
PCA1:Start-2583|CAD2:2584-End|RT:25_nt_each GAGAGCCGGCCTGTGgcgacaacggtttaggtgggtacgggtccccattccttatatagaaatggcatgtGGTACTTATCGTTTCGTGTCCCTGCGCGATTGGACTTGCCGTTCCTATCGaagcgcagggacttcccgaatctcggtattatcccggtaagtgtggactatatttGGGTTTGGCTGCGTG
PCA1:Start-2907|CAD2:2908-End|RT:25_nt_each GAGAGCCGGCCTGTGgcgacaacggtttaggtgggtacgggtccccattccttatatagaaatggcatgtTAATACAAAAGCTGTGACTGGTAAGGGGGTAGAAGGAACATCATACTCTGaagcgcagggacttcccgaatctcggtattatcccggtaagtgtggactatatttGGGTTTGGCTGCGTG
PCA1:Start-3339|CAD2:3340-End|RT:25_nt_each GAGAGCCGGCCTGTGgcgacaacggtttaggtgggtacgggtccccattccttatatagaaatggcatgtCGGTGACGGAACAAACGACGCAATTGCTTTGACTCAAGCAACGATTGGAGaagcgcagggacttcccgaatctcggtattatcccggtaagtgtggactatatttGGGTTTGGCTGCGTG
PCA1:Start-3624|CAD2:3625-End|RT:25_nt_each GAGAGCCGGCCTGTGgcgacaacggtttaggtgggtacgggtccccattccttatatagaaatggcatgtTATCCTCCCTGTAATTTTTGTAGCTACACTTCTGCGTTATGCAAAGGTTTaagcgcagggacttcccgaatctcggtattatcccggtaagtgtggactatatttGGGTTTGGCTGCGTG
PCA1:Start-3645|CAD2:3646-End|RT:25_nt_each GAGAGCCGGCCTGTGgcgacaacggtttaggtgggtacgggtccccattccttatatagaaatggcatgtAGCTATACTTCTGCGTTATGCAAAGGTTTAGTCCAGGTACTGCTGCTATTaagcgcagggacttcccgaatctcggtattatcccggtaagtgtggactatatttGGGTTTGGCTGCGTG
PCA1:Start-3648|CAD2:3649-End|RT:25_nt_each GAGAGCCGGCCTGTGgcgacaacggtttaggtgggtacgggtccccattccttatatagaaatggcatgtTATACTTCTGCGTTATGCAAAGATTTAGTCCAGGTACTGCTGCTATTTGAaagcgcagggacttcccgaatctcggtattatcccggtaagtgtggactatatttGGGTTTGGCTGCGTG
PCA1:Start-114|CAD2:115-End|RT:29_nt_each GAGAGCCGGCCTGTGgcgacaacggtttaggtgggtacgggtccccattccttatatagaaatggcCTATGCAAGATAATAGAGGCGAGTGTCATCTTAGGTCCATAGAAAGGCATGCTAATGAgcagggacttcccgaatctcggtattatcccggtaagtgtggactatatttGGGTTTGGCTGCGTG
PCA1:Start-129|CAD2:130-End|RT:29_nt_each GAGAGCCGGCCTGTGgcgacaacggtttaggtgggtacgggtccccattccttatatagaaatggcGAGGCGAGTGTCATCGTAGATCCATAGAAAGGCATGCTAATGACAATCTGGGATTGGTgcagggacttcccgaatctcggtattatcccggtaagtgtggactatatttGGGTTTGGCTGCGTG
PCA1:Start-426|CAD2:427-End|RT:29_nt_each GAGAGCCGGCCTGTGgcgacaacggtttaggtgggtacgggtccccattccttatatagaaatggcGTGACCACACCAATGAATCCTGTGTTGATGAATGCTGCGTTAGAGATTCTTCAGTGATgcagggacttcccgaatctcggtattatcccggtaagtgtggactatatttGGGTTTGGCTGCGTG
PCA1:Start-465|CAD2:466-End|RT:29_nt_each GAGAGCCGGCCTGTGgcgacaacggtttaggtgggtacgggtccccattccttatatagaaatggcTTAGAGATTCTTCAGTGATGGTCGAGGAAGGTACAGGCAGCTGCGAAGCTGTATCTTCgcagggacttcccgaatctcggtattatcccggtaagtgtggactatatttGGGTTTGGCTGCGTG
PCA1:Start-627|CAD2:628-End|RT:29_nt_each GAGAGCCGGCCTGTGgcgacaacggtttaggtgggtacgggtccccattccttatatagaaatggcACCAACACACAGGGAAGGGTAGGCTTTGCCTTGAATCCAGTGACTCTACACTCAAGAAgcagggacttcccgaatctcggtattatcccggtaagtgtggactatatttGGGTTTGGCTGCGTG
PCA1:Start-660|CAD2:661-End|RT:29_nt_each GAGAGCCGGCCTGTGgcgacaacggtttaggtgggtacgggtccccattccttatatagaaatggcAATCAAGTGACTCTACACTCAAGAAAAGACGTTGTAAAGTTAGCAGACAGAAAATTGAgcagggacttcccgaatctcggtattatcccggtaagtgtggactatatttGGGTTTGGCTGCGTG
PCA1:Start-774|CAD2:775-End|RT:29_nt_each GAGAGCCGGCCTGTGgcgacaacggtttaggtgggtacgggtccccattccttatatagaaatggcGTAGCTGTGAAAAGAGGACTTTTAAAGGTACCACCAATGTTGGAATTTCTGGGAGTAGgcagggacttcccgaatctcggtattatcccggtaagtgtggactatatttGGGTTTGGCTGCGTG
PCA1:Start-1032|CAD2:1033-End|RT:29_nt_each GAGAGCCGGCCTGTGgcgacaacggtttaggtgggtacgggtccccattccttatatagaaatggcGTTCTGGATGTTTAACAAAGAAAAAGACCTATGGAGACAAAGAAAGGTTGAGCAATGAgcagggacttcccgaatctcggtattatcccggtaagtgtggactatatttGGGTTTGGCTGCGTG
PCA1:Start-1188|CAD2:1189-End|RT:29_nt_each GAGAGCCGGCCTGTGgcgacaacggtttaggtgggtacgggtccccattccttatatagaaatggcTTTCAAGAATCGTATCAATGGAACCAATTGGAAATCATCTTAATCTTGAGGCAGGATCgcagggacttcccgaatctcggtattatcccggtaagtgtggactatatttGGGTTTGGCTGCGTG
PCA1:Start-1257|CAD2:1258-End|RT:29_nt_each GAGAGCCGGCCTGTGgcgacaacggtttaggtgggtacgggtccccattccttatatagaaatggcAGCACATTGTTCTTAGTGTTTCAGGAATGACCTGTACTGGTTGTGAAACAAAACTTAAgcagggacttcccgaatctcggtattatcccggtaagtgtggactatatttGGGTTTGGCTGCGTG
PCA1:Start-1275|CAD2:1276-End|RT:29_nt_each GAGAGCCGGCCTGTGgcgacaacggtttaggtgggtacgggtccccattccttatatagaaatggcTTTCAGGAATGTCCTGTACTGGTTGTGAAACAAAACTTAAGAAATCATTTGGCGCGCTgcagggacttcccgaatctcggtattatcccggtaagtgtggactatatttGGGTTTGGCTGCGTG
PCA1:Start-1446|CAD2:1447-End|RT:29_nt_each GAGAGCCGGCCTGTGgcgacaacggtttaggtgggtacgggtccccattccttatatagaaatggcAATTCAAGTACGAACAGATTTCAAATCATGCTTCAACTATAGATGTTGTTGCTCCTTAgcagggacttcccgaatctcggtattatcccggtaagtgtggactatatttGGGTTTGGCTGCGTG
PCA1:Start-1467|CAD2:1468-End|RT:29_nt_each GAGAGCCGGCCTGTGgcgacaacggtttaggtgggtacgggtccccattccttatatagaaatggcCAAATCATGGTTCAACTATAGATGTTGTTGCTCCTTATGCAGCAAAAGATTTTATTAAgcagggacttcccgaatctcggtattatcccggtaagtgtggactatatttGGGTTTGGCTGCGTG
PCA1:Start-1545|CAD2:1546-End|RT:29_nt_each GAGAGCCGGCCTGTGgcgacaacggtttaggtgggtacgggtccccattccttatatagaaatggcTCACAGAGCTGAAAATTGTTGAGAGAAATGTCATTCGTATTTACTTTGACCCAAAGGTgcagggacttcccgaatctcggtattatcccggtaagtgtggactatatttGGGTTTGGCTGCGTG
PCA1:Start-1770|CAD2:1771-End|RT:29_nt_each GAGAGCCGGCCTGTGgcgacaacggtttaggtgggtacgggtccccattccttatatagaaatggcCTCCACAGCTTCGTGAAAAAATTTCCACTATGTCCGTGTCAATGGTGCTAGCAACTATgcagggacttcccgaatctcggtattatcccggtaagtgtggactatatttGGGTTTGGCTGCGTG
PCA1:Start-1773|CAD2:1774-End|RT:29_nt_each GAGAGCCGGCCTGTGgcgacaacggtttaggtgggtacgggtccccattccttatatagaaatggcCACAGCTTCGTGAAAAAATTTCCACTATCTCCGTGTCAATGGTGCTAGCAACTATTATgcagggacttcccgaatctcggtattatcccggtaagtgtggactatatttGGGTTTGGCTGCGTG
PCA1:Start-1944|CAD2:1945-End|RT:29_nt_each GAGAGCCGGCCTGTGgcgacaacggtttaggtgggtacgggtccccattccttatatagaaatggcTTTCGATTGTATCATTTGGATATTTCGTTGCTGGACACCCGTTATCTACGGAGCAGTTgcagggacttcccgaatctcggtattatcccggtaagtgtggactatatttGGGTTTGGCTGCGTG
PCA1:Start-1947|CAD2:1948-End|RT:29_nt_each GAGAGCCGGCCTGTGgcgacaacggtttaggtgggtacgggtccccattccttatatagaaatggcCGATTGTATCATTTGGATATTTCGTTGTTGGACACCCGTTATCTACGGAGCAGTTTTTgcagggacttcccgaatctcggtattatcccggtaagtgtggactatatttGGGTTTGGCTGCGTG
PCA1:Start-2127|CAD2:2128-End|RT:29_nt_each GAGAGCCGGCCTGTGgcgacaacggtttaggtgggtacgggtccccattccttatatagaaatggcTGGATAAAACTGGTAAAGAGACGGAAATTGATATTAGACTTCTCCAATATGGCGATATgcagggacttcccgaatctcggtattatcccggtaagtgtggactatatttGGGTTTGGCTGCGTG
PCA1:Start-2163|CAD2:2164-End|RT:29_nt_each GAGAGCCGGCCTGTGgcgacaacggtttaggtgggtacgggtccccattccttatatagaaatggcGACTTCTCCAATATGGCGATATTTTTAAGATTTTACCTGATTCAAGAATCCCGACTGAgcagggacttcccgaatctcggtattatcccggtaagtgtggactatatttGGGTTTGGCTGCGTG
PCA1:Start-2505|CAD2:2506-End|RT:29_nt_each GAGAGCCGGCCTGTGgcgacaacggtttaggtgggtacgggtccccattccttatatagaaatggcGCGTTTGGATAGCGGTTGGAATCCGTGTGCAAAAGCAATCCCGCTCCGATGCCGTAATgcagggacttcccgaatctcggtattatcccggtaagtgtggactatatttGGGTTTGGCTGCGTG
PCA1:Start-2583|CAD2:2584-End|RT:29_nt_each GAGAGCCGGCCTGTGgcgacaacggtttaggtgggtacgggtccccattccttatatagaaatggcTTACGGTACTTATCGTTTCGTGTCCCTGCGCGATTGGACTTGCCGTTCCTATCGTATTgcagggacttcccgaatctcggtattatcccggtaagtgtggactatatttGGGTTTGGCTGCGTG
PCA1:Start-2907|CAD2:2908-End|RT:29_nt_each GAGAGCCGGCCTGTGgcgacaacggtttaggtgggtacgggtccccattccttatatagaaatggcTTTCTAATACAAAAGCTGTGACTGGTAAGGGGGTAGAAGGAACATCATACTCTGGTTTgcagggacttcccgaatctcggtattatcccggtaagtgtggactatatttGGGTTTGGCTGCGTG
PCA1:Start-3339|CAD2:3340-End|RT:29_nt_each GAGAGCCGGCCTGTGgcgacaacggtttaggtgggtacgggtccccattccttatatagaaatggcTTTGCGGTGACGGAACAAACGACGCAATTGCTTTGACTCAAGCAACGATTGGAGTTCAgcagggacttcccgaatctcggtattatcccggtaagtgtggactatatttGGGTTTGGCTGCGTG
PCA1:Start-3624|CAD2:3625-End|RT:29_nt_each GAGAGCCGGCCTGTGgcgacaacggtttaggtgggtacgggtccccattccttatatagaaatggcTTAGTATCCTCCCTGTAATTTTTGTAGCTACACTTCTGCGTTATGCAAAGGTTTAGTCgcagggacttcccgaatctcggtattatcccggtaagtgtggactatatttGGGTTTGGCTGCGTG
PCA1:Start-3645|CAD2:3646-End|RT:29_nt_each GAGAGCCGGCCTGTGgcgacaacggtttaggtgggtacgggtccccattccttatatagaaatggcTTGTAGCTATACTTCTGCGTTATGCAAAGGTTTAGTCCAGGTACTGCTGCTATTTGATgcagggacttcccgaatctcggtattatcccggtaagtgtggactatatttGGGTTTGGCTGCGTG
PCA1:Start-3648|CAD2:3649-End|RT:29_nt_each GAGAGCCGGCCTGTGgcgacaacggtttaggtgggtacgggtccccattccttatatagaaatggcTAGCTATACTTCTGCGTTATGCAAAGATTTAGTCCAGGTACTGCTGCTATTTGATTGTgcagggacttcccgaatctcggtattatcccggtaagtgtggactatatttGGGTTTGGCTGCGTG
PCA1:Start-114|CAD2:115-End|RT:34_nt_each GAGAGCCGGCCTGTGgcgacaacggtttaggtgggtacgggtccccattccttatatagaaAGATGCTATGCAAGATAATAGAGGCGAGTGTCATCTTAGGTCCATAGAAAGGCATGCTAATGACAATCgacttcccgaatctcggtattatcccggtaagtgtggactatatttGGGTTTGGCTGCGTG
PCA1:Start-129|CAD2:130-End|RT:34_nt_each GAGAGCCGGCCTGTGgcgacaacggtttaggtgggtacgggtccccattccttatatagaaTAATAGAGGCGAGTGTCATCGTAGATCCATAGAAAGGCATGCTAATGACAATCTGGGATTGGTCTCCCgacttcccgaatctcggtattatcccggtaagtgtggactatatttGGGTTTGGCTGCGTG
PCA1:Start-426|CAD2:427-End|RT:34_nt_each GAGAGCCGGCCTGTGgcgacaacggtttaggtgggtacgggtccccattccttatatagaaAGGTGGTGACCACACCAATGAATCCTGTGTTGATGAATGCTGCGTTAGAGATTCTTCAGTGATGGTCGgacttcccgaatctcggtattatcccggtaagtgtggactatatttGGGTTTGGCTGCGTG
PCA1:Start-465|CAD2:466-End|RT:34_nt_each GAGAGCCGGCCTGTGgcgacaacggtttaggtgggtacgggtccccattccttatatagaaCTGCGTTAGAGATTCTTCAGTGATGGTCGAGGAAGGTACAGGCAGCTGCGAAGCTGTATCTTCTAAAGgacttcccgaatctcggtattatcccggtaagtgtggactatatttGGGTTTGGCTGCGTG
PCA1:Start-627|CAD2:628-End|RT:34_nt_each GAGAGCCGGCCTGTGgcgacaacggtttaggtgggtacgggtccccattccttatatagaaTTCCAACCAACACACAGGGAAGGGTAGGCTTTGCCTTGAATCCAGTGACTCTACACTCAAGAAAAGACgacttcccgaatctcggtattatcccggtaagtgtggactatatttGGGTTTGGCTGCGTG
PCA1:Start-660|CAD2:661-End|RT:34_nt_each GAGAGCCGGCCTGTGgcgacaacggtttaggtgggtacgggtccccattccttatatagaaCATCGAATCAAGTGACTCTACACTCAAGAAAAGACGTTGTAAAGTTAGCAGACAGAAAATTGAAGTTTgacttcccgaatctcggtattatcccggtaagtgtggactatatttGGGTTTGGCTGCGTG
PCA1:Start-774|CAD2:775-End|RT:34_nt_each GAGAGCCGGCCTGTGgcgacaacggtttaggtgggtacgggtccccattccttatatagaaATCTCGTAGCTGTGAAAAGAGGACTTTTAAAGGTACCACCAATGTTGGAATTTCTGGGAGTAGCTCTAgacttcccgaatctcggtattatcccggtaagtgtggactatatttGGGTTTGGCTGCGTG
PCA1:Start-1032|CAD2:1033-End|RT:34_nt_each GAGAGCCGGCCTGTGgcgacaacggtttaggtgggtacgggtccccattccttatatagaaCAACAGTTCTGGATGTTTAACAAAGAAAAAGACCTATGGAGACAAAGAAAGGTTGAGCAATGACAATGgacttcccgaatctcggtattatcccggtaagtgtggactatatttGGGTTTGGCTGCGTG
PCA1:Start-1188|CAD2:1189-End|RT:34_nt_each GAGAGCCGGCCTGTGgcgacaacggtttaggtgggtacgggtccccattccttatatagaaTGAAATTTCAAGAATCGTATCAATGGAACCAATTGGAAATCATCTTAATCTTGAGGCAGGATCTACCGgacttcccgaatctcggtattatcccggtaagtgtggactatatttGGGTTTGGCTGCGTG
PCA1:Start-1257|CAD2:1258-End|RT:34_nt_each GAGAGCCGGCCTGTGgcgacaacggtttaggtgggtacgggtccccattccttatatagaaTACCGAGCACATTGTTCTTAGTGTTTCAGGAATGACCTGTACTGGTTGTGAAACAAAACTTAAGAAATgacttcccgaatctcggtattatcccggtaagtgtggactatatttGGGTTTGGCTGCGTG
PCA1:Start-1275|CAD2:1276-End|RT:34_nt_each GAGAGCCGGCCTGTGgcgacaacggtttaggtgggtacgggtccccattccttatatagaaTAGTGTTTCAGGAATGTCCTGTACTGGTTGTGAAACAAAACTTAAGAAATCATTTGGCGCGCTCAAATgacttcccgaatctcggtattatcccggtaagtgtggactatatttGGGTTTGGCTGCGTG
PCA1:Start-1446|CAD2:1447-End|RT:34_nt_each GAGAGCCGGCCTGTGgcgacaacggtttaggtgggtacgggtccccattccttatatagaaTACTGAATTCAAGTACGAACAGATTTCAAATCATGCTTCAACTATAGATGTTGTTGCTCCTTATGCAGgacttcccgaatctcggtattatcccggtaagtgtggactatatttGGGTTTGGCTGCGTG
PCA1:Start-1467|CAD2:1468-End|RT:34_nt_each GAGAGCCGGCCTGTGgcgacaacggtttaggtgggtacgggtccccattccttatatagaaGATTTCAAATCATGGTTCAACTATAGATGTTGTTGCTCCTTATGCAGCAAAAGATTTTATTAATGAGGgacttcccgaatctcggtattatcccggtaagtgtggactatatttGGGTTTGGCTGCGTG
PCA1:Start-1545|CAD2:1546-End|RT:34_nt_each GAGAGCCGGCCTGTGgcgacaacggtttaggtgggtacgggtccccattccttatatagaaAGGTGTCACAGAGCTGAAAATTGTTGAGAGAAATGTCATTCGTATTTACTTTGACCCAAAGGTTATAGgacttcccgaatctcggtattatcccggtaagtgtggactatatttGGGTTTGGCTGCGTG
PCA1:Start-1770|CAD2:1771-End|RT:34_nt_each GAGAGCCGGCCTGTGgcgacaacggtttaggtgggtacgggtccccattccttatatagaaTTGGGCTCCACAGCTTCGTGAAAAAATTTCCACTATGTCCGTGTCAATGGTGCTAGCAACTATTATCCgacttcccgaatctcggtattatcccggtaagtgtggactatatttGGGTTTGGCTGCGTG
PCA1:Start-1773|CAD2:1774-End|RT:34_nt_each GAGAGCCGGCCTGTGgcgacaacggtttaggtgggtacgggtccccattccttatatagaaGGCTCCACAGCTTCGTGAAAAAATTTCCACTATCTCCGTGTCAATGGTGCTAGCAACTATTATCCAATgacttcccgaatctcggtattatcccggtaagtgtggactatatttGGGTTTGGCTGCGTG
PCA1:Start-1944|CAD2:1945-End|RT:34_nt_each GAGAGCCGGCCTGTGgcgacaacggtttaggtgggtacgggtccccattccttatatagaaCATATTTTCGATTGTATCATTTGGATATTTCGTTGCTGGACACCCGTTATCTACGGAGCAGTTTTTTGgacttcccgaatctcggtattatcccggtaagtgtggactatatttGGGTTTGGCTGCGTG
PCA1:Start-1947|CAD2:1948-End|RT:34_nt_each GAGAGCCGGCCTGTGgcgacaacggtttaggtgggtacgggtccccattccttatatagaaATTTTCGATTGTATCATTTGGATATTTCGTTGTTGGACACCCGTTATCTACGGAGCAGTTTTTTGAGAgacttcccgaatctcggtattatcccggtaagtgtggactatatttGGGTTTGGCTGCGTG
PCA1:Start-2127|CAD2:2128-End|RT:34_nt_each GAGAGCCGGCCTGTGgcgacaacggtttaggtgggtacgggtccccattccttatatagaaTCTGGTGGATAAAACTGGTAAAGAGACGGAAATTGATATTAGACTTCTCCAATATGGCGATATTTTTAgacttcccgaatctcggtattatcccggtaagtgtggactatatttGGGTTTGGCTGCGTG
PCA1:Start-2163|CAD2:2164-End|RT:34_nt_each GAGAGCCGGCCTGTGgcgacaacggtttaggtgggtacgggtccccattccttatatagaaTATTAGACTTCTCCAATATGGCGATATTTTTAAGATTTTACCTGATTCAAGAATCCCGACTGATGGAAgacttcccgaatctcggtattatcccggtaagtgtggactatatttGGGTTTGGCTGCGTG
PCA1:Start-2505|CAD2:2506-End|RT:34_nt_each GAGAGCCGGCCTGTGgcgacaacggtttaggtgggtacgggtccccattccttatatagaaCTTTTGCGTTTGGATAGCGGTTGGAATCCGTGTGCAAAAGCAATCCCGCTCCGATGCCGTAATTCAGGgacttcccgaatctcggtattatcccggtaagtgtggactatatttGGGTTTGGCTGCGTG
PCA1:Start-2583|CAD2:2584-End|RT:34_nt_each GAGAGCCGGCCTGTGgcgacaacggtttaggtgggtacgggtccccattccttatatagaaTGCCATTACGGTACTTATCGTTTCGTGTCCCTGCGCGATTGGACTTGCCGTTCCTATCGTATTTGTTAgacttcccgaatctcggtattatcccggtaagtgtggactatatttGGGTTTGGCTGCGTG
PCA1:Start-2907|CAD2:2908-End|RT:34_nt_each GAGAGCCGGCCTGTGgcgacaacggtttaggtgggtacgggtccccattccttatatagaaAAATGTTTCTAATACAAAAGCTGTGACTGGTAAGGGGGTAGAAGGAACATCATACTCTGGTTTGAAGTgacttcccgaatctcggtattatcccggtaagtgtggactatatttGGGTTTGGCTGCGTG
PCA1:Start-3339|CAD2:3340-End|RT:34_nt_each GAGAGCCGGCCTGTGgcgacaacggtttaggtgggtacgggtccccattccttatatagaaTGTTTTTTGCGGTGACGGAACAAACGACGCAATTGCTTTGACTCAAGCAACGATTGGAGTTCATATCAgacttcccgaatctcggtattatcccggtaagtgtggactatatttGGGTTTGGCTGCGTG
PCA1:Start-3624|CAD2:3625-End|RT:34_nt_each GAGAGCCGGCCTGTGgcgacaacggtttaggtgggtacgggtccccattccttatatagaaACTAGTTAGTATCCTCCCTGTAATTTTTGTAGCTACACTTCTGCGTTATGCAAAGGTTTAGTCCAGGTgacttcccgaatctcggtattatcccggtaagtgtggactatatttGGGTTTGGCTGCGTG
PCA1:Start-3645|CAD2:3646-End|RT:34_nt_each GAGAGCCGGCCTGTGgcgacaacggtttaggtgggtacgggtccccattccttatatagaaAATTTTTGTAGCTATACTTCTGCGTTATGCAAAGGTTTAGTCCAGGTACTGCTGCTATTTGATTGTAGgacttcccgaatctcggtattatcccggtaagtgtggactatatttGGGTTTGGCTGCGTG
PCA1:Start-3648|CAD2:3649-End|RT:34_nt_each GAGAGCCGGCCTGTGgcgacaacggtttaggtgggtacgggtccccattccttatatagaaTTTTGTAGCTATACTTCTGCGTTATGCAAAGATTTAGTCCAGGTACTGCTGCTATTTGATTGTAGATTgacttcccgaatctcggtattatcccggtaagtgtggactatatttGGGTTTGGCTGCGTG
PCA1:Start-114|CAD2:115-End|RT:40_nt_each GAGAGCCGGCCTGTGgcgacaacggtttaggtgggtacgggtccccattccttatATCAATAGATGCTATGCAAGATAATAGAGGCGAGTGTCATCTTAGGTCCATAGAAAGGCATGCTAATGACAATCTGGGATccgaatctcggtattatcccggtaagtgtggactatatttGGGTTTGGCTGCGTG
PCA1:Start-129|CAD2:130-End|RT:40_nt_each GAGAGCCGGCCTGTGgcgacaacggtttaggtgggtacgggtccccattccttatGCAAGATAATAGAGGCGAGTGTCATCGTAGATCCATAGAAAGGCATGCTAATGACAATCTGGGATTGGTCTCCCAGCGAGccgaatctcggtattatcccggtaagtgtggactatatttGGGTTTGGCTGCGTG
PCA1:Start-426|CAD2:427-End|RT:40_nt_each GAGAGCCGGCCTGTGgcgacaacggtttaggtgggtacgggtccccattccttatTCAAACAGGTGGTGACCACACCAATGAATCCTGTGTTGATGAATGCTGCGTTAGAGATTCTTCAGTGATGGTCGAGGAAGccgaatctcggtattatcccggtaagtgtggactatatttGGGTTTGGCTGCGTG
PCA1:Start-465|CAD2:466-End|RT:40_nt_each GAGAGCCGGCCTGTGgcgacaacggtttaggtgggtacgggtccccattccttatTGGATGCTGCGTTAGAGATTCTTCAGTGATGGTCGAGGAAGGTACAGGCAGCTGCGAAGCTGTATCTTCTAAAGAACAATccgaatctcggtattatcccggtaagtgtggactatatttGGGTTTGGCTGCGTG
PCA1:Start-627|CAD2:628-End|RT:40_nt_each GAGAGCCGGCCTGTGgcgacaacggtttaggtgggtacgggtccccattccttatTACCAATTCCAACCAACACACAGGGAAGGGTAGGCTTTGCCTTGAATCCAGTGACTCTACACTCAAGAAAAGACGTTGTAccgaatctcggtattatcccggtaagtgtggactatatttGGGTTTGGCTGCGTG
PCA1:Start-660|CAD2:661-End|RT:40_nt_each GAGAGCCGGCCTGTGgcgacaacggtttaggtgggtacgggtccccattccttatGCTTTGCATCGAATCAAGTGACTCTACACTCAAGAAAAGACGTTGTAAAGTTAGCAGACAGAAAATTGAAGTTTCCAGTAccgaatctcggtattatcccggtaagtgtggactatatttGGGTTTGGCTGCGTG
PCA1:Start-774|CAD2:775-End|RT:40_nt_each GAGAGCCGGCCTGTGgcgacaacggtttaggtgggtacgggtccccattccttatGATTGCATCTCGTAGCTGTGAAAAGAGGACTTTTAAAGGTACCACCAATGTTGGAATTTCTGGGAGTAGCTCTACCGACAccgaatctcggtattatcccggtaagtgtggactatatttGGGTTTGGCTGCGTG
PCA1:Start-1032|CAD2:1033-End|RT:40_nt_each GAGAGCCGGCCTGTGgcgacaacggtttaggtgggtacgggtccccattccttatCTACCGCAACAGTTCTGGATGTTTAACAAAGAAAAAGACCTATGGAGACAAAGAAAGGTTGAGCAATGACAATGGCCATGccgaatctcggtattatcccggtaagtgtggactatatttGGGTTTGGCTGCGTG
PCA1:Start-1188|CAD2:1189-End|RT:40_nt_each GAGAGCCGGCCTGTGgcgacaacggtttaggtgggtacgggtccccattccttatTTCGAGTGAAATTTCAAGAATCGTATCAATGGAACCAATTGGAAATCATCTTAATCTTGAGGCAGGATCTACCGGTACTGccgaatctcggtattatcccggtaagtgtggactatatttGGGTTTGGCTGCGTG
PCA1:Start-1257|CAD2:1258-End|RT:40_nt_each GAGAGCCGGCCTGTGgcgacaacggtttaggtgggtacgggtccccattccttatTACCGGTACCGAGCACATTGTTCTTAGTGTTTCAGGAATGACCTGTACTGGTTGTGAAACAAAACTTAAGAAATCATTTGccgaatctcggtattatcccggtaagtgtggactatatttGGGTTTGGCTGCGTG
PCA1:Start-1275|CAD2:1276-End|RT:40_nt_each GAGAGCCGGCCTGTGgcgacaacggtttaggtgggtacgggtccccattccttatTGTTCTTAGTGTTTCAGGAATGTCCTGTACTGGTTGTGAAACAAAACTTAAGAAATCATTTGGCGCGCTCAAATGTGTTCccgaatctcggtattatcccggtaagtgtggactatatttGGGTTTGGCTGCGTG
PCA1:Start-1446|CAD2:1447-End|RT:40_nt_each GAGAGCCGGCCTGTGgcgacaacggtttaggtgggtacgggtccccattccttatCAAAACTACTGAATTCAAGTACGAACAGATTTCAAATCATGCTTCAACTATAGATGTTGTTGCTCCTTATGCAGCAAAAGccgaatctcggtattatcccggtaagtgtggactatatttGGGTTTGGCTGCGTG
PCA1:Start-1467|CAD2:1468-End|RT:40_nt_each GAGAGCCGGCCTGTGgcgacaacggtttaggtgggtacgggtccccattccttatCGAACAGATTTCAAATCATGGTTCAACTATAGATGTTGTTGCTCCTTATGCAGCAAAAGATTTTATTAATGAGGAATGGCccgaatctcggtattatcccggtaagtgtggactatatttGGGTTTGGCTGCGTG
PCA1:Start-1545|CAD2:1546-End|RT:40_nt_each GAGAGCCGGCCTGTGgcgacaacggtttaggtgggtacgggtccccattccttatGCCACAAGGTGTCACAGAGCTGAAAATTGTTGAGAGAAATGTCATTCGTATTTACTTTGACCCAAAGGTTATAGGTGCCAccgaatctcggtattatcccggtaagtgtggactatatttGGGTTTGGCTGCGTG
PCA1:Start-1770|CAD2:1771-End|RT:40_nt_each GAGAGCCGGCCTGTGgcgacaacggtttaggtgggtacgggtccccattccttatGATGGCTTGGGCTCCACAGCTTCGTGAAAAAATTTCCACTATGTCCGTGTCAATGGTGCTAGCAACTATTATCCAATTTGccgaatctcggtattatcccggtaagtgtggactatatttGGGTTTGGCTGCGTG
PCA1:Start-1773|CAD2:1774-End|RT:40_nt_each GAGAGCCGGCCTGTGgcgacaacggtttaggtgggtacgggtccccattccttatGGCTTGGGCTCCACAGCTTCGTGAAAAAATTTCCACTATCTCCGTGTCAATGGTGCTAGCAACTATTATCCAATTTGTTAccgaatctcggtattatcccggtaagtgtggactatatttGGGTTTGGCTGCGTG
PCA1:Start-1944|CAD2:1945-End|RT:40_nt_each GAGAGCCGGCCTGTGgcgacaacggtttaggtgggtacgggtccccattccttatTGCCTACATATTTTCGATTGTATCATTTGGATATTTCGTTGCTGGACACCCGTTATCTACGGAGCAGTTTTTTGAGACCAccgaatctcggtattatcccggtaagtgtggactatatttGGGTTTGGCTGCGTG
PCA1:Start-1947|CAD2:1948-End|RT:40_nt_each GAGAGCCGGCCTGTGgcgacaacggtttaggtgggtacgggtccccattccttatCTACATATTTTCGATTGTATCATTTGGATATTTCGTTGTTGGACACCCGTTATCTACGGAGCAGTTTTTTGAGACCAGCTccgaatctcggtattatcccggtaagtgtggactatatttGGGTTTGGCTGCGTG
PCA1:Start-2127|CAD2:2128-End|RT:40_nt_each GAGAGCCGGCCTGTGgcgacaacggtttaggtgggtacgggtccccattccttatTGCTATTCTGGTGGATAAAACTGGTAAAGAGACGGAAATTGATATTAGACTTCTCCAATATGGCGATATTTTTAAGATTTccgaatctcggtattatcccggtaagtgtggactatatttGGGTTTGGCTGCGTG
PCA1:Start-2163|CAD2:2164-End|RT:40_nt_each GAGAGCCGGCCTGTGgcgacaacggtttaggtgggtacgggtccccattccttatAATTAATATTAGACTTCTCCAATATGGCGATATTTTTAAGATTTTACCTGATTCAAGAATCCCGACTGATGGAACAGTCAccgaatctcggtattatcccggtaagtgtggactatatttGGGTTTGGCTGCGTG
PCA1:Start-2505|CAD2:2506-End|RT:40_nt_each GAGAGCCGGCCTGTGgcgacaacggtttaggtgggtacgggtccccattccttatCGTCACCTTTTGCGTTTGGATAGCGGTTGGAATCCGTGTGCAAAAGCAATCCCGCTCCGATGCCGTAATTCAGGCCATTAccgaatctcggtattatcccggtaagtgtggactatatttGGGTTTGGCTGCGTG
PCA1:Start-2583|CAD2:2584-End|RT:40_nt_each GAGAGCCGGCCTGTGgcgacaacggtttaggtgggtacgggtccccattccttatTATATATGCCATTACGGTACTTATCGTTTCGTGTCCCTGCGCGATTGGACTTGCCGTTCCTATCGTATTTGTTATTGCAAccgaatctcggtattatcccggtaagtgtggactatatttGGGTTTGGCTGCGTG
PCA1:Start-2907|CAD2:2908-End|RT:40_nt_each GAGAGCCGGCCTGTGgcgacaacggtttaggtgggtacgggtccccattccttatTGCTCAAAATGTTTCTAATACAAAAGCTGTGACTGGTAAGGGGGTAGAAGGAACATCATACTCTGGTTTGAAGTTACAAGccgaatctcggtattatcccggtaagtgtggactatatttGGGTTTGGCTGCGTG
PCA1:Start-3339|CAD2:3340-End|RT:40_nt_each GAGAGCCGGCCTGTGgcgacaacggtttaggtgggtacgggtccccattccttatGGTTGTTGTTTTTTGCGGTGACGGAACAAACGACGCAATTGCTTTGACTCAAGCAACGATTGGAGTTCATATCAATGAGGccgaatctcggtattatcccggtaagtgtggactatatttGGGTTTGGCTGCGTG
PCA1:Start-3624|CAD2:3625-End|RT:40_nt_each GAGAGCCGGCCTGTGgcgacaacggtttaggtgggtacgggtccccattccttatAGGGGAACTAGTTAGTATCCTCCCTGTAATTTTTGTAGCTACACTTCTGCGTTATGCAAAGGTTTAGTCCAGGTACTGCTccgaatctcggtattatcccggtaagtgtggactatatttGGGTTTGGCTGCGTG
PCA1:Start-3645|CAD2:3646-End|RT:40_nt_each GAGAGCCGGCCTGTGgcgacaacggtttaggtgggtacgggtccccattccttatCCCTGTAATTTTTGTAGCTATACTTCTGCGTTATGCAAAGGTTTAGTCCAGGTACTGCTGCTATTTGATTGTAGATTTTCccgaatctcggtattatcccggtaagtgtggactatatttGGGTTTGGCTGCGTG
PCA1:Start-3648|CAD2:3649-End|RT:40_nt_each GAGAGCCGGCCTGTGgcgacaacggtttaggtgggtacgggtccccattccttatTGTAATTTTTGTAGCTATACTTCTGCGTTATGCAAAGATTTAGTCCAGGTACTGCTGCTATTTGATTGTAGATTTTCTTTccgaatctcggtattatcccggtaagtgtggactatatttGGGTTTGGCTGCGTG
PCA1:Start-114|CAD2:115-End|RT:47_nt_each GAGAGCCGGCCTGTGgcgacaacggtttaggtgggtacgggtccccatAGAACATATCAATAGATGCTATGCAAGATAATAGAGGCGAGTGTCATCTTAGGTCCATAGAAAGGCATGCTAATGACAATCTGGGATTGGTCTCtcggtattatcccggtaagtgtggactatatttGGGTTTGGCTGCGTG
PCA1:Start-129|CAD2:130-End|RT:47_nt_each GAGAGCCGGCCTGTGgcgacaacggtttaggtgggtacgggtccccatATGCTATGCAAGATAATAGAGGCGAGTGTCATCGTAGATCCATAGAAAGGCATGCTAATGACAATCTGGGATTGGTCTCCCAGCGAGACTGTACtcggtattatcccggtaagtgtggactatatttGGGTTTGGCTGCGTG
PCA1:Start-426|CAD2:427-End|RT:47_nt_each GAGAGCCGGCCTGTGgcgacaacggtttaggtgggtacgggtccccatGCGATGCTCAAACAGGTGGTGACCACACCAATGAATCCTGTGTTGATGAATGCTGCGTTAGAGATTCTTCAGTGATGGTCGAGGAAGGTACAGGtcggtattatcccggtaagtgtggactatatttGGGTTTGGCTGCGTG
PCA1:Start-465|CAD2:466-End|RT:47_nt_each GAGAGCCGGCCTGTGgcgacaacggtttaggtgggtacgggtccccatGTGTTGATGGATGCTGCGTTAGAGATTCTTCAGTGATGGTCGAGGAAGGTACAGGCAGCTGCGAAGCTGTATCTTCTAAAGAACAATTGCTGACtcggtattatcccggtaagtgtggactatatttGGGTTTGGCTGCGTG
PCA1:Start-627|CAD2:628-End|RT:47_nt_each GAGAGCCGGCCTGTGgcgacaacggtttaggtgggtacgggtccccatGCTGCAATACCAATTCCAACCAACACACAGGGAAGGGTAGGCTTTGCCTTGAATCCAGTGACTCTACACTCAAGAAAAGACGTTGTAAAGTTAGtcggtattatcccggtaagtgtggactatatttGGGTTTGGCTGCGTG
PCA1:Start-660|CAD2:661-End|RT:47_nt_each GAGAGCCGGCCTGTGgcgacaacggtttaggtgggtacgggtccccatAGGGTAGGCTTTGCATCGAATCAAGTGACTCTACACTCAAGAAAAGACGTTGTAAAGTTAGCAGACAGAAAATTGAAGTTTCCAGTAAGCCTGAtcggtattatcccggtaagtgtggactatatttGGGTTTGGCTGCGTG
PCA1:Start-774|CAD2:775-End|RT:47_nt_each GAGAGCCGGCCTGTGgcgacaacggtttaggtgggtacgggtccccatTTGAGCGGATTGCATCTCGTAGCTGTGAAAAGAGGACTTTTAAAGGTACCACCAATGTTGGAATTTCTGGGAGTAGCTCTACCGACAGTTTAAGtcggtattatcccggtaagtgtggactatatttGGGTTTGGCTGCGTG
PCA1:Start-1032|CAD2:1033-End|RT:47_nt_each GAGAGCCGGCCTGTGgcgacaacggtttaggtgggtacgggtccccatAATACTCCTACCGCAACAGTTCTGGATGTTTAACAAAGAAAAAGACCTATGGAGACAAAGAAAGGTTGAGCAATGACAATGGCCATGCTGATTTtcggtattatcccggtaagtgtggactatatttGGGTTTGGCTGCGTG
PCA1:Start-1188|CAD2:1189-End|RT:47_nt_each GAGAGCCGGCCTGTGgcgacaacggtttaggtgggtacgggtccccatGACACTCTTCGAGTGAAATTTCAAGAATCGTATCAATGGAACCAATTGGAAATCATCTTAATCTTGAGGCAGGATCTACCGGTACTGAGCACATtcggtattatcccggtaagtgtggactatatttGGGTTTGGCTGCGTG
PCA1:Start-1257|CAD2:1258-End|RT:47_nt_each GAGAGCCGGCCTGTGgcgacaacggtttaggtgggtacgggtccccatCAGGATCTACCGGTACCGAGCACATTGTTCTTAGTGTTTCAGGAATGACCTGTACTGGTTGTGAAACAAAACTTAAGAAATCATTTGGCGCGCTtcggtattatcccggtaagtgtggactatatttGGGTTTGGCTGCGTG
PCA1:Start-1275|CAD2:1276-End|RT:47_nt_each GAGAGCCGGCCTGTGgcgacaacggtttaggtgggtacgggtccccatAGCACATTGTTCTTAGTGTTTCAGGAATGTCCTGTACTGGTTGTGAAACAAAACTTAAGAAATCATTTGGCGCGCTCAAATGTGTTCACGGTTTtcggtattatcccggtaagtgtggactatatttGGGTTTGGCTGCGTG
PCA1:Start-1446|CAD2:1447-End|RT:47_nt_each GAGAGCCGGCCTGTGgcgacaacggtttaggtgggtacgggtccccatACTTGAGCAAAACTACTGAATTCAAGTACGAACAGATTTCAAATCATGCTTCAACTATAGATGTTGTTGCTCCTTATGCAGCAAAAGATTTTATtcggtattatcccggtaagtgtggactatatttGGGTTTGGCTGCGTG
PCA1:Start-1467|CAD2:1468-End|RT:47_nt_each GAGAGCCGGCCTGTGgcgacaacggtttaggtgggtacgggtccccatTCAAGTACGAACAGATTTCAAATCATGGTTCAACTATAGATGTTGTTGCTCCTTATGCAGCAAAAGATTTTATTAATGAGGAATGGCCACAAGGtcggtattatcccggtaagtgtggactatatttGGGTTTGGCTGCGTG
PCA1:Start-1545|CAD2:1546-End|RT:47_nt_each GAGAGCCGGCCTGTGgcgacaacggtttaggtgggtacgggtccccatAGGAATGGCCACAAGGTGTCACAGAGCTGAAAATTGTTGAGAGAAATGTCATTCGTATTTACTTTGACCCAAAGGTTATAGGTGCCAGAGATCTtcggtattatcccggtaagtgtggactatatttGGGTTTGGCTGCGTG
PCA1:Start-1770|CAD2:1771-End|RT:47_nt_each GAGAGCCGGCCTGTGgcgacaacggtttaggtgggtacgggtccccatTTCTCGTGATGGCTTGGGCTCCACAGCTTCGTGAAAAAATTTCCACTATGTCCGTGTCAATGGTGCTAGCAACTATTATCCAATTTGTTATTGCtcggtattatcccggtaagtgtggactatatttGGGTTTGGCTGCGTG
PCA1:Start-1773|CAD2:1774-End|RT:47_nt_each GAGAGCCGGCCTGTGgcgacaacggtttaggtgggtacgggtccccatTCGTGATGGCTTGGGCTCCACAGCTTCGTGAAAAAATTTCCACTATCTCCGTGTCAATGGTGCTAGCAACTATTATCCAATTTGTTATTGCAGGtcggtattatcccggtaagtgtggactatatttGGGTTTGGCTGCGTG
PCA1:Start-1944|CAD2:1945-End|RT:47_nt_each GAGAGCCGGCCTGTGgcgacaacggtttaggtgggtacgggtccccatCTAGCGCTGCCTACATATTTTCGATTGTATCATTTGGATATTTCGTTGCTGGACACCCGTTATCTACGGAGCAGTTTTTTGAGACCAGCTCTTTtcggtattatcccggtaagtgtggactatatttGGGTTTGGCTGCGTG
PCA1:Start-1947|CAD2:1948-End|RT:47_nt_each GAGAGCCGGCCTGTGgcgacaacggtttaggtgggtacgggtccccatGCGCTGCCTACATATTTTCGATTGTATCATTTGGATATTTCGTTGTTGGACACCCGTTATCTACGGAGCAGTTTTTTGAGACCAGCTCTTTGCTtcggtattatcccggtaagtgtggactatatttGGGTTTGGCTGCGTG
PCA1:Start-2127|CAD2:2128-End|RT:47_nt_each GAGAGCCGGCCTGTGgcgacaacggtttaggtgggtacgggtccccatCCTCTTCTGCTATTCTGGTGGATAAAACTGGTAAAGAGACGGAAATTGATATTAGACTTCTCCAATATGGCGATATTTTTAAGATTTTACCTGAtcggtattatcccggtaagtgtggactatatttGGGTTTGGCTGCGTG
PCA1:Start-2163|CAD2:2164-End|RT:47_nt_each GAGAGCCGGCCTGTGgcgacaacggtttaggtgggtacgggtccccatAGACGGAAATTAATATTAGACTTCTCCAATATGGCGATATTTTTAAGATTTTACCTGATTCAAGAATCCCGACTGATGGAACAGTCATTTCTGGtcggtattatcccggtaagtgtggactatatttGGGTTTGGCTGCGTG
PCA1:Start-2505|CAD2:2506-End|RT:47_nt_each GAGAGCCGGCCTGTGgcgacaacggtttaggtgggtacgggtccccatTCACTGTCGTCACCTTTTGCGTTTGGATAGCGGTTGGAATCCGTGTGCAAAAGCAATCCCGCTCCGATGCCGTAATTCAGGCCATTATATATGCtcggtattatcccggtaagtgtggactatatttGGGTTTGGCTGCGTG
PCA1:Start-2583|CAD2:2584-End|RT:47_nt_each GAGAGCCGGCCTGTGgcgacaacggtttaggtgggtacgggtccccatAGGCCATTATATATGCCATTACGGTACTTATCGTTTCGTGTCCCTGCGCGATTGGACTTGCCGTTCCTATCGTATTTGTTATTGCAAGTGGCGTtcggtattatcccggtaagtgtggactatatttGGGTTTGGCTGCGTG
PCA1:Start-2907|CAD2:2908-End|RT:47_nt_each GAGAGCCGGCCTGTGgcgacaacggtttaggtgggtacgggtccccatGTGTTTCTGCTCAAAATGTTTCTAATACAAAAGCTGTGACTGGTAAGGGGGTAGAAGGAACATCATACTCTGGTTTGAAGTTACAAGGAGGGAAtcggtattatcccggtaagtgtggactatatttGGGTTTGGCTGCGTG
PCA1:Start-3339|CAD2:3340-End|RT:47_nt_each GAGAGCCGGCCTGTGgcgacaacggtttaggtgggtacgggtccccatAAAGACCGGTTGTTGTTTTTTGCGGTGACGGAACAAACGACGCAATTGCTTTGACTCAAGCAACGATTGGAGTTCATATCAATGAGGGAAGTGAtcggtattatcccggtaagtgtggactatatttGGGTTTGGCTGCGTG
PCA1:Start-3624|CAD2:3625-End|RT:47_nt_each GAGAGCCGGCCTGTGgcgacaacggtttaggtgggtacgggtccccatCGGGTTTAGGGGAACTAGTTAGTATCCTCCCTGTAATTTTTGTAGCTACACTTCTGCGTTATGCAAAGGTTTAGTCCAGGTACTGCTGCTATTTtcggtattatcccggtaagtgtggactatatttGGGTTTGGCTGCGTG
PCA1:Start-3645|CAD2:3646-End|RT:47_nt_each GAGAGCCGGCCTGTGgcgacaacggtttaggtgggtacgggtccccatGTATCCTCCCTGTAATTTTTGTAGCTATACTTCTGCGTTATGCAAAGGTTTAGTCCAGGTACTGCTGCTATTTGATTGTAGATTTTCTTTTTTCtcggtattatcccggtaagtgtggactatatttGGGTTTGGCTGCGTG
PCA1:Start-3648|CAD2:3649-End|RT:47_nt_each GAGAGCCGGCCTGTGgcgacaacggtttaggtgggtacgggtccccatTCCTCCCTGTAATTTTTGTAGCTATACTTCTGCGTTATGCAAAGATTTAGTCCAGGTACTGCTGCTATTTGATTGTAGATTTTCTTTTTTCTTTtcggtattatcccggtaagtgtggactatatttGGGTTTGGCTGCGTG
PCA1:Start-114|CAD2:115-End|RT:55_nt_each GAGAGCCGGCCTGTGgcgacaacggtttaggtgggtacggAAATAGCGAGAACATATCAATAGATGCTATGCAAGATAATAGAGGCGAGTGTCATCTTAGGTCCATAGAAAGGCATGCTAATGACAATCTGGGATTGGTCTCCCAGCGAGatcccggtaagtgtggactatatttGGGTTTGGCTGCGTG
PCA1:Start-129|CAD2:130-End|RT:55_nt_each GAGAGCCGGCCTGTGgcgacaacggtttaggtgggtacggATCAATAGATGCTATGCAAGATAATAGAGGCGAGTGTCATCGTAGATCCATAGAAAGGCATGCTAATGACAATCTGGGATTGGTCTCCCAGCGAGACTGTACCAATCGGCatcccggtaagtgtggactatatttGGGTTTGGCTGCGTG
PCA1:Start-426|CAD2:427-End|RT:55_nt_each GAGAGCCGGCCTGTGgcgacaacggtttaggtgggtacggCTGTTGCGGCGATGCTCAAACAGGTGGTGACCACACCAATGAATCCTGTGTTGATGAATGCTGCGTTAGAGATTCTTCAGTGATGGTCGAGGAAGGTACAGGCAGCTGCGatcccggtaagtgtggactatatttGGGTTTGGCTGCGTG
PCA1:Start-465|CAD2:466-End|RT:55_nt_each GAGAGCCGGCCTGTGgcgacaacggtttaggtgggtacggTGAATCCTGTGTTGATGGATGCTGCGTTAGAGATTCTTCAGTGATGGTCGAGGAAGGTACAGGCAGCTGCGAAGCTGTATCTTCTAAAGAACAATTGCTGACCAGCTTTGatcccggtaagtgtggactatatttGGGTTTGGCTGCGTG
PCA1:Start-627|CAD2:628-End|RT:55_nt_each GAGAGCCGGCCTGTGgcgacaacggtttaggtgggtacggGACAACTCGCTGCAATACCAATTCCAACCAACACACAGGGAAGGGTAGGCTTTGCCTTGAATCCAGTGACTCTACACTCAAGAAAAGACGTTGTAAAGTTAGCAGACAGAatcccggtaagtgtggactatatttGGGTTTGGCTGCGTG
PCA1:Start-660|CAD2:661-End|RT:55_nt_each GAGAGCCGGCCTGTGgcgacaacggtttaggtgggtacggCACAGGGAAGGGTAGGCTTTGCATCGAATCAAGTGACTCTACACTCAAGAAAAGACGTTGTAAAGTTAGCAGACAGAAAATTGAAGTTTCCAGTAAGCCTGAGTGCTGCAatcccggtaagtgtggactatatttGGGTTTGGCTGCGTG
PCA1:Start-774|CAD2:775-End|RT:55_nt_each GAGAGCCGGCCTGTGgcgacaacggtttaggtgggtacggTTCATGTGTTGAGCGGATTGCATCTCGTAGCTGTGAAAAGAGGACTTTTAAAGGTACCACCAATGTTGGAATTTCTGGGAGTAGCTCTACCGACAGTTTAAGCGAGAAGTatcccggtaagtgtggactatatttGGGTTTGGCTGCGTG
PCA1:Start-1032|CAD2:1033-End|RT:55_nt_each GAGAGCCGGCCTGTGgcgacaacggtttaggtgggtacggAAAGACAAAATACTCCTACCGCAACAGTTCTGGATGTTTAACAAAGAAAAAGACCTATGGAGACAAAGAAAGGTTGAGCAATGACAATGGCCATGCTGATTTTGTTTGTTatcccggtaagtgtggactatatttGGGTTTGGCTGCGTG
PCA1:Start-1188|CAD2:1189-End|RT:55_nt_each GAGAGCCGGCCTGTGgcgacaacggtttaggtgggtacggTATTTCTGGACACTCTTCGAGTGAAATTTCAAGAATCGTATCAATGGAACCAATTGGAAATCATCTTAATCTTGAGGCAGGATCTACCGGTACTGAGCACATTGTTCTTAatcccggtaagtgtggactatatttGGGTTTGGCTGCGTG
PCA1:Start-1257|CAD2:1258-End|RT:55_nt_each GAGAGCCGGCCTGTGgcgacaacggtttaggtgggtacggTCTTGAGGCAGGATCTACCGGTACCGAGCACATTGTTCTTAGTGTTTCAGGAATGACCTGTACTGGTTGTGAAACAAAACTTAAGAAATCATTTGGCGCGCTCAAATGTGatcccggtaagtgtggactatatttGGGTTTGGCTGCGTG
PCA1:Start-1275|CAD2:1276-End|RT:55_nt_each GAGAGCCGGCCTGTGgcgacaacggtttaggtgggtacggCGGTACCGAGCACATTGTTCTTAGTGTTTCAGGAATGTCCTGTACTGGTTGTGAAACAAAACTTAAGAAATCATTTGGCGCGCTCAAATGTGTTCACGGTTTGAAGACCAatcccggtaagtgtggactatatttGGGTTTGGCTGCGTG
PCA1:Start-1446|CAD2:1447-End|RT:55_nt_each GAGAGCCGGCCTGTGgcgacaacggtttaggtgggtacggTATCAAGCACTTGAGCAAAACTACTGAATTCAAGTACGAACAGATTTCAAATCATGCTTCAACTATAGATGTTGTTGCTCCTTATGCAGCAAAAGATTTTATTAATGAGGatcccggtaagtgtggactatatttGGGTTTGGCTGCGTG
PCA1:Start-1467|CAD2:1468-End|RT:55_nt_each GAGAGCCGGCCTGTGgcgacaacggtttaggtgggtacggTACTGAATTCAAGTACGAACAGATTTCAAATCATGGTTCAACTATAGATGTTGTTGCTCCTTATGCAGCAAAAGATTTTATTAATGAGGAATGGCCACAAGGTGTCACAGatcccggtaagtgtggactatatttGGGTTTGGCTGCGTG
PCA1:Start-1545|CAD2:1546-End|RT:55_nt_each GAGAGCCGGCCTGTGgcgacaacggtttaggtgggtacggTATTAATGAGGAATGGCCACAAGGTGTCACAGAGCTGAAAATTGTTGAGAGAAATGTCATTCGTATTTACTTTGACCCAAAGGTTATAGGTGCCAGAGATCTTGTCAATGatcccggtaagtgtggactatatttGGGTTTGGCTGCGTG
PCA1:Start-1770|CAD2:1771-End|RT:55_nt_each GAGAGCCGGCCTGTGgcgacaacggtttaggtgggtacggGATCCCGATTCTCGTGATGGCTTGGGCTCCACAGCTTCGTGAAAAAATTTCCACTATGTCCGTGTCAATGGTGCTAGCAACTATTATCCAATTTGTTATTGCAGGACCGTatcccggtaagtgtggactatatttGGGTTTGGCTGCGTG
PCA1:Start-1773|CAD2:1774-End|RT:55_nt_each GAGAGCCGGCCTGTGgcgacaacggtttaggtgggtacggCCCGATTCTCGTGATGGCTTGGGCTCCACAGCTTCGTGAAAAAATTTCCACTATCTCCGTGTCAATGGTGCTAGCAACTATTATCCAATTTGTTATTGCAGGACCGTTTTatcccggtaagtgtggactatatttGGGTTTGGCTGCGTG
PCA1:Start-1944|CAD2:1945-End|RT:55_nt_each GAGAGCCGGCCTGTGgcgacaacggtttaggtgggtacggTTTAAGCACTAGCGCTGCCTACATATTTTCGATTGTATCATTTGGATATTTCGTTGCTGGACACCCGTTATCTACGGAGCAGTTTTTTGAGACCAGCTCTTTGCTTGTAAatcccggtaagtgtggactatatttGGGTTTGGCTGCGTG
PCA1:Start-1947|CAD2:1948-End|RT:55_nt_each GAGAGCCGGCCTGTGgcgacaacggtttaggtgggtacggAAGCACTAGCGCTGCCTACATATTTTCGATTGTATCATTTGGATATTTCGTTGTTGGACACCCGTTATCTACGGAGCAGTTTTTTGAGACCAGCTCTTTGCTTGTAACTCatcccggtaagtgtggactatatttGGGTTTGGCTGCGTG
PCA1:Start-2127|CAD2:2128-End|RT:55_nt_each GAGAGCCGGCCTGTGgcgacaacggtttaggtgggtacggCTTACAGGCCTCTTCTGCTATTCTGGTGGATAAAACTGGTAAAGAGACGGAAATTGATATTAGACTTCTCCAATATGGCGATATTTTTAAGATTTTACCTGATTCAAGAAatcccggtaagtgtggactatatttGGGTTTGGCTGCGTG
PCA1:Start-2163|CAD2:2164-End|RT:55_nt_each GAGAGCCGGCCTGTGgcgacaacggtttaggtgggtacggTGGTAAAGAGACGGAAATTAATATTAGACTTCTCCAATATGGCGATATTTTTAAGATTTTACCTGATTCAAGAATCCCGACTGATGGAACAGTCATTTCTGGGTCTTCTGatcccggtaagtgtggactatatttGGGTTTGGCTGCGTG
PCA1:Start-2505|CAD2:2506-End|RT:55_nt_each GAGAGCCGGCCTGTGgcgacaacggtttaggtgggtacggCATTGGAATCACTGTCGTCACCTTTTGCGTTTGGATAGCGGTTGGAATCCGTGTGCAAAAGCAATCCCGCTCCGATGCCGTAATTCAGGCCATTATATATGCCATTACGGatcccggtaagtgtggactatatttGGGTTTGGCTGCGTG
PCA1:Start-2583|CAD2:2584-End|RT:55_nt_each GAGAGCCGGCCTGTGgcgacaacggtttaggtgggtacggCGTAATTCAGGCCATTATATATGCCATTACGGTACTTATCGTTTCGTGTCCCTGCGCGATTGGACTTGCCGTTCCTATCGTATTTGTTATTGCAAGTGGCGTCGCTGCGAatcccggtaagtgtggactatatttGGGTTTGGCTGCGTG
PCA1:Start-2907|CAD2:2908-End|RT:55_nt_each GAGAGCCGGCCTGTGgcgacaacggtttaggtgggtacggAGAAAAAGGTGTTTCTGCTCAAAATGTTTCTAATACAAAAGCTGTGACTGGTAAGGGGGTAGAAGGAACATCATACTCTGGTTTGAAGTTACAAGGAGGGAACTGTCGTTatcccggtaagtgtggactatatttGGGTTTGGCTGCGTG
PCA1:Start-3339|CAD2:3340-End|RT:55_nt_each GAGAGCCGGCCTGTGgcgacaacggtttaggtgggtacggGCAGTCAAAAAGACCGGTTGTTGTTTTTTGCGGTGACGGAACAAACGACGCAATTGCTTTGACTCAAGCAACGATTGGAGTTCATATCAATGAGGGAAGTGAGGTTGCCAatcccggtaagtgtggactatatttGGGTTTGGCTGCGTG
PCA1:Start-3624|CAD2:3625-End|RT:55_nt_each GAGAGCCGGCCTGTGgcgacaacggtttaggtgggtacggAGAGTATGCGGGTTTAGGGGAACTAGTTAGTATCCTCCCTGTAATTTTTGTAGCTACACTTCTGCGTTATGCAAAGGTTTAGTCCAGGTACTGCTGCTATTTGATTGTAGatcccggtaagtgtggactatatttGGGTTTGGCTGCGTG
PCA1:Start-3645|CAD2:3646-End|RT:55_nt_each GAGAGCCGGCCTGTGgcgacaacggtttaggtgggtacggACTAGTTAGTATCCTCCCTGTAATTTTTGTAGCTATACTTCTGCGTTATGCAAAGGTTTAGTCCAGGTACTGCTGCTATTTGATTGTAGATTTTCTTTTTTCTTTTCTTTatcccggtaagtgtggactatatttGGGTTTGGCTGCGTG
PCA1:Start-3648|CAD2:3649-End|RT:55_nt_each GAGAGCCGGCCTGTGgcgacaacggtttaggtgggtacggAGTTAGTATCCTCCCTGTAATTTTTGTAGCTATACTTCTGCGTTATGCAAAGATTTAGTCCAGGTACTGCTGCTATTTGATTGTAGATTTTCTTTTTTCTTTTCTTTTTTatcccggtaagtgtggactatatttGGGTTTGGCTGCGTG
PCA1:Start-114|CAD2:115-End|RT:64_nt_each GAGAGCCGGCCTGTGgcgacaacggtttaggTGGAGTGGTAAATAGCGAGAACATATCAATAGATGCTATGCAAGATAATAGAGGCGAGTGTCATCTTAGGTCCATAGAAAGGCATGCTAATGACAATCTGGGATTGGTCTCCCAGCGAGACTGTACCAagtgtggactatatttGGGTTTGGCTGCGTG
PCA1:Start-129|CAD2:130-End|RT:64_nt_each GAGAGCCGGCCTGTGgcgacaacggtttaggCGAGAACATATCAATAGATGCTATGCAAGATAATAGAGGCGAGTGTCATCGTAGATCCATAGAAAGGCATGCTAATGACAATCTGGGATTGGTCTCCCAGCGAGACTGTACCAATCGGCCCAAAATTAagtgtggactatatttGGGTTTGGCTGCGTG
PCA1:Start-426|CAD2:427-End|RT:64_nt_each GAGAGCCGGCCTGTGgcgacaacggtttaggTGTGGACAGCTGTTGCGGCGATGCTCAAACAGGTGGTGACCACACCAATGAATCCTGTGTTGATGAATGCTGCGTTAGAGATTCTTCAGTGATGGTCGAGGAAGGTACAGGCAGCTGCGAAGCTGTATagtgtggactatatttGGGTTTGGCTGCGTG
PCA1:Start-465|CAD2:466-End|RT:64_nt_each GAGAGCCGGCCTGTGgcgacaacggtttaggCCACACCAATGAATCCTGTGTTGATGGATGCTGCGTTAGAGATTCTTCAGTGATGGTCGAGGAAGGTACAGGCAGCTGCGAAGCTGTATCTTCTAAAGAACAATTGCTGACCAGCTTTGAAGTTGTTCagtgtggactatatttGGGTTTGGCTGCGTG
PCA1:Start-627|CAD2:628-End|RT:64_nt_each GAGAGCCGGCCTGTGgcgacaacggtttaggTATTAGAGAGACAACTCGCTGCAATACCAATTCCAACCAACACACAGGGAAGGGTAGGCTTTGCCTTGAATCCAGTGACTCTACACTCAAGAAAAGACGTTGTAAAGTTAGCAGACAGAAAATTGAAGagtgtggactatatttGGGTTTGGCTGCGTG
PCA1:Start-660|CAD2:661-End|RT:64_nt_each GAGAGCCGGCCTGTGgcgacaacggtttaggCAACCAACACACAGGGAAGGGTAGGCTTTGCATCGAATCAAGTGACTCTACACTCAAGAAAAGACGTTGTAAAGTTAGCAGACAGAAAATTGAAGTTTCCAGTAAGCCTGAGTGCTGCAACATTTCATagtgtggactatatttGGGTTTGGCTGCGTG
PCA1:Start-774|CAD2:775-End|RT:64_nt_each GAGAGCCGGCCTGTGgcgacaacggtttaggCTGCAACATTTCATGTGTTGAGCGGATTGCATCTCGTAGCTGTGAAAAGAGGACTTTTAAAGGTACCACCAATGTTGGAATTTCTGGGAGTAGCTCTACCGACAGTTTAAGCGAGAAGTTCTTCAGCGagtgtggactatatttGGGTTTGGCTGCGTG
PCA1:Start-1032|CAD2:1033-End|RT:64_nt_each GAGAGCCGGCCTGTGgcgacaacggtttaggTGCTTCTAAAAAGACAAAATACTCCTACCGCAACAGTTCTGGATGTTTAACAAAGAAAAAGACCTATGGAGACAAAGAAAGGTTGAGCAATGACAATGGCCATGCTGATTTTGTTTGTTCTAAAAGTTagtgtggactatatttGGGTTTGGCTGCGTG
PCA1:Start-1188|CAD2:1189-End|RT:64_nt_each GAGAGCCGGCCTGTGgcgacaacggtttaggTACCTCAACTATTTCTGGACACTCTTCGAGTGAAATTTCAAGAATCGTATCAATGGAACCAATTGGAAATCATCTTAATCTTGAGGCAGGATCTACCGGTACTGAGCACATTGTTCTTAGTGTTTCAGagtgtggactatatttGGGTTTGGCTGCGTG
PCA1:Start-1257|CAD2:1258-End|RT:64_nt_each GAGAGCCGGCCTGTGgcgacaacggtttaggTCATCTTAATCTTGAGGCAGGATCTACCGGTACCGAGCACATTGTTCTTAGTGTTTCAGGAATGACCTGTACTGGTTGTGAAACAAAACTTAAGAAATCATTTGGCGCGCTCAAATGTGTTCACGGTTagtgtggactatatttGGGTTTGGCTGCGTG
PCA1:Start-1275|CAD2:1276-End|RT:64_nt_each GAGAGCCGGCCTGTGgcgacaacggtttaggAGGATCTACCGGTACCGAGCACATTGTTCTTAGTGTTTCAGGAATGTCCTGTACTGGTTGTGAAACAAAACTTAAGAAATCATTTGGCGCGCTCAAATGTGTTCACGGTTTGAAGACCAGTTTAATATagtgtggactatatttGGGTTTGGCTGCGTG
PCA1:Start-1446|CAD2:1447-End|RT:64_nt_each GAGAGCCGGCCTGTGgcgacaacggtttaggCAAGGATGTTATCAAGCACTTGAGCAAAACTACTGAATTCAAGTACGAACAGATTTCAAATCATGCTTCAACTATAGATGTTGTTGCTCCTTATGCAGCAAAAGATTTTATTAATGAGGAATGGCCACagtgtggactatatttGGGTTTGGCTGCGTG
PCA1:Start-1467|CAD2:1468-End|RT:64_nt_each GAGAGCCGGCCTGTGgcgacaacggtttaggGAGCAAAACTACTGAATTCAAGTACGAACAGATTTCAAATCATGGTTCAACTATAGATGTTGTTGCTCCTTATGCAGCAAAAGATTTTATTAATGAGGAATGGCCACAAGGTGTCACAGAGCTGAAAAagtgtggactatatttGGGTTTGGCTGCGTG
PCA1:Start-1545|CAD2:1546-End|RT:64_nt_each GAGAGCCGGCCTGTGgcgacaacggtttaggAAAAGATTTTATTAATGAGGAATGGCCACAAGGTGTCACAGAGCTGAAAATTGTTGAGAGAAATGTCATTCGTATTTACTTTGACCCAAAGGTTATAGGTGCCAGAGATCTTGTCAATGAAGGATGGAagtgtggactatatttGGGTTTGGCTGCGTG
PCA1:Start-1770|CAD2:1771-End|RT:64_nt_each GAGAGCCGGCCTGTGgcgacaacggtttaggAATATTGACGATCCCGATTCTCGTGATGGCTTGGGCTCCACAGCTTCGTGAAAAAATTTCCACTATGTCCGTGTCAATGGTGCTAGCAACTATTATCCAATTTGTTATTGCAGGACCGTTTTACTTAAagtgtggactatatttGGGTTTGGCTGCGTG
PCA1:Start-1773|CAD2:1774-End|RT:64_nt_each GAGAGCCGGCCTGTGgcgacaacggtttaggATTGACGATCCCGATTCTCGTGATGGCTTGGGCTCCACAGCTTCGTGAAAAAATTTCCACTATCTCCGTGTCAATGGTGCTAGCAACTATTATCCAATTTGTTATTGCAGGACCGTTTTACTTAAATGagtgtggactatatttGGGTTTGGCTGCGTG
PCA1:Start-1944|CAD2:1945-End|RT:64_nt_each GAGAGCCGGCCTGTGgcgacaacggtttaggACTAATAGTTTTAAGCACTAGCGCTGCCTACATATTTTCGATTGTATCATTTGGATATTTCGTTGCTGGACACCCGTTATCTACGGAGCAGTTTTTTGAGACCAGCTCTTTGCTTGTAACTCTCATCAagtgtggactatatttGGGTTTGGCTGCGTG
PCA1:Start-1947|CAD2:1948-End|RT:64_nt_each GAGAGCCGGCCTGTGgcgacaacggtttaggAATAGTTTTAAGCACTAGCGCTGCCTACATATTTTCGATTGTATCATTTGGATATTTCGTTGTTGGACACCCGTTATCTACGGAGCAGTTTTTTGAGACCAGCTCTTTGCTTGTAACTCTCATCATGGagtgtggactatatttGGGTTTGGCTGCGTG
PCA1:Start-2127|CAD2:2128-End|RT:64_nt_each GAGAGCCGGCCTGTGgcgacaacggtttaggAGTACGTTCCTTACAGGCCTCTTCTGCTATTCTGGTGGATAAAACTGGTAAAGAGACGGAAATTGATATTAGACTTCTCCAATATGGCGATATTTTTAAGATTTTACCTGATTCAAGAATCCCGACTGagtgtggactatatttGGGTTTGGCTGCGTG
PCA1:Start-2163|CAD2:2164-End|RT:64_nt_each GAGAGCCGGCCTGTGgcgacaacggtttaggGGATAAAACTGGTAAAGAGACGGAAATTAATATTAGACTTCTCCAATATGGCGATATTTTTAAGATTTTACCTGATTCAAGAATCCCGACTGATGGAACAGTCATTTCTGGGTCTTCTGAAGTCGACGagtgtggactatatttGGGTTTGGCTGCGTG
PCA1:Start-2505|CAD2:2506-End|RT:64_nt_each GAGAGCCGGCCTGTGgcgacaacggtttaggGCCAACTATCATTGGAATCACTGTCGTCACCTTTTGCGTTTGGATAGCGGTTGGAATCCGTGTGCAAAAGCAATCCCGCTCCGATGCCGTAATTCAGGCCATTATATATGCCATTACGGTACTTATCGagtgtggactatatttGGGTTTGGCTGCGTG
PCA1:Start-2583|CAD2:2584-End|RT:64_nt_each GAGAGCCGGCCTGTGgcgacaacggtttaggCTCCGATGCCGTAATTCAGGCCATTATATATGCCATTACGGTACTTATCGTTTCGTGTCCCTGCGCGATTGGACTTGCCGTTCCTATCGTATTTGTTATTGCAAGTGGCGTCGCTGCGAAAAGAGGGGagtgtggactatatttGGGTTTGGCTGCGTG
PCA1:Start-2907|CAD2:2908-End|RT:64_nt_each GAGAGCCGGCCTGTGgcgacaacggtttaggCTATCTCAAAGAAAAAGGTGTTTCTGCTCAAAATGTTTCTAATACAAAAGCTGTGACTGGTAAGGGGGTAGAAGGAACATCATACTCTGGTTTGAAGTTACAAGGAGGGAACTGTCGTTGGCTTGGTCagtgtggactatatttGGGTTTGGCTGCGTG
PCA1:Start-3339|CAD2:3340-End|RT:64_nt_each GAGAGCCGGCCTGTGgcgacaacggtttaggTAGTTCTTCGCAGTCAAAAAGACCGGTTGTTGTTTTTTGCGGTGACGGAACAAACGACGCAATTGCTTTGACTCAAGCAACGATTGGAGTTCATATCAATGAGGGAAGTGAGGTTGCCAAGCTAGCTGagtgtggactatatttGGGTTTGGCTGCGTG
PCA1:Start-3624|CAD2:3625-End|RT:64_nt_each GAGAGCCGGCCTGTGgcgacaacggtttaggTATTCCACCAGAGTATGCGGGTTTAGGGGAACTAGTTAGTATCCTCCCTGTAATTTTTGTAGCTACACTTCTGCGTTATGCAAAGGTTTAGTCCAGGTACTGCTGCTATTTGATTGTAGATTTTCTTTagtgtggactatatttGGGTTTGGCTGCGTG
PCA1:Start-3645|CAD2:3646-End|RT:64_nt_each GAGAGCCGGCCTGTGgcgacaacggtttaggTTTAGGGGAACTAGTTAGTATCCTCCCTGTAATTTTTGTAGCTATACTTCTGCGTTATGCAAAGGTTTAGTCCAGGTACTGCTGCTATTTGATTGTAGATTTTCTTTTTTCTTTTCTTTTTTTTTTTTagtgtggactatatttGGGTTTGGCTGCGTG
PCA1:Start-3648|CAD2:3649-End|RT:64_nt_each GAGAGCCGGCCTGTGgcgacaacggtttaggAGGGGAACTAGTTAGTATCCTCCCTGTAATTTTTGTAGCTATACTTCTGCGTTATGCAAAGATTTAGTCCAGGTACTGCTGCTATTTGATTGTAGATTTTCTTTTTTCTTTTCTTTTTTTTTTTTGACagtgtggactatatttGGGTTTGGCTGCGTG
PCA1:Start-114|CAD2:115-End|RT:74_nt_each GAGAGCCGGCCTGTGgcgacaATGGCGAGTATGGAGTGGTAAATAGCGAGAACATATCAATAGATGCTATGCAAGATAATAGAGGCGAGTGTCATCTTAGGTCCATAGAAAGGCATGCTAATGACAATCTGGGATTGGTCTCCCAGCGAGACTGTACCAATCGGCCCAAatatttGGGTTTGGCTGCGTG
PCA1:Start-129|CAD2:130-End|RT:74_nt_each GAGAGCCGGCCTGTGgcgacaTGGTAAATAGCGAGAACATATCAATAGATGCTATGCAAGATAATAGAGGCGAGTGTCATCGTAGATCCATAGAAAGGCATGCTAATGACAATCTGGGATTGGTCTCCCAGCGAGACTGTACCAATCGGCCCAAAATTACTCCTCAGGAatatttGGGTTTGGCTGCGTG
PCA1:Start-426|CAD2:427-End|RT:74_nt_each GAGAGCCGGCCTGTGgcgacaCTGGCTTGGATGTGGACAGCTGTTGCGGCGATGCTCAAACAGGTGGTGACCACACCAATGAATCCTGTGTTGATGAATGCTGCGTTAGAGATTCTTCAGTGATGGTCGAGGAAGGTACAGGCAGCTGCGAAGCTGTATCTTCTAAAGAatatttGGGTTTGGCTGCGTG
PCA1:Start-465|CAD2:466-End|RT:74_nt_each GAGAGCCGGCCTGTGgcgacaCAGGTGGTGACCACACCAATGAATCCTGTGTTGATGGATGCTGCGTTAGAGATTCTTCAGTGATGGTCGAGGAAGGTACAGGCAGCTGCGAAGCTGTATCTTCTAAAGAACAATTGCTGACCAGCTTTGAAGTTGTTCCAAGCAAATCatatttGGGTTTGGCTGCGTG
PCA1:Start-627|CAD2:628-End|RT:74_nt_each GAGAGCCGGCCTGTGgcgacaCTATTCATGATATTAGAGAGACAACTCGCTGCAATACCAATTCCAACCAACACACAGGGAAGGGTAGGCTTTGCCTTGAATCCAGTGACTCTACACTCAAGAAAAGACGTTGTAAAGTTAGCAGACAGAAAATTGAAGTTTCCAGTAAatatttGGGTTTGGCTGCGTG
PCA1:Start-660|CAD2:661-End|RT:74_nt_each GAGAGCCGGCCTGTGgcgacaATACCAATTCCAACCAACACACAGGGAAGGGTAGGCTTTGCATCGAATCAAGTGACTCTACACTCAAGAAAAGACGTTGTAAAGTTAGCAGACAGAAAATTGAAGTTTCCAGTAAGCCTGAGTGCTGCAACATTTCATGTGTTGAGCGatatttGGGTTTGGCTGCGTG
PCA1:Start-774|CAD2:775-End|RT:74_nt_each GAGAGCCGGCCTGTGgcgacaAGCCTGAGTGCTGCAACATTTCATGTGTTGAGCGGATTGCATCTCGTAGCTGTGAAAAGAGGACTTTTAAAGGTACCACCAATGTTGGAATTTCTGGGAGTAGCTCTACCGACAGTTTAAGCGAGAAGTTCTTCAGCGAACAGTACTCatatttGGGTTTGGCTGCGTG
PCA1:Start-1032|CAD2:1033-End|RT:74_nt_each GAGAGCCGGCCTGTGgcgacaGCGGGGAGGGTGCTTCTAAAAAGACAAAATACTCCTACCGCAACAGTTCTGGATGTTTAACAAAGAAAAAGACCTATGGAGACAAAGAAAGGTTGAGCAATGACAATGGCCATGCTGATTTTGTTTGTTCTAAAAGTTGTTGCACTAAatatttGGGTTTGGCTGCGTG
PCA1:Start-1188|CAD2:1189-End|RT:74_nt_each GAGAGCCGGCCTGTGgcgacaATTGTGCTGTTACCTCAACTATTTCTGGACACTCTTCGAGTGAAATTTCAAGAATCGTATCAATGGAACCAATTGGAAATCATCTTAATCTTGAGGCAGGATCTACCGGTACTGAGCACATTGTTCTTAGTGTTTCAGGAATGACCTGatatttGGGTTTGGCTGCGTG
PCA1:Start-1257|CAD2:1258-End|RT:74_nt_each GAGAGCCGGCCTGTGgcgacaCAATTGAAAATCATCTTAATCTTGAGGCAGGATCTACCGGTACCGAGCACATTGTTCTTAGTGTTTCAGGAATGACCTGTACTGGTTGTGAAACAAAACTTAAGAAATCATTTGGCGCGCTCAAATGTGTTCACGGTTTGAAGACCAGatatttGGGTTTGGCTGCGTG
PCA1:Start-1275|CAD2:1276-End|RT:74_nt_each GAGAGCCGGCCTGTGgcgacaATCTTGAGGCAGGATCTACCGGTACCGAGCACATTGTTCTTAGTGTTTCAGGAATGTCCTGTACTGGTTGTGAAACAAAACTTAAGAAATCATTTGGCGCGCTCAAATGTGTTCACGGTTTGAAGACCAGTTTAATATTATCGCAAGCatatttGGGTTTGGCTGCGTG
PCA1:Start-1446|CAD2:1447-End|RT:74_nt_each GAGAGCCGGCCTGTGgcgacaAGGGATCTGTCAAGGATGTTATCAAGCACTTGAGCAAAACTACTGAATTCAAGTACGAACAGATTTCAAATCATGCTTCAACTATAGATGTTGTTGCTCCTTATGCAGCAAAAGATTTTATTAATGAGGAATGGCCACAAGGTGTCACatatttGGGTTTGGCTGCGTG
PCA1:Start-1467|CAD2:1468-End|RT:74_nt_each GAGAGCCGGCCTGTGgcgacaTCAAGCACTTGAGCAAAACTACTGAATTCAAGTACGAACAGATTTCAAATCATGGTTCAACTATAGATGTTGTTGCTCCTTATGCAGCAAAAGATTTTATTAATGAGGAATGGCCACAAGGTGTCACAGAGCTGAAAATTGTTGAGAGatatttGGGTTTGGCTGCGTG
PCA1:Start-1545|CAD2:1546-End|RT:74_nt_each GAGAGCCGGCCTGTGgcgacaCTTATGCAGCAAAAGATTTTATTAATGAGGAATGGCCACAAGGTGTCACAGAGCTGAAAATTGTTGAGAGAAATGTCATTCGTATTTACTTTGACCCAAAGGTTATAGGTGCCAGAGATCTTGTCAATGAAGGATGGAGCGTGCCTGTatatttGGGTTTGGCTGCGTG
PCA1:Start-1770|CAD2:1771-End|RT:74_nt_each GAGAGCCGGCCTGTGgcgacaCTTTATCCATAATATTGACGATCCCGATTCTCGTGATGGCTTGGGCTCCACAGCTTCGTGAAAAAATTTCCACTATGTCCGTGTCAATGGTGCTAGCAACTATTATCCAATTTGTTATTGCAGGACCGTTTTACTTAAATGCCTTGAAatatttGGGTTTGGCTGCGTG
PCA1:Start-1773|CAD2:1774-End|RT:74_nt_each GAGAGCCGGCCTGTGgcgacaTATCCATAATATTGACGATCCCGATTCTCGTGATGGCTTGGGCTCCACAGCTTCGTGAAAAAATTTCCACTATCTCCGTGTCAATGGTGCTAGCAACTATTATCCAATTTGTTATTGCAGGACCGTTTTACTTAAATGCCTTGAAGAGatatttGGGTTTGGCTGCGTG
PCA1:Start-1944|CAD2:1945-End|RT:74_nt_each GAGAGCCGGCCTGTGgcgacaAAATGGATCTACTAATAGTTTTAAGCACTAGCGCTGCCTACATATTTTCGATTGTATCATTTGGATATTTCGTTGCTGGACACCCGTTATCTACGGAGCAGTTTTTTGAGACCAGCTCTTTGCTTGTAACTCTCATCATGGTTGGTCGatatttGGGTTTGGCTGCGTG
PCA1:Start-1947|CAD2:1948-End|RT:74_nt_each GAGAGCCGGCCTGTGgcgacaTGGATCTACTAATAGTTTTAAGCACTAGCGCTGCCTACATATTTTCGATTGTATCATTTGGATATTTCGTTGTTGGACACCCGTTATCTACGGAGCAGTTTTTTGAGACCAGCTCTTTGCTTGTAACTCTCATCATGGTTGGTCGCTTatatttGGGTTTGGCTGCGTG
PCA1:Start-2127|CAD2:2128-End|RT:74_nt_each GAGAGCCGGCCTGTGgcgacaAGTCAATATCAGTACGTTCCTTACAGGCCTCTTCTGCTATTCTGGTGGATAAAACTGGTAAAGAGACGGAAATTGATATTAGACTTCTCCAATATGGCGATATTTTTAAGATTTTACCTGATTCAAGAATCCCGACTGATGGAACAGTatatttGGGTTTGGCTGCGTG
PCA1:Start-2163|CAD2:2164-End|RT:74_nt_each GAGAGCCGGCCTGTGgcgacaCTATTCTGGTGGATAAAACTGGTAAAGAGACGGAAATTAATATTAGACTTCTCCAATATGGCGATATTTTTAAGATTTTACCTGATTCAAGAATCCCGACTGATGGAACAGTCATTTCTGGGTCTTCTGAAGTCGACGAAGCGTTAATatatttGGGTTTGGCTGCGTG
PCA1:Start-2505|CAD2:2506-End|RT:74_nt_each GAGAGCCGGCCTGTGgcgacaGTTATTTCGTGCCAACTATCATTGGAATCACTGTCGTCACCTTTTGCGTTTGGATAGCGGTTGGAATCCGTGTGCAAAAGCAATCCCGCTCCGATGCCGTAATTCAGGCCATTATATATGCCATTACGGTACTTATCGTGTCATGTCCatatttGGGTTTGGCTGCGTG
PCA1:Start-2583|CAD2:2584-End|RT:74_nt_each GAGAGCCGGCCTGTGgcgacaAGCAATCCCGCTCCGATGCCGTAATTCAGGCCATTATATATGCCATTACGGTACTTATCGTTTCGTGTCCCTGCGCGATTGGACTTGCCGTTCCTATCGTATTTGTTATTGCAAGTGGCGTCGCTGCGAAAAGAGGGGTAATCTTCAAatatttGGGTTTGGCTGCGTG
PCA1:Start-2907|CAD2:2908-End|RT:74_nt_each GAGAGCCGGCCTGTGgcgacaCAATAGCATCCTATCTCAAAGAAAAAGGTGTTTCTGCTCAAAATGTTTCTAATACAAAAGCTGTGACTGGTAAGGGGGTAGAAGGAACATCATACTCTGGTTTGAAGTTACAAGGAGGGAACTGTCGTTGGCTTGGTCATAACAATGAatatttGGGTTTGGCTGCGTG
PCA1:Start-3339|CAD2:3340-End|RT:74_nt_each GAGAGCCGGCCTGTGgcgacaGAAATTGCGATAGTTCTTCGCAGTCAAAAAGACCGGTTGTTGTTTTTTGCGGTGACGGAACAAACGACGCAATTGCTTTGACTCAAGCAACGATTGGAGTTCATATCAATGAGGGAAGTGAGGTTGCCAAGCTAGCTGCTGATGTAGTatatttGGGTTTGGCTGCGTG
PCA1:Start-3624|CAD2:3625-End|RT:74_nt_each GAGAGCCGGCCTGTGgcgacaTTGACTTTCATATTCCACCAGAGTATGCGGGTTTAGGGGAACTAGTTAGTATCCTCCCTGTAATTTTTGTAGCTACACTTCTGCGTTATGCAAAGGTTTAGTCCAGGTACTGCTGCTATTTGATTGTAGATTTTCTTTTTTCTTTTCTatatttGGGTTTGGCTGCGTG
PCA1:Start-3645|CAD2:3646-End|RT:74_nt_each GAGAGCCGGCCTGTGgcgacaAGTATGCGGGTTTAGGGGAACTAGTTAGTATCCTCCCTGTAATTTTTGTAGCTATACTTCTGCGTTATGCAAAGGTTTAGTCCAGGTACTGCTGCTATTTGATTGTAGATTTTCTTTTTTCTTTTCTTTTTTTTTTTTGACGACTCTGatatttGGGTTTGGCTGCGTG
PCA1:Start-3648|CAD2:3649-End|RT:74_nt_each GAGAGCCGGCCTGTGgcgacaATGCGGGTTTAGGGGAACTAGTTAGTATCCTCCCTGTAATTTTTGTAGCTATACTTCTGCGTTATGCAAAGATTTAGTCCAGGTACTGCTGCTATTTGATTGTAGATTTTCTTTTTTCTTTTCTTTTTTTTTTTTGACGACTCTGTAAatatttGGGTTTGGCTGCGTG
PCA1:Start-114|CAD2:115-End|RT:80_nt_each GAGAGCCGGCCTGTGCCAGCGATGGCGAGTATGGAGTGGTAAATAGCGAGAACATATCAATAGATGCTATGCAAGATAATAGAGGCGAGTGTCATCTTAGGTCCATAGAAAGGCATGCTAATGACAATCTGGGATTGGTCTCCCAGCGAGACTGTACCAATCGGCCCAAAATTACGGGTTTGGCTGCGTG
PCA1:Start-129|CAD2:130-End|RT:80_nt_each GAGAGCCGGCCTGTGATGGAGTGGTAAATAGCGAGAACATATCAATAGATGCTATGCAAGATAATAGAGGCGAGTGTCATCGTAGATCCATAGAAAGGCATGCTAATGACAATCTGGGATTGGTCTCCCAGCGAGACTGTACCAATCGGCCCAAAATTACTCCTCAGGAATGTTTGGGTTTGGCTGCGTG
PCA1:Start-426|CAD2:427-End|RT:80_nt_each GAGAGCCGGCCTGTGCTGAGACTGGCTTGGATGTGGACAGCTGTTGCGGCGATGCTCAAACAGGTGGTGACCACACCAATGAATCCTGTGTTGATGAATGCTGCGTTAGAGATTCTTCAGTGATGGTCGAGGAAGGTACAGGCAGCTGCGAAGCTGTATCTTCTAAAGAACAATTGGGTTTGGCTGCGTG
PCA1:Start-465|CAD2:466-End|RT:80_nt_each GAGAGCCGGCCTGTGCTCAAACAGGTGGTGACCACACCAATGAATCCTGTGTTGATGGATGCTGCGTTAGAGATTCTTCAGTGATGGTCGAGGAAGGTACAGGCAGCTGCGAAGCTGTATCTTCTAAAGAACAATTGCTGACCAGCTTTGAAGTTGTTCCAAGCAAATCTGAAGGGGGTTTGGCTGCGTG
PCA1:Start-627|CAD2:628-End|RT:80_nt_each GAGAGCCGGCCTGTGTGCAATCTATTCATGATATTAGAGAGACAACTCGCTGCAATACCAATTCCAACCAACACACAGGGAAGGGTAGGCTTTGCCTTGAATCCAGTGACTCTACACTCAAGAAAAGACGTTGTAAAGTTAGCAGACAGAAAATTGAAGTTTCCAGTAAGCCTGAGGGTTTGGCTGCGTG
PCA1:Start-660|CAD2:661-End|RT:80_nt_each GAGAGCCGGCCTGTGGCTGCAATACCAATTCCAACCAACACACAGGGAAGGGTAGGCTTTGCATCGAATCAAGTGACTCTACACTCAAGAAAAGACGTTGTAAAGTTAGCAGACAGAAAATTGAAGTTTCCAGTAAGCCTGAGTGCTGCAACATTTCATGTGTTGAGCGGATTGCGGGTTTGGCTGCGTG
PCA1:Start-774|CAD2:775-End|RT:80_nt_each GAGAGCCGGCCTGTGCCAGTAAGCCTGAGTGCTGCAACATTTCATGTGTTGAGCGGATTGCATCTCGTAGCTGTGAAAAGAGGACTTTTAAAGGTACCACCAATGTTGGAATTTCTGGGAGTAGCTCTACCGACAGTTTAAGCGAGAAGTTCTTCAGCGAACAGTACTCTAGAATGGGTTTGGCTGCGTG
PCA1:Start-1032|CAD2:1033-End|RT:80_nt_each GAGAGCCGGCCTGTGTTTGTAGCGGGGAGGGTGCTTCTAAAAAGACAAAATACTCCTACCGCAACAGTTCTGGATGTTTAACAAAGAAAAAGACCTATGGAGACAAAGAAAGGTTGAGCAATGACAATGGCCATGCTGATTTTGTTTGTTCTAAAAGTTGTTGCACTAAAATGAAGGGTTTGGCTGCGTG
PCA1:Start-1188|CAD2:1189-End|RT:80_nt_each GAGAGCCGGCCTGTGTGAAGGATTGTGCTGTTACCTCAACTATTTCTGGACACTCTTCGAGTGAAATTTCAAGAATCGTATCAATGGAACCAATTGGAAATCATCTTAATCTTGAGGCAGGATCTACCGGTACTGAGCACATTGTTCTTAGTGTTTCAGGAATGACCTGTACTGGGGGTTTGGCTGCGTG
PCA1:Start-1257|CAD2:1258-End|RT:80_nt_each GAGAGCCGGCCTGTGTGGAACCAATTGAAAATCATCTTAATCTTGAGGCAGGATCTACCGGTACCGAGCACATTGTTCTTAGTGTTTCAGGAATGACCTGTACTGGTTGTGAAACAAAACTTAAGAAATCATTTGGCGCGCTCAAATGTGTTCACGGTTTGAAGACCAGTTTAATGGGTTTGGCTGCGTG
PCA1:Start-1275|CAD2:1276-End|RT:80_nt_each GAGAGCCGGCCTGTGATCTTAATCTTGAGGCAGGATCTACCGGTACCGAGCACATTGTTCTTAGTGTTTCAGGAATGTCCTGTACTGGTTGTGAAACAAAACTTAAGAAATCATTTGGCGCGCTCAAATGTGTTCACGGTTTGAAGACCAGTTTAATATTATCGCAAGCTGAATTGGGTTTGGCTGCGTG
PCA1:Start-1446|CAD2:1447-End|RT:80_nt_each GAGAGCCGGCCTGTGTTGCTCAGGGATCTGTCAAGGATGTTATCAAGCACTTGAGCAAAACTACTGAATTCAAGTACGAACAGATTTCAAATCATGCTTCAACTATAGATGTTGTTGCTCCTTATGCAGCAAAAGATTTTATTAATGAGGAATGGCCACAAGGTGTCACAGAGCTGGGTTTGGCTGCGTG
PCA1:Start-1467|CAD2:1468-End|RT:80_nt_each GAGAGCCGGCCTGTGATGTTATCAAGCACTTGAGCAAAACTACTGAATTCAAGTACGAACAGATTTCAAATCATGGTTCAACTATAGATGTTGTTGCTCCTTATGCAGCAAAAGATTTTATTAATGAGGAATGGCCACAAGGTGTCACAGAGCTGAAAATTGTTGAGAGAAATGTGGGTTTGGCTGCGTG
PCA1:Start-1545|CAD2:1546-End|RT:80_nt_each GAGAGCCGGCCTGTGTTGTTCCTTATGCAGCAAAAGATTTTATTAATGAGGAATGGCCACAAGGTGTCACAGAGCTGAAAATTGTTGAGAGAAATGTCATTCGTATTTACTTTGACCCAAAGGTTATAGGTGCCAGAGATCTTGTCAATGAAGGATGGAGCGTGCCTGTTAGTATGGGTTTGGCTGCGTG
PCA1:Start-1770|CAD2:1771-End|RT:80_nt_each GAGAGCCGGCCTGTGCGACCGCTTTATCCATAATATTGACGATCCCGATTCTCGTGATGGCTTGGGCTCCACAGCTTCGTGAAAAAATTTCCACTATGTCCGTGTCAATGGTGCTAGCAACTATTATCCAATTTGTTATTGCAGGACCGTTTTACTTAAATGCCTTGAAGAGTTTGGGTTTGGCTGCGTG
PCA1:Start-1773|CAD2:1774-End|RT:80_nt_each GAGAGCCGGCCTGTGCCGCTTTATCCATAATATTGACGATCCCGATTCTCGTGATGGCTTGGGCTCCACAGCTTCGTGAAAAAATTTCCACTATCTCCGTGTCAATGGTGCTAGCAACTATTATCCAATTTGTTATTGCAGGACCGTTTTACTTAAATGCCTTGAAGAGTTTGATGGGTTTGGCTGCGTG
PCA1:Start-1944|CAD2:1945-End|RT:80_nt_each GAGAGCCGGCCTGTGTCATTGAAATGGATCTACTAATAGTTTTAAGCACTAGCGCTGCCTACATATTTTCGATTGTATCATTTGGATATTTCGTTGCTGGACACCCGTTATCTACGGAGCAGTTTTTTGAGACCAGCTCTTTGCTTGTAACTCTCATCATGGTTGGTCGCTTTGTGGGTTTGGCTGCGTG
PCA1:Start-1947|CAD2:1948-End|RT:80_nt_each GAGAGCCGGCCTGTGTTGAAATGGATCTACTAATAGTTTTAAGCACTAGCGCTGCCTACATATTTTCGATTGTATCATTTGGATATTTCGTTGTTGGACACCCGTTATCTACGGAGCAGTTTTTTGAGACCAGCTCTTTGCTTGTAACTCTCATCATGGTTGGTCGCTTTGTGAGGGGTTTGGCTGCGTG
PCA1:Start-2127|CAD2:2128-End|RT:80_nt_each GAGAGCCGGCCTGTGCTGTAAAGTCAATATCAGTACGTTCCTTACAGGCCTCTTCTGCTATTCTGGTGGATAAAACTGGTAAAGAGACGGAAATTGATATTAGACTTCTCCAATATGGCGATATTTTTAAGATTTTACCTGATTCAAGAATCCCGACTGATGGAACAGTCATTTCGGGTTTGGCTGCGTG
PCA1:Start-2163|CAD2:2164-End|RT:80_nt_each GAGAGCCGGCCTGTGCTTCTGCTATTCTGGTGGATAAAACTGGTAAAGAGACGGAAATTAATATTAGACTTCTCCAATATGGCGATATTTTTAAGATTTTACCTGATTCAAGAATCCCGACTGATGGAACAGTCATTTCTGGGTCTTCTGAAGTCGACGAAGCGTTAATCACAGGGGGTTTGGCTGCGTG
PCA1:Start-2505|CAD2:2506-End|RT:80_nt_each GAGAGCCGGCCTGTGTTGCAAGTTATTTCGTGCCAACTATCATTGGAATCACTGTCGTCACCTTTTGCGTTTGGATAGCGGTTGGAATCCGTGTGCAAAAGCAATCCCGCTCCGATGCCGTAATTCAGGCCATTATATATGCCATTACGGTACTTATCGTGTCATGTCCCTGCGCGGGTTTGGCTGCGTG
PCA1:Start-2583|CAD2:2584-End|RT:80_nt_each GAGAGCCGGCCTGTGTGGAAAAGCAATCCCGCTCCGATGCCGTAATTCAGGCCATTATATATGCCATTACGGTACTTATCGTTTCGTGTCCCTGCGCGATTGGACTTGCCGTTCCTATCGTATTTGTTATTGCAAGTGGCGTCGCTGCGAAAAGAGGGGTAATCTTCAAATCAGCGGGTTTGGCTGCGTG
PCA1:Start-2907|CAD2:2908-End|RT:80_nt_each GAGAGCCGGCCTGTGCCATGGCAATAGCATCCTATCTCAAAGAAAAAGGTGTTTCTGCTCAAAATGTTTCTAATACAAAAGCTGTGACTGGTAAGGGGGTAGAAGGAACATCATACTCTGGTTTGAAGTTACAAGGAGGGAACTGTCGTTGGCTTGGTCATAACAATGATCCTGAGGGTTTGGCTGCGTG
PCA1:Start-3339|CAD2:3340-End|RT:80_nt_each GAGAGCCGGCCTGTGAAGGAAGAAATTGCGATAGTTCTTCGCAGTCAAAAAGACCGGTTGTTGTTTTTTGCGGTGACGGAACAAACGACGCAATTGCTTTGACTCAAGCAACGATTGGAGTTCATATCAATGAGGGAAGTGAGGTTGCCAAGCTAGCTGCTGATGTAGTTATGTTGGGTTTGGCTGCGTG
PCA1:Start-3624|CAD2:3625-End|RT:80_nt_each GAGAGCCGGCCTGTGCCTTTGTTGACTTTCATATTCCACCAGAGTATGCGGGTTTAGGGGAACTAGTTAGTATCCTCCCTGTAATTTTTGTAGCTACACTTCTGCGTTATGCAAAGGTTTAGTCCAGGTACTGCTGCTATTTGATTGTAGATTTTCTTTTTTCTTTTCTTTTTTTGGGTTTGGCTGCGTG
PCA1:Start-3645|CAD2:3646-End|RT:80_nt_each GAGAGCCGGCCTGTGCACCAGAGTATGCGGGTTTAGGGGAACTAGTTAGTATCCTCCCTGTAATTTTTGTAGCTATACTTCTGCGTTATGCAAAGGTTTAGTCCAGGTACTGCTGCTATTTGATTGTAGATTTTCTTTTTTCTTTTCTTTTTTTTTTTTGACGACTCTGTAATACGGGTTTGGCTGCGTG
PCA1:Start-3648|CAD2:3649-End|RT:80_nt_each GAGAGCCGGCCTGTGCAGAGTATGCGGGTTTAGGGGAACTAGTTAGTATCCTCCCTGTAATTTTTGTAGCTATACTTCTGCGTTATGCAAAGATTTAGTCCAGGTACTGCTGCTATTTGATTGTAGATTTTCTTTTTTCTTTTCTTTTTTTTTTTTGACGACTCTGTAATACTCTGGGTTTGGCTGCGTG
