>PCA1:Start-114|CAD2.min:115-End|RT:20_nt_each,gcgacaacggtttaggtgggtacgggtccccattccttatatagaaatggcatgttagatATAATAGAGGCGAGTGTCATTTACGTAGTATCGAGCGACAtagctaagcgcagggacttcccgaatctcggtattatcccggtaagtgtggactatattt
PCA1:Start-129|CAD2.min:130-End|RT:20_nt_each,gcgacaacggtttaggtgggtacgggtccccattccttatatagaaatggcatgttagatGTCATCGTAGATCCATAGAACGACACGCCAACGATAACTTtagctaagcgcagggacttcccgaatctcggtattatcccggtaagtgtggactatattt
PCA1:Start-426|CAD2.min:427-End|RT:20_nt_each,gcgacaacggtttaggtgggtacgggtccccattccttatatagaaatggcatgttagatCCAATGAATCCTGTGTTGATGAGTGTTGTGTACGTGACAGtagctaagcgcagggacttcccgaatctcggtattatcccggtaagtgtggactatattt
PCA1:Start-465|CAD2.min:466-End|RT:20_nt_each,gcgacaacggtttaggtgggtacgggtccccattccttatatagaaatggcatgttagatCTTCAGTGATGGTCGAGGAAGGAACCGGTTCTTGTGAGGCtagctaagcgcagggacttcccgaatctcggtattatcccggtaagtgtggactatattt
PCA1:Start-627|CAD2.min:628-End|RT:20_nt_each,gcgacaacggtttaggtgggtacgggtccccattccttatatagaaatggcatgttagatCAGGGAAGGGTAGGCTTTGCCTAGAGAGTTCCGATAGCACtagctaagcgcagggacttcccgaatctcggtattatcccggtaagtgtggactatattt
PCA1:Start-660|CAD2.min:661-End|RT:20_nt_each,gcgacaacggtttaggtgggtacgggtccccattccttatatagaaatggcatgttagatACTCTACACTCAAGAAAAGACGATGCAAGGTATCGCGTCAtagctaagcgcagggacttcccgaatctcggtattatcccggtaagtgtggactatattt
PCA1:Start-774|CAD2.min:775-End|RT:20_nt_each,gcgacaacggtttaggtgggtacgggtccccattccttatatagaaatggcatgttagatAAAAGAGGACTTTTAAAGGTACTACGAACGTCGGTATCAGtagctaagcgcagggacttcccgaatctcggtattatcccggtaagtgtggactatattt
PCA1:Start-1032|CAD2.min:1033-End|RT:20_nt_each,gcgacaacggtttaggtgggtacgggtccccattccttatatagaaatggcatgttagatGTTTAACAAAGAAAAAGACCTACGGTGATAAGGAGCGACTtagctaagcgcagggacttcccgaatctcggtattatcccggtaagtgtggactatattt
PCA1:Start-1188|CAD2.min:1189-End|RT:20_nt_each,gcgacaacggtttaggtgggtacgggtccccattccttatatagaaatggcatgttagatTCGTATCAATGGAACCAATTGGCAACCACTTGAACTTGGAtagctaagcgcagggacttcccgaatctcggtattatcccggtaagtgtggactatattt
PCA1:Start-1257|CAD2.min:1258-End|RT:20_nt_each,gcgacaacggtttaggtgggtacgggtccccattccttatatagaaatggcatgttagatTTCTTAGTGTTTCAGGAATGACATGCACCGGCTGCGAGACtagctaagcgcagggacttcccgaatctcggtattatcccggtaagtgtggactatattt
PCA1:Start-1275|CAD2.min:1276-End|RT:20_nt_each,gcgacaacggtttaggtgggtacgggtccccattccttatatagaaatggcatgttagatTGTCCTGTACTGGTTGTGAAACTAAGTTAAAGAAGAGCTTtagctaagcgcagggacttcccgaatctcggtattatcccggtaagtgtggactatattt
PCA1:Start-1446|CAD2.min:1447-End|RT:20_nt_each,gcgacaacggtttaggtgggtacgggtccccattccttatatagaaatggcatgttagatACGAACAGATTTCAAATCATGCGAGCACCATTGACGTCGTtagctaagcgcagggacttcccgaatctcggtattatcccggtaagtgtggactatattt
PCA1:Start-1467|CAD2.min:1468-End|RT:20_nt_each,gcgacaacggtttaggtgggtacgggtccccattccttatatagaaatggcatgttagatGTTCAACTATAGATGTTGTTGCACCATACGCTGCTAAGGAtagctaagcgcagggacttcccgaatctcggtattatcccggtaagtgtggactatattt
PCA1:Start-1545|CAD2.min:1546-End|RT:20_nt_each,gcgacaacggtttaggtgggtacgggtccccattccttatatagaaatggcatgttagatTGAAAATTGTTGAGAGAAATGTTATCAGAATATATTTCGAtagctaagcgcagggacttcccgaatctcggtattatcccggtaagtgtggactatattt
PCA1:Start-1770|CAD2.min:1771-End|RT:20_nt_each,gcgacaacggtttaggtgggtacgggtccccattccttatatagaaatggcatgttagatTTCGTGAAAAAATTTCCACTATGAGTGTAAGCATGGTCTTtagctaagcgcagggacttcccgaatctcggtattatcccggtaagtgtggactatattt
PCA1:Start-1773|CAD2.min:1774-End|RT:20_nt_each,gcgacaacggtttaggtgggtacgggtccccattccttatatagaaatggcatgttagatGTGAAAAAATTTCCACTATCAGTGTAAGCATGGTCTTGGCtagctaagcgcagggacttcccgaatctcggtattatcccggtaagtgtggactatattt
PCA1:Start-1944|CAD2.min:1945-End|RT:20_nt_each,gcgacaacggtttaggtgggtacgggtccccattccttatatagaaatggcatgttagatTATCATTTGGATATTTCGTTGCCGGGCATCCCCTTAGCACtagctaagcgcagggacttcccgaatctcggtattatcccggtaagtgtggactatattt
PCA1:Start-1947|CAD2.min:1948-End|RT:20_nt_each,gcgacaacggtttaggtgggtacgggtccccattccttatatagaaatggcatgttagatCATTTGGATATTTCGTTGTTGGGCATCCCCTTAGCACAGAtagctaagcgcagggacttcccgaatctcggtattatcccggtaagtgtggactatattt
PCA1:Start-2127|CAD2.min:2128-End|RT:20_nt_each,gcgacaacggtttaggtgggtacgggtccccattccttatatagaaatggcatgttagatCTGGTAAAGAGACGGAAATTGACATCCGTTTGTTACAGTAtagctaagcgcagggacttcccgaatctcggtattatcccggtaagtgtggactatattt
PCA1:Start-2163|CAD2.min:2164-End|RT:20_nt_each,gcgacaacggtttaggtgggtacgggtccccattccttatatagaaatggcatgttagatAATATGGCGATATTTTTAAGATCCTCCCCGACAGCCGTATtagctaagcgcagggacttcccgaatctcggtattatcccggtaagtgtggactatattt
PCA1:Start-2505|CAD2.min:2506-End|RT:20_nt_each,gcgacaacggtttaggtgggtacgggtccccattccttatatagaaatggcatgttagatTAGCGGTTGGAATCCGTGTGCAGAAACAGAGTAGAAGTGAtagctaagcgcagggacttcccgaatctcggtattatcccggtaagtgtggactatattt
PCA1:Start-2583|CAD2.min:2584-End|RT:20_nt_each,gcgacaacggtttaggtgggtacgggtccccattccttatatagaaatggcatgttagatTTATCGTTTCGTGTCCCTGCGCTATCGGTTTGGCTGTACCtagctaagcgcagggacttcccgaatctcggtattatcccggtaagtgtggactatattt
PCA1:Start-2907|CAD2.min:2908-End|RT:20_nt_each,gcgacaacggtttaggtgggtacgggtccccattccttatatagaaatggcatgttagatCAAAAGCTGTGACTGGTAAGGGAGTGGAGGGTACGAGTTAtagctaagcgcagggacttcccgaatctcggtattatcccggtaagtgtggactatattt
PCA1:Start-3339|CAD2.min:3340-End|RT:20_nt_each,gcgacaacggtttaggtgggtacgggtccccattccttatatagaaatggcatgttagatACGGAACAAACGACGCAATTGCCCTTACCCAGGCCACTATtagctaagcgcagggacttcccgaatctcggtattatcccggtaagtgtggactatattt
PCA1:Start-3624|CAD2.min:3625-End|RT:20_nt_each,gcgacaacggtttaggtgggtacgggtccccattccttatatagaaatggcatgttagatTCCCTGTAATTTTTGTAGCTACTTTATTAAGGTACGCTAAtagctaagcgcagggacttcccgaatctcggtattatcccggtaagtgtggactatattt
PCA1:Start-3645|CAD2.min:3646-End|RT:20_nt_each,gcgacaacggtttaggtgggtacgggtccccattccttatatagaaatggcatgttagatTACTTCTGCGTTATGCAAAGGTGTGATCCAGGTACTGCTGtagctaagcgcagggacttcccgaatctcggtattatcccggtaagtgtggactatattt
PCA1:Start-3648|CAD2.min:3649-End|RT:20_nt_each,gcgacaacggtttaggtgggtacgggtccccattccttatatagaaatggcatgttagatTTCTGCGTTATGCAAAGATTTGATCCAGGTACTGCTGCTAtagctaagcgcagggacttcccgaatctcggtattatcccggtaagtgtggactatattt
PCA1:Start-114|CAD2.min:115-End|RT:22_nt_each,gcgacaacggtttaggtgggtacgggtccccattccttatatagaaatggcatgttagAGATAATAGAGGCGAGTGTCATTTACGTAGTATCGAGCGACACGgctaagcgcagggacttcccgaatctcggtattatcccggtaagtgtggactatattt
PCA1:Start-129|CAD2.min:130-End|RT:22_nt_each,gcgacaacggtttaggtgggtacgggtccccattccttatatagaaatggcatgttagGTGTCATCGTAGATCCATAGAACGACACGCCAACGATAACTTAGgctaagcgcagggacttcccgaatctcggtattatcccggtaagtgtggactatattt
PCA1:Start-426|CAD2.min:427-End|RT:22_nt_each,gcgacaacggtttaggtgggtacgggtccccattccttatatagaaatggcatgttagCACCAATGAATCCTGTGTTGATGAGTGTTGTGTACGTGACAGCAgctaagcgcagggacttcccgaatctcggtattatcccggtaagtgtggactatattt
PCA1:Start-465|CAD2.min:466-End|RT:22_nt_each,gcgacaacggtttaggtgggtacgggtccccattccttatatagaaatggcatgttagTTCTTCAGTGATGGTCGAGGAAGGAACCGGTTCTTGTGAGGCGGgctaagcgcagggacttcccgaatctcggtattatcccggtaagtgtggactatattt
PCA1:Start-627|CAD2.min:628-End|RT:22_nt_each,gcgacaacggtttaggtgggtacgggtccccattccttatatagaaatggcatgttagCACAGGGAAGGGTAGGCTTTGCCTAGAGAGTTCCGATAGCACTTgctaagcgcagggacttcccgaatctcggtattatcccggtaagtgtggactatattt
PCA1:Start-660|CAD2.min:661-End|RT:22_nt_each,gcgacaacggtttaggtgggtacgggtccccattccttatatagaaatggcatgttagTGACTCTACACTCAAGAAAAGACGATGCAAGGTATCGCGTCAAAgctaagcgcagggacttcccgaatctcggtattatcccggtaagtgtggactatattt
PCA1:Start-774|CAD2.min:775-End|RT:22_nt_each,gcgacaacggtttaggtgggtacgggtccccattccttatatagaaatggcatgttagTGAAAAGAGGACTTTTAAAGGTACTACGAACGTCGGTATCAGCGgctaagcgcagggacttcccgaatctcggtattatcccggtaagtgtggactatattt
PCA1:Start-1032|CAD2.min:1033-End|RT:22_nt_each,gcgacaacggtttaggtgggtacgggtccccattccttatatagaaatggcatgttagATGTTTAACAAAGAAAAAGACCTACGGTGATAAGGAGCGACTTTgctaagcgcagggacttcccgaatctcggtattatcccggtaagtgtggactatattt
PCA1:Start-1188|CAD2.min:1189-End|RT:22_nt_each,gcgacaacggtttaggtgggtacgggtccccattccttatatagaaatggcatgttagAATCGTATCAATGGAACCAATTGGCAACCACTTGAACTTGGAAGgctaagcgcagggacttcccgaatctcggtattatcccggtaagtgtggactatattt
PCA1:Start-1257|CAD2.min:1258-End|RT:22_nt_each,gcgacaacggtttaggtgggtacgggtccccattccttatatagaaatggcatgttagTGTTCTTAGTGTTTCAGGAATGACATGCACCGGCTGCGAGACTAgctaagcgcagggacttcccgaatctcggtattatcccggtaagtgtggactatattt
PCA1:Start-1275|CAD2.min:1276-End|RT:22_nt_each,gcgacaacggtttaggtgggtacgggtccccattccttatatagaaatggcatgttagAATGTCCTGTACTGGTTGTGAAACTAAGTTAAAGAAGAGCTTCGgctaagcgcagggacttcccgaatctcggtattatcccggtaagtgtggactatattt
PCA1:Start-1446|CAD2.min:1447-End|RT:22_nt_each,gcgacaacggtttaggtgggtacgggtccccattccttatatagaaatggcatgttagGTACGAACAGATTTCAAATCATGCGAGCACCATTGACGTCGTGGgctaagcgcagggacttcccgaatctcggtattatcccggtaagtgtggactatattt
PCA1:Start-1467|CAD2.min:1468-End|RT:22_nt_each,gcgacaacggtttaggtgggtacgggtccccattccttatatagaaatggcatgttagTGGTTCAACTATAGATGTTGTTGCACCATACGCTGCTAAGGACTgctaagcgcagggacttcccgaatctcggtattatcccggtaagtgtggactatattt
PCA1:Start-1545|CAD2.min:1546-End|RT:22_nt_each,gcgacaacggtttaggtgggtacgggtccccattccttatatagaaatggcatgttagGCTGAAAATTGTTGAGAGAAATGTTATCAGAATATATTTCGATCgctaagcgcagggacttcccgaatctcggtattatcccggtaagtgtggactatattt
PCA1:Start-1770|CAD2.min:1771-End|RT:22_nt_each,gcgacaacggtttaggtgggtacgggtccccattccttatatagaaatggcatgttagGCTTCGTGAAAAAATTTCCACTATGAGTGTAAGCATGGTCTTGGgctaagcgcagggacttcccgaatctcggtattatcccggtaagtgtggactatattt
PCA1:Start-1773|CAD2.min:1774-End|RT:22_nt_each,gcgacaacggtttaggtgggtacgggtccccattccttatatagaaatggcatgttagTCGTGAAAAAATTTCCACTATCAGTGTAAGCATGGTCTTGGCTAgctaagcgcagggacttcccgaatctcggtattatcccggtaagtgtggactatattt
PCA1:Start-1944|CAD2.min:1945-End|RT:22_nt_each,gcgacaacggtttaggtgggtacgggtccccattccttatatagaaatggcatgttagTGTATCATTTGGATATTTCGTTGCCGGGCATCCCCTTAGCACAGgctaagcgcagggacttcccgaatctcggtattatcccggtaagtgtggactatattt
PCA1:Start-1947|CAD2.min:1948-End|RT:22_nt_each,gcgacaacggtttaggtgggtacgggtccccattccttatatagaaatggcatgttagATCATTTGGATATTTCGTTGTTGGGCATCCCCTTAGCACAGAACgctaagcgcagggacttcccgaatctcggtattatcccggtaagtgtggactatattt
PCA1:Start-2127|CAD2.min:2128-End|RT:22_nt_each,gcgacaacggtttaggtgggtacgggtccccattccttatatagaaatggcatgttagAACTGGTAAAGAGACGGAAATTGACATCCGTTTGTTACAGTACGgctaagcgcagggacttcccgaatctcggtattatcccggtaagtgtggactatattt
PCA1:Start-2163|CAD2.min:2164-End|RT:22_nt_each,gcgacaacggtttaggtgggtacgggtccccattccttatatagaaatggcatgttagCCAATATGGCGATATTTTTAAGATCCTCCCCGACAGCCGTATTCgctaagcgcagggacttcccgaatctcggtattatcccggtaagtgtggactatattt
PCA1:Start-2505|CAD2.min:2506-End|RT:22_nt_each,gcgacaacggtttaggtgggtacgggtccccattccttatatagaaatggcatgttagGATAGCGGTTGGAATCCGTGTGCAGAAACAGAGTAGAAGTGACGgctaagcgcagggacttcccgaatctcggtattatcccggtaagtgtggactatattt
PCA1:Start-2583|CAD2.min:2584-End|RT:22_nt_each,gcgacaacggtttaggtgggtacgggtccccattccttatatagaaatggcatgttagACTTATCGTTTCGTGTCCCTGCGCTATCGGTTTGGCTGTACCCAgctaagcgcagggacttcccgaatctcggtattatcccggtaagtgtggactatattt
PCA1:Start-2907|CAD2.min:2908-End|RT:22_nt_each,gcgacaacggtttaggtgggtacgggtccccattccttatatagaaatggcatgttagTACAAAAGCTGTGACTGGTAAGGGAGTGGAGGGTACGAGTTATAgctaagcgcagggacttcccgaatctcggtattatcccggtaagtgtggactatattt
PCA1:Start-3339|CAD2.min:3340-End|RT:22_nt_each,gcgacaacggtttaggtgggtacgggtccccattccttatatagaaatggcatgttagTGACGGAACAAACGACGCAATTGCCCTTACCCAGGCCACTATCGgctaagcgcagggacttcccgaatctcggtattatcccggtaagtgtggactatattt
PCA1:Start-3624|CAD2.min:3625-End|RT:22_nt_each,gcgacaacggtttaggtgggtacgggtccccattccttatatagaaatggcatgttagCCTCCCTGTAATTTTTGTAGCTACTTTATTAAGGTACGCTAAAGgctaagcgcagggacttcccgaatctcggtattatcccggtaagtgtggactatattt
PCA1:Start-3645|CAD2.min:3646-End|RT:22_nt_each,gcgacaacggtttaggtgggtacgggtccccattccttatatagaaatggcatgttagTATACTTCTGCGTTATGCAAAGGTGTGATCCAGGTACTGCTGCTgctaagcgcagggacttcccgaatctcggtattatcccggtaagtgtggactatattt
PCA1:Start-3648|CAD2.min:3649-End|RT:22_nt_each,gcgacaacggtttaggtgggtacgggtccccattccttatatagaaatggcatgttagACTTCTGCGTTATGCAAAGATTTGATCCAGGTACTGCTGCTATTgctaagcgcagggacttcccgaatctcggtattatcccggtaagtgtggactatattt
PCA1:Start-114|CAD2.min:115-End|RT:25_nt_each,gcgacaacggtttaggtgggtacgggtccccattccttatatagaaatggcatgtGCAAGATAATAGAGGCGAGTGTCATTTACGTAGTATCGAGCGACACGCCAaagcgcagggacttcccgaatctcggtattatcccggtaagtgtggactatattt
PCA1:Start-129|CAD2.min:130-End|RT:25_nt_each,gcgacaacggtttaggtgggtacgggtccccattccttatatagaaatggcatgtCGAGTGTCATCGTAGATCCATAGAACGACACGCCAACGATAACTTAGGTCaagcgcagggacttcccgaatctcggtattatcccggtaagtgtggactatattt
PCA1:Start-426|CAD2.min:427-End|RT:25_nt_each,gcgacaacggtttaggtgggtacgggtccccattccttatatagaaatggcatgtCCACACCAATGAATCCTGTGTTGATGAGTGTTGTGTACGTGACAGCAGCGaagcgcagggacttcccgaatctcggtattatcccggtaagtgtggactatattt
PCA1:Start-465|CAD2.min:466-End|RT:25_nt_each,gcgacaacggtttaggtgggtacgggtccccattccttatatagaaatggcatgtAGATTCTTCAGTGATGGTCGAGGAAGGAACCGGTTCTTGTGAGGCGGTTAaagcgcagggacttcccgaatctcggtattatcccggtaagtgtggactatattt
PCA1:Start-627|CAD2.min:628-End|RT:25_nt_each,gcgacaacggtttaggtgggtacgggtccccattccttatatagaaatggcatgtACACACAGGGAAGGGTAGGCTTTGCCTAGAGAGTTCCGATAGCACTTTAAaagcgcagggacttcccgaatctcggtattatcccggtaagtgtggactatattt
PCA1:Start-660|CAD2.min:661-End|RT:25_nt_each,gcgacaacggtttaggtgggtacgggtccccattccttatatagaaatggcatgtAAGTGACTCTACACTCAAGAAAAGACGATGCAAGGTATCGCGTCAAAAGAaagcgcagggacttcccgaatctcggtattatcccggtaagtgtggactatattt
PCA1:Start-774|CAD2.min:775-End|RT:25_nt_each,gcgacaacggtttaggtgggtacgggtccccattccttatatagaaatggcatgtCTGTGAAAAGAGGACTTTTAAAGGTACTACGAACGTCGGTATCAGCGGTTaagcgcagggacttcccgaatctcggtattatcccggtaagtgtggactatattt
PCA1:Start-1032|CAD2.min:1033-End|RT:25_nt_each,gcgacaacggtttaggtgggtacgggtccccattccttatatagaaatggcatgtTGGATGTTTAACAAAGAAAAAGACCTACGGTGATAAGGAGCGACTTTCTAaagcgcagggacttcccgaatctcggtattatcccggtaagtgtggactatattt
PCA1:Start-1188|CAD2.min:1189-End|RT:25_nt_each,gcgacaacggtttaggtgggtacgggtccccattccttatatagaaatggcatgtAAGAATCGTATCAATGGAACCAATTGGCAACCACTTGAACTTGGAAGCGGaagcgcagggacttcccgaatctcggtattatcccggtaagtgtggactatattt
PCA1:Start-1257|CAD2.min:1258-End|RT:25_nt_each,gcgacaacggtttaggtgggtacgggtccccattccttatatagaaatggcatgtCATTGTTCTTAGTGTTTCAGGAATGACATGCACCGGCTGCGAGACTAAGTaagcgcagggacttcccgaatctcggtattatcccggtaagtgtggactatattt
PCA1:Start-1275|CAD2.min:1276-End|RT:25_nt_each,gcgacaacggtttaggtgggtacgggtccccattccttatatagaaatggcatgtAGGAATGTCCTGTACTGGTTGTGAAACTAAGTTAAAGAAGAGCTTCGGTGaagcgcagggacttcccgaatctcggtattatcccggtaagtgtggactatattt
PCA1:Start-1446|CAD2.min:1447-End|RT:25_nt_each,gcgacaacggtttaggtgggtacgggtccccattccttatatagaaatggcatgtCAAGTACGAACAGATTTCAAATCATGCGAGCACCATTGACGTCGTGGCACaagcgcagggacttcccgaatctcggtattatcccggtaagtgtggactatattt
PCA1:Start-1467|CAD2.min:1468-End|RT:25_nt_each,gcgacaacggtttaggtgggtacgggtccccattccttatatagaaatggcatgtTCATGGTTCAACTATAGATGTTGTTGCACCATACGCTGCTAAGGACTTCAaagcgcagggacttcccgaatctcggtattatcccggtaagtgtggactatattt
PCA1:Start-1545|CAD2.min:1546-End|RT:25_nt_each,gcgacaacggtttaggtgggtacgggtccccattccttatatagaaatggcatgtAGAGCTGAAAATTGTTGAGAGAAATGTTATCAGAATATATTTCGATCCTAaagcgcagggacttcccgaatctcggtattatcccggtaagtgtggactatattt
PCA1:Start-1770|CAD2.min:1771-End|RT:25_nt_each,gcgacaacggtttaggtgggtacgggtccccattccttatatagaaatggcatgtACAGCTTCGTGAAAAAATTTCCACTATGAGTGTAAGCATGGTCTTGGCTAaagcgcagggacttcccgaatctcggtattatcccggtaagtgtggactatattt
PCA1:Start-1773|CAD2.min:1774-End|RT:25_nt_each,gcgacaacggtttaggtgggtacgggtccccattccttatatagaaatggcatgtGCTTCGTGAAAAAATTTCCACTATCAGTGTAAGCATGGTCTTGGCTACAAaagcgcagggacttcccgaatctcggtattatcccggtaagtgtggactatattt
PCA1:Start-1944|CAD2.min:1945-End|RT:25_nt_each,gcgacaacggtttaggtgggtacgggtccccattccttatatagaaatggcatgtGATTGTATCATTTGGATATTTCGTTGCCGGGCATCCCCTTAGCACAGAACaagcgcagggacttcccgaatctcggtattatcccggtaagtgtggactatattt
PCA1:Start-1947|CAD2.min:1948-End|RT:25_nt_each,gcgacaacggtttaggtgggtacgggtccccattccttatatagaaatggcatgtTGTATCATTTGGATATTTCGTTGTTGGGCATCCCCTTAGCACAGAACAATaagcgcagggacttcccgaatctcggtattatcccggtaagtgtggactatattt
PCA1:Start-2127|CAD2.min:2128-End|RT:25_nt_each,gcgacaacggtttaggtgggtacgggtccccattccttatatagaaatggcatgtTAAAACTGGTAAAGAGACGGAAATTGACATCCGTTTGTTACAGTACGGTGaagcgcagggacttcccgaatctcggtattatcccggtaagtgtggactatattt
PCA1:Start-2163|CAD2.min:2164-End|RT:25_nt_each,gcgacaacggtttaggtgggtacgggtccccattccttatatagaaatggcatgtTCTCCAATATGGCGATATTTTTAAGATCCTCCCCGACAGCCGTATTCCTAaagcgcagggacttcccgaatctcggtattatcccggtaagtgtggactatattt
PCA1:Start-2505|CAD2.min:2506-End|RT:25_nt_each,gcgacaacggtttaggtgggtacgggtccccattccttatatagaaatggcatgtTTGGATAGCGGTTGGAATCCGTGTGCAGAAACAGAGTAGAAGTGACGCTGaagcgcagggacttcccgaatctcggtattatcccggtaagtgtggactatattt
PCA1:Start-2583|CAD2.min:2584-End|RT:25_nt_each,gcgacaacggtttaggtgggtacgggtccccattccttatatagaaatggcatgtGGTACTTATCGTTTCGTGTCCCTGCGCTATCGGTTTGGCTGTACCCATAGaagcgcagggacttcccgaatctcggtattatcccggtaagtgtggactatattt
PCA1:Start-2907|CAD2.min:2908-End|RT:25_nt_each,gcgacaacggtttaggtgggtacgggtccccattccttatatagaaatggcatgtTAATACAAAAGCTGTGACTGGTAAGGGAGTGGAGGGTACGAGTTATAGCGaagcgcagggacttcccgaatctcggtattatcccggtaagtgtggactatattt
PCA1:Start-3339|CAD2.min:3340-End|RT:25_nt_each,gcgacaacggtttaggtgggtacgggtccccattccttatatagaaatggcatgtCGGTGACGGAACAAACGACGCAATTGCCCTTACCCAGGCCACTATCGGTGaagcgcagggacttcccgaatctcggtattatcccggtaagtgtggactatattt
PCA1:Start-3624|CAD2.min:3625-End|RT:25_nt_each,gcgacaacggtttaggtgggtacgggtccccattccttatatagaaatggcatgtTATCCTCCCTGTAATTTTTGTAGCTACTTTATTAAGGTACGCTAAAGTGTaagcgcagggacttcccgaatctcggtattatcccggtaagtgtggactatattt
PCA1:Start-3645|CAD2.min:3646-End|RT:25_nt_each,gcgacaacggtttaggtgggtacgggtccccattccttatatagaaatggcatgtAGCTATACTTCTGCGTTATGCAAAGGTGTGATCCAGGTACTGCTGCTATTaagcgcagggacttcccgaatctcggtattatcccggtaagtgtggactatattt
PCA1:Start-3648|CAD2.min:3649-End|RT:25_nt_each,gcgacaacggtttaggtgggtacgggtccccattccttatatagaaatggcatgtTATACTTCTGCGTTATGCAAAGATTTGATCCAGGTACTGCTGCTATTTGAaagcgcagggacttcccgaatctcggtattatcccggtaagtgtggactatattt
PCA1:Start-114|CAD2.min:115-End|RT:29_nt_each,gcgacaacggtttaggtgggtacgggtccccattccttatatagaaatggcCTATGCAAGATAATAGAGGCGAGTGTCATTTACGTAGTATCGAGCGACACGCCAACGAgcagggacttcccgaatctcggtattatcccggtaagtgtggactatattt
PCA1:Start-129|CAD2.min:130-End|RT:29_nt_each,gcgacaacggtttaggtgggtacgggtccccattccttatatagaaatggcGAGGCGAGTGTCATCGTAGATCCATAGAACGACACGCCAACGATAACTTAGGTCTCGTgcagggacttcccgaatctcggtattatcccggtaagtgtggactatattt
PCA1:Start-426|CAD2.min:427-End|RT:29_nt_each,gcgacaacggtttaggtgggtacgggtccccattccttatatagaaatggcGTGACCACACCAATGAATCCTGTGTTGATGAGTGTTGTGTACGTGACAGCAGCGTCATgcagggacttcccgaatctcggtattatcccggtaagtgtggactatattt
PCA1:Start-465|CAD2.min:466-End|RT:29_nt_each,gcgacaacggtttaggtgggtacgggtccccattccttatatagaaatggcTTAGAGATTCTTCAGTGATGGTCGAGGAAGGAACCGGTTCTTGTGAGGCGGTTAGCAGgcagggacttcccgaatctcggtattatcccggtaagtgtggactatattt
PCA1:Start-627|CAD2.min:628-End|RT:29_nt_each,gcgacaacggtttaggtgggtacgggtccccattccttatatagaaatggcACCAACACACAGGGAAGGGTAGGCTTTGCCTAGAGAGTTCCGATAGCACTTTAAAGAAgcagggacttcccgaatctcggtattatcccggtaagtgtggactatattt
PCA1:Start-660|CAD2.min:661-End|RT:29_nt_each,gcgacaacggtttaggtgggtacgggtccccattccttatatagaaatggcAATCAAGTGACTCTACACTCAAGAAAAGACGATGCAAGGTATCGCGTCAAAAGATAGAgcagggacttcccgaatctcggtattatcccggtaagtgtggactatattt
PCA1:Start-774|CAD2.min:775-End|RT:29_nt_each,gcgacaacggtttaggtgggtacgggtccccattccttatatagaaatggcGTAGCTGTGAAAAGAGGACTTTTAAAGGTACTACGAACGTCGGTATCAGCGGTTCATCgcagggacttcccgaatctcggtattatcccggtaagtgtggactatattt
PCA1:Start-1032|CAD2.min:1033-End|RT:29_nt_each,gcgacaacggtttaggtgggtacgggtccccattccttatatagaaatggcGTTCTGGATGTTTAACAAAGAAAAAGACCTACGGTGATAAGGAGCGACTTTCTAACGAgcagggacttcccgaatctcggtattatcccggtaagtgtggactatattt
PCA1:Start-1188|CAD2.min:1189-End|RT:29_nt_each,gcgacaacggtttaggtgggtacgggtccccattccttatatagaaatggcTTTCAAGAATCGTATCAATGGAACCAATTGGCAACCACTTGAACTTGGAAGCGGGGAGgcagggacttcccgaatctcggtattatcccggtaagtgtggactatattt
PCA1:Start-1257|CAD2.min:1258-End|RT:29_nt_each,gcgacaacggtttaggtgggtacgggtccccattccttatatagaaatggcAGCACATTGTTCTTAGTGTTTCAGGAATGACATGCACCGGCTGCGAGACTAAGTTAAAgcagggacttcccgaatctcggtattatcccggtaagtgtggactatattt
PCA1:Start-1275|CAD2.min:1276-End|RT:29_nt_each,gcgacaacggtttaggtgggtacgggtccccattccttatatagaaatggcTTTCAGGAATGTCCTGTACTGGTTGTGAAACTAAGTTAAAGAAGAGCTTCGGTGCATTgcagggacttcccgaatctcggtattatcccggtaagtgtggactatattt
PCA1:Start-1446|CAD2.min:1447-End|RT:29_nt_each,gcgacaacggtttaggtgggtacgggtccccattccttatatagaaatggcAATTCAAGTACGAACAGATTTCAAATCATGCGAGCACCATTGACGTCGTGGCACCATAgcagggacttcccgaatctcggtattatcccggtaagtgtggactatattt
PCA1:Start-1467|CAD2.min:1468-End|RT:29_nt_each,gcgacaacggtttaggtgggtacgggtccccattccttatatagaaatggcCAAATCATGGTTCAACTATAGATGTTGTTGCACCATACGCTGCTAAGGACTTCATCAAgcagggacttcccgaatctcggtattatcccggtaagtgtggactatattt
PCA1:Start-1545|CAD2.min:1546-End|RT:29_nt_each,gcgacaacggtttaggtgggtacgggtccccattccttatatagaaatggcTCACAGAGCTGAAAATTGTTGAGAGAAATGTTATCAGAATATATTTCGATCCTAAAGTgcagggacttcccgaatctcggtattatcccggtaagtgtggactatattt
PCA1:Start-1770|CAD2.min:1771-End|RT:29_nt_each,gcgacaacggtttaggtgggtacgggtccccattccttatatagaaatggcCTCCACAGCTTCGTGAAAAAATTTCCACTATGAGTGTAAGCATGGTCTTGGCTACAATgcagggacttcccgaatctcggtattatcccggtaagtgtggactatattt
PCA1:Start-1773|CAD2.min:1774-End|RT:29_nt_each,gcgacaacggtttaggtgggtacgggtccccattccttatatagaaatggcCACAGCTTCGTGAAAAAATTTCCACTATCAGTGTAAGCATGGTCTTGGCTACAATAATgcagggacttcccgaatctcggtattatcccggtaagtgtggactatattt
PCA1:Start-1944|CAD2.min:1945-End|RT:29_nt_each,gcgacaacggtttaggtgggtacgggtccccattccttatatagaaatggcTTTCGATTGTATCATTTGGATATTTCGTTGCCGGGCATCCCCTTAGCACAGAACAATTgcagggacttcccgaatctcggtattatcccggtaagtgtggactatattt
PCA1:Start-1947|CAD2.min:1948-End|RT:29_nt_each,gcgacaacggtttaggtgggtacgggtccccattccttatatagaaatggcCGATTGTATCATTTGGATATTTCGTTGTTGGGCATCCCCTTAGCACAGAACAATTCTTgcagggacttcccgaatctcggtattatcccggtaagtgtggactatattt
PCA1:Start-2127|CAD2.min:2128-End|RT:29_nt_each,gcgacaacggtttaggtgggtacgggtccccattccttatatagaaatggcTGGATAAAACTGGTAAAGAGACGGAAATTGACATCCGTTTGTTACAGTACGGTGACATgcagggacttcccgaatctcggtattatcccggtaagtgtggactatattt
PCA1:Start-2163|CAD2.min:2164-End|RT:29_nt_each,gcgacaacggtttaggtgggtacgggtccccattccttatatagaaatggcGACTTCTCCAATATGGCGATATTTTTAAGATCCTCCCCGACAGCCGTATTCCTACAGAgcagggacttcccgaatctcggtattatcccggtaagtgtggactatattt
PCA1:Start-2505|CAD2.min:2506-End|RT:29_nt_each,gcgacaacggtttaggtgggtacgggtccccattccttatatagaaatggcGCGTTTGGATAGCGGTTGGAATCCGTGTGCAGAAACAGAGTAGAAGTGACGCTGTTATgcagggacttcccgaatctcggtattatcccggtaagtgtggactatattt
PCA1:Start-2583|CAD2.min:2584-End|RT:29_nt_each,gcgacaacggtttaggtgggtacgggtccccattccttatatagaaatggcTTACGGTACTTATCGTTTCGTGTCCCTGCGCTATCGGTTTGGCTGTACCCATAGTTTTgcagggacttcccgaatctcggtattatcccggtaagtgtggactatattt
PCA1:Start-2907|CAD2.min:2908-End|RT:29_nt_each,gcgacaacggtttaggtgggtacgggtccccattccttatatagaaatggcTTTCTAATACAAAAGCTGTGACTGGTAAGGGAGTGGAGGGTACGAGTTATAGCGGCCTgcagggacttcccgaatctcggtattatcccggtaagtgtggactatattt
PCA1:Start-3339|CAD2.min:3340-End|RT:29_nt_each,gcgacaacggtttaggtgggtacgggtccccattccttatatagaaatggcTTTGCGGTGACGGAACAAACGACGCAATTGCCCTTACCCAGGCCACTATCGGTGTGCAgcagggacttcccgaatctcggtattatcccggtaagtgtggactatattt
PCA1:Start-3624|CAD2.min:3625-End|RT:29_nt_each,gcgacaacggtttaggtgggtacgggtccccattccttatatagaaatggcTTAGTATCCTCCCTGTAATTTTTGTAGCTACTTTATTAAGGTACGCTAAAGTGTGATCgcagggacttcccgaatctcggtattatcccggtaagtgtggactatattt
PCA1:Start-3645|CAD2.min:3646-End|RT:29_nt_each,gcgacaacggtttaggtgggtacgggtccccattccttatatagaaatggcTTGTAGCTATACTTCTGCGTTATGCAAAGGTGTGATCCAGGTACTGCTGCTATTTGATgcagggacttcccgaatctcggtattatcccggtaagtgtggactatattt
PCA1:Start-3648|CAD2.min:3649-End|RT:29_nt_each,gcgacaacggtttaggtgggtacgggtccccattccttatatagaaatggcTAGCTATACTTCTGCGTTATGCAAAGATTTGATCCAGGTACTGCTGCTATTTGATTGTgcagggacttcccgaatctcggtattatcccggtaagtgtggactatattt
PCA1:Start-114|CAD2.min:115-End|RT:34_nt_each,gcgacaacggtttaggtgggtacgggtccccattccttatatagaaAGATGCTATGCAAGATAATAGAGGCGAGTGTCATTTACGTAGTATCGAGCGACACGCCAACGATAACTgacttcccgaatctcggtattatcccggtaagtgtggactatattt
PCA1:Start-129|CAD2.min:130-End|RT:34_nt_each,gcgacaacggtttaggtgggtacgggtccccattccttatatagaaTAATAGAGGCGAGTGTCATCGTAGATCCATAGAACGACACGCCAACGATAACTTAGGTCTCGTTAGTCgacttcccgaatctcggtattatcccggtaagtgtggactatattt
PCA1:Start-426|CAD2.min:427-End|RT:34_nt_each,gcgacaacggtttaggtgggtacgggtccccattccttatatagaaAGGTGGTGACCACACCAATGAATCCTGTGTTGATGAGTGTTGTGTACGTGACAGCAGCGTCATGGTTGgacttcccgaatctcggtattatcccggtaagtgtggactatattt
PCA1:Start-465|CAD2.min:466-End|RT:34_nt_each,gcgacaacggtttaggtgggtacgggtccccattccttatatagaaCTGCGTTAGAGATTCTTCAGTGATGGTCGAGGAAGGAACCGGTTCTTGTGAGGCGGTTAGCAGCAAGGgacttcccgaatctcggtattatcccggtaagtgtggactatattt
PCA1:Start-627|CAD2.min:628-End|RT:34_nt_each,gcgacaacggtttaggtgggtacgggtccccattccttatatagaaTTCCAACCAACACACAGGGAAGGGTAGGCTTTGCCTAGAGAGTTCCGATAGCACTTTAAAGAAGCGTCgacttcccgaatctcggtattatcccggtaagtgtggactatattt
PCA1:Start-660|CAD2.min:661-End|RT:34_nt_each,gcgacaacggtttaggtgggtacgggtccccattccttatatagaaCATCGAATCAAGTGACTCTACACTCAAGAAAAGACGATGCAAGGTATCGCGTCAAAAGATAGAAGTAAgacttcccgaatctcggtattatcccggtaagtgtggactatattt
PCA1:Start-774|CAD2.min:775-End|RT:34_nt_each,gcgacaacggtttaggtgggtacgggtccccattccttatatagaaATCTCGTAGCTGTGAAAAGAGGACTTTTAAAGGTACTACGAACGTCGGTATCAGCGGTTCATCAAGCAgacttcccgaatctcggtattatcccggtaagtgtggactatattt
PCA1:Start-1032|CAD2.min:1033-End|RT:34_nt_each,gcgacaacggtttaggtgggtacgggtccccattccttatatagaaCAACAGTTCTGGATGTTTAACAAAGAAAAAGACCTACGGTGATAAGGAGCGACTTTCTAACGATAACGgacttcccgaatctcggtattatcccggtaagtgtggactatattt
PCA1:Start-1188|CAD2.min:1189-End|RT:34_nt_each,gcgacaacggtttaggtgggtacgggtccccattccttatatagaaTGAAATTTCAAGAATCGTATCAATGGAACCAATTGGCAACCACTTGAACTTGGAAGCGGGGAGCACTGgacttcccgaatctcggtattatcccggtaagtgtggactatattt
PCA1:Start-1257|CAD2.min:1258-End|RT:34_nt_each,gcgacaacggtttaggtgggtacgggtccccattccttatatagaaTACCGAGCACATTGTTCTTAGTGTTTCAGGAATGACATGCACCGGCTGCGAGACTAAGTTAAAGAAGAgacttcccgaatctcggtattatcccggtaagtgtggactatattt
PCA1:Start-1275|CAD2.min:1276-End|RT:34_nt_each,gcgacaacggtttaggtgggtacgggtccccattccttatatagaaTAGTGTTTCAGGAATGTCCTGTACTGGTTGTGAAACTAAGTTAAAGAAGAGCTTCGGTGCATTGAAGTgacttcccgaatctcggtattatcccggtaagtgtggactatattt
PCA1:Start-1446|CAD2.min:1447-End|RT:34_nt_each,gcgacaacggtttaggtgggtacgggtccccattccttatatagaaTACTGAATTCAAGTACGAACAGATTTCAAATCATGCGAGCACCATTGACGTCGTGGCACCATACGCTGgacttcccgaatctcggtattatcccggtaagtgtggactatattt
PCA1:Start-1467|CAD2.min:1468-End|RT:34_nt_each,gcgacaacggtttaggtgggtacgggtccccattccttatatagaaGATTTCAAATCATGGTTCAACTATAGATGTTGTTGCACCATACGCTGCTAAGGACTTCATCAACGAAGgacttcccgaatctcggtattatcccggtaagtgtggactatattt
PCA1:Start-1545|CAD2.min:1546-End|RT:34_nt_each,gcgacaacggtttaggtgggtacgggtccccattccttatatagaaAGGTGTCACAGAGCTGAAAATTGTTGAGAGAAATGTTATCAGAATATATTTCGATCCTAAAGTAATCGgacttcccgaatctcggtattatcccggtaagtgtggactatattt
PCA1:Start-1770|CAD2.min:1771-End|RT:34_nt_each,gcgacaacggtttaggtgggtacgggtccccattccttatatagaaTTGGGCTCCACAGCTTCGTGAAAAAATTTCCACTATGAGTGTAAGCATGGTCTTGGCTACAATAATCCgacttcccgaatctcggtattatcccggtaagtgtggactatattt
PCA1:Start-1773|CAD2.min:1774-End|RT:34_nt_each,gcgacaacggtttaggtgggtacgggtccccattccttatatagaaGGCTCCACAGCTTCGTGAAAAAATTTCCACTATCAGTGTAAGCATGGTCTTGGCTACAATAATCCAGTgacttcccgaatctcggtattatcccggtaagtgtggactatattt
PCA1:Start-1944|CAD2.min:1945-End|RT:34_nt_each,gcgacaacggtttaggtgggtacgggtccccattccttatatagaaCATATTTTCGATTGTATCATTTGGATATTTCGTTGCCGGGCATCCCCTTAGCACAGAACAATTCTTCGgacttcccgaatctcggtattatcccggtaagtgtggactatattt
PCA1:Start-1947|CAD2.min:1948-End|RT:34_nt_each,gcgacaacggtttaggtgggtacgggtccccattccttatatagaaATTTTCGATTGTATCATTTGGATATTTCGTTGTTGGGCATCCCCTTAGCACAGAACAATTCTTCGAGAgacttcccgaatctcggtattatcccggtaagtgtggactatattt
PCA1:Start-2127|CAD2.min:2128-End|RT:34_nt_each,gcgacaacggtttaggtgggtacgggtccccattccttatatagaaTCTGGTGGATAAAACTGGTAAAGAGACGGAAATTGACATCCGTTTGTTACAGTACGGTGACATATTCAgacttcccgaatctcggtattatcccggtaagtgtggactatattt
PCA1:Start-2163|CAD2.min:2164-End|RT:34_nt_each,gcgacaacggtttaggtgggtacgggtccccattccttatatagaaTATTAGACTTCTCCAATATGGCGATATTTTTAAGATCCTCCCCGACAGCCGTATTCCTACAGACGGTAgacttcccgaatctcggtattatcccggtaagtgtggactatattt
PCA1:Start-2505|CAD2.min:2506-End|RT:34_nt_each,gcgacaacggtttaggtgggtacgggtccccattccttatatagaaCTTTTGCGTTTGGATAGCGGTTGGAATCCGTGTGCAGAAACAGAGTAGAAGTGACGCTGTTATACAAGgacttcccgaatctcggtattatcccggtaagtgtggactatattt
PCA1:Start-2583|CAD2.min:2584-End|RT:34_nt_each,gcgacaacggtttaggtgggtacgggtccccattccttatatagaaTGCCATTACGGTACTTATCGTTTCGTGTCCCTGCGCTATCGGTTTGGCTGTACCCATAGTTTTCGTGAgacttcccgaatctcggtattatcccggtaagtgtggactatattt
PCA1:Start-2907|CAD2.min:2908-End|RT:34_nt_each,gcgacaacggtttaggtgggtacgggtccccattccttatatagaaAAATGTTTCTAATACAAAAGCTGTGACTGGTAAGGGAGTGGAGGGTACGAGTTATAGCGGCCTTAAACgacttcccgaatctcggtattatcccggtaagtgtggactatattt
PCA1:Start-3339|CAD2.min:3340-End|RT:34_nt_each,gcgacaacggtttaggtgggtacgggtccccattccttatatagaaTGTTTTTTGCGGTGACGGAACAAACGACGCAATTGCCCTTACCCAGGCCACTATCGGTGTGCACATAAgacttcccgaatctcggtattatcccggtaagtgtggactatattt
PCA1:Start-3624|CAD2.min:3625-End|RT:34_nt_each,gcgacaacggtttaggtgggtacgggtccccattccttatatagaaACTAGTTAGTATCCTCCCTGTAATTTTTGTAGCTACTTTATTAAGGTACGCTAAAGTGTGATCCAGGTgacttcccgaatctcggtattatcccggtaagtgtggactatattt
PCA1:Start-3645|CAD2.min:3646-End|RT:34_nt_each,gcgacaacggtttaggtgggtacgggtccccattccttatatagaaAATTTTTGTAGCTATACTTCTGCGTTATGCAAAGGTGTGATCCAGGTACTGCTGCTATTTGATTGTAGgacttcccgaatctcggtattatcccggtaagtgtggactatattt
PCA1:Start-3648|CAD2.min:3649-End|RT:34_nt_each,gcgacaacggtttaggtgggtacgggtccccattccttatatagaaTTTTGTAGCTATACTTCTGCGTTATGCAAAGATTTGATCCAGGTACTGCTGCTATTTGATTGTAGATTgacttcccgaatctcggtattatcccggtaagtgtggactatattt
PCA1:Start-114|CAD2.min:115-End|RT:40_nt_each,gcgacaacggtttaggtgggtacgggtccccattccttatATCAATAGATGCTATGCAAGATAATAGAGGCGAGTGTCATTTACGTAGTATCGAGCGACACGCCAACGATAACTTAGGTCccgaatctcggtattatcccggtaagtgtggactatattt
PCA1:Start-129|CAD2.min:130-End|RT:40_nt_each,gcgacaacggtttaggtgggtacgggtccccattccttatGCAAGATAATAGAGGCGAGTGTCATCGTAGATCCATAGAACGACACGCCAACGATAACTTAGGTCTCGTTAGTCAAAGGGccgaatctcggtattatcccggtaagtgtggactatattt
PCA1:Start-426|CAD2.min:427-End|RT:40_nt_each,gcgacaacggtttaggtgggtacgggtccccattccttatTCAAACAGGTGGTGACCACACCAATGAATCCTGTGTTGATGAGTGTTGTGTACGTGACAGCAGCGTCATGGTTGAAGAGGccgaatctcggtattatcccggtaagtgtggactatattt
PCA1:Start-465|CAD2.min:466-End|RT:40_nt_each,gcgacaacggtttaggtgggtacgggtccccattccttatTGGATGCTGCGTTAGAGATTCTTCAGTGATGGTCGAGGAAGGAACCGGTTCTTGTGAGGCGGTTAGCAGCAAGGAGCAGCccgaatctcggtattatcccggtaagtgtggactatattt
PCA1:Start-627|CAD2.min:628-End|RT:40_nt_each,gcgacaacggtttaggtgggtacgggtccccattccttatTACCAATTCCAACCAACACACAGGGAAGGGTAGGCTTTGCCTAGAGAGTTCCGATAGCACTTTAAAGAAGCGTCGATGCAccgaatctcggtattatcccggtaagtgtggactatattt
PCA1:Start-660|CAD2.min:661-End|RT:40_nt_each,gcgacaacggtttaggtgggtacgggtccccattccttatGCTTTGCATCGAATCAAGTGACTCTACACTCAAGAAAAGACGATGCAAGGTATCGCGTCAAAAGATAGAAGTAAGTTCAAccgaatctcggtattatcccggtaagtgtggactatattt
PCA1:Start-774|CAD2.min:775-End|RT:40_nt_each,gcgacaacggtttaggtgggtacgggtccccattccttatGATTGCATCTCGTAGCTGTGAAAAGAGGACTTTTAAAGGTACTACGAACGTCGGTATCAGCGGTTCATCAAGCACTGATTccgaatctcggtattatcccggtaagtgtggactatattt
PCA1:Start-1032|CAD2.min:1033-End|RT:40_nt_each,gcgacaacggtttaggtgggtacgggtccccattccttatCTACCGCAACAGTTCTGGATGTTTAACAAAGAAAAAGACCTACGGTGATAAGGAGCGACTTTCTAACGATAACGGTCACGccgaatctcggtattatcccggtaagtgtggactatattt
PCA1:Start-1188|CAD2.min:1189-End|RT:40_nt_each,gcgacaacggtttaggtgggtacgggtccccattccttatTTCGAGTGAAATTTCAAGAATCGTATCAATGGAACCAATTGGCAACCACTTGAACTTGGAAGCGGGGAGCACTGGGACTGccgaatctcggtattatcccggtaagtgtggactatattt
PCA1:Start-1257|CAD2.min:1258-End|RT:40_nt_each,gcgacaacggtttaggtgggtacgggtccccattccttatTACCGGTACCGAGCACATTGTTCTTAGTGTTTCAGGAATGACATGCACCGGCTGCGAGACTAAGTTAAAGAAGAGCTTCGccgaatctcggtattatcccggtaagtgtggactatattt
PCA1:Start-1275|CAD2.min:1276-End|RT:40_nt_each,gcgacaacggtttaggtgggtacgggtccccattccttatTGTTCTTAGTGTTTCAGGAATGTCCTGTACTGGTTGTGAAACTAAGTTAAAGAAGAGCTTCGGTGCATTGAAGTGCGTCCccgaatctcggtattatcccggtaagtgtggactatattt
PCA1:Start-1446|CAD2.min:1447-End|RT:40_nt_each,gcgacaacggtttaggtgggtacgggtccccattccttatCAAAACTACTGAATTCAAGTACGAACAGATTTCAAATCATGCGAGCACCATTGACGTCGTGGCACCATACGCTGCTAAGGccgaatctcggtattatcccggtaagtgtggactatattt
PCA1:Start-1467|CAD2.min:1468-End|RT:40_nt_each,gcgacaacggtttaggtgggtacgggtccccattccttatCGAACAGATTTCAAATCATGGTTCAACTATAGATGTTGTTGCACCATACGCTGCTAAGGACTTCATCAACGAAGAGTGGCccgaatctcggtattatcccggtaagtgtggactatattt
PCA1:Start-1545|CAD2.min:1546-End|RT:40_nt_each,gcgacaacggtttaggtgggtacgggtccccattccttatGCCACAAGGTGTCACAGAGCTGAAAATTGTTGAGAGAAATGTTATCAGAATATATTTCGATCCTAAAGTAATCGGGGCACccgaatctcggtattatcccggtaagtgtggactatattt
PCA1:Start-1770|CAD2.min:1771-End|RT:40_nt_each,gcgacaacggtttaggtgggtacgggtccccattccttatGATGGCTTGGGCTCCACAGCTTCGTGAAAAAATTTCCACTATGAGTGTAAGCATGGTCTTGGCTACAATAATCCAGTTCGccgaatctcggtattatcccggtaagtgtggactatattt
PCA1:Start-1773|CAD2.min:1774-End|RT:40_nt_each,gcgacaacggtttaggtgggtacgggtccccattccttatGGCTTGGGCTCCACAGCTTCGTGAAAAAATTTCCACTATCAGTGTAAGCATGGTCTTGGCTACAATAATCCAGTTCGTGAccgaatctcggtattatcccggtaagtgtggactatattt
PCA1:Start-1944|CAD2.min:1945-End|RT:40_nt_each,gcgacaacggtttaggtgggtacgggtccccattccttatTGCCTACATATTTTCGATTGTATCATTTGGATATTTCGTTGCCGGGCATCCCCTTAGCACAGAACAATTCTTCGAGACTTccgaatctcggtattatcccggtaagtgtggactatattt
PCA1:Start-1947|CAD2.min:1948-End|RT:40_nt_each,gcgacaacggtttaggtgggtacgggtccccattccttatCTACATATTTTCGATTGTATCATTTGGATATTTCGTTGTTGGGCATCCCCTTAGCACAGAACAATTCTTCGAGACTTCAAccgaatctcggtattatcccggtaagtgtggactatattt
PCA1:Start-2127|CAD2.min:2128-End|RT:40_nt_each,gcgacaacggtttaggtgggtacgggtccccattccttatTGCTATTCTGGTGGATAAAACTGGTAAAGAGACGGAAATTGACATCCGTTTGTTACAGTACGGTGACATATTCAAAATCCccgaatctcggtattatcccggtaagtgtggactatattt
PCA1:Start-2163|CAD2.min:2164-End|RT:40_nt_each,gcgacaacggtttaggtgggtacgggtccccattccttatAATTAATATTAGACTTCTCCAATATGGCGATATTTTTAAGATCCTCCCCGACAGCCGTATTCCTACAGACGGTACCGTTAccgaatctcggtattatcccggtaagtgtggactatattt
PCA1:Start-2505|CAD2.min:2506-End|RT:40_nt_each,gcgacaacggtttaggtgggtacgggtccccattccttatCGTCACCTTTTGCGTTTGGATAGCGGTTGGAATCCGTGTGCAGAAACAGAGTAGAAGTGACGCTGTTATACAAGCTATCAccgaatctcggtattatcccggtaagtgtggactatattt
PCA1:Start-2583|CAD2.min:2584-End|RT:40_nt_each,gcgacaacggtttaggtgggtacgggtccccattccttatTATATATGCCATTACGGTACTTATCGTTTCGTGTCCCTGCGCTATCGGTTTGGCTGTACCCATAGTTTTCGTGATCGCTTccgaatctcggtattatcccggtaagtgtggactatattt
PCA1:Start-2907|CAD2.min:2908-End|RT:40_nt_each,gcgacaacggtttaggtgggtacgggtccccattccttatTGCTCAAAATGTTTCTAATACAAAAGCTGTGACTGGTAAGGGAGTGGAGGGTACGAGTTATAGCGGCCTTAAACTTCAGGccgaatctcggtattatcccggtaagtgtggactatattt
PCA1:Start-3339|CAD2.min:3340-End|RT:40_nt_each,gcgacaacggtttaggtgggtacgggtccccattccttatGGTTGTTGTTTTTTGCGGTGACGGAACAAACGACGCAATTGCCCTTACCCAGGCCACTATCGGTGTGCACATAAACGAAGccgaatctcggtattatcccggtaagtgtggactatattt
PCA1:Start-3624|CAD2.min:3625-End|RT:40_nt_each,gcgacaacggtttaggtgggtacgggtccccattccttatAGGGGAACTAGTTAGTATCCTCCCTGTAATTTTTGTAGCTACTTTATTAAGGTACGCTAAAGTGTGATCCAGGTACTGCTccgaatctcggtattatcccggtaagtgtggactatattt
PCA1:Start-3645|CAD2.min:3646-End|RT:40_nt_each,gcgacaacggtttaggtgggtacgggtccccattccttatCCCTGTAATTTTTGTAGCTATACTTCTGCGTTATGCAAAGGTGTGATCCAGGTACTGCTGCTATTTGATTGTAGATTTTCccgaatctcggtattatcccggtaagtgtggactatattt
PCA1:Start-3648|CAD2.min:3649-End|RT:40_nt_each,gcgacaacggtttaggtgggtacgggtccccattccttatTGTAATTTTTGTAGCTATACTTCTGCGTTATGCAAAGATTTGATCCAGGTACTGCTGCTATTTGATTGTAGATTTTCTTTccgaatctcggtattatcccggtaagtgtggactatattt
PCA1:Start-114|CAD2.min:115-End|RT:47_nt_each,gcgacaacggtttaggtgggtacgggtccccatAGAACATATCAATAGATGCTATGCAAGATAATAGAGGCGAGTGTCATTTACGTAGTATCGAGCGACACGCCAACGATAACTTAGGTCTCGTTAGtcggtattatcccggtaagtgtggactatattt
PCA1:Start-129|CAD2.min:130-End|RT:47_nt_each,gcgacaacggtttaggtgggtacgggtccccatATGCTATGCAAGATAATAGAGGCGAGTGTCATCGTAGATCCATAGAACGACACGCCAACGATAACTTAGGTCTCGTTAGTCAAAGGGATTGCACtcggtattatcccggtaagtgtggactatattt
PCA1:Start-426|CAD2.min:427-End|RT:47_nt_each,gcgacaacggtttaggtgggtacgggtccccatGCGATGCTCAAACAGGTGGTGACCACACCAATGAATCCTGTGTTGATGAGTGTTGTGTACGTGACAGCAGCGTCATGGTTGAAGAGGGAACCGGtcggtattatcccggtaagtgtggactatattt
PCA1:Start-465|CAD2.min:466-End|RT:47_nt_each,gcgacaacggtttaggtgggtacgggtccccatGTGTTGATGGATGCTGCGTTAGAGATTCTTCAGTGATGGTCGAGGAAGGAACCGGTTCTTGTGAGGCGGTTAGCAGCAAGGAGCAGCTTTTAACtcggtattatcccggtaagtgtggactatattt
PCA1:Start-627|CAD2.min:628-End|RT:47_nt_each,gcgacaacggtttaggtgggtacgggtccccatGCTGCAATACCAATTCCAACCAACACACAGGGAAGGGTAGGCTTTGCCTAGAGAGTTCCGATAGCACTTTAAAGAAGCGTCGATGCAAGGTATCtcggtattatcccggtaagtgtggactatattt
PCA1:Start-660|CAD2.min:661-End|RT:47_nt_each,gcgacaacggtttaggtgggtacgggtccccatAGGGTAGGCTTTGCATCGAATCAAGTGACTCTACACTCAAGAAAAGACGATGCAAGGTATCGCGTCAAAAGATAGAAGTAAGTTCAAAACCAGAtcggtattatcccggtaagtgtggactatattt
PCA1:Start-774|CAD2.min:775-End|RT:47_nt_each,gcgacaacggtttaggtgggtacgggtccccatTTGAGCGGATTGCATCTCGTAGCTGTGAAAAGAGGACTTTTAAAGGTACTACGAACGTCGGTATCAGCGGTTCATCAAGCACTGATTCACTTTCtcggtattatcccggtaagtgtggactatattt
PCA1:Start-1032|CAD2.min:1033-End|RT:47_nt_each,gcgacaacggtttaggtgggtacgggtccccatAATACTCCTACCGCAACAGTTCTGGATGTTTAACAAAGAAAAAGACCTACGGTGATAAGGAGCGACTTTCTAACGATAACGGTCACGCAGACTTtcggtattatcccggtaagtgtggactatattt
PCA1:Start-1188|CAD2.min:1189-End|RT:47_nt_each,gcgacaacggtttaggtgggtacgggtccccatGACACTCTTCGAGTGAAATTTCAAGAATCGTATCAATGGAACCAATTGGCAACCACTTGAACTTGGAAGCGGGGAGCACTGGGACTGAACATATtcggtattatcccggtaagtgtggactatattt
PCA1:Start-1257|CAD2.min:1258-End|RT:47_nt_each,gcgacaacggtttaggtgggtacgggtccccatCAGGATCTACCGGTACCGAGCACATTGTTCTTAGTGTTTCAGGAATGACATGCACCGGCTGCGAGACTAAGTTAAAGAAGAGCTTCGGTGCATTtcggtattatcccggtaagtgtggactatattt
PCA1:Start-1275|CAD2.min:1276-End|RT:47_nt_each,gcgacaacggtttaggtgggtacgggtccccatAGCACATTGTTCTTAGTGTTTCAGGAATGTCCTGTACTGGTTGTGAAACTAAGTTAAAGAAGAGCTTCGGTGCATTGAAGTGCGTCCATGGGCTtcggtattatcccggtaagtgtggactatattt
PCA1:Start-1446|CAD2.min:1447-End|RT:47_nt_each,gcgacaacggtttaggtgggtacgggtccccatACTTGAGCAAAACTACTGAATTCAAGTACGAACAGATTTCAAATCATGCGAGCACCATTGACGTCGTGGCACCATACGCTGCTAAGGACTTCATtcggtattatcccggtaagtgtggactatattt
PCA1:Start-1467|CAD2.min:1468-End|RT:47_nt_each,gcgacaacggtttaggtgggtacgggtccccatTCAAGTACGAACAGATTTCAAATCATGGTTCAACTATAGATGTTGTTGCACCATACGCTGCTAAGGACTTCATCAACGAAGAGTGGCCCCAGGGtcggtattatcccggtaagtgtggactatattt
PCA1:Start-1545|CAD2.min:1546-End|RT:47_nt_each,gcgacaacggtttaggtgggtacgggtccccatAGGAATGGCCACAAGGTGTCACAGAGCTGAAAATTGTTGAGAGAAATGTTATCAGAATATATTTCGATCCTAAAGTAATCGGGGCACGGGACTTtcggtattatcccggtaagtgtggactatattt
PCA1:Start-1770|CAD2.min:1771-End|RT:47_nt_each,gcgacaacggtttaggtgggtacgggtccccatTTCTCGTGATGGCTTGGGCTCCACAGCTTCGTGAAAAAATTTCCACTATGAGTGTAAGCATGGTCTTGGCTACAATAATCCAGTTCGTGATCGCtcggtattatcccggtaagtgtggactatattt
PCA1:Start-1773|CAD2.min:1774-End|RT:47_nt_each,gcgacaacggtttaggtgggtacgggtccccatTCGTGATGGCTTGGGCTCCACAGCTTCGTGAAAAAATTTCCACTATCAGTGTAAGCATGGTCTTGGCTACAATAATCCAGTTCGTGATCGCGGGtcggtattatcccggtaagtgtggactatattt
PCA1:Start-1944|CAD2.min:1945-End|RT:47_nt_each,gcgacaacggtttaggtgggtacgggtccccatCTAGCGCTGCCTACATATTTTCGATTGTATCATTTGGATATTTCGTTGCCGGGCATCCCCTTAGCACAGAACAATTCTTCGAGACTTCAAGCCTtcggtattatcccggtaagtgtggactatattt
PCA1:Start-1947|CAD2.min:1948-End|RT:47_nt_each,gcgacaacggtttaggtgggtacgggtccccatGCGCTGCCTACATATTTTCGATTGTATCATTTGGATATTTCGTTGTTGGGCATCCCCTTAGCACAGAACAATTCTTCGAGACTTCAAGCCTTTTtcggtattatcccggtaagtgtggactatattt
PCA1:Start-2127|CAD2.min:2128-End|RT:47_nt_each,gcgacaacggtttaggtgggtacgggtccccatCCTCTTCTGCTATTCTGGTGGATAAAACTGGTAAAGAGACGGAAATTGACATCCGTTTGTTACAGTACGGTGACATATTCAAAATCCTCCCCGAtcggtattatcccggtaagtgtggactatattt
PCA1:Start-2163|CAD2.min:2164-End|RT:47_nt_each,gcgacaacggtttaggtgggtacgggtccccatAGACGGAAATTAATATTAGACTTCTCCAATATGGCGATATTTTTAAGATCCTCCCCGACAGCCGTATTCCTACAGACGGTACCGTTATCAGCGGtcggtattatcccggtaagtgtggactatattt
PCA1:Start-2505|CAD2.min:2506-End|RT:47_nt_each,gcgacaacggtttaggtgggtacgggtccccatTCACTGTCGTCACCTTTTGCGTTTGGATAGCGGTTGGAATCCGTGTGCAGAAACAGAGTAGAAGTGACGCTGTTATACAAGCTATCATCTACGCtcggtattatcccggtaagtgtggactatattt
PCA1:Start-2583|CAD2.min:2584-End|RT:47_nt_each,gcgacaacggtttaggtgggtacgggtccccatAGGCCATTATATATGCCATTACGGTACTTATCGTTTCGTGTCCCTGCGCTATCGGTTTGGCTGTACCCATAGTTTTCGTGATCGCTTCCGGTGTtcggtattatcccggtaagtgtggactatattt
PCA1:Start-2907|CAD2.min:2908-End|RT:47_nt_each,gcgacaacggtttaggtgggtacgggtccccatGTGTTTCTGCTCAAAATGTTTCTAATACAAAAGCTGTGACTGGTAAGGGAGTGGAGGGTACGAGTTATAGCGGCCTTAAACTTCAGGGCGGTAAtcggtattatcccggtaagtgtggactatattt
PCA1:Start-3339|CAD2.min:3340-End|RT:47_nt_each,gcgacaacggtttaggtgggtacgggtccccatAAAGACCGGTTGTTGTTTTTTGCGGTGACGGAACAAACGACGCAATTGCCCTTACCCAGGCCACTATCGGTGTGCACATAAACGAAGGTTCAGAtcggtattatcccggtaagtgtggactatattt
PCA1:Start-3624|CAD2.min:3625-End|RT:47_nt_each,gcgacaacggtttaggtgggtacgggtccccatCGGGTTTAGGGGAACTAGTTAGTATCCTCCCTGTAATTTTTGTAGCTACTTTATTAAGGTACGCTAAAGTGTGATCCAGGTACTGCTGCTATTTtcggtattatcccggtaagtgtggactatattt
PCA1:Start-3645|CAD2.min:3646-End|RT:47_nt_each,gcgacaacggtttaggtgggtacgggtccccatGTATCCTCCCTGTAATTTTTGTAGCTATACTTCTGCGTTATGCAAAGGTGTGATCCAGGTACTGCTGCTATTTGATTGTAGATTTTCTTTTTTCtcggtattatcccggtaagtgtggactatattt
PCA1:Start-3648|CAD2.min:3649-End|RT:47_nt_each,gcgacaacggtttaggtgggtacgggtccccatTCCTCCCTGTAATTTTTGTAGCTATACTTCTGCGTTATGCAAAGATTTGATCCAGGTACTGCTGCTATTTGATTGTAGATTTTCTTTTTTCTTTtcggtattatcccggtaagtgtggactatattt
PCA1:Start-114|CAD2.min:115-End|RT:55_nt_each,gcgacaacggtttaggtgggtacggAAATAGCGAGAACATATCAATAGATGCTATGCAAGATAATAGAGGCGAGTGTCATTTACGTAGTATCGAGCGACACGCCAACGATAACTTAGGTCTCGTTAGTCAAAGGGatcccggtaagtgtggactatattt
PCA1:Start-129|CAD2.min:130-End|RT:55_nt_each,gcgacaacggtttaggtgggtacggATCAATAGATGCTATGCAAGATAATAGAGGCGAGTGTCATCGTAGATCCATAGAACGACACGCCAACGATAACTTAGGTCTCGTTAGTCAAAGGGATTGCACAAACAGACatcccggtaagtgtggactatattt
PCA1:Start-426|CAD2.min:427-End|RT:55_nt_each,gcgacaacggtttaggtgggtacggCTGTTGCGGCGATGCTCAAACAGGTGGTGACCACACCAATGAATCCTGTGTTGATGAGTGTTGTGTACGTGACAGCAGCGTCATGGTTGAAGAGGGAACCGGTTCTTGTGatcccggtaagtgtggactatattt
PCA1:Start-465|CAD2.min:466-End|RT:55_nt_each,gcgacaacggtttaggtgggtacggTGAATCCTGTGTTGATGGATGCTGCGTTAGAGATTCTTCAGTGATGGTCGAGGAAGGAACCGGTTCTTGTGAGGCGGTTAGCAGCAAGGAGCAGCTTTTAACATCGTTCGatcccggtaagtgtggactatattt
PCA1:Start-627|CAD2.min:628-End|RT:55_nt_each,gcgacaacggtttaggtgggtacggGACAACTCGCTGCAATACCAATTCCAACCAACACACAGGGAAGGGTAGGCTTTGCCTAGAGAGTTCCGATAGCACTTTAAAGAAGCGTCGATGCAAGGTATCGCGTCAAAatcccggtaagtgtggactatattt
PCA1:Start-660|CAD2.min:661-End|RT:55_nt_each,gcgacaacggtttaggtgggtacggCACAGGGAAGGGTAGGCTTTGCATCGAATCAAGTGACTCTACACTCAAGAAAAGACGATGCAAGGTATCGCGTCAAAAGATAGAAGTAAGTTCAAAACCAGAATGTTGTAatcccggtaagtgtggactatattt
PCA1:Start-774|CAD2.min:775-End|RT:55_nt_each,gcgacaacggtttaggtgggtacggTTCATGTGTTGAGCGGATTGCATCTCGTAGCTGTGAAAAGAGGACTTTTAAAGGTACTACGAACGTCGGTATCAGCGGTTCATCAAGCACTGATTCACTTTCTGAAAAGTatcccggtaagtgtggactatattt
PCA1:Start-1032|CAD2.min:1033-End|RT:55_nt_each,gcgacaacggtttaggtgggtacggAAAGACAAAATACTCCTACCGCAACAGTTCTGGATGTTTAACAAAGAAAAAGACCTACGGTGATAAGGAGCGACTTTCTAACGATAACGGTCACGCAGACTTCGTCTGCAatcccggtaagtgtggactatattt
PCA1:Start-1188|CAD2.min:1189-End|RT:55_nt_each,gcgacaacggtttaggtgggtacggTATTTCTGGACACTCTTCGAGTGAAATTTCAAGAATCGTATCAATGGAACCAATTGGCAACCACTTGAACTTGGAAGCGGGGAGCACTGGGACTGAACATATAGTGTTATatcccggtaagtgtggactatattt
PCA1:Start-1257|CAD2.min:1258-End|RT:55_nt_each,gcgacaacggtttaggtgggtacggTCTTGAGGCAGGATCTACCGGTACCGAGCACATTGTTCTTAGTGTTTCAGGAATGACATGCACCGGCTGCGAGACTAAGTTAAAGAAGAGCTTCGGTGCATTGAAGTGCGatcccggtaagtgtggactatattt
PCA1:Start-1275|CAD2.min:1276-End|RT:55_nt_each,gcgacaacggtttaggtgggtacggCGGTACCGAGCACATTGTTCTTAGTGTTTCAGGAATGTCCTGTACTGGTTGTGAAACTAAGTTAAAGAAGAGCTTCGGTGCATTGAAGTGCGTCCATGGGCTAAAGACATatcccggtaagtgtggactatattt
PCA1:Start-1446|CAD2.min:1447-End|RT:55_nt_each,gcgacaacggtttaggtgggtacggTATCAAGCACTTGAGCAAAACTACTGAATTCAAGTACGAACAGATTTCAAATCATGCGAGCACCATTGACGTCGTGGCACCATACGCTGCTAAGGACTTCATCAACGAAGatcccggtaagtgtggactatattt
PCA1:Start-1467|CAD2.min:1468-End|RT:55_nt_each,gcgacaacggtttaggtgggtacggTACTGAATTCAAGTACGAACAGATTTCAAATCATGGTTCAACTATAGATGTTGTTGCACCATACGCTGCTAAGGACTTCATCAACGAAGAGTGGCCCCAGGGCGTGACTGatcccggtaagtgtggactatattt
PCA1:Start-1545|CAD2.min:1546-End|RT:55_nt_each,gcgacaacggtttaggtgggtacggTATTAATGAGGAATGGCCACAAGGTGTCACAGAGCTGAAAATTGTTGAGAGAAATGTTATCAGAATATATTTCGATCCTAAAGTAATCGGGGCACGGGACTTAGTTAACGatcccggtaagtgtggactatattt
PCA1:Start-1770|CAD2.min:1771-End|RT:55_nt_each,gcgacaacggtttaggtgggtacggGATCCCGATTCTCGTGATGGCTTGGGCTCCACAGCTTCGTGAAAAAATTTCCACTATGAGTGTAAGCATGGTCTTGGCTACAATAATCCAGTTCGTGATCGCGGGTCCATatcccggtaagtgtggactatattt
PCA1:Start-1773|CAD2.min:1774-End|RT:55_nt_each,gcgacaacggtttaggtgggtacggCCCGATTCTCGTGATGGCTTGGGCTCCACAGCTTCGTGAAAAAATTTCCACTATCAGTGTAAGCATGGTCTTGGCTACAATAATCCAGTTCGTGATCGCGGGTCCATTCTatcccggtaagtgtggactatattt
PCA1:Start-1944|CAD2.min:1945-End|RT:55_nt_each,gcgacaacggtttaggtgggtacggTTTAAGCACTAGCGCTGCCTACATATTTTCGATTGTATCATTTGGATATTTCGTTGCCGGGCATCCCCTTAGCACAGAACAATTCTTCGAGACTTCAAGCCTTTTGGTCAatcccggtaagtgtggactatattt
PCA1:Start-1947|CAD2.min:1948-End|RT:55_nt_each,gcgacaacggtttaggtgggtacggAAGCACTAGCGCTGCCTACATATTTTCGATTGTATCATTTGGATATTTCGTTGTTGGGCATCCCCTTAGCACAGAACAATTCTTCGAGACTTCAAGCCTTTTGGTCACGTatcccggtaagtgtggactatattt
PCA1:Start-2127|CAD2.min:2128-End|RT:55_nt_each,gcgacaacggtttaggtgggtacggCTTACAGGCCTCTTCTGCTATTCTGGTGGATAAAACTGGTAAAGAGACGGAAATTGACATCCGTTTGTTACAGTACGGTGACATATTCAAAATCCTCCCCGACAGCCGTAatcccggtaagtgtggactatattt
PCA1:Start-2163|CAD2.min:2164-End|RT:55_nt_each,gcgacaacggtttaggtgggtacggTGGTAAAGAGACGGAAATTAATATTAGACTTCTCCAATATGGCGATATTTTTAAGATCCTCCCCGACAGCCGTATTCCTACAGACGGTACCGTTATCAGCGGTAGCAGCGatcccggtaagtgtggactatattt
PCA1:Start-2505|CAD2.min:2506-End|RT:55_nt_each,gcgacaacggtttaggtgggtacggCATTGGAATCACTGTCGTCACCTTTTGCGTTTGGATAGCGGTTGGAATCCGTGTGCAGAAACAGAGTAGAAGTGACGCTGTTATACAAGCTATCATCTACGCGATCACTGatcccggtaagtgtggactatattt
PCA1:Start-2583|CAD2.min:2584-End|RT:55_nt_each,gcgacaacggtttaggtgggtacggCGTAATTCAGGCCATTATATATGCCATTACGGTACTTATCGTTTCGTGTCCCTGCGCTATCGGTTTGGCTGTACCCATAGTTTTCGTGATCGCTTCCGGTGTTGCAGCAAatcccggtaagtgtggactatattt
PCA1:Start-2907|CAD2.min:2908-End|RT:55_nt_each,gcgacaacggtttaggtgggtacggAGAAAAAGGTGTTTCTGCTCAAAATGTTTCTAATACAAAAGCTGTGACTGGTAAGGGAGTGGAGGGTACGAGTTATAGCGGCCTTAAACTTCAGGGCGGTAATTGCAGATatcccggtaagtgtggactatattt
PCA1:Start-3339|CAD2.min:3340-End|RT:55_nt_each,gcgacaacggtttaggtgggtacggGCAGTCAAAAAGACCGGTTGTTGTTTTTTGCGGTGACGGAACAAACGACGCAATTGCCCTTACCCAGGCCACTATCGGTGTGCACATAAACGAAGGTTCAGAAGTCGCGAatcccggtaagtgtggactatattt
PCA1:Start-3624|CAD2.min:3625-End|RT:55_nt_each,gcgacaacggtttaggtgggtacggAGAGTATGCGGGTTTAGGGGAACTAGTTAGTATCCTCCCTGTAATTTTTGTAGCTACTTTATTAAGGTACGCTAAAGTGTGATCCAGGTACTGCTGCTATTTGATTGTAGatcccggtaagtgtggactatattt
PCA1:Start-3645|CAD2.min:3646-End|RT:55_nt_each,gcgacaacggtttaggtgggtacggACTAGTTAGTATCCTCCCTGTAATTTTTGTAGCTATACTTCTGCGTTATGCAAAGGTGTGATCCAGGTACTGCTGCTATTTGATTGTAGATTTTCTTTTTTCTTTTCTTTatcccggtaagtgtggactatattt
PCA1:Start-3648|CAD2.min:3649-End|RT:55_nt_each,gcgacaacggtttaggtgggtacggAGTTAGTATCCTCCCTGTAATTTTTGTAGCTATACTTCTGCGTTATGCAAAGATTTGATCCAGGTACTGCTGCTATTTGATTGTAGATTTTCTTTTTTCTTTTCTTTTTTatcccggtaagtgtggactatattt
PCA1:Start-114|CAD2.min:115-End|RT:64_nt_each,gcgacaacggtttaggTGGAGTGGTAAATAGCGAGAACATATCAATAGATGCTATGCAAGATAATAGAGGCGAGTGTCATTTACGTAGTATCGAGCGACACGCCAACGATAACTTAGGTCTCGTTAGTCAAAGGGATTGCACAAagtgtggactatattt
PCA1:Start-129|CAD2.min:130-End|RT:64_nt_each,gcgacaacggtttaggCGAGAACATATCAATAGATGCTATGCAAGATAATAGAGGCGAGTGTCATCGTAGATCCATAGAACGACACGCCAACGATAACTTAGGTCTCGTTAGTCAAAGGGATTGCACAAACAGACCAAAGATAAagtgtggactatattt
PCA1:Start-426|CAD2.min:427-End|RT:64_nt_each,gcgacaacggtttaggTGTGGACAGCTGTTGCGGCGATGCTCAAACAGGTGGTGACCACACCAATGAATCCTGTGTTGATGAGTGTTGTGTACGTGACAGCAGCGTCATGGTTGAAGAGGGAACCGGTTCTTGTGAGGCGGTTAagtgtggactatattt
PCA1:Start-465|CAD2.min:466-End|RT:64_nt_each,gcgacaacggtttaggCCACACCAATGAATCCTGTGTTGATGGATGCTGCGTTAGAGATTCTTCAGTGATGGTCGAGGAAGGAACCGGTTCTTGTGAGGCGGTTAGCAGCAAGGAGCAGCTTTTAACATCGTTCGAGGTAGTGCagtgtggactatattt
PCA1:Start-627|CAD2.min:628-End|RT:64_nt_each,gcgacaacggtttaggTATTAGAGAGACAACTCGCTGCAATACCAATTCCAACCAACACACAGGGAAGGGTAGGCTTTGCCTAGAGAGTTCCGATAGCACTTTAAAGAAGCGTCGATGCAAGGTATCGCGTCAAAAGATAGAAGagtgtggactatattt
PCA1:Start-660|CAD2.min:661-End|RT:64_nt_each,gcgacaacggtttaggCAACCAACACACAGGGAAGGGTAGGCTTTGCATCGAATCAAGTGACTCTACACTCAAGAAAAGACGATGCAAGGTATCGCGTCAAAAGATAGAAGTAAGTTCAAAACCAGAATGTTGTAATATAAGTTagtgtggactatattt
PCA1:Start-774|CAD2.min:775-End|RT:64_nt_each,gcgacaacggtttaggCTGCAACATTTCATGTGTTGAGCGGATTGCATCTCGTAGCTGTGAAAAGAGGACTTTTAAAGGTACTACGAACGTCGGTATCAGCGGTTCATCAAGCACTGATTCACTTTCTGAAAAGTTCTTCTCAGagtgtggactatattt
PCA1:Start-1032|CAD2.min:1033-End|RT:64_nt_each,gcgacaacggtttaggTGCTTCTAAAAAGACAAAATACTCCTACCGCAACAGTTCTGGATGTTTAACAAAGAAAAAGACCTACGGTGATAAGGAGCGACTTTCTAACGATAACGGTCACGCAGACTTCGTCTGCAGCAAGTCCTagtgtggactatattt
PCA1:Start-1188|CAD2.min:1189-End|RT:64_nt_each,gcgacaacggtttaggTACCTCAACTATTTCTGGACACTCTTCGAGTGAAATTTCAAGAATCGTATCAATGGAACCAATTGGCAACCACTTGAACTTGGAAGCGGGGAGCACTGGGACTGAACATATAGTGTTATCCGTAAGTGagtgtggactatattt
PCA1:Start-1257|CAD2.min:1258-End|RT:64_nt_each,gcgacaacggtttaggTCATCTTAATCTTGAGGCAGGATCTACCGGTACCGAGCACATTGTTCTTAGTGTTTCAGGAATGACATGCACCGGCTGCGAGACTAAGTTAAAGAAGAGCTTCGGTGCATTGAAGTGCGTCCATGGGCagtgtggactatattt
PCA1:Start-1275|CAD2.min:1276-End|RT:64_nt_each,gcgacaacggtttaggAGGATCTACCGGTACCGAGCACATTGTTCTTAGTGTTTCAGGAATGTCCTGTACTGGTTGTGAAACTAAGTTAAAGAAGAGCTTCGGTGCATTGAAGTGCGTCCATGGGCTAAAGACATCCCTTATTCagtgtggactatattt
PCA1:Start-1446|CAD2.min:1447-End|RT:64_nt_each,gcgacaacggtttaggCAAGGATGTTATCAAGCACTTGAGCAAAACTACTGAATTCAAGTACGAACAGATTTCAAATCATGCGAGCACCATTGACGTCGTGGCACCATACGCTGCTAAGGACTTCATCAACGAAGAGTGGCCCCagtgtggactatattt
PCA1:Start-1467|CAD2.min:1468-End|RT:64_nt_each,gcgacaacggtttaggGAGCAAAACTACTGAATTCAAGTACGAACAGATTTCAAATCATGGTTCAACTATAGATGTTGTTGCACCATACGCTGCTAAGGACTTCATCAACGAAGAGTGGCCCCAGGGCGTGACTGAATTAAAGAagtgtggactatattt
PCA1:Start-1545|CAD2.min:1546-End|RT:64_nt_each,gcgacaacggtttaggAAAAGATTTTATTAATGAGGAATGGCCACAAGGTGTCACAGAGCTGAAAATTGTTGAGAGAAATGTTATCAGAATATATTTCGATCCTAAAGTAATCGGGGCACGGGACTTAGTTAACGAGGGTTGGTagtgtggactatattt
PCA1:Start-1770|CAD2.min:1771-End|RT:64_nt_each,gcgacaacggtttaggAATATTGACGATCCCGATTCTCGTGATGGCTTGGGCTCCACAGCTTCGTGAAAAAATTTCCACTATGAGTGTAAGCATGGTCTTGGCTACAATAATCCAGTTCGTGATCGCGGGTCCATTCTATCTCAagtgtggactatattt
PCA1:Start-1773|CAD2.min:1774-End|RT:64_nt_each,gcgacaacggtttaggATTGACGATCCCGATTCTCGTGATGGCTTGGGCTCCACAGCTTCGTGAAAAAATTTCCACTATCAGTGTAAGCATGGTCTTGGCTACAATAATCCAGTTCGTGATCGCGGGTCCATTCTATCTCAACGagtgtggactatattt
PCA1:Start-1944|CAD2.min:1945-End|RT:64_nt_each,gcgacaacggtttaggACTAATAGTTTTAAGCACTAGCGCTGCCTACATATTTTCGATTGTATCATTTGGATATTTCGTTGCCGGGCATCCCCTTAGCACAGAACAATTCTTCGAGACTTCAAGCCTTTTGGTCACGTTGATTAagtgtggactatattt
PCA1:Start-1947|CAD2.min:1948-End|RT:64_nt_each,gcgacaacggtttaggAATAGTTTTAAGCACTAGCGCTGCCTACATATTTTCGATTGTATCATTTGGATATTTCGTTGTTGGGCATCCCCTTAGCACAGAACAATTCTTCGAGACTTCAAGCCTTTTGGTCACGTTGATTATGGagtgtggactatattt
PCA1:Start-2127|CAD2.min:2128-End|RT:64_nt_each,gcgacaacggtttaggAGTACGTTCCTTACAGGCCTCTTCTGCTATTCTGGTGGATAAAACTGGTAAAGAGACGGAAATTGACATCCGTTTGTTACAGTACGGTGACATATTCAAAATCCTCCCCGACAGCCGTATTCCTACAGagtgtggactatattt
PCA1:Start-2163|CAD2.min:2164-End|RT:64_nt_each,gcgacaacggtttaggGGATAAAACTGGTAAAGAGACGGAAATTAATATTAGACTTCTCCAATATGGCGATATTTTTAAGATCCTCCCCGACAGCCGTATTCCTACAGACGGTACCGTTATCAGCGGTAGCAGCGAGGTTGATGagtgtggactatattt
PCA1:Start-2505|CAD2.min:2506-End|RT:64_nt_each,gcgacaacggtttaggGCCAACTATCATTGGAATCACTGTCGTCACCTTTTGCGTTTGGATAGCGGTTGGAATCCGTGTGCAGAAACAGAGTAGAAGTGACGCTGTTATACAAGCTATCATCTACGCGATCACTGTGTTGATTGagtgtggactatattt
PCA1:Start-2583|CAD2.min:2584-End|RT:64_nt_each,gcgacaacggtttaggCTCCGATGCCGTAATTCAGGCCATTATATATGCCATTACGGTACTTATCGTTTCGTGTCCCTGCGCTATCGGTTTGGCTGTACCCATAGTTTTCGTGATCGCTTCCGGTGTTGCAGCAAAGCGTGGCGagtgtggactatattt
PCA1:Start-2907|CAD2.min:2908-End|RT:64_nt_each,gcgacaacggtttaggCTATCTCAAAGAAAAAGGTGTTTCTGCTCAAAATGTTTCTAATACAAAAGCTGTGACTGGTAAGGGAGTGGAGGGTACGAGTTATAGCGGCCTTAAACTTCAGGGCGGTAATTGCAGATGGTTAGGCCagtgtggactatattt
PCA1:Start-3339|CAD2.min:3340-End|RT:64_nt_each,gcgacaacggtttaggTAGTTCTTCGCAGTCAAAAAGACCGGTTGTTGTTTTTTGCGGTGACGGAACAAACGACGCAATTGCCCTTACCCAGGCCACTATCGGTGTGCACATAAACGAAGGTTCAGAAGTCGCGAAATTGGCAGagtgtggactatattt
PCA1:Start-3624|CAD2.min:3625-End|RT:64_nt_each,gcgacaacggtttaggTATTCCACCAGAGTATGCGGGTTTAGGGGAACTAGTTAGTATCCTCCCTGTAATTTTTGTAGCTACTTTATTAAGGTACGCTAAAGTGTGATCCAGGTACTGCTGCTATTTGATTGTAGATTTTCTTTagtgtggactatattt
PCA1:Start-3645|CAD2.min:3646-End|RT:64_nt_each,gcgacaacggtttaggTTTAGGGGAACTAGTTAGTATCCTCCCTGTAATTTTTGTAGCTATACTTCTGCGTTATGCAAAGGTGTGATCCAGGTACTGCTGCTATTTGATTGTAGATTTTCTTTTTTCTTTTCTTTTTTTTTTTTagtgtggactatattt
PCA1:Start-3648|CAD2.min:3649-End|RT:64_nt_each,gcgacaacggtttaggAGGGGAACTAGTTAGTATCCTCCCTGTAATTTTTGTAGCTATACTTCTGCGTTATGCAAAGATTTGATCCAGGTACTGCTGCTATTTGATTGTAGATTTTCTTTTTTCTTTTCTTTTTTTTTTTTGACagtgtggactatattt
PCA1:Start-114|CAD2.min:115-End|RT:74_nt_each,gcgacaATGGCGAGTATGGAGTGGTAAATAGCGAGAACATATCAATAGATGCTATGCAAGATAATAGAGGCGAGTGTCATTTACGTAGTATCGAGCGACACGCCAACGATAACTTAGGTCTCGTTAGTCAAAGGGATTGCACAAACAGACCAAAatattt
PCA1:Start-129|CAD2.min:130-End|RT:74_nt_each,gcgacaTGGTAAATAGCGAGAACATATCAATAGATGCTATGCAAGATAATAGAGGCGAGTGTCATCGTAGATCCATAGAACGACACGCCAACGATAACTTAGGTCTCGTTAGTCAAAGGGATTGCACAAACAGACCAAAGATAACCCCACAAGAatattt
PCA1:Start-426|CAD2.min:427-End|RT:74_nt_each,gcgacaCTGGCTTGGATGTGGACAGCTGTTGCGGCGATGCTCAAACAGGTGGTGACCACACCAATGAATCCTGTGTTGATGAGTGTTGTGTACGTGACAGCAGCGTCATGGTTGAAGAGGGAACCGGTTCTTGTGAGGCGGTTAGCAGCAAGGAatattt
PCA1:Start-465|CAD2.min:466-End|RT:74_nt_each,gcgacaCAGGTGGTGACCACACCAATGAATCCTGTGTTGATGGATGCTGCGTTAGAGATTCTTCAGTGATGGTCGAGGAAGGAACCGGTTCTTGTGAGGCGGTTAGCAGCAAGGAGCAGCTTTTAACATCGTTCGAGGTAGTGCCCTCAAAGAGatattt
PCA1:Start-627|CAD2.min:628-End|RT:74_nt_each,gcgacaCTATTCATGATATTAGAGAGACAACTCGCTGCAATACCAATTCCAACCAACACACAGGGAAGGGTAGGCTTTGCCTAGAGAGTTCCGATAGCACTTTAAAGAAGCGTCGATGCAAGGTATCGCGTCAAAAGATAGAAGTAAGTTCAAAatattt
PCA1:Start-660|CAD2.min:661-End|RT:74_nt_each,gcgacaATACCAATTCCAACCAACACACAGGGAAGGGTAGGCTTTGCATCGAATCAAGTGACTCTACACTCAAGAAAAGACGATGCAAGGTATCGCGTCAAAAGATAGAAGTAAGTTCAAAACCAGAATGTTGTAATATAAGTTGCGTGGAAAGatattt
PCA1:Start-774|CAD2.min:775-End|RT:74_nt_each,gcgacaAGCCTGAGTGCTGCAACATTTCATGTGTTGAGCGGATTGCATCTCGTAGCTGTGAAAAGAGGACTTTTAAAGGTACTACGAACGTCGGTATCAGCGGTTCATCAAGCACTGATTCACTTTCTGAAAAGTTCTTCTCAGAGCAATATAGatattt
PCA1:Start-1032|CAD2.min:1033-End|RT:74_nt_each,gcgacaGCGGGGAGGGTGCTTCTAAAAAGACAAAATACTCCTACCGCAACAGTTCTGGATGTTTAACAAAGAAAAAGACCTACGGTGATAAGGAGCGACTTTCTAACGATAACGGTCACGCAGACTTCGTCTGCAGCAAGTCCTGCTGTACCAAatattt
PCA1:Start-1188|CAD2.min:1189-End|RT:74_nt_each,gcgacaATTGTGCTGTTACCTCAACTATTTCTGGACACTCTTCGAGTGAAATTTCAAGAATCGTATCAATGGAACCAATTGGCAACCACTTGAACTTGGAAGCGGGGAGCACTGGGACTGAACATATAGTGTTATCCGTAAGTGGTATGACATGatattt
PCA1:Start-1257|CAD2.min:1258-End|RT:74_nt_each,gcgacaCAATTGAAAATCATCTTAATCTTGAGGCAGGATCTACCGGTACCGAGCACATTGTTCTTAGTGTTTCAGGAATGACATGCACCGGCTGCGAGACTAAGTTAAAGAAGAGCTTCGGTGCATTGAAGTGCGTCCATGGGCTAAAGACATCatattt
PCA1:Start-1275|CAD2.min:1276-End|RT:74_nt_each,gcgacaATCTTGAGGCAGGATCTACCGGTACCGAGCACATTGTTCTTAGTGTTTCAGGAATGTCCTGTACTGGTTGTGAAACTAAGTTAAAGAAGAGCTTCGGTGCATTGAAGTGCGTCCATGGGCTAAAGACATCCCTTATTCTTAGCCAGGCatattt
PCA1:Start-1446|CAD2.min:1447-End|RT:74_nt_each,gcgacaAGGGATCTGTCAAGGATGTTATCAAGCACTTGAGCAAAACTACTGAATTCAAGTACGAACAGATTTCAAATCATGCGAGCACCATTGACGTCGTGGCACCATACGCTGCTAAGGACTTCATCAACGAAGAGTGGCCCCAGGGCGTGACatattt
PCA1:Start-1467|CAD2.min:1468-End|RT:74_nt_each,gcgacaTCAAGCACTTGAGCAAAACTACTGAATTCAAGTACGAACAGATTTCAAATCATGGTTCAACTATAGATGTTGTTGCACCATACGCTGCTAAGGACTTCATCAACGAAGAGTGGCCCCAGGGCGTGACTGAATTAAAGATCGTAGAACGatattt
PCA1:Start-1545|CAD2.min:1546-End|RT:74_nt_each,gcgacaCTTATGCAGCAAAAGATTTTATTAATGAGGAATGGCCACAAGGTGTCACAGAGCTGAAAATTGTTGAGAGAAATGTTATCAGAATATATTTCGATCCTAAAGTAATCGGGGCACGGGACTTAGTTAACGAGGGTTGGTCTGTTCCAGTatattt
PCA1:Start-1770|CAD2.min:1771-End|RT:74_nt_each,gcgacaCTTTATCCATAATATTGACGATCCCGATTCTCGTGATGGCTTGGGCTCCACAGCTTCGTGAAAAAATTTCCACTATGAGTGTAAGCATGGTCTTGGCTACAATAATCCAGTTCGTGATCGCGGGTCCATTCTATCTCAACGCACTTAAatattt
PCA1:Start-1773|CAD2.min:1774-End|RT:74_nt_each,gcgacaTATCCATAATATTGACGATCCCGATTCTCGTGATGGCTTGGGCTCCACAGCTTCGTGAAAAAATTTCCACTATCAGTGTAAGCATGGTCTTGGCTACAATAATCCAGTTCGTGATCGCGGGTCCATTCTATCTCAACGCACTTAAATCatattt
PCA1:Start-1944|CAD2.min:1945-End|RT:74_nt_each,gcgacaAAATGGATCTACTAATAGTTTTAAGCACTAGCGCTGCCTACATATTTTCGATTGTATCATTTGGATATTTCGTTGCCGGGCATCCCCTTAGCACAGAACAATTCTTCGAGACTTCAAGCCTTTTGGTCACGTTGATTATGGTGGGCAGatattt
PCA1:Start-1947|CAD2.min:1948-End|RT:74_nt_each,gcgacaTGGATCTACTAATAGTTTTAAGCACTAGCGCTGCCTACATATTTTCGATTGTATCATTTGGATATTTCGTTGTTGGGCATCCCCTTAGCACAGAACAATTCTTCGAGACTTCAAGCCTTTTGGTCACGTTGATTATGGTGGGCAGGTTatattt
PCA1:Start-2127|CAD2.min:2128-End|RT:74_nt_each,gcgacaAGTCAATATCAGTACGTTCCTTACAGGCCTCTTCTGCTATTCTGGTGGATAAAACTGGTAAAGAGACGGAAATTGACATCCGTTTGTTACAGTACGGTGACATATTCAAAATCCTCCCCGACAGCCGTATTCCTACAGACGGTACCGTatattt
PCA1:Start-2163|CAD2.min:2164-End|RT:74_nt_each,gcgacaCTATTCTGGTGGATAAAACTGGTAAAGAGACGGAAATTAATATTAGACTTCTCCAATATGGCGATATTTTTAAGATCCTCCCCGACAGCCGTATTCCTACAGACGGTACCGTTATCAGCGGTAGCAGCGAGGTTGATGAGGCTCTTATatattt
PCA1:Start-2505|CAD2.min:2506-End|RT:74_nt_each,gcgacaGTTATTTCGTGCCAACTATCATTGGAATCACTGTCGTCACCTTTTGCGTTTGGATAGCGGTTGGAATCCGTGTGCAGAAACAGAGTAGAAGTGACGCTGTTATACAAGCTATCATCTACGCGATCACTGTGTTGATTGTCAGCTGCCCatattt
PCA1:Start-2583|CAD2.min:2584-End|RT:74_nt_each,gcgacaAGCAATCCCGCTCCGATGCCGTAATTCAGGCCATTATATATGCCATTACGGTACTTATCGTTTCGTGTCCCTGCGCTATCGGTTTGGCTGTACCCATAGTTTTCGTGATCGCTTCCGGTGTTGCAGCAAAGCGTGGCGTGATATTTAAatattt
PCA1:Start-2907|CAD2.min:2908-End|RT:74_nt_each,gcgacaCAATAGCATCCTATCTCAAAGAAAAAGGTGTTTCTGCTCAAAATGTTTCTAATACAAAAGCTGTGACTGGTAAGGGAGTGGAGGGTACGAGTTATAGCGGCCTTAAACTTCAGGGCGGTAATTGCAGATGGTTAGGCCACAATAACGAatattt
PCA1:Start-3339|CAD2.min:3340-End|RT:74_nt_each,gcgacaGAAATTGCGATAGTTCTTCGCAGTCAAAAAGACCGGTTGTTGTTTTTTGCGGTGACGGAACAAACGACGCAATTGCCCTTACCCAGGCCACTATCGGTGTGCACATAAACGAAGGTTCAGAAGTCGCGAAATTGGCAGCAGACGTTGTatattt
PCA1:Start-3624|CAD2.min:3625-End|RT:74_nt_each,gcgacaTTGACTTTCATATTCCACCAGAGTATGCGGGTTTAGGGGAACTAGTTAGTATCCTCCCTGTAATTTTTGTAGCTACTTTATTAAGGTACGCTAAAGTGTGATCCAGGTACTGCTGCTATTTGATTGTAGATTTTCTTTTTTCTTTTCTatattt
PCA1:Start-3645|CAD2.min:3646-End|RT:74_nt_each,gcgacaAGTATGCGGGTTTAGGGGAACTAGTTAGTATCCTCCCTGTAATTTTTGTAGCTATACTTCTGCGTTATGCAAAGGTGTGATCCAGGTACTGCTGCTATTTGATTGTAGATTTTCTTTTTTCTTTTCTTTTTTTTTTTTGACGACTCTGatattt
PCA1:Start-3648|CAD2.min:3649-End|RT:74_nt_each,gcgacaATGCGGGTTTAGGGGAACTAGTTAGTATCCTCCCTGTAATTTTTGTAGCTATACTTCTGCGTTATGCAAAGATTTGATCCAGGTACTGCTGCTATTTGATTGTAGATTTTCTTTTTTCTTTTCTTTTTTTTTTTTGACGACTCTGTAAatattt
PCA1:Start-114|CAD2.min:115-End|RT:80_nt_each,CCAGCGATGGCGAGTATGGAGTGGTAAATAGCGAGAACATATCAATAGATGCTATGCAAGATAATAGAGGCGAGTGTCATTTACGTAGTATCGAGCGACACGCCAACGATAACTTAGGTCTCGTTAGTCAAAGGGATTGCACAAACAGACCAAAGATAAC
PCA1:Start-129|CAD2.min:130-End|RT:80_nt_each,ATGGAGTGGTAAATAGCGAGAACATATCAATAGATGCTATGCAAGATAATAGAGGCGAGTGTCATCGTAGATCCATAGAACGACACGCCAACGATAACTTAGGTCTCGTTAGTCAAAGGGATTGCACAAACAGACCAAAGATAACCCCACAAGAGTGCCT
PCA1:Start-426|CAD2.min:427-End|RT:80_nt_each,CTGAGACTGGCTTGGATGTGGACAGCTGTTGCGGCGATGCTCAAACAGGTGGTGACCACACCAATGAATCCTGTGTTGATGAGTGTTGTGTACGTGACAGCAGCGTCATGGTTGAAGAGGGAACCGGTTCTTGTGAGGCGGTTAGCAGCAAGGAGCAGCT
PCA1:Start-465|CAD2.min:466-End|RT:80_nt_each,CTCAAACAGGTGGTGACCACACCAATGAATCCTGTGTTGATGGATGCTGCGTTAGAGATTCTTCAGTGATGGTCGAGGAAGGAACCGGTTCTTGTGAGGCGGTTAGCAGCAAGGAGCAGCTTTTAACATCGTTCGAGGTAGTGCCCTCAAAGAGCGAGGG
PCA1:Start-627|CAD2.min:628-End|RT:80_nt_each,TGCAATCTATTCATGATATTAGAGAGACAACTCGCTGCAATACCAATTCCAACCAACACACAGGGAAGGGTAGGCTTTGCCTAGAGAGTTCCGATAGCACTTTAAAGAAGCGTCGATGCAAGGTATCGCGTCAAAAGATAGAAGTAAGTTCAAAACCAGA
PCA1:Start-660|CAD2.min:661-End|RT:80_nt_each,GCTGCAATACCAATTCCAACCAACACACAGGGAAGGGTAGGCTTTGCATCGAATCAAGTGACTCTACACTCAAGAAAAGACGATGCAAGGTATCGCGTCAAAAGATAGAAGTAAGTTCAAAACCAGAATGTTGTAATATAAGTTGCGTGGAAAGAATAGC
PCA1:Start-774|CAD2.min:775-End|RT:80_nt_each,CCAGTAAGCCTGAGTGCTGCAACATTTCATGTGTTGAGCGGATTGCATCTCGTAGCTGTGAAAAGAGGACTTTTAAAGGTACTACGAACGTCGGTATCAGCGGTTCATCAAGCACTGATTCACTTTCTGAAAAGTTCTTCTCAGAGCAATATAGCCGTAT
PCA1:Start-1032|CAD2.min:1033-End|RT:80_nt_each,TTTGTAGCGGGGAGGGTGCTTCTAAAAAGACAAAATACTCCTACCGCAACAGTTCTGGATGTTTAACAAAGAAAAAGACCTACGGTGATAAGGAGCGACTTTCTAACGATAACGGTCACGCAGACTTCGTCTGCAGCAAGTCCTGCTGTACCAAGATGAA
PCA1:Start-1188|CAD2.min:1189-End|RT:80_nt_each,TGAAGGATTGTGCTGTTACCTCAACTATTTCTGGACACTCTTCGAGTGAAATTTCAAGAATCGTATCAATGGAACCAATTGGCAACCACTTGAACTTGGAAGCGGGGAGCACTGGGACTGAACATATAGTGTTATCCGTAAGTGGTATGACATGCACCGG
PCA1:Start-1257|CAD2.min:1258-End|RT:80_nt_each,TGGAACCAATTGAAAATCATCTTAATCTTGAGGCAGGATCTACCGGTACCGAGCACATTGTTCTTAGTGTTTCAGGAATGACATGCACCGGCTGCGAGACTAAGTTAAAGAAGAGCTTCGGTGCATTGAAGTGCGTCCATGGGCTAAAGACATCCCTTAT
PCA1:Start-1275|CAD2.min:1276-End|RT:80_nt_each,ATCTTAATCTTGAGGCAGGATCTACCGGTACCGAGCACATTGTTCTTAGTGTTTCAGGAATGTCCTGTACTGGTTGTGAAACTAAGTTAAAGAAGAGCTTCGGTGCATTGAAGTGCGTCCATGGGCTAAAGACATCCCTTATTCTTAGCCAGGCAGAGTT
PCA1:Start-1446|CAD2.min:1447-End|RT:80_nt_each,TTGCTCAGGGATCTGTCAAGGATGTTATCAAGCACTTGAGCAAAACTACTGAATTCAAGTACGAACAGATTTCAAATCATGCGAGCACCATTGACGTCGTGGCACCATACGCTGCTAAGGACTTCATCAACGAAGAGTGGCCCCAGGGCGTGACTGAATT
PCA1:Start-1467|CAD2.min:1468-End|RT:80_nt_each,ATGTTATCAAGCACTTGAGCAAAACTACTGAATTCAAGTACGAACAGATTTCAAATCATGGTTCAACTATAGATGTTGTTGCACCATACGCTGCTAAGGACTTCATCAACGAAGAGTGGCCCCAGGGCGTGACTGAATTAAAGATCGTAGAACGCAACGT
PCA1:Start-1545|CAD2.min:1546-End|RT:80_nt_each,TTGTTCCTTATGCAGCAAAAGATTTTATTAATGAGGAATGGCCACAAGGTGTCACAGAGCTGAAAATTGTTGAGAGAAATGTTATCAGAATATATTTCGATCCTAAAGTAATCGGGGCACGGGACTTAGTTAACGAGGGTTGGTCTGTTCCAGTATCAAT
PCA1:Start-1770|CAD2.min:1771-End|RT:80_nt_each,CGACCGCTTTATCCATAATATTGACGATCCCGATTCTCGTGATGGCTTGGGCTCCACAGCTTCGTGAAAAAATTTCCACTATGAGTGTAAGCATGGTCTTGGCTACAATAATCCAGTTCGTGATCGCGGGTCCATTCTATCTCAACGCACTTAAATCACT
PCA1:Start-1773|CAD2.min:1774-End|RT:80_nt_each,CCGCTTTATCCATAATATTGACGATCCCGATTCTCGTGATGGCTTGGGCTCCACAGCTTCGTGAAAAAATTTCCACTATCAGTGTAAGCATGGTCTTGGCTACAATAATCCAGTTCGTGATCGCGGGTCCATTCTATCTCAACGCACTTAAATCACTAAT
PCA1:Start-1944|CAD2.min:1945-End|RT:80_nt_each,TCATTGAAATGGATCTACTAATAGTTTTAAGCACTAGCGCTGCCTACATATTTTCGATTGTATCATTTGGATATTTCGTTGCCGGGCATCCCCTTAGCACAGAACAATTCTTCGAGACTTCAAGCCTTTTGGTCACGTTGATTATGGTGGGCAGGTTCGT
PCA1:Start-1947|CAD2.min:1948-End|RT:80_nt_each,TTGAAATGGATCTACTAATAGTTTTAAGCACTAGCGCTGCCTACATATTTTCGATTGTATCATTTGGATATTTCGTTGTTGGGCATCCCCTTAGCACAGAACAATTCTTCGAGACTTCAAGCCTTTTGGTCACGTTGATTATGGTGGGCAGGTTCGTCTC
PCA1:Start-2127|CAD2.min:2128-End|RT:80_nt_each,CTGTAAAGTCAATATCAGTACGTTCCTTACAGGCCTCTTCTGCTATTCTGGTGGATAAAACTGGTAAAGAGACGGAAATTGACATCCGTTTGTTACAGTACGGTGACATATTCAAAATCCTCCCCGACAGCCGTATTCCTACAGACGGTACCGTTATCAG
PCA1:Start-2163|CAD2.min:2164-End|RT:80_nt_each,CTTCTGCTATTCTGGTGGATAAAACTGGTAAAGAGACGGAAATTAATATTAGACTTCTCCAATATGGCGATATTTTTAAGATCCTCCCCGACAGCCGTATTCCTACAGACGGTACCGTTATCAGCGGTAGCAGCGAGGTTGATGAGGCTCTTATTACTGG
PCA1:Start-2505|CAD2.min:2506-End|RT:80_nt_each,TTGCAAGTTATTTCGTGCCAACTATCATTGGAATCACTGTCGTCACCTTTTGCGTTTGGATAGCGGTTGGAATCCGTGTGCAGAAACAGAGTAGAAGTGACGCTGTTATACAAGCTATCATCTACGCGATCACTGTGTTGATTGTCAGCTGCCCATGTGC
PCA1:Start-2583|CAD2.min:2584-End|RT:80_nt_each,TGGAAAAGCAATCCCGCTCCGATGCCGTAATTCAGGCCATTATATATGCCATTACGGTACTTATCGTTTCGTGTCCCTGCGCTATCGGTTTGGCTGTACCCATAGTTTTCGTGATCGCTTCCGGTGTTGCAGCAAAGCGTGGCGTGATATTTAAGAGCGC
PCA1:Start-2907|CAD2.min:2908-End|RT:80_nt_each,CCATGGCAATAGCATCCTATCTCAAAGAAAAAGGTGTTTCTGCTCAAAATGTTTCTAATACAAAAGCTGTGACTGGTAAGGGAGTGGAGGGTACGAGTTATAGCGGCCTTAAACTTCAGGGCGGTAATTGCAGATGGTTAGGCCACAATAACGACCCAGA
PCA1:Start-3339|CAD2.min:3340-End|RT:80_nt_each,AAGGAAGAAATTGCGATAGTTCTTCGCAGTCAAAAAGACCGGTTGTTGTTTTTTGCGGTGACGGAACAAACGACGCAATTGCCCTTACCCAGGCCACTATCGGTGTGCACATAAACGAAGGTTCAGAAGTCGCGAAATTGGCAGCAGACGTTGTAATGCT
PCA1:Start-3624|CAD2.min:3625-End|RT:80_nt_each,CCTTTGTTGACTTTCATATTCCACCAGAGTATGCGGGTTTAGGGGAACTAGTTAGTATCCTCCCTGTAATTTTTGTAGCTACTTTATTAAGGTACGCTAAAGTGTGATCCAGGTACTGCTGCTATTTGATTGTAGATTTTCTTTTTTCTTTTCTTTTTTT
PCA1:Start-3645|CAD2.min:3646-End|RT:80_nt_each,CACCAGAGTATGCGGGTTTAGGGGAACTAGTTAGTATCCTCCCTGTAATTTTTGTAGCTATACTTCTGCGTTATGCAAAGGTGTGATCCAGGTACTGCTGCTATTTGATTGTAGATTTTCTTTTTTCTTTTCTTTTTTTTTTTTGACGACTCTGTAATAC
PCA1:Start-3648|CAD2.min:3649-End|RT:80_nt_each,CAGAGTATGCGGGTTTAGGGGAACTAGTTAGTATCCTCCCTGTAATTTTTGTAGCTATACTTCTGCGTTATGCAAAGATTTGATCCAGGTACTGCTGCTATTTGATTGTAGATTTTCTTTTTTCTTTTCTTTTTTTTTTTTGACGACTCTGTAATACTCT