>PCA1:Start-114|CAD2.low:115-End|RT:20_nt_each,gcgacaacggtttaggtgggtacgggtccccattccttatatagaaatggcatgttagatATAATAGAGGCGAGTGTCATCTGCGGTCAATCGAGCGACAtagctaagcgcagggacttcccgaatctcggtattatcccggtaagtgtggactatattt
PCA1:Start-129|CAD2.low:130-End|RT:20_nt_each,gcgacaacggtttaggtgggtacgggtccccattccttatatagaaatggcatgttagatGTCATCGTAGATCCATAGAACGACACGCAAACGATAATTTtagctaagcgcagggacttcccgaatctcggtattatcccggtaagtgtggactatattt
PCA1:Start-426|CAD2.low:427-End|RT:20_nt_each,gcgacaacggtttaggtgggtacgggtccccattccttatatagaaatggcatgttagatCCAATGAATCCTGTGTTGATGAATGTTGTGTCCGAGATTCtagctaagcgcagggacttcccgaatctcggtattatcccggtaagtgtggactatattt
PCA1:Start-465|CAD2.low:466-End|RT:20_nt_each,gcgacaacggtttaggtgggtacgggtccccattccttatatagaaatggcatgttagatCTTCAGTGATGGTCGAGGAAGGAACAGGTTCTTGTGAAGCtagctaagcgcagggacttcccgaatctcggtattatcccggtaagtgtggactatattt
PCA1:Start-627|CAD2.low:628-End|RT:20_nt_each,gcgacaacggtttaggtgggtacgggtccccattccttatatagaaatggcatgttagatCAGGGAAGGGTAGGCTTTGCCTTGAGAGCAGTGATAGCACtagctaagcgcagggacttcccgaatctcggtattatcccggtaagtgtggactatattt
PCA1:Start-660|CAD2.low:661-End|RT:20_nt_each,gcgacaacggtttaggtgggtacgggtccccattccttatatagaaatggcatgttagatACTCTACACTCAAGAAAAGAAGATGTAAGGTTTCTCGCCAtagctaagcgcagggacttcccgaatctcggtattatcccggtaagtgtggactatattt
PCA1:Start-774|CAD2.low:775-End|RT:20_nt_each,gcgacaacggtttaggtgggtacgggtccccattccttatatagaaatggcatgttagatAAAAGAGGACTTTTAAAGGTACTACAAACGTTGGCATCAGtagctaagcgcagggacttcccgaatctcggtattatcccggtaagtgtggactatattt
PCA1:Start-1032|CAD2.low:1033-End|RT:20_nt_each,gcgacaacggtttaggtgggtacgggtccccattccttatatagaaatggcatgttagatGTTTAACAAAGAAAAAGACCTACGGGGATAAGGAAAGACTtagctaagcgcagggacttcccgaatctcggtattatcccggtaagtgtggactatattt
PCA1:Start-1188|CAD2.low:1189-End|RT:20_nt_each,gcgacaacggtttaggtgggtacgggtccccattccttatatagaaatggcatgttagatTCGTATCAATGGAACCAATTGGGAATCATTTGAACTTGGAtagctaagcgcagggacttcccgaatctcggtattatcccggtaagtgtggactatattt
PCA1:Start-1257|CAD2.low:1258-End|RT:20_nt_each,gcgacaacggtttaggtgggtacgggtccccattccttatatagaaatggcatgttagatTTCTTAGTGTTTCAGGAATGACCTGTACTGGATGCGAGACtagctaagcgcagggacttcccgaatctcggtattatcccggtaagtgtggactatattt
PCA1:Start-1275|CAD2.low:1276-End|RT:20_nt_each,gcgacaacggtttaggtgggtacgggtccccattccttatatagaaatggcatgttagatTGTCCTGTACTGGTTGTGAAACTAAACTAAAGAAGAGCTTtagctaagcgcagggacttcccgaatctcggtattatcccggtaagtgtggactatattt
PCA1:Start-1446|CAD2.low:1447-End|RT:20_nt_each,gcgacaacggtttaggtgggtacgggtccccattccttatatagaaatggcatgttagatACGAACAGATTTCAAATCATGCCTCTACAATTGATGTGGTtagctaagcgcagggacttcccgaatctcggtattatcccggtaagtgtggactatattt
PCA1:Start-1467|CAD2.low:1468-End|RT:20_nt_each,gcgacaacggtttaggtgggtacgggtccccattccttatatagaaatggcatgttagatGTTCAACTATAGATGTTGTTGCGCCCTACGCAGCTAAAGAtagctaagcgcagggacttcccgaatctcggtattatcccggtaagtgtggactatattt
PCA1:Start-1545|CAD2.low:1546-End|RT:20_nt_each,gcgacaacggtttaggtgggtacgggtccccattccttatatagaaatggcatgttagatTGAAAATTGTTGAGAGAAATGTTATCAGGATCTATTTCGAtagctaagcgcagggacttcccgaatctcggtattatcccggtaagtgtggactatattt
PCA1:Start-1770|CAD2.low:1771-End|RT:20_nt_each,gcgacaacggtttaggtgggtacgggtccccattccttatatagaaatggcatgttagatTTCGTGAAAAAATTTCCACTATGAGTGTGTCAATGGTACTtagctaagcgcagggacttcccgaatctcggtattatcccggtaagtgtggactatattt
PCA1:Start-1773|CAD2.low:1774-End|RT:20_nt_each,gcgacaacggtttaggtgggtacgggtccccattccttatatagaaatggcatgttagatGTGAAAAAATTTCCACTATCAGTGTGTCAATGGTACTAGCtagctaagcgcagggacttcccgaatctcggtattatcccggtaagtgtggactatattt
PCA1:Start-1944|CAD2.low:1945-End|RT:20_nt_each,gcgacaacggtttaggtgggtacgggtccccattccttatatagaaatggcatgttagatTATCATTTGGATATTTCGTTGCCGGTCATCCCCTGAGTACtagctaagcgcagggacttcccgaatctcggtattatcccggtaagtgtggactatattt
PCA1:Start-1947|CAD2.low:1948-End|RT:20_nt_each,gcgacaacggtttaggtgggtacgggtccccattccttatatagaaatggcatgttagatCATTTGGATATTTCGTTGTTGGTCATCCCCTGAGTACAGAtagctaagcgcagggacttcccgaatctcggtattatcccggtaagtgtggactatattt
PCA1:Start-2127|CAD2.low:2128-End|RT:20_nt_each,gcgacaacggtttaggtgggtacgggtccccattccttatatagaaatggcatgttagatCTGGTAAAGAGACGGAAATTGACATACGCCTGTTGCAGTAtagctaagcgcagggacttcccgaatctcggtattatcccggtaagtgtggactatattt
PCA1:Start-2163|CAD2.low:2164-End|RT:20_nt_each,gcgacaacggtttaggtgggtacgggtccccattccttatatagaaatggcatgttagatAATATGGCGATATTTTTAAGATATTGCCCGACAGTAGGATtagctaagcgcagggacttcccgaatctcggtattatcccggtaagtgtggactatattt
PCA1:Start-2505|CAD2.low:2506-End|RT:20_nt_each,gcgacaacggtttaggtgggtacgggtccccattccttatatagaaatggcatgttagatTAGCGGTTGGAATCCGTGTGCAAAAGCAGTCTAGGAGCGAtagctaagcgcagggacttcccgaatctcggtattatcccggtaagtgtggactatattt
PCA1:Start-2583|CAD2.low:2584-End|RT:20_nt_each,gcgacaacggtttaggtgggtacgggtccccattccttatatagaaatggcatgttagatTTATCGTTTCGTGTCCCTGCGCTATTGGTTTGGCAGTCCCtagctaagcgcagggacttcccgaatctcggtattatcccggtaagtgtggactatattt
PCA1:Start-2907|CAD2.low:2908-End|RT:20_nt_each,gcgacaacggtttaggtgggtacgggtccccattccttatatagaaatggcatgttagatCAAAAGCTGTGACTGGTAAGGGCGTTGAAGGGACGTCTTAtagctaagcgcagggacttcccgaatctcggtattatcccggtaagtgtggactatattt
PCA1:Start-3339|CAD2.low:3340-End|RT:20_nt_each,gcgacaacggtttaggtgggtacgggtccccattccttatatagaaatggcatgttagatACGGAACAAACGACGCAATTGCATTAACGCAGGCTACAATtagctaagcgcagggacttcccgaatctcggtattatcccggtaagtgtggactatattt
PCA1:Start-3624|CAD2.low:3625-End|RT:20_nt_each,gcgacaacggtttaggtgggtacgggtccccattccttatatagaaatggcatgttagatTCCCTGTAATTTTTGTAGCTACTTTGTTGAGATACGCTAAtagctaagcgcagggacttcccgaatctcggtattatcccggtaagtgtggactatattt
PCA1:Start-3645|CAD2.low:3646-End|RT:20_nt_each,gcgacaacggtttaggtgggtacgggtccccattccttatatagaaatggcatgttagatTACTTCTGCGTTATGCAAAGGTATGATCCAGGTACTGCTGtagctaagcgcagggacttcccgaatctcggtattatcccggtaagtgtggactatattt
PCA1:Start-3648|CAD2.low:3649-End|RT:20_nt_each,gcgacaacggtttaggtgggtacgggtccccattccttatatagaaatggcatgttagatTTCTGCGTTATGCAAAGATTTGATCCAGGTACTGCTGCTAtagctaagcgcagggacttcccgaatctcggtattatcccggtaagtgtggactatattt
PCA1:Start-114|CAD2.low:115-End|RT:22_nt_each,gcgacaacggtttaggtgggtacgggtccccattccttatatagaaatggcatgttagAGATAATAGAGGCGAGTGTCATCTGCGGTCAATCGAGCGACACGgctaagcgcagggacttcccgaatctcggtattatcccggtaagtgtggactatattt
PCA1:Start-129|CAD2.low:130-End|RT:22_nt_each,gcgacaacggtttaggtgggtacgggtccccattccttatatagaaatggcatgttagGTGTCATCGTAGATCCATAGAACGACACGCAAACGATAATTTAGgctaagcgcagggacttcccgaatctcggtattatcccggtaagtgtggactatattt
PCA1:Start-426|CAD2.low:427-End|RT:22_nt_each,gcgacaacggtttaggtgggtacgggtccccattccttatatagaaatggcatgttagCACCAATGAATCCTGTGTTGATGAATGTTGTGTCCGAGATTCTAgctaagcgcagggacttcccgaatctcggtattatcccggtaagtgtggactatattt
PCA1:Start-465|CAD2.low:466-End|RT:22_nt_each,gcgacaacggtttaggtgggtacgggtccccattccttatatagaaatggcatgttagTTCTTCAGTGATGGTCGAGGAAGGAACAGGTTCTTGTGAAGCAGgctaagcgcagggacttcccgaatctcggtattatcccggtaagtgtggactatattt
PCA1:Start-627|CAD2.low:628-End|RT:22_nt_each,gcgacaacggtttaggtgggtacgggtccccattccttatatagaaatggcatgttagCACAGGGAAGGGTAGGCTTTGCCTTGAGAGCAGTGATAGCACTTgctaagcgcagggacttcccgaatctcggtattatcccggtaagtgtggactatattt
PCA1:Start-660|CAD2.low:661-End|RT:22_nt_each,gcgacaacggtttaggtgggtacgggtccccattccttatatagaaatggcatgttagTGACTCTACACTCAAGAAAAGAAGATGTAAGGTTTCTCGCCAAAgctaagcgcagggacttcccgaatctcggtattatcccggtaagtgtggactatattt
PCA1:Start-774|CAD2.low:775-End|RT:22_nt_each,gcgacaacggtttaggtgggtacgggtccccattccttatatagaaatggcatgttagTGAAAAGAGGACTTTTAAAGGTACTACAAACGTTGGCATCAGCGgctaagcgcagggacttcccgaatctcggtattatcccggtaagtgtggactatattt
PCA1:Start-1032|CAD2.low:1033-End|RT:22_nt_each,gcgacaacggtttaggtgggtacgggtccccattccttatatagaaatggcatgttagATGTTTAACAAAGAAAAAGACCTACGGGGATAAGGAAAGACTTTgctaagcgcagggacttcccgaatctcggtattatcccggtaagtgtggactatattt
PCA1:Start-1188|CAD2.low:1189-End|RT:22_nt_each,gcgacaacggtttaggtgggtacgggtccccattccttatatagaaatggcatgttagAATCGTATCAATGGAACCAATTGGGAATCATTTGAACTTGGAAGgctaagcgcagggacttcccgaatctcggtattatcccggtaagtgtggactatattt
PCA1:Start-1257|CAD2.low:1258-End|RT:22_nt_each,gcgacaacggtttaggtgggtacgggtccccattccttatatagaaatggcatgttagTGTTCTTAGTGTTTCAGGAATGACCTGTACTGGATGCGAGACTAgctaagcgcagggacttcccgaatctcggtattatcccggtaagtgtggactatattt
PCA1:Start-1275|CAD2.low:1276-End|RT:22_nt_each,gcgacaacggtttaggtgggtacgggtccccattccttatatagaaatggcatgttagAATGTCCTGTACTGGTTGTGAAACTAAACTAAAGAAGAGCTTCGgctaagcgcagggacttcccgaatctcggtattatcccggtaagtgtggactatattt
PCA1:Start-1446|CAD2.low:1447-End|RT:22_nt_each,gcgacaacggtttaggtgggtacgggtccccattccttatatagaaatggcatgttagGTACGAACAGATTTCAAATCATGCCTCTACAATTGATGTGGTGGgctaagcgcagggacttcccgaatctcggtattatcccggtaagtgtggactatattt
PCA1:Start-1467|CAD2.low:1468-End|RT:22_nt_each,gcgacaacggtttaggtgggtacgggtccccattccttatatagaaatggcatgttagTGGTTCAACTATAGATGTTGTTGCGCCCTACGCAGCTAAAGACTgctaagcgcagggacttcccgaatctcggtattatcccggtaagtgtggactatattt
PCA1:Start-1545|CAD2.low:1546-End|RT:22_nt_each,gcgacaacggtttaggtgggtacgggtccccattccttatatagaaatggcatgttagGCTGAAAATTGTTGAGAGAAATGTTATCAGGATCTATTTCGATCgctaagcgcagggacttcccgaatctcggtattatcccggtaagtgtggactatattt
PCA1:Start-1770|CAD2.low:1771-End|RT:22_nt_each,gcgacaacggtttaggtgggtacgggtccccattccttatatagaaatggcatgttagGCTTCGTGAAAAAATTTCCACTATGAGTGTGTCAATGGTACTAGgctaagcgcagggacttcccgaatctcggtattatcccggtaagtgtggactatattt
PCA1:Start-1773|CAD2.low:1774-End|RT:22_nt_each,gcgacaacggtttaggtgggtacgggtccccattccttatatagaaatggcatgttagTCGTGAAAAAATTTCCACTATCAGTGTGTCAATGGTACTAGCAAgctaagcgcagggacttcccgaatctcggtattatcccggtaagtgtggactatattt
PCA1:Start-1944|CAD2.low:1945-End|RT:22_nt_each,gcgacaacggtttaggtgggtacgggtccccattccttatatagaaatggcatgttagTGTATCATTTGGATATTTCGTTGCCGGTCATCCCCTGAGTACAGgctaagcgcagggacttcccgaatctcggtattatcccggtaagtgtggactatattt
PCA1:Start-1947|CAD2.low:1948-End|RT:22_nt_each,gcgacaacggtttaggtgggtacgggtccccattccttatatagaaatggcatgttagATCATTTGGATATTTCGTTGTTGGTCATCCCCTGAGTACAGAACgctaagcgcagggacttcccgaatctcggtattatcccggtaagtgtggactatattt
PCA1:Start-2127|CAD2.low:2128-End|RT:22_nt_each,gcgacaacggtttaggtgggtacgggtccccattccttatatagaaatggcatgttagAACTGGTAAAGAGACGGAAATTGACATACGCCTGTTGCAGTACGgctaagcgcagggacttcccgaatctcggtattatcccggtaagtgtggactatattt
PCA1:Start-2163|CAD2.low:2164-End|RT:22_nt_each,gcgacaacggtttaggtgggtacgggtccccattccttatatagaaatggcatgttagCCAATATGGCGATATTTTTAAGATATTGCCCGACAGTAGGATTCgctaagcgcagggacttcccgaatctcggtattatcccggtaagtgtggactatattt
PCA1:Start-2505|CAD2.low:2506-End|RT:22_nt_each,gcgacaacggtttaggtgggtacgggtccccattccttatatagaaatggcatgttagGATAGCGGTTGGAATCCGTGTGCAAAAGCAGTCTAGGAGCGATGgctaagcgcagggacttcccgaatctcggtattatcccggtaagtgtggactatattt
PCA1:Start-2583|CAD2.low:2584-End|RT:22_nt_each,gcgacaacggtttaggtgggtacgggtccccattccttatatagaaatggcatgttagACTTATCGTTTCGTGTCCCTGCGCTATTGGTTTGGCAGTCCCTAgctaagcgcagggacttcccgaatctcggtattatcccggtaagtgtggactatattt
PCA1:Start-2907|CAD2.low:2908-End|RT:22_nt_each,gcgacaacggtttaggtgggtacgggtccccattccttatatagaaatggcatgttagTACAAAAGCTGTGACTGGTAAGGGCGTTGAAGGGACGTCTTATTgctaagcgcagggacttcccgaatctcggtattatcccggtaagtgtggactatattt
PCA1:Start-3339|CAD2.low:3340-End|RT:22_nt_each,gcgacaacggtttaggtgggtacgggtccccattccttatatagaaatggcatgttagTGACGGAACAAACGACGCAATTGCATTAACGCAGGCTACAATCGgctaagcgcagggacttcccgaatctcggtattatcccggtaagtgtggactatattt
PCA1:Start-3624|CAD2.low:3625-End|RT:22_nt_each,gcgacaacggtttaggtgggtacgggtccccattccttatatagaaatggcatgttagCCTCCCTGTAATTTTTGTAGCTACTTTGTTGAGATACGCTAAGGgctaagcgcagggacttcccgaatctcggtattatcccggtaagtgtggactatattt
PCA1:Start-3645|CAD2.low:3646-End|RT:22_nt_each,gcgacaacggtttaggtgggtacgggtccccattccttatatagaaatggcatgttagTATACTTCTGCGTTATGCAAAGGTATGATCCAGGTACTGCTGCTgctaagcgcagggacttcccgaatctcggtattatcccggtaagtgtggactatattt
PCA1:Start-3648|CAD2.low:3649-End|RT:22_nt_each,gcgacaacggtttaggtgggtacgggtccccattccttatatagaaatggcatgttagACTTCTGCGTTATGCAAAGATTTGATCCAGGTACTGCTGCTATTgctaagcgcagggacttcccgaatctcggtattatcccggtaagtgtggactatattt
PCA1:Start-114|CAD2.low:115-End|RT:25_nt_each,gcgacaacggtttaggtgggtacgggtccccattccttatatagaaatggcatgtGCAAGATAATAGAGGCGAGTGTCATCTGCGGTCAATCGAGCGACACGCAAaagcgcagggacttcccgaatctcggtattatcccggtaagtgtggactatattt
PCA1:Start-129|CAD2.low:130-End|RT:25_nt_each,gcgacaacggtttaggtgggtacgggtccccattccttatatagaaatggcatgtCGAGTGTCATCGTAGATCCATAGAACGACACGCAAACGATAATTTAGGTTaagcgcagggacttcccgaatctcggtattatcccggtaagtgtggactatattt
PCA1:Start-426|CAD2.low:427-End|RT:25_nt_each,gcgacaacggtttaggtgggtacgggtccccattccttatatagaaatggcatgtCCACACCAATGAATCCTGTGTTGATGAATGTTGTGTCCGAGATTCTAGTGaagcgcagggacttcccgaatctcggtattatcccggtaagtgtggactatattt
PCA1:Start-465|CAD2.low:466-End|RT:25_nt_each,gcgacaacggtttaggtgggtacgggtccccattccttatatagaaatggcatgtAGATTCTTCAGTGATGGTCGAGGAAGGAACAGGTTCTTGTGAAGCAGTTTaagcgcagggacttcccgaatctcggtattatcccggtaagtgtggactatattt
PCA1:Start-627|CAD2.low:628-End|RT:25_nt_each,gcgacaacggtttaggtgggtacgggtccccattccttatatagaaatggcatgtACACACAGGGAAGGGTAGGCTTTGCCTTGAGAGCAGTGATAGCACTTTAAaagcgcagggacttcccgaatctcggtattatcccggtaagtgtggactatattt
PCA1:Start-660|CAD2.low:661-End|RT:25_nt_each,gcgacaacggtttaggtgggtacgggtccccattccttatatagaaatggcatgtAAGTGACTCTACACTCAAGAAAAGAAGATGTAAGGTTTCTCGCCAAAAGAaagcgcagggacttcccgaatctcggtattatcccggtaagtgtggactatattt
PCA1:Start-774|CAD2.low:775-End|RT:25_nt_each,gcgacaacggtttaggtgggtacgggtccccattccttatatagaaatggcatgtCTGTGAAAAGAGGACTTTTAAAGGTACTACAAACGTTGGCATCAGCGGCTaagcgcagggacttcccgaatctcggtattatcccggtaagtgtggactatattt
PCA1:Start-1032|CAD2.low:1033-End|RT:25_nt_each,gcgacaacggtttaggtgggtacgggtccccattccttatatagaaatggcatgtTGGATGTTTAACAAAGAAAAAGACCTACGGGGATAAGGAAAGACTTTCTAaagcgcagggacttcccgaatctcggtattatcccggtaagtgtggactatattt
PCA1:Start-1188|CAD2.low:1189-End|RT:25_nt_each,gcgacaacggtttaggtgggtacgggtccccattccttatatagaaatggcatgtAAGAATCGTATCAATGGAACCAATTGGGAATCATTTGAACTTGGAAGCTGaagcgcagggacttcccgaatctcggtattatcccggtaagtgtggactatattt
PCA1:Start-1257|CAD2.low:1258-End|RT:25_nt_each,gcgacaacggtttaggtgggtacgggtccccattccttatatagaaatggcatgtCATTGTTCTTAGTGTTTCAGGAATGACCTGTACTGGATGCGAGACTAAACaagcgcagggacttcccgaatctcggtattatcccggtaagtgtggactatattt
PCA1:Start-1275|CAD2.low:1276-End|RT:25_nt_each,gcgacaacggtttaggtgggtacgggtccccattccttatatagaaatggcatgtAGGAATGTCCTGTACTGGTTGTGAAACTAAACTAAAGAAGAGCTTCGGTGaagcgcagggacttcccgaatctcggtattatcccggtaagtgtggactatattt
PCA1:Start-1446|CAD2.low:1447-End|RT:25_nt_each,gcgacaacggtttaggtgggtacgggtccccattccttatatagaaatggcatgtCAAGTACGAACAGATTTCAAATCATGCCTCTACAATTGATGTGGTGGCGCaagcgcagggacttcccgaatctcggtattatcccggtaagtgtggactatattt
PCA1:Start-1467|CAD2.low:1468-End|RT:25_nt_each,gcgacaacggtttaggtgggtacgggtccccattccttatatagaaatggcatgtTCATGGTTCAACTATAGATGTTGTTGCGCCCTACGCAGCTAAAGACTTCAaagcgcagggacttcccgaatctcggtattatcccggtaagtgtggactatattt
PCA1:Start-1545|CAD2.low:1546-End|RT:25_nt_each,gcgacaacggtttaggtgggtacgggtccccattccttatatagaaatggcatgtAGAGCTGAAAATTGTTGAGAGAAATGTTATCAGGATCTATTTCGATCCTAaagcgcagggacttcccgaatctcggtattatcccggtaagtgtggactatattt
PCA1:Start-1770|CAD2.low:1771-End|RT:25_nt_each,gcgacaacggtttaggtgggtacgggtccccattccttatatagaaatggcatgtACAGCTTCGTGAAAAAATTTCCACTATGAGTGTGTCAATGGTACTAGCAAaagcgcagggacttcccgaatctcggtattatcccggtaagtgtggactatattt
PCA1:Start-1773|CAD2.low:1774-End|RT:25_nt_each,gcgacaacggtttaggtgggtacgggtccccattccttatatagaaatggcatgtGCTTCGTGAAAAAATTTCCACTATCAGTGTGTCAATGGTACTAGCAACAAaagcgcagggacttcccgaatctcggtattatcccggtaagtgtggactatattt
PCA1:Start-1944|CAD2.low:1945-End|RT:25_nt_each,gcgacaacggtttaggtgggtacgggtccccattccttatatagaaatggcatgtGATTGTATCATTTGGATATTTCGTTGCCGGTCATCCCCTGAGTACAGAACaagcgcagggacttcccgaatctcggtattatcccggtaagtgtggactatattt
PCA1:Start-1947|CAD2.low:1948-End|RT:25_nt_each,gcgacaacggtttaggtgggtacgggtccccattccttatatagaaatggcatgtTGTATCATTTGGATATTTCGTTGTTGGTCATCCCCTGAGTACAGAACAGTaagcgcagggacttcccgaatctcggtattatcccggtaagtgtggactatattt
PCA1:Start-2127|CAD2.low:2128-End|RT:25_nt_each,gcgacaacggtttaggtgggtacgggtccccattccttatatagaaatggcatgtTAAAACTGGTAAAGAGACGGAAATTGACATACGCCTGTTGCAGTACGGCGaagcgcagggacttcccgaatctcggtattatcccggtaagtgtggactatattt
PCA1:Start-2163|CAD2.low:2164-End|RT:25_nt_each,gcgacaacggtttaggtgggtacgggtccccattccttatatagaaatggcatgtTCTCCAATATGGCGATATTTTTAAGATATTGCCCGACAGTAGGATTCCAAaagcgcagggacttcccgaatctcggtattatcccggtaagtgtggactatattt
PCA1:Start-2505|CAD2.low:2506-End|RT:25_nt_each,gcgacaacggtttaggtgggtacgggtccccattccttatatagaaatggcatgtTTGGATAGCGGTTGGAATCCGTGTGCAAAAGCAGTCTAGGAGCGATGCTGaagcgcagggacttcccgaatctcggtattatcccggtaagtgtggactatattt
PCA1:Start-2583|CAD2.low:2584-End|RT:25_nt_each,gcgacaacggtttaggtgggtacgggtccccattccttatatagaaatggcatgtGGTACTTATCGTTTCGTGTCCCTGCGCTATTGGTTTGGCAGTCCCTATTGaagcgcagggacttcccgaatctcggtattatcccggtaagtgtggactatattt
PCA1:Start-2907|CAD2.low:2908-End|RT:25_nt_each,gcgacaacggtttaggtgggtacgggtccccattccttatatagaaatggcatgtTAATACAAAAGCTGTGACTGGTAAGGGCGTTGAAGGGACGTCTTATTCCGaagcgcagggacttcccgaatctcggtattatcccggtaagtgtggactatattt
PCA1:Start-3339|CAD2.low:3340-End|RT:25_nt_each,gcgacaacggtttaggtgggtacgggtccccattccttatatagaaatggcatgtCGGTGACGGAACAAACGACGCAATTGCATTAACGCAGGCTACAATCGGTGaagcgcagggacttcccgaatctcggtattatcccggtaagtgtggactatattt
PCA1:Start-3624|CAD2.low:3625-End|RT:25_nt_each,gcgacaacggtttaggtgggtacgggtccccattccttatatagaaatggcatgtTATCCTCCCTGTAATTTTTGTAGCTACTTTGTTGAGATACGCTAAGGTATaagcgcagggacttcccgaatctcggtattatcccggtaagtgtggactatattt
PCA1:Start-3645|CAD2.low:3646-End|RT:25_nt_each,gcgacaacggtttaggtgggtacgggtccccattccttatatagaaatggcatgtAGCTATACTTCTGCGTTATGCAAAGGTATGATCCAGGTACTGCTGCTATTaagcgcagggacttcccgaatctcggtattatcccggtaagtgtggactatattt
PCA1:Start-3648|CAD2.low:3649-End|RT:25_nt_each,gcgacaacggtttaggtgggtacgggtccccattccttatatagaaatggcatgtTATACTTCTGCGTTATGCAAAGATTTGATCCAGGTACTGCTGCTATTTGAaagcgcagggacttcccgaatctcggtattatcccggtaagtgtggactatattt
PCA1:Start-114|CAD2.low:115-End|RT:29_nt_each,gcgacaacggtttaggtgggtacgggtccccattccttatatagaaatggcCTATGCAAGATAATAGAGGCGAGTGTCATCTGCGGTCAATCGAGCGACACGCAAACGAgcagggacttcccgaatctcggtattatcccggtaagtgtggactatattt
PCA1:Start-129|CAD2.low:130-End|RT:29_nt_each,gcgacaacggtttaggtgggtacgggtccccattccttatatagaaatggcGAGGCGAGTGTCATCGTAGATCCATAGAACGACACGCAAACGATAATTTAGGTTTGGTgcagggacttcccgaatctcggtattatcccggtaagtgtggactatattt
PCA1:Start-426|CAD2.low:427-End|RT:29_nt_each,gcgacaacggtttaggtgggtacgggtccccattccttatatagaaatggcGTGACCACACCAATGAATCCTGTGTTGATGAATGTTGTGTCCGAGATTCTAGTGTAATgcagggacttcccgaatctcggtattatcccggtaagtgtggactatattt
PCA1:Start-465|CAD2.low:466-End|RT:29_nt_each,gcgacaacggtttaggtgggtacgggtccccattccttatatagaaatggcTTAGAGATTCTTCAGTGATGGTCGAGGAAGGAACAGGTTCTTGTGAAGCAGTTTCCTCgcagggacttcccgaatctcggtattatcccggtaagtgtggactatattt
PCA1:Start-627|CAD2.low:628-End|RT:29_nt_each,gcgacaacggtttaggtgggtacgggtccccattccttatatagaaatggcACCAACACACAGGGAAGGGTAGGCTTTGCCTTGAGAGCAGTGATAGCACTTTAAAGAAgcagggacttcccgaatctcggtattatcccggtaagtgtggactatattt
PCA1:Start-660|CAD2.low:661-End|RT:29_nt_each,gcgacaacggtttaggtgggtacgggtccccattccttatatagaaatggcAATCAAGTGACTCTACACTCAAGAAAAGAAGATGTAAGGTTTCTCGCCAAAAGATAGAgcagggacttcccgaatctcggtattatcccggtaagtgtggactatattt
PCA1:Start-774|CAD2.low:775-End|RT:29_nt_each,gcgacaacggtttaggtgggtacgggtccccattccttatatagaaatggcGTAGCTGTGAAAAGAGGACTTTTAAAGGTACTACAAACGTTGGCATCAGCGGCTCGTCgcagggacttcccgaatctcggtattatcccggtaagtgtggactatattt
PCA1:Start-1032|CAD2.low:1033-End|RT:29_nt_each,gcgacaacggtttaggtgggtacgggtccccattccttatatagaaatggcGTTCTGGATGTTTAACAAAGAAAAAGACCTACGGGGATAAGGAAAGACTTTCTAACGAgcagggacttcccgaatctcggtattatcccggtaagtgtggactatattt
PCA1:Start-1188|CAD2.low:1189-End|RT:29_nt_each,gcgacaacggtttaggtgggtacgggtccccattccttatatagaaatggcTTTCAAGAATCGTATCAATGGAACCAATTGGGAATCATTTGAACTTGGAAGCTGGCAGgcagggacttcccgaatctcggtattatcccggtaagtgtggactatattt
PCA1:Start-1257|CAD2.low:1258-End|RT:29_nt_each,gcgacaacggtttaggtgggtacgggtccccattccttatatagaaatggcAGCACATTGTTCTTAGTGTTTCAGGAATGACCTGTACTGGATGCGAGACTAAACTAAAgcagggacttcccgaatctcggtattatcccggtaagtgtggactatattt
PCA1:Start-1275|CAD2.low:1276-End|RT:29_nt_each,gcgacaacggtttaggtgggtacgggtccccattccttatatagaaatggcTTTCAGGAATGTCCTGTACTGGTTGTGAAACTAAACTAAAGAAGAGCTTCGGTGCTCTgcagggacttcccgaatctcggtattatcccggtaagtgtggactatattt
PCA1:Start-1446|CAD2.low:1447-End|RT:29_nt_each,gcgacaacggtttaggtgggtacgggtccccattccttatatagaaatggcAATTCAAGTACGAACAGATTTCAAATCATGCCTCTACAATTGATGTGGTGGCGCCCTAgcagggacttcccgaatctcggtattatcccggtaagtgtggactatattt
PCA1:Start-1467|CAD2.low:1468-End|RT:29_nt_each,gcgacaacggtttaggtgggtacgggtccccattccttatatagaaatggcCAAATCATGGTTCAACTATAGATGTTGTTGCGCCCTACGCAGCTAAAGACTTCATAAAgcagggacttcccgaatctcggtattatcccggtaagtgtggactatattt
PCA1:Start-1545|CAD2.low:1546-End|RT:29_nt_each,gcgacaacggtttaggtgggtacgggtccccattccttatatagaaatggcTCACAGAGCTGAAAATTGTTGAGAGAAATGTTATCAGGATCTATTTCGATCCTAAAGTgcagggacttcccgaatctcggtattatcccggtaagtgtggactatattt
PCA1:Start-1770|CAD2.low:1771-End|RT:29_nt_each,gcgacaacggtttaggtgggtacgggtccccattccttatatagaaatggcCTCCACAGCTTCGTGAAAAAATTTCCACTATGAGTGTGTCAATGGTACTAGCAACAATgcagggacttcccgaatctcggtattatcccggtaagtgtggactatattt
PCA1:Start-1773|CAD2.low:1774-End|RT:29_nt_each,gcgacaacggtttaggtgggtacgggtccccattccttatatagaaatggcCACAGCTTCGTGAAAAAATTTCCACTATCAGTGTGTCAATGGTACTAGCAACAATCATgcagggacttcccgaatctcggtattatcccggtaagtgtggactatattt
PCA1:Start-1944|CAD2.low:1945-End|RT:29_nt_each,gcgacaacggtttaggtgggtacgggtccccattccttatatagaaatggcTTTCGATTGTATCATTTGGATATTTCGTTGCCGGTCATCCCCTGAGTACAGAACAGTTgcagggacttcccgaatctcggtattatcccggtaagtgtggactatattt
PCA1:Start-1947|CAD2.low:1948-End|RT:29_nt_each,gcgacaacggtttaggtgggtacgggtccccattccttatatagaaatggcCGATTGTATCATTTGGATATTTCGTTGTTGGTCATCCCCTGAGTACAGAACAGTTCTTgcagggacttcccgaatctcggtattatcccggtaagtgtggactatattt
PCA1:Start-2127|CAD2.low:2128-End|RT:29_nt_each,gcgacaacggtttaggtgggtacgggtccccattccttatatagaaatggcTGGATAAAACTGGTAAAGAGACGGAAATTGACATACGCCTGTTGCAGTACGGCGATATgcagggacttcccgaatctcggtattatcccggtaagtgtggactatattt
PCA1:Start-2163|CAD2.low:2164-End|RT:29_nt_each,gcgacaacggtttaggtgggtacgggtccccattccttatatagaaatggcGACTTCTCCAATATGGCGATATTTTTAAGATATTGCCCGACAGTAGGATTCCAACTGAgcagggacttcccgaatctcggtattatcccggtaagtgtggactatattt
PCA1:Start-2505|CAD2.low:2506-End|RT:29_nt_each,gcgacaacggtttaggtgggtacgggtccccattccttatatagaaatggcGCGTTTGGATAGCGGTTGGAATCCGTGTGCAAAAGCAGTCTAGGAGCGATGCTGTTATgcagggacttcccgaatctcggtattatcccggtaagtgtggactatattt
PCA1:Start-2583|CAD2.low:2584-End|RT:29_nt_each,gcgacaacggtttaggtgggtacgggtccccattccttatatagaaatggcTTACGGTACTTATCGTTTCGTGTCCCTGCGCTATTGGTTTGGCAGTCCCTATTGTGTTgcagggacttcccgaatctcggtattatcccggtaagtgtggactatattt
PCA1:Start-2907|CAD2.low:2908-End|RT:29_nt_each,gcgacaacggtttaggtgggtacgggtccccattccttatatagaaatggcTTTCTAATACAAAAGCTGTGACTGGTAAGGGCGTTGAAGGGACGTCTTATTCCGGTCTgcagggacttcccgaatctcggtattatcccggtaagtgtggactatattt
PCA1:Start-3339|CAD2.low:3340-End|RT:29_nt_each,gcgacaacggtttaggtgggtacgggtccccattccttatatagaaatggcTTTGCGGTGACGGAACAAACGACGCAATTGCATTAACGCAGGCTACAATCGGTGTTCAgcagggacttcccgaatctcggtattatcccggtaagtgtggactatattt
PCA1:Start-3624|CAD2.low:3625-End|RT:29_nt_each,gcgacaacggtttaggtgggtacgggtccccattccttatatagaaatggcTTAGTATCCTCCCTGTAATTTTTGTAGCTACTTTGTTGAGATACGCTAAGGTATGATCgcagggacttcccgaatctcggtattatcccggtaagtgtggactatattt
PCA1:Start-3645|CAD2.low:3646-End|RT:29_nt_each,gcgacaacggtttaggtgggtacgggtccccattccttatatagaaatggcTTGTAGCTATACTTCTGCGTTATGCAAAGGTATGATCCAGGTACTGCTGCTATTTGATgcagggacttcccgaatctcggtattatcccggtaagtgtggactatattt
PCA1:Start-3648|CAD2.low:3649-End|RT:29_nt_each,gcgacaacggtttaggtgggtacgggtccccattccttatatagaaatggcTAGCTATACTTCTGCGTTATGCAAAGATTTGATCCAGGTACTGCTGCTATTTGATTGTgcagggacttcccgaatctcggtattatcccggtaagtgtggactatattt
PCA1:Start-114|CAD2.low:115-End|RT:34_nt_each,gcgacaacggtttaggtgggtacgggtccccattccttatatagaaAGATGCTATGCAAGATAATAGAGGCGAGTGTCATCTGCGGTCAATCGAGCGACACGCAAACGATAATTgacttcccgaatctcggtattatcccggtaagtgtggactatattt
PCA1:Start-129|CAD2.low:130-End|RT:34_nt_each,gcgacaacggtttaggtgggtacgggtccccattccttatatagaaTAATAGAGGCGAGTGTCATCGTAGATCCATAGAACGACACGCAAACGATAATTTAGGTTTGGTGTCACgacttcccgaatctcggtattatcccggtaagtgtggactatattt
PCA1:Start-426|CAD2.low:427-End|RT:34_nt_each,gcgacaacggtttaggtgggtacgggtccccattccttatatagaaAGGTGGTGACCACACCAATGAATCCTGTGTTGATGAATGTTGTGTCCGAGATTCTAGTGTAATGGTAGgacttcccgaatctcggtattatcccggtaagtgtggactatattt
PCA1:Start-465|CAD2.low:466-End|RT:34_nt_each,gcgacaacggtttaggtgggtacgggtccccattccttatatagaaCTGCGTTAGAGATTCTTCAGTGATGGTCGAGGAAGGAACAGGTTCTTGTGAAGCAGTTTCCTCCAAGGgacttcccgaatctcggtattatcccggtaagtgtggactatattt
PCA1:Start-627|CAD2.low:628-End|RT:34_nt_each,gcgacaacggtttaggtgggtacgggtccccattccttatatagaaTTCCAACCAACACACAGGGAAGGGTAGGCTTTGCCTTGAGAGCAGTGATAGCACTTTAAAGAAAAGAAgacttcccgaatctcggtattatcccggtaagtgtggactatattt
PCA1:Start-660|CAD2.low:661-End|RT:34_nt_each,gcgacaacggtttaggtgggtacgggtccccattccttatatagaaCATCGAATCAAGTGACTCTACACTCAAGAAAAGAAGATGTAAGGTTTCTCGCCAAAAGATAGAAGTAAgacttcccgaatctcggtattatcccggtaagtgtggactatattt
PCA1:Start-774|CAD2.low:775-End|RT:34_nt_each,gcgacaacggtttaggtgggtacgggtccccattccttatatagaaATCTCGTAGCTGTGAAAAGAGGACTTTTAAAGGTACTACAAACGTTGGCATCAGCGGCTCGTCGAGTAgacttcccgaatctcggtattatcccggtaagtgtggactatattt
PCA1:Start-1032|CAD2.low:1033-End|RT:34_nt_each,gcgacaacggtttaggtgggtacgggtccccattccttatatagaaCAACAGTTCTGGATGTTTAACAAAGAAAAAGACCTACGGGGATAAGGAAAGACTTTCTAACGACAACGgacttcccgaatctcggtattatcccggtaagtgtggactatattt
PCA1:Start-1188|CAD2.low:1189-End|RT:34_nt_each,gcgacaacggtttaggtgggtacgggtccccattccttatatagaaTGAAATTTCAAGAATCGTATCAATGGAACCAATTGGGAATCATTTGAACTTGGAAGCTGGCAGCACTGgacttcccgaatctcggtattatcccggtaagtgtggactatattt
PCA1:Start-1257|CAD2.low:1258-End|RT:34_nt_each,gcgacaacggtttaggtgggtacgggtccccattccttatatagaaTACCGAGCACATTGTTCTTAGTGTTTCAGGAATGACCTGTACTGGATGCGAGACTAAACTAAAGAAGAgacttcccgaatctcggtattatcccggtaagtgtggactatattt
PCA1:Start-1275|CAD2.low:1276-End|RT:34_nt_each,gcgacaacggtttaggtgggtacgggtccccattccttatatagaaTAGTGTTTCAGGAATGTCCTGTACTGGTTGTGAAACTAAACTAAAGAAGAGCTTCGGTGCTCTGAAGTgacttcccgaatctcggtattatcccggtaagtgtggactatattt
PCA1:Start-1446|CAD2.low:1447-End|RT:34_nt_each,gcgacaacggtttaggtgggtacgggtccccattccttatatagaaTACTGAATTCAAGTACGAACAGATTTCAAATCATGCCTCTACAATTGATGTGGTGGCGCCCTACGCAGgacttcccgaatctcggtattatcccggtaagtgtggactatattt
PCA1:Start-1467|CAD2.low:1468-End|RT:34_nt_each,gcgacaacggtttaggtgggtacgggtccccattccttatatagaaGATTTCAAATCATGGTTCAACTATAGATGTTGTTGCGCCCTACGCAGCTAAAGACTTCATAAACGAGGgacttcccgaatctcggtattatcccggtaagtgtggactatattt
PCA1:Start-1545|CAD2.low:1546-End|RT:34_nt_each,gcgacaacggtttaggtgggtacgggtccccattccttatatagaaAGGTGTCACAGAGCTGAAAATTGTTGAGAGAAATGTTATCAGGATCTATTTCGATCCTAAAGTAATTGgacttcccgaatctcggtattatcccggtaagtgtggactatattt
PCA1:Start-1770|CAD2.low:1771-End|RT:34_nt_each,gcgacaacggtttaggtgggtacgggtccccattccttatatagaaTTGGGCTCCACAGCTTCGTGAAAAAATTTCCACTATGAGTGTGTCAATGGTACTAGCAACAATCATCCgacttcccgaatctcggtattatcccggtaagtgtggactatattt
PCA1:Start-1773|CAD2.low:1774-End|RT:34_nt_each,gcgacaacggtttaggtgggtacgggtccccattccttatatagaaGGCTCCACAGCTTCGTGAAAAAATTTCCACTATCAGTGTGTCAATGGTACTAGCAACAATCATCCAGTgacttcccgaatctcggtattatcccggtaagtgtggactatattt
PCA1:Start-1944|CAD2.low:1945-End|RT:34_nt_each,gcgacaacggtttaggtgggtacgggtccccattccttatatagaaCATATTTTCGATTGTATCATTTGGATATTTCGTTGCCGGTCATCCCCTGAGTACAGAACAGTTCTTCGgacttcccgaatctcggtattatcccggtaagtgtggactatattt
PCA1:Start-1947|CAD2.low:1948-End|RT:34_nt_each,gcgacaacggtttaggtgggtacgggtccccattccttatatagaaATTTTCGATTGTATCATTTGGATATTTCGTTGTTGGTCATCCCCTGAGTACAGAACAGTTCTTCGAGAgacttcccgaatctcggtattatcccggtaagtgtggactatattt
PCA1:Start-2127|CAD2.low:2128-End|RT:34_nt_each,gcgacaacggtttaggtgggtacgggtccccattccttatatagaaTCTGGTGGATAAAACTGGTAAAGAGACGGAAATTGACATACGCCTGTTGCAGTACGGCGATATTTTCAgacttcccgaatctcggtattatcccggtaagtgtggactatattt
PCA1:Start-2163|CAD2.low:2164-End|RT:34_nt_each,gcgacaacggtttaggtgggtacgggtccccattccttatatagaaTATTAGACTTCTCCAATATGGCGATATTTTTAAGATATTGCCCGACAGTAGGATTCCAACTGATGGGAgacttcccgaatctcggtattatcccggtaagtgtggactatattt
PCA1:Start-2505|CAD2.low:2506-End|RT:34_nt_each,gcgacaacggtttaggtgggtacgggtccccattccttatatagaaCTTTTGCGTTTGGATAGCGGTTGGAATCCGTGTGCAAAAGCAGTCTAGGAGCGATGCTGTTATCCAAGgacttcccgaatctcggtattatcccggtaagtgtggactatattt
PCA1:Start-2583|CAD2.low:2584-End|RT:34_nt_each,gcgacaacggtttaggtgggtacgggtccccattccttatatagaaTGCCATTACGGTACTTATCGTTTCGTGTCCCTGCGCTATTGGTTTGGCAGTCCCTATTGTGTTTGTCAgacttcccgaatctcggtattatcccggtaagtgtggactatattt
PCA1:Start-2907|CAD2.low:2908-End|RT:34_nt_each,gcgacaacggtttaggtgggtacgggtccccattccttatatagaaAAATGTTTCTAATACAAAAGCTGTGACTGGTAAGGGCGTTGAAGGGACGTCTTATTCCGGTCTTAAACgacttcccgaatctcggtattatcccggtaagtgtggactatattt
PCA1:Start-3339|CAD2.low:3340-End|RT:34_nt_each,gcgacaacggtttaggtgggtacgggtccccattccttatatagaaTGTTTTTTGCGGTGACGGAACAAACGACGCAATTGCATTAACGCAGGCTACAATCGGTGTTCACATAAgacttcccgaatctcggtattatcccggtaagtgtggactatattt
PCA1:Start-3624|CAD2.low:3625-End|RT:34_nt_each,gcgacaacggtttaggtgggtacgggtccccattccttatatagaaACTAGTTAGTATCCTCCCTGTAATTTTTGTAGCTACTTTGTTGAGATACGCTAAGGTATGATCCAGGTgacttcccgaatctcggtattatcccggtaagtgtggactatattt
PCA1:Start-3645|CAD2.low:3646-End|RT:34_nt_each,gcgacaacggtttaggtgggtacgggtccccattccttatatagaaAATTTTTGTAGCTATACTTCTGCGTTATGCAAAGGTATGATCCAGGTACTGCTGCTATTTGATTGTAGgacttcccgaatctcggtattatcccggtaagtgtggactatattt
PCA1:Start-3648|CAD2.low:3649-End|RT:34_nt_each,gcgacaacggtttaggtgggtacgggtccccattccttatatagaaTTTTGTAGCTATACTTCTGCGTTATGCAAAGATTTGATCCAGGTACTGCTGCTATTTGATTGTAGATTgacttcccgaatctcggtattatcccggtaagtgtggactatattt
PCA1:Start-114|CAD2.low:115-End|RT:40_nt_each,gcgacaacggtttaggtgggtacgggtccccattccttatATCAATAGATGCTATGCAAGATAATAGAGGCGAGTGTCATCTGCGGTCAATCGAGCGACACGCAAACGATAATTTAGGTTccgaatctcggtattatcccggtaagtgtggactatattt
PCA1:Start-129|CAD2.low:130-End|RT:40_nt_each,gcgacaacggtttaggtgggtacgggtccccattccttatGCAAGATAATAGAGGCGAGTGTCATCGTAGATCCATAGAACGACACGCAAACGATAATTTAGGTTTGGTGTCACAACGTGccgaatctcggtattatcccggtaagtgtggactatattt
PCA1:Start-426|CAD2.low:427-End|RT:40_nt_each,gcgacaacggtttaggtgggtacgggtccccattccttatTCAAACAGGTGGTGACCACACCAATGAATCCTGTGTTGATGAATGTTGTGTCCGAGATTCTAGTGTAATGGTAGAAGAGGccgaatctcggtattatcccggtaagtgtggactatattt
PCA1:Start-465|CAD2.low:466-End|RT:40_nt_each,gcgacaacggtttaggtgggtacgggtccccattccttatTGGATGCTGCGTTAGAGATTCTTCAGTGATGGTCGAGGAAGGAACAGGTTCTTGTGAAGCAGTTTCCTCCAAGGAGCAGTccgaatctcggtattatcccggtaagtgtggactatattt
PCA1:Start-627|CAD2.low:628-End|RT:40_nt_each,gcgacaacggtttaggtgggtacgggtccccattccttatTACCAATTCCAACCAACACACAGGGAAGGGTAGGCTTTGCCTTGAGAGCAGTGATAGCACTTTAAAGAAAAGAAGATGTAccgaatctcggtattatcccggtaagtgtggactatattt
PCA1:Start-660|CAD2.low:661-End|RT:40_nt_each,gcgacaacggtttaggtgggtacgggtccccattccttatGCTTTGCATCGAATCAAGTGACTCTACACTCAAGAAAAGAAGATGTAAGGTTTCTCGCCAAAAGATAGAAGTAAGCTCAAccgaatctcggtattatcccggtaagtgtggactatattt
PCA1:Start-774|CAD2.low:775-End|RT:40_nt_each,gcgacaacggtttaggtgggtacgggtccccattccttatGATTGCATCTCGTAGCTGTGAAAAGAGGACTTTTAAAGGTACTACAAACGTTGGCATCAGCGGCTCGTCGAGTACTGATTccgaatctcggtattatcccggtaagtgtggactatattt
PCA1:Start-1032|CAD2.low:1033-End|RT:40_nt_each,gcgacaacggtttaggtgggtacgggtccccattccttatCTACCGCAACAGTTCTGGATGTTTAACAAAGAAAAAGACCTACGGGGATAAGGAAAGACTTTCTAACGACAACGGACATGccgaatctcggtattatcccggtaagtgtggactatattt
PCA1:Start-1188|CAD2.low:1189-End|RT:40_nt_each,gcgacaacggtttaggtgggtacgggtccccattccttatTTCGAGTGAAATTTCAAGAATCGTATCAATGGAACCAATTGGGAATCATTTGAACTTGGAAGCTGGCAGCACTGGTACTGccgaatctcggtattatcccggtaagtgtggactatattt
PCA1:Start-1257|CAD2.low:1258-End|RT:40_nt_each,gcgacaacggtttaggtgggtacgggtccccattccttatTACCGGTACCGAGCACATTGTTCTTAGTGTTTCAGGAATGACCTGTACTGGATGCGAGACTAAACTAAAGAAGAGCTTCGccgaatctcggtattatcccggtaagtgtggactatattt
PCA1:Start-1275|CAD2.low:1276-End|RT:40_nt_each,gcgacaacggtttaggtgggtacgggtccccattccttatTGTTCTTAGTGTTTCAGGAATGTCCTGTACTGGTTGTGAAACTAAACTAAAGAAGAGCTTCGGTGCTCTGAAGTGCGTCCccgaatctcggtattatcccggtaagtgtggactatattt
PCA1:Start-1446|CAD2.low:1447-End|RT:40_nt_each,gcgacaacggtttaggtgggtacgggtccccattccttatCAAAACTACTGAATTCAAGTACGAACAGATTTCAAATCATGCCTCTACAATTGATGTGGTGGCGCCCTACGCAGCTAAAGccgaatctcggtattatcccggtaagtgtggactatattt
PCA1:Start-1467|CAD2.low:1468-End|RT:40_nt_each,gcgacaacggtttaggtgggtacgggtccccattccttatCGAACAGATTTCAAATCATGGTTCAACTATAGATGTTGTTGCGCCCTACGCAGCTAAAGACTTCATAAACGAGGAATGGCccgaatctcggtattatcccggtaagtgtggactatattt
PCA1:Start-1545|CAD2.low:1546-End|RT:40_nt_each,gcgacaacggtttaggtgggtacgggtccccattccttatGCCACAAGGTGTCACAGAGCTGAAAATTGTTGAGAGAAATGTTATCAGGATCTATTTCGATCCTAAAGTAATTGGCGCTCccgaatctcggtattatcccggtaagtgtggactatattt
PCA1:Start-1770|CAD2.low:1771-End|RT:40_nt_each,gcgacaacggtttaggtgggtacgggtccccattccttatGATGGCTTGGGCTCCACAGCTTCGTGAAAAAATTTCCACTATGAGTGTGTCAATGGTACTAGCAACAATCATCCAGTTCGccgaatctcggtattatcccggtaagtgtggactatattt
PCA1:Start-1773|CAD2.low:1774-End|RT:40_nt_each,gcgacaacggtttaggtgggtacgggtccccattccttatGGCTTGGGCTCCACAGCTTCGTGAAAAAATTTCCACTATCAGTGTGTCAATGGTACTAGCAACAATCATCCAGTTCGTGAccgaatctcggtattatcccggtaagtgtggactatattt
PCA1:Start-1944|CAD2.low:1945-End|RT:40_nt_each,gcgacaacggtttaggtgggtacgggtccccattccttatTGCCTACATATTTTCGATTGTATCATTTGGATATTTCGTTGCCGGTCATCCCCTGAGTACAGAACAGTTCTTCGAGACATccgaatctcggtattatcccggtaagtgtggactatattt
PCA1:Start-1947|CAD2.low:1948-End|RT:40_nt_each,gcgacaacggtttaggtgggtacgggtccccattccttatCTACATATTTTCGATTGTATCATTTGGATATTTCGTTGTTGGTCATCCCCTGAGTACAGAACAGTTCTTCGAGACATCAAccgaatctcggtattatcccggtaagtgtggactatattt
PCA1:Start-2127|CAD2.low:2128-End|RT:40_nt_each,gcgacaacggtttaggtgggtacgggtccccattccttatTGCTATTCTGGTGGATAAAACTGGTAAAGAGACGGAAATTGACATACGCCTGTTGCAGTACGGCGATATTTTCAAAATATccgaatctcggtattatcccggtaagtgtggactatattt
PCA1:Start-2163|CAD2.low:2164-End|RT:40_nt_each,gcgacaacggtttaggtgggtacgggtccccattccttatAATTAATATTAGACTTCTCCAATATGGCGATATTTTTAAGATATTGCCCGACAGTAGGATTCCAACTGATGGGACTGTTAccgaatctcggtattatcccggtaagtgtggactatattt
PCA1:Start-2505|CAD2.low:2506-End|RT:40_nt_each,gcgacaacggtttaggtgggtacgggtccccattccttatCGTCACCTTTTGCGTTTGGATAGCGGTTGGAATCCGTGTGCAAAAGCAGTCTAGGAGCGATGCTGTTATCCAAGCGATAAccgaatctcggtattatcccggtaagtgtggactatattt
PCA1:Start-2583|CAD2.low:2584-End|RT:40_nt_each,gcgacaacggtttaggtgggtacgggtccccattccttatTATATATGCCATTACGGTACTTATCGTTTCGTGTCCCTGCGCTATTGGTTTGGCAGTCCCTATTGTGTTTGTCATCGCATccgaatctcggtattatcccggtaagtgtggactatattt
PCA1:Start-2907|CAD2.low:2908-End|RT:40_nt_each,gcgacaacggtttaggtgggtacgggtccccattccttatTGCTCAAAATGTTTCTAATACAAAAGCTGTGACTGGTAAGGGCGTTGAAGGGACGTCTTATTCCGGTCTTAAACTTCAGGccgaatctcggtattatcccggtaagtgtggactatattt
PCA1:Start-3339|CAD2.low:3340-End|RT:40_nt_each,gcgacaacggtttaggtgggtacgggtccccattccttatGGTTGTTGTTTTTTGCGGTGACGGAACAAACGACGCAATTGCATTAACGCAGGCTACAATCGGTGTTCACATAAATGAAGccgaatctcggtattatcccggtaagtgtggactatattt
PCA1:Start-3624|CAD2.low:3625-End|RT:40_nt_each,gcgacaacggtttaggtgggtacgggtccccattccttatAGGGGAACTAGTTAGTATCCTCCCTGTAATTTTTGTAGCTACTTTGTTGAGATACGCTAAGGTATGATCCAGGTACTGCTccgaatctcggtattatcccggtaagtgtggactatattt
PCA1:Start-3645|CAD2.low:3646-End|RT:40_nt_each,gcgacaacggtttaggtgggtacgggtccccattccttatCCCTGTAATTTTTGTAGCTATACTTCTGCGTTATGCAAAGGTATGATCCAGGTACTGCTGCTATTTGATTGTAGATTTTCccgaatctcggtattatcccggtaagtgtggactatattt
PCA1:Start-3648|CAD2.low:3649-End|RT:40_nt_each,gcgacaacggtttaggtgggtacgggtccccattccttatTGTAATTTTTGTAGCTATACTTCTGCGTTATGCAAAGATTTGATCCAGGTACTGCTGCTATTTGATTGTAGATTTTCTTTccgaatctcggtattatcccggtaagtgtggactatattt
PCA1:Start-114|CAD2.low:115-End|RT:47_nt_each,gcgacaacggtttaggtgggtacgggtccccatAGAACATATCAATAGATGCTATGCAAGATAATAGAGGCGAGTGTCATCTGCGGTCAATCGAGCGACACGCAAACGATAATTTAGGTTTGGTGTCtcggtattatcccggtaagtgtggactatattt
PCA1:Start-129|CAD2.low:130-End|RT:47_nt_each,gcgacaacggtttaggtgggtacgggtccccatATGCTATGCAAGATAATAGAGGCGAGTGTCATCGTAGATCCATAGAACGACACGCAAACGATAATTTAGGTTTGGTGTCACAACGTGATTGCACtcggtattatcccggtaagtgtggactatattt
PCA1:Start-426|CAD2.low:427-End|RT:47_nt_each,gcgacaacggtttaggtgggtacgggtccccatGCGATGCTCAAACAGGTGGTGACCACACCAATGAATCCTGTGTTGATGAATGTTGTGTCCGAGATTCTAGTGTAATGGTAGAAGAGGGAACAGGtcggtattatcccggtaagtgtggactatattt
PCA1:Start-465|CAD2.low:466-End|RT:47_nt_each,gcgacaacggtttaggtgggtacgggtccccatGTGTTGATGGATGCTGCGTTAGAGATTCTTCAGTGATGGTCGAGGAAGGAACAGGTTCTTGTGAAGCAGTTTCCTCCAAGGAGCAGTTGTTGACtcggtattatcccggtaagtgtggactatattt
PCA1:Start-627|CAD2.low:628-End|RT:47_nt_each,gcgacaacggtttaggtgggtacgggtccccatGCTGCAATACCAATTCCAACCAACACACAGGGAAGGGTAGGCTTTGCCTTGAGAGCAGTGATAGCACTTTAAAGAAAAGAAGATGTAAGGTTTCtcggtattatcccggtaagtgtggactatattt
PCA1:Start-660|CAD2.low:661-End|RT:47_nt_each,gcgacaacggtttaggtgggtacgggtccccatAGGGTAGGCTTTGCATCGAATCAAGTGACTCTACACTCAAGAAAAGAAGATGTAAGGTTTCTCGCCAAAAGATAGAAGTAAGCTCAAAACCCGAtcggtattatcccggtaagtgtggactatattt
PCA1:Start-774|CAD2.low:775-End|RT:47_nt_each,gcgacaacggtttaggtgggtacgggtccccatTTGAGCGGATTGCATCTCGTAGCTGTGAAAAGAGGACTTTTAAAGGTACTACAAACGTTGGCATCAGCGGCTCGTCGAGTACTGATTCCCTTTCtcggtattatcccggtaagtgtggactatattt
PCA1:Start-1032|CAD2.low:1033-End|RT:47_nt_each,gcgacaacggtttaggtgggtacgggtccccatAATACTCCTACCGCAACAGTTCTGGATGTTTAACAAAGAAAAAGACCTACGGGGATAAGGAAAGACTTTCTAACGACAACGGACATGCCGACTTtcggtattatcccggtaagtgtggactatattt
PCA1:Start-1188|CAD2.low:1189-End|RT:47_nt_each,gcgacaacggtttaggtgggtacgggtccccatGACACTCTTCGAGTGAAATTTCAAGAATCGTATCAATGGAACCAATTGGGAATCATTTGAACTTGGAAGCTGGCAGCACTGGTACTGAACACATtcggtattatcccggtaagtgtggactatattt
PCA1:Start-1257|CAD2.low:1258-End|RT:47_nt_each,gcgacaacggtttaggtgggtacgggtccccatCAGGATCTACCGGTACCGAGCACATTGTTCTTAGTGTTTCAGGAATGACCTGTACTGGATGCGAGACTAAACTAAAGAAGAGCTTCGGTGCTCTtcggtattatcccggtaagtgtggactatattt
PCA1:Start-1275|CAD2.low:1276-End|RT:47_nt_each,gcgacaacggtttaggtgggtacgggtccccatAGCACATTGTTCTTAGTGTTTCAGGAATGTCCTGTACTGGTTGTGAAACTAAACTAAAGAAGAGCTTCGGTGCTCTGAAGTGCGTCCATGGGCTtcggtattatcccggtaagtgtggactatattt
PCA1:Start-1446|CAD2.low:1447-End|RT:47_nt_each,gcgacaacggtttaggtgggtacgggtccccatACTTGAGCAAAACTACTGAATTCAAGTACGAACAGATTTCAAATCATGCCTCTACAATTGATGTGGTGGCGCCCTACGCAGCTAAAGACTTCATtcggtattatcccggtaagtgtggactatattt
PCA1:Start-1467|CAD2.low:1468-End|RT:47_nt_each,gcgacaacggtttaggtgggtacgggtccccatTCAAGTACGAACAGATTTCAAATCATGGTTCAACTATAGATGTTGTTGCGCCCTACGCAGCTAAAGACTTCATAAACGAGGAATGGCCTCAAGGtcggtattatcccggtaagtgtggactatattt
PCA1:Start-1545|CAD2.low:1546-End|RT:47_nt_each,gcgacaacggtttaggtgggtacgggtccccatAGGAATGGCCACAAGGTGTCACAGAGCTGAAAATTGTTGAGAGAAATGTTATCAGGATCTATTTCGATCCTAAAGTAATTGGCGCTCGCGACTTtcggtattatcccggtaagtgtggactatattt
PCA1:Start-1770|CAD2.low:1771-End|RT:47_nt_each,gcgacaacggtttaggtgggtacgggtccccatTTCTCGTGATGGCTTGGGCTCCACAGCTTCGTGAAAAAATTTCCACTATGAGTGTGTCAATGGTACTAGCAACAATCATCCAGTTCGTGATCGCtcggtattatcccggtaagtgtggactatattt
PCA1:Start-1773|CAD2.low:1774-End|RT:47_nt_each,gcgacaacggtttaggtgggtacgggtccccatTCGTGATGGCTTGGGCTCCACAGCTTCGTGAAAAAATTTCCACTATCAGTGTGTCAATGGTACTAGCAACAATCATCCAGTTCGTGATCGCTGGtcggtattatcccggtaagtgtggactatattt
PCA1:Start-1944|CAD2.low:1945-End|RT:47_nt_each,gcgacaacggtttaggtgggtacgggtccccatCTAGCGCTGCCTACATATTTTCGATTGTATCATTTGGATATTTCGTTGCCGGTCATCCCCTGAGTACAGAACAGTTCTTCGAGACATCAAGCCTtcggtattatcccggtaagtgtggactatattt
PCA1:Start-1947|CAD2.low:1948-End|RT:47_nt_each,gcgacaacggtttaggtgggtacgggtccccatGCGCTGCCTACATATTTTCGATTGTATCATTTGGATATTTCGTTGTTGGTCATCCCCTGAGTACAGAACAGTTCTTCGAGACATCAAGCCTATTtcggtattatcccggtaagtgtggactatattt
PCA1:Start-2127|CAD2.low:2128-End|RT:47_nt_each,gcgacaacggtttaggtgggtacgggtccccatCCTCTTCTGCTATTCTGGTGGATAAAACTGGTAAAGAGACGGAAATTGACATACGCCTGTTGCAGTACGGCGATATTTTCAAAATATTGCCCGAtcggtattatcccggtaagtgtggactatattt
PCA1:Start-2163|CAD2.low:2164-End|RT:47_nt_each,gcgacaacggtttaggtgggtacgggtccccatAGACGGAAATTAATATTAGACTTCTCCAATATGGCGATATTTTTAAGATATTGCCCGACAGTAGGATTCCAACTGATGGGACTGTTATTAGCGGtcggtattatcccggtaagtgtggactatattt
PCA1:Start-2505|CAD2.low:2506-End|RT:47_nt_each,gcgacaacggtttaggtgggtacgggtccccatTCACTGTCGTCACCTTTTGCGTTTGGATAGCGGTTGGAATCCGTGTGCAAAAGCAGTCTAGGAGCGATGCTGTTATCCAAGCGATAATTTATGCtcggtattatcccggtaagtgtggactatattt
PCA1:Start-2583|CAD2.low:2584-End|RT:47_nt_each,gcgacaacggtttaggtgggtacgggtccccatAGGCCATTATATATGCCATTACGGTACTTATCGTTTCGTGTCCCTGCGCTATTGGTTTGGCAGTCCCTATTGTGTTTGTCATCGCATCAGGAGTtcggtattatcccggtaagtgtggactatattt
PCA1:Start-2907|CAD2.low:2908-End|RT:47_nt_each,gcgacaacggtttaggtgggtacgggtccccatGTGTTTCTGCTCAAAATGTTTCTAATACAAAAGCTGTGACTGGTAAGGGCGTTGAAGGGACGTCTTATTCCGGTCTTAAACTTCAGGGTGGGAAtcggtattatcccggtaagtgtggactatattt
PCA1:Start-3339|CAD2.low:3340-End|RT:47_nt_each,gcgacaacggtttaggtgggtacgggtccccatAAAGACCGGTTGTTGTTTTTTGCGGTGACGGAACAAACGACGCAATTGCATTAACGCAGGCTACAATCGGTGTTCACATAAATGAAGGATCCGAtcggtattatcccggtaagtgtggactatattt
PCA1:Start-3624|CAD2.low:3625-End|RT:47_nt_each,gcgacaacggtttaggtgggtacgggtccccatCGGGTTTAGGGGAACTAGTTAGTATCCTCCCTGTAATTTTTGTAGCTACTTTGTTGAGATACGCTAAGGTATGATCCAGGTACTGCTGCTATTTtcggtattatcccggtaagtgtggactatattt
PCA1:Start-3645|CAD2.low:3646-End|RT:47_nt_each,gcgacaacggtttaggtgggtacgggtccccatGTATCCTCCCTGTAATTTTTGTAGCTATACTTCTGCGTTATGCAAAGGTATGATCCAGGTACTGCTGCTATTTGATTGTAGATTTTCTTTTTTCtcggtattatcccggtaagtgtggactatattt
PCA1:Start-3648|CAD2.low:3649-End|RT:47_nt_each,gcgacaacggtttaggtgggtacgggtccccatTCCTCCCTGTAATTTTTGTAGCTATACTTCTGCGTTATGCAAAGATTTGATCCAGGTACTGCTGCTATTTGATTGTAGATTTTCTTTTTTCTTTtcggtattatcccggtaagtgtggactatattt
PCA1:Start-114|CAD2.low:115-End|RT:55_nt_each,gcgacaacggtttaggtgggtacggAAATAGCGAGAACATATCAATAGATGCTATGCAAGATAATAGAGGCGAGTGTCATCTGCGGTCAATCGAGCGACACGCAAACGATAATTTAGGTTTGGTGTCACAACGTGatcccggtaagtgtggactatattt
PCA1:Start-129|CAD2.low:130-End|RT:55_nt_each,gcgacaacggtttaggtgggtacggATCAATAGATGCTATGCAAGATAATAGAGGCGAGTGTCATCGTAGATCCATAGAACGACACGCAAACGATAATTTAGGTTTGGTGTCACAACGTGATTGCACGAACAGACatcccggtaagtgtggactatattt
PCA1:Start-426|CAD2.low:427-End|RT:55_nt_each,gcgacaacggtttaggtgggtacggCTGTTGCGGCGATGCTCAAACAGGTGGTGACCACACCAATGAATCCTGTGTTGATGAATGTTGTGTCCGAGATTCTAGTGTAATGGTAGAAGAGGGAACAGGTTCTTGTGatcccggtaagtgtggactatattt
PCA1:Start-465|CAD2.low:466-End|RT:55_nt_each,gcgacaacggtttaggtgggtacggTGAATCCTGTGTTGATGGATGCTGCGTTAGAGATTCTTCAGTGATGGTCGAGGAAGGAACAGGTTCTTGTGAAGCAGTTTCCTCCAAGGAGCAGTTGTTGACTTCTTTTGatcccggtaagtgtggactatattt
PCA1:Start-627|CAD2.low:628-End|RT:55_nt_each,gcgacaacggtttaggtgggtacggGACAACTCGCTGCAATACCAATTCCAACCAACACACAGGGAAGGGTAGGCTTTGCCTTGAGAGCAGTGATAGCACTTTAAAGAAAAGAAGATGTAAGGTTTCTCGCCAAAatcccggtaagtgtggactatattt
PCA1:Start-660|CAD2.low:661-End|RT:55_nt_each,gcgacaacggtttaggtgggtacggCACAGGGAAGGGTAGGCTTTGCATCGAATCAAGTGACTCTACACTCAAGAAAAGAAGATGTAAGGTTTCTCGCCAAAAGATAGAAGTAAGCTCAAAACCCGAATGTTGTAatcccggtaagtgtggactatattt
PCA1:Start-774|CAD2.low:775-End|RT:55_nt_each,gcgacaacggtttaggtgggtacggTTCATGTGTTGAGCGGATTGCATCTCGTAGCTGTGAAAAGAGGACTTTTAAAGGTACTACAAACGTTGGCATCAGCGGCTCGTCGAGTACTGATTCCCTTTCTGAAAAGTatcccggtaagtgtggactatattt
PCA1:Start-1032|CAD2.low:1033-End|RT:55_nt_each,gcgacaacggtttaggtgggtacggAAAGACAAAATACTCCTACCGCAACAGTTCTGGATGTTTAACAAAGAAAAAGACCTACGGGGATAAGGAAAGACTTTCTAACGACAACGGACATGCCGACTTTGTCTGCTatcccggtaagtgtggactatattt
PCA1:Start-1188|CAD2.low:1189-End|RT:55_nt_each,gcgacaacggtttaggtgggtacggTATTTCTGGACACTCTTCGAGTGAAATTTCAAGAATCGTATCAATGGAACCAATTGGGAATCATTTGAACTTGGAAGCTGGCAGCACTGGTACTGAACACATAGTGTTGTatcccggtaagtgtggactatattt
PCA1:Start-1257|CAD2.low:1258-End|RT:55_nt_each,gcgacaacggtttaggtgggtacggTCTTGAGGCAGGATCTACCGGTACCGAGCACATTGTTCTTAGTGTTTCAGGAATGACCTGTACTGGATGCGAGACTAAACTAAAGAAGAGCTTCGGTGCTCTGAAGTGCGatcccggtaagtgtggactatattt
PCA1:Start-1275|CAD2.low:1276-End|RT:55_nt_each,gcgacaacggtttaggtgggtacggCGGTACCGAGCACATTGTTCTTAGTGTTTCAGGAATGTCCTGTACTGGTTGTGAAACTAAACTAAAGAAGAGCTTCGGTGCTCTGAAGTGCGTCCATGGGCTGAAAACAAatcccggtaagtgtggactatattt
PCA1:Start-1446|CAD2.low:1447-End|RT:55_nt_each,gcgacaacggtttaggtgggtacggTATCAAGCACTTGAGCAAAACTACTGAATTCAAGTACGAACAGATTTCAAATCATGCCTCTACAATTGATGTGGTGGCGCCCTACGCAGCTAAAGACTTCATAAACGAGGatcccggtaagtgtggactatattt
PCA1:Start-1467|CAD2.low:1468-End|RT:55_nt_each,gcgacaacggtttaggtgggtacggTACTGAATTCAAGTACGAACAGATTTCAAATCATGGTTCAACTATAGATGTTGTTGCGCCCTACGCAGCTAAAGACTTCATAAACGAGGAATGGCCTCAAGGGGTAACGGatcccggtaagtgtggactatattt
PCA1:Start-1545|CAD2.low:1546-End|RT:55_nt_each,gcgacaacggtttaggtgggtacggTATTAATGAGGAATGGCCACAAGGTGTCACAGAGCTGAAAATTGTTGAGAGAAATGTTATCAGGATCTATTTCGATCCTAAAGTAATTGGCGCTCGCGACTTAGTAAATGatcccggtaagtgtggactatattt
PCA1:Start-1770|CAD2.low:1771-End|RT:55_nt_each,gcgacaacggtttaggtgggtacggGATCCCGATTCTCGTGATGGCTTGGGCTCCACAGCTTCGTGAAAAAATTTCCACTATGAGTGTGTCAATGGTACTAGCAACAATCATCCAGTTCGTGATCGCTGGTCCCTatcccggtaagtgtggactatattt
PCA1:Start-1773|CAD2.low:1774-End|RT:55_nt_each,gcgacaacggtttaggtgggtacggCCCGATTCTCGTGATGGCTTGGGCTCCACAGCTTCGTGAAAAAATTTCCACTATCAGTGTGTCAATGGTACTAGCAACAATCATCCAGTTCGTGATCGCTGGTCCCTTCTatcccggtaagtgtggactatattt
PCA1:Start-1944|CAD2.low:1945-End|RT:55_nt_each,gcgacaacggtttaggtgggtacggTTTAAGCACTAGCGCTGCCTACATATTTTCGATTGTATCATTTGGATATTTCGTTGCCGGTCATCCCCTGAGTACAGAACAGTTCTTCGAGACATCAAGCCTATTGGTTAatcccggtaagtgtggactatattt
PCA1:Start-1947|CAD2.low:1948-End|RT:55_nt_each,gcgacaacggtttaggtgggtacggAAGCACTAGCGCTGCCTACATATTTTCGATTGTATCATTTGGATATTTCGTTGTTGGTCATCCCCTGAGTACAGAACAGTTCTTCGAGACATCAAGCCTATTGGTTACATatcccggtaagtgtggactatattt
PCA1:Start-2127|CAD2.low:2128-End|RT:55_nt_each,gcgacaacggtttaggtgggtacggCTTACAGGCCTCTTCTGCTATTCTGGTGGATAAAACTGGTAAAGAGACGGAAATTGACATACGCCTGTTGCAGTACGGCGATATTTTCAAAATATTGCCCGACAGTAGGAatcccggtaagtgtggactatattt
PCA1:Start-2163|CAD2.low:2164-End|RT:55_nt_each,gcgacaacggtttaggtgggtacggTGGTAAAGAGACGGAAATTAATATTAGACTTCTCCAATATGGCGATATTTTTAAGATATTGCCCGACAGTAGGATTCCAACTGATGGGACTGTTATTAGCGGTTCAAGTGatcccggtaagtgtggactatattt
PCA1:Start-2505|CAD2.low:2506-End|RT:55_nt_each,gcgacaacggtttaggtgggtacggCATTGGAATCACTGTCGTCACCTTTTGCGTTTGGATAGCGGTTGGAATCCGTGTGCAAAAGCAGTCTAGGAGCGATGCTGTTATCCAAGCGATAATTTATGCTATAACTGatcccggtaagtgtggactatattt
PCA1:Start-2583|CAD2.low:2584-End|RT:55_nt_each,gcgacaacggtttaggtgggtacggCGTAATTCAGGCCATTATATATGCCATTACGGTACTTATCGTTTCGTGTCCCTGCGCTATTGGTTTGGCAGTCCCTATTGTGTTTGTCATCGCATCAGGAGTTGCCGCCAatcccggtaagtgtggactatattt
PCA1:Start-2907|CAD2.low:2908-End|RT:55_nt_each,gcgacaacggtttaggtgggtacggAGAAAAAGGTGTTTCTGCTCAAAATGTTTCTAATACAAAAGCTGTGACTGGTAAGGGCGTTGAAGGGACGTCTTATTCCGGTCTTAAACTTCAGGGTGGGAATTGCCGCTatcccggtaagtgtggactatattt
PCA1:Start-3339|CAD2.low:3340-End|RT:55_nt_each,gcgacaacggtttaggtgggtacggGCAGTCAAAAAGACCGGTTGTTGTTTTTTGCGGTGACGGAACAAACGACGCAATTGCATTAACGCAGGCTACAATCGGTGTTCACATAAATGAAGGATCCGAAGTAGCAAatcccggtaagtgtggactatattt
PCA1:Start-3624|CAD2.low:3625-End|RT:55_nt_each,gcgacaacggtttaggtgggtacggAGAGTATGCGGGTTTAGGGGAACTAGTTAGTATCCTCCCTGTAATTTTTGTAGCTACTTTGTTGAGATACGCTAAGGTATGATCCAGGTACTGCTGCTATTTGATTGTAGatcccggtaagtgtggactatattt
PCA1:Start-3645|CAD2.low:3646-End|RT:55_nt_each,gcgacaacggtttaggtgggtacggACTAGTTAGTATCCTCCCTGTAATTTTTGTAGCTATACTTCTGCGTTATGCAAAGGTATGATCCAGGTACTGCTGCTATTTGATTGTAGATTTTCTTTTTTCTTTTCTTTatcccggtaagtgtggactatattt
PCA1:Start-3648|CAD2.low:3649-End|RT:55_nt_each,gcgacaacggtttaggtgggtacggAGTTAGTATCCTCCCTGTAATTTTTGTAGCTATACTTCTGCGTTATGCAAAGATTTGATCCAGGTACTGCTGCTATTTGATTGTAGATTTTCTTTTTTCTTTTCTTTTTTatcccggtaagtgtggactatattt
PCA1:Start-114|CAD2.low:115-End|RT:64_nt_each,gcgacaacggtttaggTGGAGTGGTAAATAGCGAGAACATATCAATAGATGCTATGCAAGATAATAGAGGCGAGTGTCATCTGCGGTCAATCGAGCGACACGCAAACGATAATTTAGGTTTGGTGTCACAACGTGATTGCACGAagtgtggactatattt
PCA1:Start-129|CAD2.low:130-End|RT:64_nt_each,gcgacaacggtttaggCGAGAACATATCAATAGATGCTATGCAAGATAATAGAGGCGAGTGTCATCGTAGATCCATAGAACGACACGCAAACGATAATTTAGGTTTGGTGTCACAACGTGATTGCACGAACAGACCAAAGATAAagtgtggactatattt
PCA1:Start-426|CAD2.low:427-End|RT:64_nt_each,gcgacaacggtttaggTGTGGACAGCTGTTGCGGCGATGCTCAAACAGGTGGTGACCACACCAATGAATCCTGTGTTGATGAATGTTGTGTCCGAGATTCTAGTGTAATGGTAGAAGAGGGAACAGGTTCTTGTGAAGCAGTTTagtgtggactatattt
PCA1:Start-465|CAD2.low:466-End|RT:64_nt_each,gcgacaacggtttaggCCACACCAATGAATCCTGTGTTGATGGATGCTGCGTTAGAGATTCTTCAGTGATGGTCGAGGAAGGAACAGGTTCTTGTGAAGCAGTTTCCTCCAAGGAGCAGTTGTTGACTTCTTTTGAGGTCGTCCagtgtggactatattt
PCA1:Start-627|CAD2.low:628-End|RT:64_nt_each,gcgacaacggtttaggTATTAGAGAGACAACTCGCTGCAATACCAATTCCAACCAACACACAGGGAAGGGTAGGCTTTGCCTTGAGAGCAGTGATAGCACTTTAAAGAAAAGAAGATGTAAGGTTTCTCGCCAAAAGATAGAAGagtgtggactatattt
PCA1:Start-660|CAD2.low:661-End|RT:64_nt_each,gcgacaacggtttaggCAACCAACACACAGGGAAGGGTAGGCTTTGCATCGAATCAAGTGACTCTACACTCAAGAAAAGAAGATGTAAGGTTTCTCGCCAAAAGATAGAAGTAAGCTCAAAACCCGAATGTTGTAATATAAGCTagtgtggactatattt
PCA1:Start-774|CAD2.low:775-End|RT:64_nt_each,gcgacaacggtttaggCTGCAACATTTCATGTGTTGAGCGGATTGCATCTCGTAGCTGTGAAAAGAGGACTTTTAAAGGTACTACAAACGTTGGCATCAGCGGCTCGTCGAGTACTGATTCCCTTTCTGAAAAGTTCTTCTCTGagtgtggactatattt
PCA1:Start-1032|CAD2.low:1033-End|RT:64_nt_each,gcgacaacggtttaggTGCTTCTAAAAAGACAAAATACTCCTACCGCAACAGTTCTGGATGTTTAACAAAGAAAAAGACCTACGGGGATAAGGAAAGACTTTCTAACGACAACGGACATGCCGACTTTGTCTGCTCAAAGTCCTagtgtggactatattt
PCA1:Start-1188|CAD2.low:1189-End|RT:64_nt_each,gcgacaacggtttaggTACCTCAACTATTTCTGGACACTCTTCGAGTGAAATTTCAAGAATCGTATCAATGGAACCAATTGGGAATCATTTGAACTTGGAAGCTGGCAGCACTGGTACTGAACACATAGTGTTGTCAGTAAGTGagtgtggactatattt
PCA1:Start-1257|CAD2.low:1258-End|RT:64_nt_each,gcgacaacggtttaggTCATCTTAATCTTGAGGCAGGATCTACCGGTACCGAGCACATTGTTCTTAGTGTTTCAGGAATGACCTGTACTGGATGCGAGACTAAACTAAAGAAGAGCTTCGGTGCTCTGAAGTGCGTCCATGGGCagtgtggactatattt
PCA1:Start-1275|CAD2.low:1276-End|RT:64_nt_each,gcgacaacggtttaggAGGATCTACCGGTACCGAGCACATTGTTCTTAGTGTTTCAGGAATGTCCTGTACTGGTTGTGAAACTAAACTAAAGAAGAGCTTCGGTGCTCTGAAGTGCGTCCATGGGCTGAAAACAAGCTTAATCCagtgtggactatattt
PCA1:Start-1446|CAD2.low:1447-End|RT:64_nt_each,gcgacaacggtttaggCAAGGATGTTATCAAGCACTTGAGCAAAACTACTGAATTCAAGTACGAACAGATTTCAAATCATGCCTCTACAATTGATGTGGTGGCGCCCTACGCAGCTAAAGACTTCATAAACGAGGAATGGCCTCagtgtggactatattt
PCA1:Start-1467|CAD2.low:1468-End|RT:64_nt_each,gcgacaacggtttaggGAGCAAAACTACTGAATTCAAGTACGAACAGATTTCAAATCATGGTTCAACTATAGATGTTGTTGCGCCCTACGCAGCTAAAGACTTCATAAACGAGGAATGGCCTCAAGGGGTAACGGAGTTGAAGAagtgtggactatattt
PCA1:Start-1545|CAD2.low:1546-End|RT:64_nt_each,gcgacaacggtttaggAAAAGATTTTATTAATGAGGAATGGCCACAAGGTGTCACAGAGCTGAAAATTGTTGAGAGAAATGTTATCAGGATCTATTTCGATCCTAAAGTAATTGGCGCTCGCGACTTAGTAAATGAGGGTTGGTagtgtggactatattt
PCA1:Start-1770|CAD2.low:1771-End|RT:64_nt_each,gcgacaacggtttaggAATATTGACGATCCCGATTCTCGTGATGGCTTGGGCTCCACAGCTTCGTGAAAAAATTTCCACTATGAGTGTGTCAATGGTACTAGCAACAATCATCCAGTTCGTGATCGCTGGTCCCTTCTATCTAAagtgtggactatattt
PCA1:Start-1773|CAD2.low:1774-End|RT:64_nt_each,gcgacaacggtttaggATTGACGATCCCGATTCTCGTGATGGCTTGGGCTCCACAGCTTCGTGAAAAAATTTCCACTATCAGTGTGTCAATGGTACTAGCAACAATCATCCAGTTCGTGATCGCTGGTCCCTTCTATCTAAACGagtgtggactatattt
PCA1:Start-1944|CAD2.low:1945-End|RT:64_nt_each,gcgacaacggtttaggACTAATAGTTTTAAGCACTAGCGCTGCCTACATATTTTCGATTGTATCATTTGGATATTTCGTTGCCGGTCATCCCCTGAGTACAGAACAGTTCTTCGAGACATCAAGCCTATTGGTTACATTGATAAagtgtggactatattt
PCA1:Start-1947|CAD2.low:1948-End|RT:64_nt_each,gcgacaacggtttaggAATAGTTTTAAGCACTAGCGCTGCCTACATATTTTCGATTGTATCATTTGGATATTTCGTTGTTGGTCATCCCCTGAGTACAGAACAGTTCTTCGAGACATCAAGCCTATTGGTTACATTGATAATGGagtgtggactatattt
PCA1:Start-2127|CAD2.low:2128-End|RT:64_nt_each,gcgacaacggtttaggAGTACGTTCCTTACAGGCCTCTTCTGCTATTCTGGTGGATAAAACTGGTAAAGAGACGGAAATTGACATACGCCTGTTGCAGTACGGCGATATTTTCAAAATATTGCCCGACAGTAGGATTCCAACTGagtgtggactatattt
PCA1:Start-2163|CAD2.low:2164-End|RT:64_nt_each,gcgacaacggtttaggGGATAAAACTGGTAAAGAGACGGAAATTAATATTAGACTTCTCCAATATGGCGATATTTTTAAGATATTGCCCGACAGTAGGATTCCAACTGATGGGACTGTTATTAGCGGTTCAAGTGAAGTCGATGagtgtggactatattt
PCA1:Start-2505|CAD2.low:2506-End|RT:64_nt_each,gcgacaacggtttaggGCCAACTATCATTGGAATCACTGTCGTCACCTTTTGCGTTTGGATAGCGGTTGGAATCCGTGTGCAAAAGCAGTCTAGGAGCGATGCTGTTATCCAAGCGATAATTTATGCTATAACTGTTTTAATTGagtgtggactatattt
PCA1:Start-2583|CAD2.low:2584-End|RT:64_nt_each,gcgacaacggtttaggCTCCGATGCCGTAATTCAGGCCATTATATATGCCATTACGGTACTTATCGTTTCGTGTCCCTGCGCTATTGGTTTGGCAGTCCCTATTGTGTTTGTCATCGCATCAGGAGTTGCCGCCAAAAGAGGAGagtgtggactatattt
PCA1:Start-2907|CAD2.low:2908-End|RT:64_nt_each,gcgacaacggtttaggCTATCTCAAAGAAAAAGGTGTTTCTGCTCAAAATGTTTCTAATACAAAAGCTGTGACTGGTAAGGGCGTTGAAGGGACGTCTTATTCCGGTCTTAAACTTCAGGGTGGGAATTGCCGCTGGTTAGGACagtgtggactatattt
PCA1:Start-3339|CAD2.low:3340-End|RT:64_nt_each,gcgacaacggtttaggTAGTTCTTCGCAGTCAAAAAGACCGGTTGTTGTTTTTTGCGGTGACGGAACAAACGACGCAATTGCATTAACGCAGGCTACAATCGGTGTTCACATAAATGAAGGATCCGAAGTAGCAAAGTTGGCCGagtgtggactatattt
PCA1:Start-3624|CAD2.low:3625-End|RT:64_nt_each,gcgacaacggtttaggTATTCCACCAGAGTATGCGGGTTTAGGGGAACTAGTTAGTATCCTCCCTGTAATTTTTGTAGCTACTTTGTTGAGATACGCTAAGGTATGATCCAGGTACTGCTGCTATTTGATTGTAGATTTTCTTTagtgtggactatattt
PCA1:Start-3645|CAD2.low:3646-End|RT:64_nt_each,gcgacaacggtttaggTTTAGGGGAACTAGTTAGTATCCTCCCTGTAATTTTTGTAGCTATACTTCTGCGTTATGCAAAGGTATGATCCAGGTACTGCTGCTATTTGATTGTAGATTTTCTTTTTTCTTTTCTTTTTTTTTTTTagtgtggactatattt
PCA1:Start-3648|CAD2.low:3649-End|RT:64_nt_each,gcgacaacggtttaggAGGGGAACTAGTTAGTATCCTCCCTGTAATTTTTGTAGCTATACTTCTGCGTTATGCAAAGATTTGATCCAGGTACTGCTGCTATTTGATTGTAGATTTTCTTTTTTCTTTTCTTTTTTTTTTTTGACagtgtggactatattt
PCA1:Start-114|CAD2.low:115-End|RT:74_nt_each,gcgacaATGGCGAGTATGGAGTGGTAAATAGCGAGAACATATCAATAGATGCTATGCAAGATAATAGAGGCGAGTGTCATCTGCGGTCAATCGAGCGACACGCAAACGATAATTTAGGTTTGGTGTCACAACGTGATTGCACGAACAGACCAAAatattt
PCA1:Start-129|CAD2.low:130-End|RT:74_nt_each,gcgacaTGGTAAATAGCGAGAACATATCAATAGATGCTATGCAAGATAATAGAGGCGAGTGTCATCGTAGATCCATAGAACGACACGCAAACGATAATTTAGGTTTGGTGTCACAACGTGATTGCACGAACAGACCAAAGATAACACCACAAGAatattt
PCA1:Start-426|CAD2.low:427-End|RT:74_nt_each,gcgacaCTGGCTTGGATGTGGACAGCTGTTGCGGCGATGCTCAAACAGGTGGTGACCACACCAATGAATCCTGTGTTGATGAATGTTGTGTCCGAGATTCTAGTGTAATGGTAGAAGAGGGAACAGGTTCTTGTGAAGCAGTTTCCTCCAAGGAatattt
PCA1:Start-465|CAD2.low:466-End|RT:74_nt_each,gcgacaCAGGTGGTGACCACACCAATGAATCCTGTGTTGATGGATGCTGCGTTAGAGATTCTTCAGTGATGGTCGAGGAAGGAACAGGTTCTTGTGAAGCAGTTTCCTCCAAGGAGCAGTTGTTGACTTCTTTTGAGGTCGTCCCCTCAAAGAGatattt
PCA1:Start-627|CAD2.low:628-End|RT:74_nt_each,gcgacaCTATTCATGATATTAGAGAGACAACTCGCTGCAATACCAATTCCAACCAACACACAGGGAAGGGTAGGCTTTGCCTTGAGAGCAGTGATAGCACTTTAAAGAAAAGAAGATGTAAGGTTTCTCGCCAAAAGATAGAAGTAAGCTCAAAatattt
PCA1:Start-660|CAD2.low:661-End|RT:74_nt_each,gcgacaATACCAATTCCAACCAACACACAGGGAAGGGTAGGCTTTGCATCGAATCAAGTGACTCTACACTCAAGAAAAGAAGATGTAAGGTTTCTCGCCAAAAGATAGAAGTAAGCTCAAAACCCGAATGTTGTAATATAAGCTGCGTCGAAAGatattt
PCA1:Start-774|CAD2.low:775-End|RT:74_nt_each,gcgacaAGCCTGAGTGCTGCAACATTTCATGTGTTGAGCGGATTGCATCTCGTAGCTGTGAAAAGAGGACTTTTAAAGGTACTACAAACGTTGGCATCAGCGGCTCGTCGAGTACTGATTCCCTTTCTGAAAAGTTCTTCTCTGAACAGTATAGatattt
PCA1:Start-1032|CAD2.low:1033-End|RT:74_nt_each,gcgacaGCGGGGAGGGTGCTTCTAAAAAGACAAAATACTCCTACCGCAACAGTTCTGGATGTTTAACAAAGAAAAAGACCTACGGGGATAAGGAAAGACTTTCTAACGACAACGGACATGCCGACTTTGTCTGCTCAAAGTCCTGCTGTACCAAatattt
PCA1:Start-1188|CAD2.low:1189-End|RT:74_nt_each,gcgacaATTGTGCTGTTACCTCAACTATTTCTGGACACTCTTCGAGTGAAATTTCAAGAATCGTATCAATGGAACCAATTGGGAATCATTTGAACTTGGAAGCTGGCAGCACTGGTACTGAACACATAGTGTTGTCAGTAAGTGGAATGACCTGatattt
PCA1:Start-1257|CAD2.low:1258-End|RT:74_nt_each,gcgacaCAATTGAAAATCATCTTAATCTTGAGGCAGGATCTACCGGTACCGAGCACATTGTTCTTAGTGTTTCAGGAATGACCTGTACTGGATGCGAGACTAAACTAAAGAAGAGCTTCGGTGCTCTGAAGTGCGTCCATGGGCTGAAAACAAGatattt
PCA1:Start-1275|CAD2.low:1276-End|RT:74_nt_each,gcgacaATCTTGAGGCAGGATCTACCGGTACCGAGCACATTGTTCTTAGTGTTTCAGGAATGTCCTGTACTGGTTGTGAAACTAAACTAAAGAAGAGCTTCGGTGCTCTGAAGTGCGTCCATGGGCTGAAAACAAGCTTAATCCTGTCACAAGCatattt
PCA1:Start-1446|CAD2.low:1447-End|RT:74_nt_each,gcgacaAGGGATCTGTCAAGGATGTTATCAAGCACTTGAGCAAAACTACTGAATTCAAGTACGAACAGATTTCAAATCATGCCTCTACAATTGATGTGGTGGCGCCCTACGCAGCTAAAGACTTCATAAACGAGGAATGGCCTCAAGGGGTAACatattt
PCA1:Start-1467|CAD2.low:1468-End|RT:74_nt_each,gcgacaTCAAGCACTTGAGCAAAACTACTGAATTCAAGTACGAACAGATTTCAAATCATGGTTCAACTATAGATGTTGTTGCGCCCTACGCAGCTAAAGACTTCATAAACGAGGAATGGCCTCAAGGGGTAACGGAGTTGAAGATCGTCGAACGatattt
PCA1:Start-1545|CAD2.low:1546-End|RT:74_nt_each,gcgacaCTTATGCAGCAAAAGATTTTATTAATGAGGAATGGCCACAAGGTGTCACAGAGCTGAAAATTGTTGAGAGAAATGTTATCAGGATCTATTTCGATCCTAAAGTAATTGGCGCTCGCGACTTAGTAAATGAGGGTTGGTCAGTTCCAGTatattt
PCA1:Start-1770|CAD2.low:1771-End|RT:74_nt_each,gcgacaCTTTATCCATAATATTGACGATCCCGATTCTCGTGATGGCTTGGGCTCCACAGCTTCGTGAAAAAATTTCCACTATGAGTGTGTCAATGGTACTAGCAACAATCATCCAGTTCGTGATCGCTGGTCCCTTCTATCTAAACGCACTAAAatattt
PCA1:Start-1773|CAD2.low:1774-End|RT:74_nt_each,gcgacaTATCCATAATATTGACGATCCCGATTCTCGTGATGGCTTGGGCTCCACAGCTTCGTGAAAAAATTTCCACTATCAGTGTGTCAATGGTACTAGCAACAATCATCCAGTTCGTGATCGCTGGTCCCTTCTATCTAAACGCACTAAAATCatattt
PCA1:Start-1944|CAD2.low:1945-End|RT:74_nt_each,gcgacaAAATGGATCTACTAATAGTTTTAAGCACTAGCGCTGCCTACATATTTTCGATTGTATCATTTGGATATTTCGTTGCCGGTCATCCCCTGAGTACAGAACAGTTCTTCGAGACATCAAGCCTATTGGTTACATTGATAATGGTTGGCAGatattt
PCA1:Start-1947|CAD2.low:1948-End|RT:74_nt_each,gcgacaTGGATCTACTAATAGTTTTAAGCACTAGCGCTGCCTACATATTTTCGATTGTATCATTTGGATATTTCGTTGTTGGTCATCCCCTGAGTACAGAACAGTTCTTCGAGACATCAAGCCTATTGGTTACATTGATAATGGTTGGCAGATTatattt
PCA1:Start-2127|CAD2.low:2128-End|RT:74_nt_each,gcgacaAGTCAATATCAGTACGTTCCTTACAGGCCTCTTCTGCTATTCTGGTGGATAAAACTGGTAAAGAGACGGAAATTGACATACGCCTGTTGCAGTACGGCGATATTTTCAAAATATTGCCCGACAGTAGGATTCCAACTGATGGGACTGTatattt
PCA1:Start-2163|CAD2.low:2164-End|RT:74_nt_each,gcgacaCTATTCTGGTGGATAAAACTGGTAAAGAGACGGAAATTAATATTAGACTTCTCCAATATGGCGATATTTTTAAGATATTGCCCGACAGTAGGATTCCAACTGATGGGACTGTTATTAGCGGTTCAAGTGAAGTCGATGAAGCACTTATatattt
PCA1:Start-2505|CAD2.low:2506-End|RT:74_nt_each,gcgacaGTTATTTCGTGCCAACTATCATTGGAATCACTGTCGTCACCTTTTGCGTTTGGATAGCGGTTGGAATCCGTGTGCAAAAGCAGTCTAGGAGCGATGCTGTTATCCAAGCGATAATTTATGCTATAACTGTTTTAATTGTCAGTTGCCCatattt
PCA1:Start-2583|CAD2.low:2584-End|RT:74_nt_each,gcgacaAGCAATCCCGCTCCGATGCCGTAATTCAGGCCATTATATATGCCATTACGGTACTTATCGTTTCGTGTCCCTGCGCTATTGGTTTGGCAGTCCCTATTGTGTTTGTCATCGCATCAGGAGTTGCCGCCAAAAGAGGAGTCATTTTCAAatattt
PCA1:Start-2907|CAD2.low:2908-End|RT:74_nt_each,gcgacaCAATAGCATCCTATCTCAAAGAAAAAGGTGTTTCTGCTCAAAATGTTTCTAATACAAAAGCTGTGACTGGTAAGGGCGTTGAAGGGACGTCTTATTCCGGTCTTAAACTTCAGGGTGGGAATTGCCGCTGGTTAGGACACAATAACGAatattt
PCA1:Start-3339|CAD2.low:3340-End|RT:74_nt_each,gcgacaGAAATTGCGATAGTTCTTCGCAGTCAAAAAGACCGGTTGTTGTTTTTTGCGGTGACGGAACAAACGACGCAATTGCATTAACGCAGGCTACAATCGGTGTTCACATAAATGAAGGATCCGAAGTAGCAAAGTTGGCCGCCGACGTTGTatattt
PCA1:Start-3624|CAD2.low:3625-End|RT:74_nt_each,gcgacaTTGACTTTCATATTCCACCAGAGTATGCGGGTTTAGGGGAACTAGTTAGTATCCTCCCTGTAATTTTTGTAGCTACTTTGTTGAGATACGCTAAGGTATGATCCAGGTACTGCTGCTATTTGATTGTAGATTTTCTTTTTTCTTTTCTatattt
PCA1:Start-3645|CAD2.low:3646-End|RT:74_nt_each,gcgacaAGTATGCGGGTTTAGGGGAACTAGTTAGTATCCTCCCTGTAATTTTTGTAGCTATACTTCTGCGTTATGCAAAGGTATGATCCAGGTACTGCTGCTATTTGATTGTAGATTTTCTTTTTTCTTTTCTTTTTTTTTTTTGACGACTCTGatattt
PCA1:Start-3648|CAD2.low:3649-End|RT:74_nt_each,gcgacaATGCGGGTTTAGGGGAACTAGTTAGTATCCTCCCTGTAATTTTTGTAGCTATACTTCTGCGTTATGCAAAGATTTGATCCAGGTACTGCTGCTATTTGATTGTAGATTTTCTTTTTTCTTTTCTTTTTTTTTTTTGACGACTCTGTAAatattt
PCA1:Start-114|CAD2.low:115-End|RT:80_nt_each,CCAGCGATGGCGAGTATGGAGTGGTAAATAGCGAGAACATATCAATAGATGCTATGCAAGATAATAGAGGCGAGTGTCATCTGCGGTCAATCGAGCGACACGCAAACGATAATTTAGGTTTGGTGTCACAACGTGATTGCACGAACAGACCAAAGATAAC
PCA1:Start-129|CAD2.low:130-End|RT:80_nt_each,ATGGAGTGGTAAATAGCGAGAACATATCAATAGATGCTATGCAAGATAATAGAGGCGAGTGTCATCGTAGATCCATAGAACGACACGCAAACGATAATTTAGGTTTGGTGTCACAACGTGATTGCACGAACAGACCAAAGATAACACCACAAGAATGCTT
PCA1:Start-426|CAD2.low:427-End|RT:80_nt_each,CTGAGACTGGCTTGGATGTGGACAGCTGTTGCGGCGATGCTCAAACAGGTGGTGACCACACCAATGAATCCTGTGTTGATGAATGTTGTGTCCGAGATTCTAGTGTAATGGTAGAAGAGGGAACAGGTTCTTGTGAAGCAGTTTCCTCCAAGGAGCAGTT
PCA1:Start-465|CAD2.low:466-End|RT:80_nt_each,CTCAAACAGGTGGTGACCACACCAATGAATCCTGTGTTGATGGATGCTGCGTTAGAGATTCTTCAGTGATGGTCGAGGAAGGAACAGGTTCTTGTGAAGCAGTTTCCTCCAAGGAGCAGTTGTTGACTTCTTTTGAGGTCGTCCCCTCAAAGAGCGAAGG
PCA1:Start-627|CAD2.low:628-End|RT:80_nt_each,TGCAATCTATTCATGATATTAGAGAGACAACTCGCTGCAATACCAATTCCAACCAACACACAGGGAAGGGTAGGCTTTGCCTTGAGAGCAGTGATAGCACTTTAAAGAAAAGAAGATGTAAGGTTTCTCGCCAAAAGATAGAAGTAAGCTCAAAACCCGA
PCA1:Start-660|CAD2.low:661-End|RT:80_nt_each,GCTGCAATACCAATTCCAACCAACACACAGGGAAGGGTAGGCTTTGCATCGAATCAAGTGACTCTACACTCAAGAAAAGAAGATGTAAGGTTTCTCGCCAAAAGATAGAAGTAAGCTCAAAACCCGAATGTTGTAATATAAGCTGCGTCGAAAGAATCGC
PCA1:Start-774|CAD2.low:775-End|RT:80_nt_each,CCAGTAAGCCTGAGTGCTGCAACATTTCATGTGTTGAGCGGATTGCATCTCGTAGCTGTGAAAAGAGGACTTTTAAAGGTACTACAAACGTTGGCATCAGCGGCTCGTCGAGTACTGATTCCCTTTCTGAAAAGTTCTTCTCTGAACAGTATAGCCGGAT
PCA1:Start-1032|CAD2.low:1033-End|RT:80_nt_each,TTTGTAGCGGGGAGGGTGCTTCTAAAAAGACAAAATACTCCTACCGCAACAGTTCTGGATGTTTAACAAAGAAAAAGACCTACGGGGATAAGGAAAGACTTTCTAACGACAACGGACATGCCGACTTTGTCTGCTCAAAGTCCTGCTGTACCAAGATGAA
PCA1:Start-1188|CAD2.low:1189-End|RT:80_nt_each,TGAAGGATTGTGCTGTTACCTCAACTATTTCTGGACACTCTTCGAGTGAAATTTCAAGAATCGTATCAATGGAACCAATTGGGAATCATTTGAACTTGGAAGCTGGCAGCACTGGTACTGAACACATAGTGTTGTCAGTAAGTGGAATGACCTGTACTGG
PCA1:Start-1257|CAD2.low:1258-End|RT:80_nt_each,TGGAACCAATTGAAAATCATCTTAATCTTGAGGCAGGATCTACCGGTACCGAGCACATTGTTCTTAGTGTTTCAGGAATGACCTGTACTGGATGCGAGACTAAACTAAAGAAGAGCTTCGGTGCTCTGAAGTGCGTCCATGGGCTGAAAACAAGCTTAAT
PCA1:Start-1275|CAD2.low:1276-End|RT:80_nt_each,ATCTTAATCTTGAGGCAGGATCTACCGGTACCGAGCACATTGTTCTTAGTGTTTCAGGAATGTCCTGTACTGGTTGTGAAACTAAACTAAAGAAGAGCTTCGGTGCTCTGAAGTGCGTCCATGGGCTGAAAACAAGCTTAATCCTGTCACAAGCGGAATT
PCA1:Start-1446|CAD2.low:1447-End|RT:80_nt_each,TTGCTCAGGGATCTGTCAAGGATGTTATCAAGCACTTGAGCAAAACTACTGAATTCAAGTACGAACAGATTTCAAATCATGCCTCTACAATTGATGTGGTGGCGCCCTACGCAGCTAAAGACTTCATAAACGAGGAATGGCCTCAAGGGGTAACGGAGTT
PCA1:Start-1467|CAD2.low:1468-End|RT:80_nt_each,ATGTTATCAAGCACTTGAGCAAAACTACTGAATTCAAGTACGAACAGATTTCAAATCATGGTTCAACTATAGATGTTGTTGCGCCCTACGCAGCTAAAGACTTCATAAACGAGGAATGGCCTCAAGGGGTAACGGAGTTGAAGATCGTCGAACGCAACGT
PCA1:Start-1545|CAD2.low:1546-End|RT:80_nt_each,TTGTTCCTTATGCAGCAAAAGATTTTATTAATGAGGAATGGCCACAAGGTGTCACAGAGCTGAAAATTGTTGAGAGAAATGTTATCAGGATCTATTTCGATCCTAAAGTAATTGGCGCTCGCGACTTAGTAAATGAGGGTTGGTCAGTTCCAGTCTCGAT
PCA1:Start-1770|CAD2.low:1771-End|RT:80_nt_each,CGACCGCTTTATCCATAATATTGACGATCCCGATTCTCGTGATGGCTTGGGCTCCACAGCTTCGTGAAAAAATTTCCACTATGAGTGTGTCAATGGTACTAGCAACAATCATCCAGTTCGTGATCGCTGGTCCCTTCTATCTAAACGCACTAAAATCTCT
PCA1:Start-1773|CAD2.low:1774-End|RT:80_nt_each,CCGCTTTATCCATAATATTGACGATCCCGATTCTCGTGATGGCTTGGGCTCCACAGCTTCGTGAAAAAATTTCCACTATCAGTGTGTCAATGGTACTAGCAACAATCATCCAGTTCGTGATCGCTGGTCCCTTCTATCTAAACGCACTAAAATCTCTAAT
PCA1:Start-1944|CAD2.low:1945-End|RT:80_nt_each,TCATTGAAATGGATCTACTAATAGTTTTAAGCACTAGCGCTGCCTACATATTTTCGATTGTATCATTTGGATATTTCGTTGCCGGTCATCCCCTGAGTACAGAACAGTTCTTCGAGACATCAAGCCTATTGGTTACATTGATAATGGTTGGCAGATTCGT
PCA1:Start-1947|CAD2.low:1948-End|RT:80_nt_each,TTGAAATGGATCTACTAATAGTTTTAAGCACTAGCGCTGCCTACATATTTTCGATTGTATCATTTGGATATTTCGTTGTTGGTCATCCCCTGAGTACAGAACAGTTCTTCGAGACATCAAGCCTATTGGTTACATTGATAATGGTTGGCAGATTCGTTAG
PCA1:Start-2127|CAD2.low:2128-End|RT:80_nt_each,CTGTAAAGTCAATATCAGTACGTTCCTTACAGGCCTCTTCTGCTATTCTGGTGGATAAAACTGGTAAAGAGACGGAAATTGACATACGCCTGTTGCAGTACGGCGATATTTTCAAAATATTGCCCGACAGTAGGATTCCAACTGATGGGACTGTTATTAG
PCA1:Start-2163|CAD2.low:2164-End|RT:80_nt_each,CTTCTGCTATTCTGGTGGATAAAACTGGTAAAGAGACGGAAATTAATATTAGACTTCTCCAATATGGCGATATTTTTAAGATATTGCCCGACAGTAGGATTCCAACTGATGGGACTGTTATTAGCGGTTCAAGTGAAGTCGATGAAGCACTTATTACCGG
PCA1:Start-2505|CAD2.low:2506-End|RT:80_nt_each,TTGCAAGTTATTTCGTGCCAACTATCATTGGAATCACTGTCGTCACCTTTTGCGTTTGGATAGCGGTTGGAATCCGTGTGCAAAAGCAGTCTAGGAGCGATGCTGTTATCCAAGCGATAATTTATGCTATAACTGTTTTAATTGTCAGTTGCCCATGCGC
PCA1:Start-2583|CAD2.low:2584-End|RT:80_nt_each,TGGAAAAGCAATCCCGCTCCGATGCCGTAATTCAGGCCATTATATATGCCATTACGGTACTTATCGTTTCGTGTCCCTGCGCTATTGGTTTGGCAGTCCCTATTGTGTTTGTCATCGCATCAGGAGTTGCCGCCAAAAGAGGAGTCATTTTCAAGTCGGC
PCA1:Start-2907|CAD2.low:2908-End|RT:80_nt_each,CCATGGCAATAGCATCCTATCTCAAAGAAAAAGGTGTTTCTGCTCAAAATGTTTCTAATACAAAAGCTGTGACTGGTAAGGGCGTTGAAGGGACGTCTTATTCCGGTCTTAAACTTCAGGGTGGGAATTGCCGCTGGTTAGGACACAATAACGACCCAGA
PCA1:Start-3339|CAD2.low:3340-End|RT:80_nt_each,AAGGAAGAAATTGCGATAGTTCTTCGCAGTCAAAAAGACCGGTTGTTGTTTTTTGCGGTGACGGAACAAACGACGCAATTGCATTAACGCAGGCTACAATCGGTGTTCACATAAATGAAGGATCCGAAGTAGCAAAGTTGGCCGCCGACGTTGTAATGCT
PCA1:Start-3624|CAD2.low:3625-End|RT:80_nt_each,CCTTTGTTGACTTTCATATTCCACCAGAGTATGCGGGTTTAGGGGAACTAGTTAGTATCCTCCCTGTAATTTTTGTAGCTACTTTGTTGAGATACGCTAAGGTATGATCCAGGTACTGCTGCTATTTGATTGTAGATTTTCTTTTTTCTTTTCTTTTTTT
PCA1:Start-3645|CAD2.low:3646-End|RT:80_nt_each,CACCAGAGTATGCGGGTTTAGGGGAACTAGTTAGTATCCTCCCTGTAATTTTTGTAGCTATACTTCTGCGTTATGCAAAGGTATGATCCAGGTACTGCTGCTATTTGATTGTAGATTTTCTTTTTTCTTTTCTTTTTTTTTTTTGACGACTCTGTAATAC
PCA1:Start-3648|CAD2.low:3649-End|RT:80_nt_each,CAGAGTATGCGGGTTTAGGGGAACTAGTTAGTATCCTCCCTGTAATTTTTGTAGCTATACTTCTGCGTTATGCAAAGATTTGATCCAGGTACTGCTGCTATTTGATTGTAGATTTTCTTTTTTCTTTTCTTTTTTTTTTTTGACGACTCTGTAATACTCT