>PCA1:Start-114|CAD2.medium:115-End|RT:20_nt_each,gcgacaacggtttaggtgggtacgggtccccattccttatatagaaatggcatgttagatATAATAGAGGCGAGTGTCATCTGCGTAGTATAGAAAGGCAtagctaagcgcagggacttcccgaatctcggtattatcccggtaagtgtggactatattt
PCA1:Start-129|CAD2.medium:130-End|RT:20_nt_each,gcgacaacggtttaggtgggtacgggtccccattccttatatagaaatggcatgttagatGTCATCGTAGATCCATAGAAAGGCATGCTAATGATAATTTtagctaagcgcagggacttcccgaatctcggtattatcccggtaagtgtggactatattt
PCA1:Start-426|CAD2.medium:427-End|RT:20_nt_each,gcgacaacggtttaggtgggtacgggtccccattccttatatagaaatggcatgttagatCCAATGAATCCTGTGTTGATGAGTGTTGTGTTAGAGATTCtagctaagcgcagggacttcccgaatctcggtattatcccggtaagtgtggactatattt
PCA1:Start-465|CAD2.medium:466-End|RT:20_nt_each,gcgacaacggtttaggtgggtacgggtccccattccttatatagaaatggcatgttagatCTTCAGTGATGGTCGAGGAAGGAACTGGCTCCTGTGAGGCtagctaagcgcagggacttcccgaatctcggtattatcccggtaagtgtggactatattt
PCA1:Start-627|CAD2.medium:628-End|RT:20_nt_each,gcgacaacggtttaggtgggtacgggtccccattccttatatagaaatggcatgttagatCAGGGAAGGGTAGGCTTTGCCTGGAGTCGTCCGACAGCACtagctaagcgcagggacttcccgaatctcggtattatcccggtaagtgtggactatattt
PCA1:Start-660|CAD2.medium:661-End|RT:20_nt_each,gcgacaacggtttaggtgggtacgggtccccattccttatatagaaatggcatgttagatACTCTACACTCAAGAAAAGAAGGTGCAAAGTATCCAGACAtagctaagcgcagggacttcccgaatctcggtattatcccggtaagtgtggactatattt
PCA1:Start-774|CAD2.medium:775-End|RT:20_nt_each,gcgacaacggtttaggtgggtacgggtccccattccttatatagaaatggcatgttagatAAAAGAGGACTTTTAAAGGTACTACCAATGTAGGTATTTCtagctaagcgcagggacttcccgaatctcggtattatcccggtaagtgtggactatattt
PCA1:Start-1032|CAD2.medium:1033-End|RT:20_nt_each,gcgacaacggtttaggtgggtacgggtccccattccttatatagaaatggcatgttagatGTTTAACAAAGAAAAAGACCTACGGTGATAAAGAAAGATTtagctaagcgcagggacttcccgaatctcggtattatcccggtaagtgtggactatattt
PCA1:Start-1188|CAD2.medium:1189-End|RT:20_nt_each,gcgacaacggtttaggtgggtacgggtccccattccttatatagaaatggcatgttagatTCGTATCAATGGAACCAATTGGCAACCATCTTAATCTTGAtagctaagcgcagggacttcccgaatctcggtattatcccggtaagtgtggactatattt
PCA1:Start-1257|CAD2.medium:1258-End|RT:20_nt_each,gcgacaacggtttaggtgggtacgggtccccattccttatatagaaatggcatgttagatTTCTTAGTGTTTCAGGAATGACTTGTACTGGATGTGAGACtagctaagcgcagggacttcccgaatctcggtattatcccggtaagtgtggactatattt
PCA1:Start-1275|CAD2.medium:1276-End|RT:20_nt_each,gcgacaacggtttaggtgggtacgggtccccattccttatatagaaatggcatgttagatTGTCCTGTACTGGTTGTGAAACCAAACTTAAGAAGAGCTTtagctaagcgcagggacttcccgaatctcggtattatcccggtaagtgtggactatattt
PCA1:Start-1446|CAD2.medium:1447-End|RT:20_nt_each,gcgacaacggtttaggtgggtacgggtccccattccttatatagaaatggcatgttagatACGAACAGATTTCAAATCATGCGTCAACCATCGATGTTGTtagctaagcgcagggacttcccgaatctcggtattatcccggtaagtgtggactatattt
PCA1:Start-1467|CAD2.medium:1468-End|RT:20_nt_each,gcgacaacggtttaggtgggtacgggtccccattccttatatagaaatggcatgttagatGTTCAACTATAGATGTTGTTGCTCCATATGCCGCGAAAGAtagctaagcgcagggacttcccgaatctcggtattatcccggtaagtgtggactatattt
PCA1:Start-1545|CAD2.medium:1546-End|RT:20_nt_each,gcgacaacggtttaggtgggtacgggtccccattccttatatagaaatggcatgttagatTGAAAATTGTTGAGAGAAATGTCATTAGGATCTACTTCGAtagctaagcgcagggacttcccgaatctcggtattatcccggtaagtgtggactatattt
PCA1:Start-1770|CAD2.medium:1771-End|RT:20_nt_each,gcgacaacggtttaggtgggtacgggtccccattccttatatagaaatggcatgttagatTTCGTGAAAAAATTTCCACTATGAGTGTCTCGATGGTCCTtagctaagcgcagggacttcccgaatctcggtattatcccggtaagtgtggactatattt
PCA1:Start-1773|CAD2.medium:1774-End|RT:20_nt_each,gcgacaacggtttaggtgggtacgggtccccattccttatatagaaatggcatgttagatGTGAAAAAATTTCCACTATCAGTGTCTCGATGGTCCTGGCtagctaagcgcagggacttcccgaatctcggtattatcccggtaagtgtggactatattt
PCA1:Start-1944|CAD2.medium:1945-End|RT:20_nt_each,gcgacaacggtttaggtgggtacgggtccccattccttatatagaaatggcatgttagatTATCATTTGGATATTTCGTTGCGGGCCACCCTCTCTCAACtagctaagcgcagggacttcccgaatctcggtattatcccggtaagtgtggactatattt
PCA1:Start-1947|CAD2.medium:1948-End|RT:20_nt_each,gcgacaacggtttaggtgggtacgggtccccattccttatatagaaatggcatgttagatCATTTGGATATTTCGTTGTTGGCCACCCTCTCTCAACAGAtagctaagcgcagggacttcccgaatctcggtattatcccggtaagtgtggactatattt
PCA1:Start-2127|CAD2.medium:2128-End|RT:20_nt_each,gcgacaacggtttaggtgggtacgggtccccattccttatatagaaatggcatgttagatCTGGTAAAGAGACGGAAATTGACATTCGGTTGTTACAATAtagctaagcgcagggacttcccgaatctcggtattatcccggtaagtgtggactatattt
PCA1:Start-2163|CAD2.medium:2164-End|RT:20_nt_each,gcgacaacggtttaggtgggtacgggtccccattccttatatagaaatggcatgttagatAATATGGCGATATTTTTAAGATATTACCAGACTCGCGAATtagctaagcgcagggacttcccgaatctcggtattatcccggtaagtgtggactatattt
PCA1:Start-2505|CAD2.medium:2506-End|RT:20_nt_each,gcgacaacggtttaggtgggtacgggtccccattccttatatagaaatggcatgttagatTAGCGGTTGGAATCCGTGTGCAAAAGCAGAGCAGATCCGAtagctaagcgcagggacttcccgaatctcggtattatcccggtaagtgtggactatattt
PCA1:Start-2583|CAD2.medium:2584-End|RT:20_nt_each,gcgacaacggtttaggtgggtacgggtccccattccttatatagaaatggcatgttagatTTATCGTTTCGTGTCCCTGCGCAATAGGACTAGCCGTCCCtagctaagcgcagggacttcccgaatctcggtattatcccggtaagtgtggactatattt
PCA1:Start-2907|CAD2.medium:2908-End|RT:20_nt_each,gcgacaacggtttaggtgggtacgggtccccattccttatatagaaatggcatgttagatCAAAAGCTGTGACTGGTAAGGGCGTGGAAGGTACTTCTTAtagctaagcgcagggacttcccgaatctcggtattatcccggtaagtgtggactatattt
PCA1:Start-3339|CAD2.medium:3340-End|RT:20_nt_each,gcgacaacggtttaggtgggtacgggtccccattccttatatagaaatggcatgttagatACGGAACAAACGACGCAATTGCCTTGACTCAAGCAACCATtagctaagcgcagggacttcccgaatctcggtattatcccggtaagtgtggactatattt
PCA1:Start-3624|CAD2.medium:3625-End|RT:20_nt_each,gcgacaacggtttaggtgggtacgggtccccattccttatatagaaatggcatgttagatTCCCTGTAATTTTTGTAGCTACGCTTCTGAGATACGCTAAtagctaagcgcagggacttcccgaatctcggtattatcccggtaagtgtggactatattt
PCA1:Start-3645|CAD2.medium:3646-End|RT:20_nt_each,gcgacaacggtttaggtgggtacgggtccccattccttatatagaaatggcatgttagatTACTTCTGCGTTATGCAAAGGTCTAGTCCAGGTACTGCTGtagctaagcgcagggacttcccgaatctcggtattatcccggtaagtgtggactatattt
PCA1:Start-3648|CAD2.medium:3649-End|RT:20_nt_each,gcgacaacggtttaggtgggtacgggtccccattccttatatagaaatggcatgttagatTTCTGCGTTATGCAAAGATTTAGTCCAGGTACTGCTGCTAtagctaagcgcagggacttcccgaatctcggtattatcccggtaagtgtggactatattt
PCA1:Start-114|CAD2.medium:115-End|RT:22_nt_each,gcgacaacggtttaggtgggtacgggtccccattccttatatagaaatggcatgttagAGATAATAGAGGCGAGTGTCATCTGCGTAGTATAGAAAGGCATGgctaagcgcagggacttcccgaatctcggtattatcccggtaagtgtggactatattt
PCA1:Start-129|CAD2.medium:130-End|RT:22_nt_each,gcgacaacggtttaggtgggtacgggtccccattccttatatagaaatggcatgttagGTGTCATCGTAGATCCATAGAAAGGCATGCTAATGATAATTTGGgctaagcgcagggacttcccgaatctcggtattatcccggtaagtgtggactatattt
PCA1:Start-426|CAD2.medium:427-End|RT:22_nt_each,gcgacaacggtttaggtgggtacgggtccccattccttatatagaaatggcatgttagCACCAATGAATCCTGTGTTGATGAGTGTTGTGTTAGAGATTCTTgctaagcgcagggacttcccgaatctcggtattatcccggtaagtgtggactatattt
PCA1:Start-465|CAD2.medium:466-End|RT:22_nt_each,gcgacaacggtttaggtgggtacgggtccccattccttatatagaaatggcatgttagTTCTTCAGTGATGGTCGAGGAAGGAACTGGCTCCTGTGAGGCCGgctaagcgcagggacttcccgaatctcggtattatcccggtaagtgtggactatattt
PCA1:Start-627|CAD2.medium:628-End|RT:22_nt_each,gcgacaacggtttaggtgggtacgggtccccattccttatatagaaatggcatgttagCACAGGGAAGGGTAGGCTTTGCCTGGAGTCGTCCGACAGCACTTgctaagcgcagggacttcccgaatctcggtattatcccggtaagtgtggactatattt
PCA1:Start-660|CAD2.medium:661-End|RT:22_nt_each,gcgacaacggtttaggtgggtacgggtccccattccttatatagaaatggcatgttagTGACTCTACACTCAAGAAAAGAAGGTGCAAAGTATCCAGACAGAgctaagcgcagggacttcccgaatctcggtattatcccggtaagtgtggactatattt
PCA1:Start-774|CAD2.medium:775-End|RT:22_nt_each,gcgacaacggtttaggtgggtacgggtccccattccttatatagaaatggcatgttagTGAAAAGAGGACTTTTAAAGGTACTACCAATGTAGGTATTTCTGgctaagcgcagggacttcccgaatctcggtattatcccggtaagtgtggactatattt
PCA1:Start-1032|CAD2.medium:1033-End|RT:22_nt_each,gcgacaacggtttaggtgggtacgggtccccattccttatatagaaatggcatgttagATGTTTAACAAAGAAAAAGACCTACGGTGATAAAGAAAGATTGAgctaagcgcagggacttcccgaatctcggtattatcccggtaagtgtggactatattt
PCA1:Start-1188|CAD2.medium:1189-End|RT:22_nt_each,gcgacaacggtttaggtgggtacgggtccccattccttatatagaaatggcatgttagAATCGTATCAATGGAACCAATTGGCAACCATCTTAATCTTGAAGgctaagcgcagggacttcccgaatctcggtattatcccggtaagtgtggactatattt
PCA1:Start-1257|CAD2.medium:1258-End|RT:22_nt_each,gcgacaacggtttaggtgggtacgggtccccattccttatatagaaatggcatgttagTGTTCTTAGTGTTTCAGGAATGACTTGTACTGGATGTGAGACCAgctaagcgcagggacttcccgaatctcggtattatcccggtaagtgtggactatattt
PCA1:Start-1275|CAD2.medium:1276-End|RT:22_nt_each,gcgacaacggtttaggtgggtacgggtccccattccttatatagaaatggcatgttagAATGTCCTGTACTGGTTGTGAAACCAAACTTAAGAAGAGCTTCGgctaagcgcagggacttcccgaatctcggtattatcccggtaagtgtggactatattt
PCA1:Start-1446|CAD2.medium:1447-End|RT:22_nt_each,gcgacaacggtttaggtgggtacgggtccccattccttatatagaaatggcatgttagGTACGAACAGATTTCAAATCATGCGTCAACCATCGATGTTGTGGgctaagcgcagggacttcccgaatctcggtattatcccggtaagtgtggactatattt
PCA1:Start-1467|CAD2.medium:1468-End|RT:22_nt_each,gcgacaacggtttaggtgggtacgggtccccattccttatatagaaatggcatgttagTGGTTCAACTATAGATGTTGTTGCTCCATATGCCGCGAAAGATTgctaagcgcagggacttcccgaatctcggtattatcccggtaagtgtggactatattt
PCA1:Start-1545|CAD2.medium:1546-End|RT:22_nt_each,gcgacaacggtttaggtgggtacgggtccccattccttatatagaaatggcatgttagGCTGAAAATTGTTGAGAGAAATGTCATTAGGATCTACTTCGACCgctaagcgcagggacttcccgaatctcggtattatcccggtaagtgtggactatattt
PCA1:Start-1770|CAD2.medium:1771-End|RT:22_nt_each,gcgacaacggtttaggtgggtacgggtccccattccttatatagaaatggcatgttagGCTTCGTGAAAAAATTTCCACTATGAGTGTCTCGATGGTCCTGGgctaagcgcagggacttcccgaatctcggtattatcccggtaagtgtggactatattt
PCA1:Start-1773|CAD2.medium:1774-End|RT:22_nt_each,gcgacaacggtttaggtgggtacgggtccccattccttatatagaaatggcatgttagTCGTGAAAAAATTTCCACTATCAGTGTCTCGATGGTCCTGGCGAgctaagcgcagggacttcccgaatctcggtattatcccggtaagtgtggactatattt
PCA1:Start-1944|CAD2.medium:1945-End|RT:22_nt_each,gcgacaacggtttaggtgggtacgggtccccattccttatatagaaatggcatgttagTGTATCATTTGGATATTTCGTTGCGGGCCACCCTCTCTCAACAGgctaagcgcagggacttcccgaatctcggtattatcccggtaagtgtggactatattt
PCA1:Start-1947|CAD2.medium:1948-End|RT:22_nt_each,gcgacaacggtttaggtgggtacgggtccccattccttatatagaaatggcatgttagATCATTTGGATATTTCGTTGTTGGCCACCCTCTCTCAACAGAGCgctaagcgcagggacttcccgaatctcggtattatcccggtaagtgtggactatattt
PCA1:Start-2127|CAD2.medium:2128-End|RT:22_nt_each,gcgacaacggtttaggtgggtacgggtccccattccttatatagaaatggcatgttagAACTGGTAAAGAGACGGAAATTGACATTCGGTTGTTACAATATGgctaagcgcagggacttcccgaatctcggtattatcccggtaagtgtggactatattt
PCA1:Start-2163|CAD2.medium:2164-End|RT:22_nt_each,gcgacaacggtttaggtgggtacgggtccccattccttatatagaaatggcatgttagCCAATATGGCGATATTTTTAAGATATTACCAGACTCGCGAATTCgctaagcgcagggacttcccgaatctcggtattatcccggtaagtgtggactatattt
PCA1:Start-2505|CAD2.medium:2506-End|RT:22_nt_each,gcgacaacggtttaggtgggtacgggtccccattccttatatagaaatggcatgttagGATAGCGGTTGGAATCCGTGTGCAAAAGCAGAGCAGATCCGATGgctaagcgcagggacttcccgaatctcggtattatcccggtaagtgtggactatattt
PCA1:Start-2583|CAD2.medium:2584-End|RT:22_nt_each,gcgacaacggtttaggtgggtacgggtccccattccttatatagaaatggcatgttagACTTATCGTTTCGTGTCCCTGCGCAATAGGACTAGCCGTCCCTAgctaagcgcagggacttcccgaatctcggtattatcccggtaagtgtggactatattt
PCA1:Start-2907|CAD2.medium:2908-End|RT:22_nt_each,gcgacaacggtttaggtgggtacgggtccccattccttatatagaaatggcatgttagTACAAAAGCTGTGACTGGTAAGGGCGTGGAAGGTACTTCTTATAgctaagcgcagggacttcccgaatctcggtattatcccggtaagtgtggactatattt
PCA1:Start-3339|CAD2.medium:3340-End|RT:22_nt_each,gcgacaacggtttaggtgggtacgggtccccattccttatatagaaatggcatgttagTGACGGAACAAACGACGCAATTGCCTTGACTCAAGCAACCATTGgctaagcgcagggacttcccgaatctcggtattatcccggtaagtgtggactatattt
PCA1:Start-3624|CAD2.medium:3625-End|RT:22_nt_each,gcgacaacggtttaggtgggtacgggtccccattccttatatagaaatggcatgttagCCTCCCTGTAATTTTTGTAGCTACGCTTCTGAGATACGCTAAAGgctaagcgcagggacttcccgaatctcggtattatcccggtaagtgtggactatattt
PCA1:Start-3645|CAD2.medium:3646-End|RT:22_nt_each,gcgacaacggtttaggtgggtacgggtccccattccttatatagaaatggcatgttagTATACTTCTGCGTTATGCAAAGGTCTAGTCCAGGTACTGCTGCTgctaagcgcagggacttcccgaatctcggtattatcccggtaagtgtggactatattt
PCA1:Start-3648|CAD2.medium:3649-End|RT:22_nt_each,gcgacaacggtttaggtgggtacgggtccccattccttatatagaaatggcatgttagACTTCTGCGTTATGCAAAGATTTAGTCCAGGTACTGCTGCTATTgctaagcgcagggacttcccgaatctcggtattatcccggtaagtgtggactatattt
PCA1:Start-114|CAD2.medium:115-End|RT:25_nt_each,gcgacaacggtttaggtgggtacgggtccccattccttatatagaaatggcatgtGCAAGATAATAGAGGCGAGTGTCATCTGCGTAGTATAGAAAGGCATGCTAaagcgcagggacttcccgaatctcggtattatcccggtaagtgtggactatattt
PCA1:Start-129|CAD2.medium:130-End|RT:25_nt_each,gcgacaacggtttaggtgggtacgggtccccattccttatatagaaatggcatgtCGAGTGTCATCGTAGATCCATAGAAAGGCATGCTAATGATAATTTGGGTTaagcgcagggacttcccgaatctcggtattatcccggtaagtgtggactatattt
PCA1:Start-426|CAD2.medium:427-End|RT:25_nt_each,gcgacaacggtttaggtgggtacgggtccccattccttatatagaaatggcatgtCCACACCAATGAATCCTGTGTTGATGAGTGTTGTGTTAGAGATTCTTCCGaagcgcagggacttcccgaatctcggtattatcccggtaagtgtggactatattt
PCA1:Start-465|CAD2.medium:466-End|RT:25_nt_each,gcgacaacggtttaggtgggtacgggtccccattccttatatagaaatggcatgtAGATTCTTCAGTGATGGTCGAGGAAGGAACTGGCTCCTGTGAGGCCGTGTaagcgcagggacttcccgaatctcggtattatcccggtaagtgtggactatattt
PCA1:Start-627|CAD2.medium:628-End|RT:25_nt_each,gcgacaacggtttaggtgggtacgggtccccattccttatatagaaatggcatgtACACACAGGGAAGGGTAGGCTTTGCCTGGAGTCGTCCGACAGCACTTTAAaagcgcagggacttcccgaatctcggtattatcccggtaagtgtggactatattt
PCA1:Start-660|CAD2.medium:661-End|RT:25_nt_each,gcgacaacggtttaggtgggtacgggtccccattccttatatagaaatggcatgtAAGTGACTCTACACTCAAGAAAAGAAGGTGCAAAGTATCCAGACAGAAAAaagcgcagggacttcccgaatctcggtattatcccggtaagtgtggactatattt
PCA1:Start-774|CAD2.medium:775-End|RT:25_nt_each,gcgacaacggtttaggtgggtacgggtccccattccttatatagaaatggcatgtCTGTGAAAAGAGGACTTTTAAAGGTACTACCAATGTAGGTATTTCTGGTTaagcgcagggacttcccgaatctcggtattatcccggtaagtgtggactatattt
PCA1:Start-1032|CAD2.medium:1033-End|RT:25_nt_each,gcgacaacggtttaggtgggtacgggtccccattccttatatagaaatggcatgtTGGATGTTTAACAAAGAAAAAGACCTACGGTGATAAAGAAAGATTGAGTAaagcgcagggacttcccgaatctcggtattatcccggtaagtgtggactatattt
PCA1:Start-1188|CAD2.medium:1189-End|RT:25_nt_each,gcgacaacggtttaggtgggtacgggtccccattccttatatagaaatggcatgtAAGAATCGTATCAATGGAACCAATTGGCAACCATCTTAATCTTGAAGCAGaagcgcagggacttcccgaatctcggtattatcccggtaagtgtggactatattt
PCA1:Start-1257|CAD2.medium:1258-End|RT:25_nt_each,gcgacaacggtttaggtgggtacgggtccccattccttatatagaaatggcatgtCATTGTTCTTAGTGTTTCAGGAATGACTTGTACTGGATGTGAGACCAAACaagcgcagggacttcccgaatctcggtattatcccggtaagtgtggactatattt
PCA1:Start-1275|CAD2.medium:1276-End|RT:25_nt_each,gcgacaacggtttaggtgggtacgggtccccattccttatatagaaatggcatgtAGGAATGTCCTGTACTGGTTGTGAAACCAAACTTAAGAAGAGCTTCGGGGaagcgcagggacttcccgaatctcggtattatcccggtaagtgtggactatattt
PCA1:Start-1446|CAD2.medium:1447-End|RT:25_nt_each,gcgacaacggtttaggtgggtacgggtccccattccttatatagaaatggcatgtCAAGTACGAACAGATTTCAAATCATGCGTCAACCATCGATGTTGTGGCTCaagcgcagggacttcccgaatctcggtattatcccggtaagtgtggactatattt
PCA1:Start-1467|CAD2.medium:1468-End|RT:25_nt_each,gcgacaacggtttaggtgggtacgggtccccattccttatatagaaatggcatgtTCATGGTTCAACTATAGATGTTGTTGCTCCATATGCCGCGAAAGATTTTAaagcgcagggacttcccgaatctcggtattatcccggtaagtgtggactatattt
PCA1:Start-1545|CAD2.medium:1546-End|RT:25_nt_each,gcgacaacggtttaggtgggtacgggtccccattccttatatagaaatggcatgtAGAGCTGAAAATTGTTGAGAGAAATGTCATTAGGATCTACTTCGACCCAAaagcgcagggacttcccgaatctcggtattatcccggtaagtgtggactatattt
PCA1:Start-1770|CAD2.medium:1771-End|RT:25_nt_each,gcgacaacggtttaggtgggtacgggtccccattccttatatagaaatggcatgtACAGCTTCGTGAAAAAATTTCCACTATGAGTGTCTCGATGGTCCTGGCGAaagcgcagggacttcccgaatctcggtattatcccggtaagtgtggactatattt
PCA1:Start-1773|CAD2.medium:1774-End|RT:25_nt_each,gcgacaacggtttaggtgggtacgggtccccattccttatatagaaatggcatgtGCTTCGTGAAAAAATTTCCACTATCAGTGTCTCGATGGTCCTGGCGACAAaagcgcagggacttcccgaatctcggtattatcccggtaagtgtggactatattt
PCA1:Start-1944|CAD2.medium:1945-End|RT:25_nt_each,gcgacaacggtttaggtgggtacgggtccccattccttatatagaaatggcatgtGATTGTATCATTTGGATATTTCGTTGCGGGCCACCCTCTCTCAACAGAGCaagcgcagggacttcccgaatctcggtattatcccggtaagtgtggactatattt
PCA1:Start-1947|CAD2.medium:1948-End|RT:25_nt_each,gcgacaacggtttaggtgggtacgggtccccattccttatatagaaatggcatgtTGTATCATTTGGATATTTCGTTGTTGGCCACCCTCTCTCAACAGAGCAATaagcgcagggacttcccgaatctcggtattatcccggtaagtgtggactatattt
PCA1:Start-2127|CAD2.medium:2128-End|RT:25_nt_each,gcgacaacggtttaggtgggtacgggtccccattccttatatagaaatggcatgtTAAAACTGGTAAAGAGACGGAAATTGACATTCGGTTGTTACAATATGGGGaagcgcagggacttcccgaatctcggtattatcccggtaagtgtggactatattt
PCA1:Start-2163|CAD2.medium:2164-End|RT:25_nt_each,gcgacaacggtttaggtgggtacgggtccccattccttatatagaaatggcatgtTCTCCAATATGGCGATATTTTTAAGATATTACCAGACTCGCGAATTCCCAaagcgcagggacttcccgaatctcggtattatcccggtaagtgtggactatattt
PCA1:Start-2505|CAD2.medium:2506-End|RT:25_nt_each,gcgacaacggtttaggtgggtacgggtccccattccttatatagaaatggcatgtTTGGATAGCGGTTGGAATCCGTGTGCAAAAGCAGAGCAGATCCGATGCTGaagcgcagggacttcccgaatctcggtattatcccggtaagtgtggactatattt
PCA1:Start-2583|CAD2.medium:2584-End|RT:25_nt_each,gcgacaacggtttaggtgggtacgggtccccattccttatatagaaatggcatgtGGTACTTATCGTTTCGTGTCCCTGCGCAATAGGACTAGCCGTCCCTATTGaagcgcagggacttcccgaatctcggtattatcccggtaagtgtggactatattt
PCA1:Start-2907|CAD2.medium:2908-End|RT:25_nt_each,gcgacaacggtttaggtgggtacgggtccccattccttatatagaaatggcatgtTAATACAAAAGCTGTGACTGGTAAGGGCGTGGAAGGTACTTCTTATAGTGaagcgcagggacttcccgaatctcggtattatcccggtaagtgtggactatattt
PCA1:Start-3339|CAD2.medium:3340-End|RT:25_nt_each,gcgacaacggtttaggtgggtacgggtccccattccttatatagaaatggcatgtCGGTGACGGAACAAACGACGCAATTGCCTTGACTCAAGCAACCATTGGCGaagcgcagggacttcccgaatctcggtattatcccggtaagtgtggactatattt
PCA1:Start-3624|CAD2.medium:3625-End|RT:25_nt_each,gcgacaacggtttaggtgggtacgggtccccattccttatatagaaatggcatgtTATCCTCCCTGTAATTTTTGTAGCTACGCTTCTGAGATACGCTAAAGTCTaagcgcagggacttcccgaatctcggtattatcccggtaagtgtggactatattt
PCA1:Start-3645|CAD2.medium:3646-End|RT:25_nt_each,gcgacaacggtttaggtgggtacgggtccccattccttatatagaaatggcatgtAGCTATACTTCTGCGTTATGCAAAGGTCTAGTCCAGGTACTGCTGCTATTaagcgcagggacttcccgaatctcggtattatcccggtaagtgtggactatattt
PCA1:Start-3648|CAD2.medium:3649-End|RT:25_nt_each,gcgacaacggtttaggtgggtacgggtccccattccttatatagaaatggcatgtTATACTTCTGCGTTATGCAAAGATTTAGTCCAGGTACTGCTGCTATTTGAaagcgcagggacttcccgaatctcggtattatcccggtaagtgtggactatattt
PCA1:Start-114|CAD2.medium:115-End|RT:29_nt_each,gcgacaacggtttaggtgggtacgggtccccattccttatatagaaatggcCTATGCAAGATAATAGAGGCGAGTGTCATCTGCGTAGTATAGAAAGGCATGCTAATGAgcagggacttcccgaatctcggtattatcccggtaagtgtggactatattt
PCA1:Start-129|CAD2.medium:130-End|RT:29_nt_each,gcgacaacggtttaggtgggtacgggtccccattccttatatagaaatggcGAGGCGAGTGTCATCGTAGATCCATAGAAAGGCATGCTAATGATAATTTGGGTTTGGTgcagggacttcccgaatctcggtattatcccggtaagtgtggactatattt
PCA1:Start-426|CAD2.medium:427-End|RT:29_nt_each,gcgacaacggtttaggtgggtacgggtccccattccttatatagaaatggcGTGACCACACCAATGAATCCTGTGTTGATGAGTGTTGTGTTAGAGATTCTTCCGTTATgcagggacttcccgaatctcggtattatcccggtaagtgtggactatattt
PCA1:Start-465|CAD2.medium:466-End|RT:29_nt_each,gcgacaacggtttaggtgggtacgggtccccattccttatatagaaatggcTTAGAGATTCTTCAGTGATGGTCGAGGAAGGAACTGGCTCCTGTGAGGCCGTGTCATCgcagggacttcccgaatctcggtattatcccggtaagtgtggactatattt
PCA1:Start-627|CAD2.medium:628-End|RT:29_nt_each,gcgacaacggtttaggtgggtacgggtccccattccttatatagaaatggcACCAACACACAGGGAAGGGTAGGCTTTGCCTGGAGTCGTCCGACAGCACTTTAAAGAAgcagggacttcccgaatctcggtattatcccggtaagtgtggactatattt
PCA1:Start-660|CAD2.medium:661-End|RT:29_nt_each,gcgacaacggtttaggtgggtacgggtccccattccttatatagaaatggcAATCAAGTGACTCTACACTCAAGAAAAGAAGGTGCAAAGTATCCAGACAGAAAATTGAgcagggacttcccgaatctcggtattatcccggtaagtgtggactatattt
PCA1:Start-774|CAD2.medium:775-End|RT:29_nt_each,gcgacaacggtttaggtgggtacgggtccccattccttatatagaaatggcGTAGCTGTGAAAAGAGGACTTTTAAAGGTACTACCAATGTAGGTATTTCTGGTTCGTCgcagggacttcccgaatctcggtattatcccggtaagtgtggactatattt
PCA1:Start-1032|CAD2.medium:1033-End|RT:29_nt_each,gcgacaacggtttaggtgggtacgggtccccattccttatatagaaatggcGTTCTGGATGTTTAACAAAGAAAAAGACCTACGGTGATAAAGAAAGATTGAGTAATGAgcagggacttcccgaatctcggtattatcccggtaagtgtggactatattt
PCA1:Start-1188|CAD2.medium:1189-End|RT:29_nt_each,gcgacaacggtttaggtgggtacgggtccccattccttatatagaaatggcTTTCAAGAATCGTATCAATGGAACCAATTGGCAACCATCTTAATCTTGAAGCAGGCTCgcagggacttcccgaatctcggtattatcccggtaagtgtggactatattt
PCA1:Start-1257|CAD2.medium:1258-End|RT:29_nt_each,gcgacaacggtttaggtgggtacgggtccccattccttatatagaaatggcAGCACATTGTTCTTAGTGTTTCAGGAATGACTTGTACTGGATGTGAGACCAAACTTAAgcagggacttcccgaatctcggtattatcccggtaagtgtggactatattt
PCA1:Start-1275|CAD2.medium:1276-End|RT:29_nt_each,gcgacaacggtttaggtgggtacgggtccccattccttatatagaaatggcTTTCAGGAATGTCCTGTACTGGTTGTGAAACCAAACTTAAGAAGAGCTTCGGGGCATTgcagggacttcccgaatctcggtattatcccggtaagtgtggactatattt
PCA1:Start-1446|CAD2.medium:1447-End|RT:29_nt_each,gcgacaacggtttaggtgggtacgggtccccattccttatatagaaatggcAATTCAAGTACGAACAGATTTCAAATCATGCGTCAACCATCGATGTTGTGGCTCCATAgcagggacttcccgaatctcggtattatcccggtaagtgtggactatattt
PCA1:Start-1467|CAD2.medium:1468-End|RT:29_nt_each,gcgacaacggtttaggtgggtacgggtccccattccttatatagaaatggcCAAATCATGGTTCAACTATAGATGTTGTTGCTCCATATGCCGCGAAAGATTTTATCAAgcagggacttcccgaatctcggtattatcccggtaagtgtggactatattt
PCA1:Start-1545|CAD2.medium:1546-End|RT:29_nt_each,gcgacaacggtttaggtgggtacgggtccccattccttatatagaaatggcTCACAGAGCTGAAAATTGTTGAGAGAAATGTCATTAGGATCTACTTCGACCCAAAAGTgcagggacttcccgaatctcggtattatcccggtaagtgtggactatattt
PCA1:Start-1770|CAD2.medium:1771-End|RT:29_nt_each,gcgacaacggtttaggtgggtacgggtccccattccttatatagaaatggcCTCCACAGCTTCGTGAAAAAATTTCCACTATGAGTGTCTCGATGGTCCTGGCGACAATgcagggacttcccgaatctcggtattatcccggtaagtgtggactatattt
PCA1:Start-1773|CAD2.medium:1774-End|RT:29_nt_each,gcgacaacggtttaggtgggtacgggtccccattccttatatagaaatggcCACAGCTTCGTGAAAAAATTTCCACTATCAGTGTCTCGATGGTCCTGGCGACAATTATgcagggacttcccgaatctcggtattatcccggtaagtgtggactatattt
PCA1:Start-1944|CAD2.medium:1945-End|RT:29_nt_each,gcgacaacggtttaggtgggtacgggtccccattccttatatagaaatggcTTTCGATTGTATCATTTGGATATTTCGTTGCGGGCCACCCTCTCTCAACAGAGCAATTgcagggacttcccgaatctcggtattatcccggtaagtgtggactatattt
PCA1:Start-1947|CAD2.medium:1948-End|RT:29_nt_each,gcgacaacggtttaggtgggtacgggtccccattccttatatagaaatggcCGATTGTATCATTTGGATATTTCGTTGTTGGCCACCCTCTCTCAACAGAGCAATTCTTgcagggacttcccgaatctcggtattatcccggtaagtgtggactatattt
PCA1:Start-2127|CAD2.medium:2128-End|RT:29_nt_each,gcgacaacggtttaggtgggtacgggtccccattccttatatagaaatggcTGGATAAAACTGGTAAAGAGACGGAAATTGACATTCGGTTGTTACAATATGGGGATATgcagggacttcccgaatctcggtattatcccggtaagtgtggactatattt
PCA1:Start-2163|CAD2.medium:2164-End|RT:29_nt_each,gcgacaacggtttaggtgggtacgggtccccattccttatatagaaatggcGACTTCTCCAATATGGCGATATTTTTAAGATATTACCAGACTCGCGAATTCCCACTGAgcagggacttcccgaatctcggtattatcccggtaagtgtggactatattt
PCA1:Start-2505|CAD2.medium:2506-End|RT:29_nt_each,gcgacaacggtttaggtgggtacgggtccccattccttatatagaaatggcGCGTTTGGATAGCGGTTGGAATCCGTGTGCAAAAGCAGAGCAGATCCGATGCTGTCATgcagggacttcccgaatctcggtattatcccggtaagtgtggactatattt
PCA1:Start-2583|CAD2.medium:2584-End|RT:29_nt_each,gcgacaacggtttaggtgggtacgggtccccattccttatatagaaatggcTTACGGTACTTATCGTTTCGTGTCCCTGCGCAATAGGACTAGCCGTCCCTATTGTCTTgcagggacttcccgaatctcggtattatcccggtaagtgtggactatattt
PCA1:Start-2907|CAD2.medium:2908-End|RT:29_nt_each,gcgacaacggtttaggtgggtacgggtccccattccttatatagaaatggcTTTCTAATACAAAAGCTGTGACTGGTAAGGGCGTGGAAGGTACTTCTTATAGTGGCTTgcagggacttcccgaatctcggtattatcccggtaagtgtggactatattt
PCA1:Start-3339|CAD2.medium:3340-End|RT:29_nt_each,gcgacaacggtttaggtgggtacgggtccccattccttatatagaaatggcTTTGCGGTGACGGAACAAACGACGCAATTGCCTTGACTCAAGCAACCATTGGCGTTCAgcagggacttcccgaatctcggtattatcccggtaagtgtggactatattt
PCA1:Start-3624|CAD2.medium:3625-End|RT:29_nt_each,gcgacaacggtttaggtgggtacgggtccccattccttatatagaaatggcTTAGTATCCTCCCTGTAATTTTTGTAGCTACGCTTCTGAGATACGCTAAAGTCTAGTCgcagggacttcccgaatctcggtattatcccggtaagtgtggactatattt
PCA1:Start-3645|CAD2.medium:3646-End|RT:29_nt_each,gcgacaacggtttaggtgggtacgggtccccattccttatatagaaatggcTTGTAGCTATACTTCTGCGTTATGCAAAGGTCTAGTCCAGGTACTGCTGCTATTTGATgcagggacttcccgaatctcggtattatcccggtaagtgtggactatattt
PCA1:Start-3648|CAD2.medium:3649-End|RT:29_nt_each,gcgacaacggtttaggtgggtacgggtccccattccttatatagaaatggcTAGCTATACTTCTGCGTTATGCAAAGATTTAGTCCAGGTACTGCTGCTATTTGATTGTgcagggacttcccgaatctcggtattatcccggtaagtgtggactatattt
PCA1:Start-114|CAD2.medium:115-End|RT:34_nt_each,gcgacaacggtttaggtgggtacgggtccccattccttatatagaaAGATGCTATGCAAGATAATAGAGGCGAGTGTCATCTGCGTAGTATAGAAAGGCATGCTAATGATAATTgacttcccgaatctcggtattatcccggtaagtgtggactatattt
PCA1:Start-129|CAD2.medium:130-End|RT:34_nt_each,gcgacaacggtttaggtgggtacgggtccccattccttatatagaaTAATAGAGGCGAGTGTCATCGTAGATCCATAGAAAGGCATGCTAATGATAATTTGGGTTTGGTGAGCCgacttcccgaatctcggtattatcccggtaagtgtggactatattt
PCA1:Start-426|CAD2.medium:427-End|RT:34_nt_each,gcgacaacggtttaggtgggtacgggtccccattccttatatagaaAGGTGGTGACCACACCAATGAATCCTGTGTTGATGAGTGTTGTGTTAGAGATTCTTCCGTTATGGTTGgacttcccgaatctcggtattatcccggtaagtgtggactatattt
PCA1:Start-465|CAD2.medium:466-End|RT:34_nt_each,gcgacaacggtttaggtgggtacgggtccccattccttatatagaaCTGCGTTAGAGATTCTTCAGTGATGGTCGAGGAAGGAACTGGCTCCTGTGAGGCCGTGTCATCTAAGGgacttcccgaatctcggtattatcccggtaagtgtggactatattt
PCA1:Start-627|CAD2.medium:628-End|RT:34_nt_each,gcgacaacggtttaggtgggtacgggtccccattccttatatagaaTTCCAACCAACACACAGGGAAGGGTAGGCTTTGCCTGGAGTCGTCCGACAGCACTTTAAAGAAGCGTAgacttcccgaatctcggtattatcccggtaagtgtggactatattt
PCA1:Start-660|CAD2.medium:661-End|RT:34_nt_each,gcgacaacggtttaggtgggtacgggtccccattccttatatagaaCATCGAATCAAGTGACTCTACACTCAAGAAAAGAAGGTGCAAAGTATCCAGACAGAAAATTGAAGTCTgacttcccgaatctcggtattatcccggtaagtgtggactatattt
PCA1:Start-774|CAD2.medium:775-End|RT:34_nt_each,gcgacaacggtttaggtgggtacgggtccccattccttatatagaaATCTCGTAGCTGTGAAAAGAGGACTTTTAAAGGTACTACCAATGTAGGTATTTCTGGTTCGTCATCCAgacttcccgaatctcggtattatcccggtaagtgtggactatattt
PCA1:Start-1032|CAD2.medium:1033-End|RT:34_nt_each,gcgacaacggtttaggtgggtacgggtccccattccttatatagaaCAACAGTTCTGGATGTTTAACAAAGAAAAAGACCTACGGTGATAAAGAAAGATTGAGTAATGACAATGgacttcccgaatctcggtattatcccggtaagtgtggactatattt
PCA1:Start-1188|CAD2.medium:1189-End|RT:34_nt_each,gcgacaacggtttaggtgggtacgggtccccattccttatatagaaTGAAATTTCAAGAATCGTATCAATGGAACCAATTGGCAACCATCTTAATCTTGAAGCAGGCTCAACAGgacttcccgaatctcggtattatcccggtaagtgtggactatattt
PCA1:Start-1257|CAD2.medium:1258-End|RT:34_nt_each,gcgacaacggtttaggtgggtacgggtccccattccttatatagaaTACCGAGCACATTGTTCTTAGTGTTTCAGGAATGACTTGTACTGGATGTGAGACCAAACTTAAGAAGAgacttcccgaatctcggtattatcccggtaagtgtggactatattt
PCA1:Start-1275|CAD2.medium:1276-End|RT:34_nt_each,gcgacaacggtttaggtgggtacgggtccccattccttatatagaaTAGTGTTTCAGGAATGTCCTGTACTGGTTGTGAAACCAAACTTAAGAAGAGCTTCGGGGCATTAAAATgacttcccgaatctcggtattatcccggtaagtgtggactatattt
PCA1:Start-1446|CAD2.medium:1447-End|RT:34_nt_each,gcgacaacggtttaggtgggtacgggtccccattccttatatagaaTACTGAATTCAAGTACGAACAGATTTCAAATCATGCGTCAACCATCGATGTTGTGGCTCCATATGCCGgacttcccgaatctcggtattatcccggtaagtgtggactatattt
PCA1:Start-1467|CAD2.medium:1468-End|RT:34_nt_each,gcgacaacggtttaggtgggtacgggtccccattccttatatagaaGATTTCAAATCATGGTTCAACTATAGATGTTGTTGCTCCATATGCCGCGAAAGATTTTATCAACGAAGgacttcccgaatctcggtattatcccggtaagtgtggactatattt
PCA1:Start-1545|CAD2.medium:1546-End|RT:34_nt_each,gcgacaacggtttaggtgggtacgggtccccattccttatatagaaAGGTGTCACAGAGCTGAAAATTGTTGAGAGAAATGTCATTAGGATCTACTTCGACCCAAAAGTTATAGgacttcccgaatctcggtattatcccggtaagtgtggactatattt
PCA1:Start-1770|CAD2.medium:1771-End|RT:34_nt_each,gcgacaacggtttaggtgggtacgggtccccattccttatatagaaTTGGGCTCCACAGCTTCGTGAAAAAATTTCCACTATGAGTGTCTCGATGGTCCTGGCGACAATTATACgacttcccgaatctcggtattatcccggtaagtgtggactatattt
PCA1:Start-1773|CAD2.medium:1774-End|RT:34_nt_each,gcgacaacggtttaggtgggtacgggtccccattccttatatagaaGGCTCCACAGCTTCGTGAAAAAATTTCCACTATCAGTGTCTCGATGGTCCTGGCGACAATTATACAGTgacttcccgaatctcggtattatcccggtaagtgtggactatattt
PCA1:Start-1944|CAD2.medium:1945-End|RT:34_nt_each,gcgacaacggtttaggtgggtacgggtccccattccttatatagaaCATATTTTCGATTGTATCATTTGGATATTTCGTTGCGGGCCACCCTCTCTCAACAGAGCAATTCTTTGgacttcccgaatctcggtattatcccggtaagtgtggactatattt
PCA1:Start-1947|CAD2.medium:1948-End|RT:34_nt_each,gcgacaacggtttaggtgggtacgggtccccattccttatatagaaATTTTCGATTGTATCATTTGGATATTTCGTTGTTGGCCACCCTCTCTCAACAGAGCAATTCTTTGAAAgacttcccgaatctcggtattatcccggtaagtgtggactatattt
PCA1:Start-2127|CAD2.medium:2128-End|RT:34_nt_each,gcgacaacggtttaggtgggtacgggtccccattccttatatagaaTCTGGTGGATAAAACTGGTAAAGAGACGGAAATTGACATTCGGTTGTTACAATATGGGGATATATTTAgacttcccgaatctcggtattatcccggtaagtgtggactatattt
PCA1:Start-2163|CAD2.medium:2164-End|RT:34_nt_each,gcgacaacggtttaggtgggtacgggtccccattccttatatagaaTATTAGACTTCTCCAATATGGCGATATTTTTAAGATATTACCAGACTCGCGAATTCCCACTGATGGTAgacttcccgaatctcggtattatcccggtaagtgtggactatattt
PCA1:Start-2505|CAD2.medium:2506-End|RT:34_nt_each,gcgacaacggtttaggtgggtacgggtccccattccttatatagaaCTTTTGCGTTTGGATAGCGGTTGGAATCCGTGTGCAAAAGCAGAGCAGATCCGATGCTGTCATTCAAGgacttcccgaatctcggtattatcccggtaagtgtggactatattt
PCA1:Start-2583|CAD2.medium:2584-End|RT:34_nt_each,gcgacaacggtttaggtgggtacgggtccccattccttatatagaaTGCCATTACGGTACTTATCGTTTCGTGTCCCTGCGCAATAGGACTAGCCGTCCCTATTGTCTTCGTAAgacttcccgaatctcggtattatcccggtaagtgtggactatattt
PCA1:Start-2907|CAD2.medium:2908-End|RT:34_nt_each,gcgacaacggtttaggtgggtacgggtccccattccttatatagaaAAATGTTTCTAATACAAAAGCTGTGACTGGTAAGGGCGTGGAAGGTACTTCTTATAGTGGCTTAAAACgacttcccgaatctcggtattatcccggtaagtgtggactatattt
PCA1:Start-3339|CAD2.medium:3340-End|RT:34_nt_each,gcgacaacggtttaggtgggtacgggtccccattccttatatagaaTGTTTTTTGCGGTGACGGAACAAACGACGCAATTGCCTTGACTCAAGCAACCATTGGCGTTCATATCAgacttcccgaatctcggtattatcccggtaagtgtggactatattt
PCA1:Start-3624|CAD2.medium:3625-End|RT:34_nt_each,gcgacaacggtttaggtgggtacgggtccccattccttatatagaaACTAGTTAGTATCCTCCCTGTAATTTTTGTAGCTACGCTTCTGAGATACGCTAAAGTCTAGTCCAGGTgacttcccgaatctcggtattatcccggtaagtgtggactatattt
PCA1:Start-3645|CAD2.medium:3646-End|RT:34_nt_each,gcgacaacggtttaggtgggtacgggtccccattccttatatagaaAATTTTTGTAGCTATACTTCTGCGTTATGCAAAGGTCTAGTCCAGGTACTGCTGCTATTTGATTGTAGgacttcccgaatctcggtattatcccggtaagtgtggactatattt
PCA1:Start-3648|CAD2.medium:3649-End|RT:34_nt_each,gcgacaacggtttaggtgggtacgggtccccattccttatatagaaTTTTGTAGCTATACTTCTGCGTTATGCAAAGATTTAGTCCAGGTACTGCTGCTATTTGATTGTAGATTgacttcccgaatctcggtattatcccggtaagtgtggactatattt
PCA1:Start-114|CAD2.medium:115-End|RT:40_nt_each,gcgacaacggtttaggtgggtacgggtccccattccttatATCAATAGATGCTATGCAAGATAATAGAGGCGAGTGTCATCTGCGTAGTATAGAAAGGCATGCTAATGATAATTTGGGTTccgaatctcggtattatcccggtaagtgtggactatattt
PCA1:Start-129|CAD2.medium:130-End|RT:40_nt_each,gcgacaacggtttaggtgggtacgggtccccattccttatGCAAGATAATAGAGGCGAGTGTCATCGTAGATCCATAGAAAGGCATGCTAATGATAATTTGGGTTTGGTGAGCCAACGTGccgaatctcggtattatcccggtaagtgtggactatattt
PCA1:Start-426|CAD2.medium:427-End|RT:40_nt_each,gcgacaacggtttaggtgggtacgggtccccattccttatTCAAACAGGTGGTGACCACACCAATGAATCCTGTGTTGATGAGTGTTGTGTTAGAGATTCTTCCGTTATGGTTGAAGAAGccgaatctcggtattatcccggtaagtgtggactatattt
PCA1:Start-465|CAD2.medium:466-End|RT:40_nt_each,gcgacaacggtttaggtgggtacgggtccccattccttatTGGATGCTGCGTTAGAGATTCTTCAGTGATGGTCGAGGAAGGAACTGGCTCCTGTGAGGCCGTGTCATCTAAGGAACAATccgaatctcggtattatcccggtaagtgtggactatattt
PCA1:Start-627|CAD2.medium:628-End|RT:40_nt_each,gcgacaacggtttaggtgggtacgggtccccattccttatTACCAATTCCAACCAACACACAGGGAAGGGTAGGCTTTGCCTGGAGTCGTCCGACAGCACTTTAAAGAAGCGTAGGTGCAccgaatctcggtattatcccggtaagtgtggactatattt
PCA1:Start-660|CAD2.medium:661-End|RT:40_nt_each,gcgacaacggtttaggtgggtacgggtccccattccttatGCTTTGCATCGAATCAAGTGACTCTACACTCAAGAAAAGAAGGTGCAAAGTATCCAGACAGAAAATTGAAGTCTCCAGTAccgaatctcggtattatcccggtaagtgtggactatattt
PCA1:Start-774|CAD2.medium:775-End|RT:40_nt_each,gcgacaacggtttaggtgggtacgggtccccattccttatGATTGCATCTCGTAGCTGTGAAAAGAGGACTTTTAAAGGTACTACCAATGTAGGTATTTCTGGTTCGTCATCCACCGATTccgaatctcggtattatcccggtaagtgtggactatattt
PCA1:Start-1032|CAD2.medium:1033-End|RT:40_nt_each,gcgacaacggtttaggtgggtacgggtccccattccttatCTACCGCAACAGTTCTGGATGTTTAACAAAGAAAAAGACCTACGGTGATAAAGAAAGATTGAGTAATGACAATGGACACGccgaatctcggtattatcccggtaagtgtggactatattt
PCA1:Start-1188|CAD2.medium:1189-End|RT:40_nt_each,gcgacaacggtttaggtgggtacgggtccccattccttatTTCGAGTGAAATTTCAAGAATCGTATCAATGGAACCAATTGGCAACCATCTTAATCTTGAAGCAGGCTCAACAGGTACTGccgaatctcggtattatcccggtaagtgtggactatattt
PCA1:Start-1257|CAD2.medium:1258-End|RT:40_nt_each,gcgacaacggtttaggtgggtacgggtccccattccttatTACCGGTACCGAGCACATTGTTCTTAGTGTTTCAGGAATGACTTGTACTGGATGTGAGACCAAACTTAAGAAGAGCTTCGccgaatctcggtattatcccggtaagtgtggactatattt
PCA1:Start-1275|CAD2.medium:1276-End|RT:40_nt_each,gcgacaacggtttaggtgggtacgggtccccattccttatTGTTCTTAGTGTTTCAGGAATGTCCTGTACTGGTTGTGAAACCAAACTTAAGAAGAGCTTCGGGGCATTAAAATGTGTCCccgaatctcggtattatcccggtaagtgtggactatattt
PCA1:Start-1446|CAD2.medium:1447-End|RT:40_nt_each,gcgacaacggtttaggtgggtacgggtccccattccttatCAAAACTACTGAATTCAAGTACGAACAGATTTCAAATCATGCGTCAACCATCGATGTTGTGGCTCCATATGCCGCGAAAGccgaatctcggtattatcccggtaagtgtggactatattt
PCA1:Start-1467|CAD2.medium:1468-End|RT:40_nt_each,gcgacaacggtttaggtgggtacgggtccccattccttatCGAACAGATTTCAAATCATGGTTCAACTATAGATGTTGTTGCTCCATATGCCGCGAAAGATTTTATCAACGAAGAATGGCccgaatctcggtattatcccggtaagtgtggactatattt
PCA1:Start-1545|CAD2.medium:1546-End|RT:40_nt_each,gcgacaacggtttaggtgggtacgggtccccattccttatGCCACAAGGTGTCACAGAGCTGAAAATTGTTGAGAGAAATGTCATTAGGATCTACTTCGACCCAAAAGTTATAGGCGCCCccgaatctcggtattatcccggtaagtgtggactatattt
PCA1:Start-1770|CAD2.medium:1771-End|RT:40_nt_each,gcgacaacggtttaggtgggtacgggtccccattccttatGATGGCTTGGGCTCCACAGCTTCGTGAAAAAATTTCCACTATGAGTGTCTCGATGGTCCTGGCGACAATTATACAGTTTGccgaatctcggtattatcccggtaagtgtggactatattt
PCA1:Start-1773|CAD2.medium:1774-End|RT:40_nt_each,gcgacaacggtttaggtgggtacgggtccccattccttatGGCTTGGGCTCCACAGCTTCGTGAAAAAATTTCCACTATCAGTGTCTCGATGGTCCTGGCGACAATTATACAGTTTGTGAccgaatctcggtattatcccggtaagtgtggactatattt
PCA1:Start-1944|CAD2.medium:1945-End|RT:40_nt_each,gcgacaacggtttaggtgggtacgggtccccattccttatTGCCTACATATTTTCGATTGTATCATTTGGATATTTCGTTGCGGGCCACCCTCTCTCAACAGAGCAATTCTTTGAAACGTccgaatctcggtattatcccggtaagtgtggactatattt
PCA1:Start-1947|CAD2.medium:1948-End|RT:40_nt_each,gcgacaacggtttaggtgggtacgggtccccattccttatCTACATATTTTCGATTGTATCATTTGGATATTTCGTTGTTGGCCACCCTCTCTCAACAGAGCAATTCTTTGAAACGTCCTccgaatctcggtattatcccggtaagtgtggactatattt
PCA1:Start-2127|CAD2.medium:2128-End|RT:40_nt_each,gcgacaacggtttaggtgggtacgggtccccattccttatTGCTATTCTGGTGGATAAAACTGGTAAAGAGACGGAAATTGACATTCGGTTGTTACAATATGGGGATATATTTAAAATATccgaatctcggtattatcccggtaagtgtggactatattt
PCA1:Start-2163|CAD2.medium:2164-End|RT:40_nt_each,gcgacaacggtttaggtgggtacgggtccccattccttatAATTAATATTAGACTTCTCCAATATGGCGATATTTTTAAGATATTACCAGACTCGCGAATTCCCACTGATGGTACTGTTAccgaatctcggtattatcccggtaagtgtggactatattt
PCA1:Start-2505|CAD2.medium:2506-End|RT:40_nt_each,gcgacaacggtttaggtgggtacgggtccccattccttatCGTCACCTTTTGCGTTTGGATAGCGGTTGGAATCCGTGTGCAAAAGCAGAGCAGATCCGATGCTGTCATTCAAGCTATAAccgaatctcggtattatcccggtaagtgtggactatattt
PCA1:Start-2583|CAD2.medium:2584-End|RT:40_nt_each,gcgacaacggtttaggtgggtacgggtccccattccttatTATATATGCCATTACGGTACTTATCGTTTCGTGTCCCTGCGCAATAGGACTAGCCGTCCCTATTGTCTTCGTAATCGCAAccgaatctcggtattatcccggtaagtgtggactatattt
PCA1:Start-2907|CAD2.medium:2908-End|RT:40_nt_each,gcgacaacggtttaggtgggtacgggtccccattccttatTGCTCAAAATGTTTCTAATACAAAAGCTGTGACTGGTAAGGGCGTGGAAGGTACTTCTTATAGTGGCTTAAAACTGCAAGccgaatctcggtattatcccggtaagtgtggactatattt
PCA1:Start-3339|CAD2.medium:3340-End|RT:40_nt_each,gcgacaacggtttaggtgggtacgggtccccattccttatGGTTGTTGTTTTTTGCGGTGACGGAACAAACGACGCAATTGCCTTGACTCAAGCAACCATTGGCGTTCATATCAATGAGGccgaatctcggtattatcccggtaagtgtggactatattt
PCA1:Start-3624|CAD2.medium:3625-End|RT:40_nt_each,gcgacaacggtttaggtgggtacgggtccccattccttatAGGGGAACTAGTTAGTATCCTCCCTGTAATTTTTGTAGCTACGCTTCTGAGATACGCTAAAGTCTAGTCCAGGTACTGCTccgaatctcggtattatcccggtaagtgtggactatattt
PCA1:Start-3645|CAD2.medium:3646-End|RT:40_nt_each,gcgacaacggtttaggtgggtacgggtccccattccttatCCCTGTAATTTTTGTAGCTATACTTCTGCGTTATGCAAAGGTCTAGTCCAGGTACTGCTGCTATTTGATTGTAGATTTTCccgaatctcggtattatcccggtaagtgtggactatattt
PCA1:Start-3648|CAD2.medium:3649-End|RT:40_nt_each,gcgacaacggtttaggtgggtacgggtccccattccttatTGTAATTTTTGTAGCTATACTTCTGCGTTATGCAAAGATTTAGTCCAGGTACTGCTGCTATTTGATTGTAGATTTTCTTTccgaatctcggtattatcccggtaagtgtggactatattt
PCA1:Start-114|CAD2.medium:115-End|RT:47_nt_each,gcgacaacggtttaggtgggtacgggtccccatAGAACATATCAATAGATGCTATGCAAGATAATAGAGGCGAGTGTCATCTGCGTAGTATAGAAAGGCATGCTAATGATAATTTGGGTTTGGTGAGtcggtattatcccggtaagtgtggactatattt
PCA1:Start-129|CAD2.medium:130-End|RT:47_nt_each,gcgacaacggtttaggtgggtacgggtccccatATGCTATGCAAGATAATAGAGGCGAGTGTCATCGTAGATCCATAGAAAGGCATGCTAATGATAATTTGGGTTTGGTGAGCCAACGTGACTGTACtcggtattatcccggtaagtgtggactatattt
PCA1:Start-426|CAD2.medium:427-End|RT:47_nt_each,gcgacaacggtttaggtgggtacgggtccccatGCGATGCTCAAACAGGTGGTGACCACACCAATGAATCCTGTGTTGATGAGTGTTGTGTTAGAGATTCTTCCGTTATGGTTGAAGAAGGAACTGGtcggtattatcccggtaagtgtggactatattt
PCA1:Start-465|CAD2.medium:466-End|RT:47_nt_each,gcgacaacggtttaggtgggtacgggtccccatGTGTTGATGGATGCTGCGTTAGAGATTCTTCAGTGATGGTCGAGGAAGGAACTGGCTCCTGTGAGGCCGTGTCATCTAAGGAACAATTGCTCACtcggtattatcccggtaagtgtggactatattt
PCA1:Start-627|CAD2.medium:628-End|RT:47_nt_each,gcgacaacggtttaggtgggtacgggtccccatGCTGCAATACCAATTCCAACCAACACACAGGGAAGGGTAGGCTTTGCCTGGAGTCGTCCGACAGCACTTTAAAGAAGCGTAGGTGCAAAGTATCtcggtattatcccggtaagtgtggactatattt
PCA1:Start-660|CAD2.medium:661-End|RT:47_nt_each,gcgacaacggtttaggtgggtacgggtccccatAGGGTAGGCTTTGCATCGAATCAAGTGACTCTACACTCAAGAAAAGAAGGTGCAAAGTATCCAGACAGAAAATTGAAGTCTCCAGTAAGCCAGAtcggtattatcccggtaagtgtggactatattt
PCA1:Start-774|CAD2.medium:775-End|RT:47_nt_each,gcgacaacggtttaggtgggtacgggtccccatTTGAGCGGATTGCATCTCGTAGCTGTGAAAAGAGGACTTTTAAAGGTACTACCAATGTAGGTATTTCTGGTTCGTCATCCACCGATTCTTTATCtcggtattatcccggtaagtgtggactatattt
PCA1:Start-1032|CAD2.medium:1033-End|RT:47_nt_each,gcgacaacggtttaggtgggtacgggtccccatAATACTCCTACCGCAACAGTTCTGGATGTTTAACAAAGAAAAAGACCTACGGTGATAAAGAAAGATTGAGTAATGACAATGGACACGCGGACTTtcggtattatcccggtaagtgtggactatattt
PCA1:Start-1188|CAD2.medium:1189-End|RT:47_nt_each,gcgacaacggtttaggtgggtacgggtccccatGACACTCTTCGAGTGAAATTTCAAGAATCGTATCAATGGAACCAATTGGCAACCATCTTAATCTTGAAGCAGGCTCAACAGGTACTGAACATATtcggtattatcccggtaagtgtggactatattt
PCA1:Start-1257|CAD2.medium:1258-End|RT:47_nt_each,gcgacaacggtttaggtgggtacgggtccccatCAGGATCTACCGGTACCGAGCACATTGTTCTTAGTGTTTCAGGAATGACTTGTACTGGATGTGAGACCAAACTTAAGAAGAGCTTCGGGGCATTtcggtattatcccggtaagtgtggactatattt
PCA1:Start-1275|CAD2.medium:1276-End|RT:47_nt_each,gcgacaacggtttaggtgggtacgggtccccatAGCACATTGTTCTTAGTGTTTCAGGAATGTCCTGTACTGGTTGTGAAACCAAACTTAAGAAGAGCTTCGGGGCATTAAAATGTGTCCACGGTCTtcggtattatcccggtaagtgtggactatattt
PCA1:Start-1446|CAD2.medium:1447-End|RT:47_nt_each,gcgacaacggtttaggtgggtacgggtccccatACTTGAGCAAAACTACTGAATTCAAGTACGAACAGATTTCAAATCATGCGTCAACCATCGATGTTGTGGCTCCATATGCCGCGAAAGATTTTATtcggtattatcccggtaagtgtggactatattt
PCA1:Start-1467|CAD2.medium:1468-End|RT:47_nt_each,gcgacaacggtttaggtgggtacgggtccccatTCAAGTACGAACAGATTTCAAATCATGGTTCAACTATAGATGTTGTTGCTCCATATGCCGCGAAAGATTTTATCAACGAAGAATGGCCACAGGGtcggtattatcccggtaagtgtggactatattt
PCA1:Start-1545|CAD2.medium:1546-End|RT:47_nt_each,gcgacaacggtttaggtgggtacgggtccccatAGGAATGGCCACAAGGTGTCACAGAGCTGAAAATTGTTGAGAGAAATGTCATTAGGATCTACTTCGACCCAAAAGTTATAGGCGCCCGCGATTTtcggtattatcccggtaagtgtggactatattt
PCA1:Start-1770|CAD2.medium:1771-End|RT:47_nt_each,gcgacaacggtttaggtgggtacgggtccccatTTCTCGTGATGGCTTGGGCTCCACAGCTTCGTGAAAAAATTTCCACTATGAGTGTCTCGATGGTCCTGGCGACAATTATACAGTTTGTGATAGCtcggtattatcccggtaagtgtggactatattt
PCA1:Start-1773|CAD2.medium:1774-End|RT:47_nt_each,gcgacaacggtttaggtgggtacgggtccccatTCGTGATGGCTTGGGCTCCACAGCTTCGTGAAAAAATTTCCACTATCAGTGTCTCGATGGTCCTGGCGACAATTATACAGTTTGTGATAGCAGGtcggtattatcccggtaagtgtggactatattt
PCA1:Start-1944|CAD2.medium:1945-End|RT:47_nt_each,gcgacaacggtttaggtgggtacgggtccccatCTAGCGCTGCCTACATATTTTCGATTGTATCATTTGGATATTTCGTTGCGGGCCACCCTCTCTCAACAGAGCAATTCTTTGAAACGTCCTCACTtcggtattatcccggtaagtgtggactatattt
PCA1:Start-1947|CAD2.medium:1948-End|RT:47_nt_each,gcgacaacggtttaggtgggtacgggtccccatGCGCTGCCTACATATTTTCGATTGTATCATTTGGATATTTCGTTGTTGGCCACCCTCTCTCAACAGAGCAATTCTTTGAAACGTCCTCACTGTTtcggtattatcccggtaagtgtggactatattt
PCA1:Start-2127|CAD2.medium:2128-End|RT:47_nt_each,gcgacaacggtttaggtgggtacgggtccccatCCTCTTCTGCTATTCTGGTGGATAAAACTGGTAAAGAGACGGAAATTGACATTCGGTTGTTACAATATGGGGATATATTTAAAATATTACCAGAtcggtattatcccggtaagtgtggactatattt
PCA1:Start-2163|CAD2.medium:2164-End|RT:47_nt_each,gcgacaacggtttaggtgggtacgggtccccatAGACGGAAATTAATATTAGACTTCTCCAATATGGCGATATTTTTAAGATATTACCAGACTCGCGAATTCCCACTGATGGTACTGTTATATCGGGtcggtattatcccggtaagtgtggactatattt
PCA1:Start-2505|CAD2.medium:2506-End|RT:47_nt_each,gcgacaacggtttaggtgggtacgggtccccatTCACTGTCGTCACCTTTTGCGTTTGGATAGCGGTTGGAATCCGTGTGCAAAAGCAGAGCAGATCCGATGCTGTCATTCAAGCTATAATTTACGCtcggtattatcccggtaagtgtggactatattt
PCA1:Start-2583|CAD2.medium:2584-End|RT:47_nt_each,gcgacaacggtttaggtgggtacgggtccccatAGGCCATTATATATGCCATTACGGTACTTATCGTTTCGTGTCCCTGCGCAATAGGACTAGCCGTCCCTATTGTCTTCGTAATCGCAAGCGGAGTtcggtattatcccggtaagtgtggactatattt
PCA1:Start-2907|CAD2.medium:2908-End|RT:47_nt_each,gcgacaacggtttaggtgggtacgggtccccatGTGTTTCTGCTCAAAATGTTTCTAATACAAAAGCTGTGACTGGTAAGGGCGTGGAAGGTACTTCTTATAGTGGCTTAAAACTGCAAGGCGGTAAtcggtattatcccggtaagtgtggactatattt
PCA1:Start-3339|CAD2.medium:3340-End|RT:47_nt_each,gcgacaacggtttaggtgggtacgggtccccatAAAGACCGGTTGTTGTTTTTTGCGGTGACGGAACAAACGACGCAATTGCCTTGACTCAAGCAACCATTGGCGTTCATATCAATGAGGGGTCTGAtcggtattatcccggtaagtgtggactatattt
PCA1:Start-3624|CAD2.medium:3625-End|RT:47_nt_each,gcgacaacggtttaggtgggtacgggtccccatCGGGTTTAGGGGAACTAGTTAGTATCCTCCCTGTAATTTTTGTAGCTACGCTTCTGAGATACGCTAAAGTCTAGTCCAGGTACTGCTGCTATTTtcggtattatcccggtaagtgtggactatattt
PCA1:Start-3645|CAD2.medium:3646-End|RT:47_nt_each,gcgacaacggtttaggtgggtacgggtccccatGTATCCTCCCTGTAATTTTTGTAGCTATACTTCTGCGTTATGCAAAGGTCTAGTCCAGGTACTGCTGCTATTTGATTGTAGATTTTCTTTTTTCtcggtattatcccggtaagtgtggactatattt
PCA1:Start-3648|CAD2.medium:3649-End|RT:47_nt_each,gcgacaacggtttaggtgggtacgggtccccatTCCTCCCTGTAATTTTTGTAGCTATACTTCTGCGTTATGCAAAGATTTAGTCCAGGTACTGCTGCTATTTGATTGTAGATTTTCTTTTTTCTTTtcggtattatcccggtaagtgtggactatattt
PCA1:Start-114|CAD2.medium:115-End|RT:55_nt_each,gcgacaacggtttaggtgggtacggAAATAGCGAGAACATATCAATAGATGCTATGCAAGATAATAGAGGCGAGTGTCATCTGCGTAGTATAGAAAGGCATGCTAATGATAATTTGGGTTTGGTGAGCCAACGTGatcccggtaagtgtggactatattt
PCA1:Start-129|CAD2.medium:130-End|RT:55_nt_each,gcgacaacggtttaggtgggtacggATCAATAGATGCTATGCAAGATAATAGAGGCGAGTGTCATCGTAGATCCATAGAAAGGCATGCTAATGATAATTTGGGTTTGGTGAGCCAACGTGACTGTACAAACCGCCatcccggtaagtgtggactatattt
PCA1:Start-426|CAD2.medium:427-End|RT:55_nt_each,gcgacaacggtttaggtgggtacggCTGTTGCGGCGATGCTCAAACAGGTGGTGACCACACCAATGAATCCTGTGTTGATGAGTGTTGTGTTAGAGATTCTTCCGTTATGGTTGAAGAAGGAACTGGCTCCTGTGatcccggtaagtgtggactatattt
PCA1:Start-465|CAD2.medium:466-End|RT:55_nt_each,gcgacaacggtttaggtgggtacggTGAATCCTGTGTTGATGGATGCTGCGTTAGAGATTCTTCAGTGATGGTCGAGGAAGGAACTGGCTCCTGTGAGGCCGTGTCATCTAAGGAACAATTGCTCACAAGTTTTGatcccggtaagtgtggactatattt
PCA1:Start-627|CAD2.medium:628-End|RT:55_nt_each,gcgacaacggtttaggtgggtacggGACAACTCGCTGCAATACCAATTCCAACCAACACACAGGGAAGGGTAGGCTTTGCCTGGAGTCGTCCGACAGCACTTTAAAGAAGCGTAGGTGCAAAGTATCCAGACAGAatcccggtaagtgtggactatattt
PCA1:Start-660|CAD2.medium:661-End|RT:55_nt_each,gcgacaacggtttaggtgggtacggCACAGGGAAGGGTAGGCTTTGCATCGAATCAAGTGACTCTACACTCAAGAAAAGAAGGTGCAAAGTATCCAGACAGAAAATTGAAGTCTCCAGTAAGCCAGAATGCTGCAatcccggtaagtgtggactatattt
PCA1:Start-774|CAD2.medium:775-End|RT:55_nt_each,gcgacaacggtttaggtgggtacggTTCATGTGTTGAGCGGATTGCATCTCGTAGCTGTGAAAAGAGGACTTTTAAAGGTACTACCAATGTAGGTATTTCTGGTTCGTCATCCACCGATTCTTTATCGGAAAAGTatcccggtaagtgtggactatattt
PCA1:Start-1032|CAD2.medium:1033-End|RT:55_nt_each,gcgacaacggtttaggtgggtacggAAAGACAAAATACTCCTACCGCAACAGTTCTGGATGTTTAACAAAGAAAAAGACCTACGGTGATAAAGAAAGATTGAGTAATGACAATGGACACGCGGACTTTGTTTGCAatcccggtaagtgtggactatattt
PCA1:Start-1188|CAD2.medium:1189-End|RT:55_nt_each,gcgacaacggtttaggtgggtacggTATTTCTGGACACTCTTCGAGTGAAATTTCAAGAATCGTATCAATGGAACCAATTGGCAACCATCTTAATCTTGAAGCAGGCTCAACAGGTACTGAACATATAGTTTTATatcccggtaagtgtggactatattt
PCA1:Start-1257|CAD2.medium:1258-End|RT:55_nt_each,gcgacaacggtttaggtgggtacggTCTTGAGGCAGGATCTACCGGTACCGAGCACATTGTTCTTAGTGTTTCAGGAATGACTTGTACTGGATGTGAGACCAAACTTAAGAAGAGCTTCGGGGCATTAAAATGTGatcccggtaagtgtggactatattt
PCA1:Start-1275|CAD2.medium:1276-End|RT:55_nt_each,gcgacaacggtttaggtgggtacggCGGTACCGAGCACATTGTTCTTAGTGTTTCAGGAATGTCCTGTACTGGTTGTGAAACCAAACTTAAGAAGAGCTTCGGGGCATTAAAATGTGTCCACGGTCTAAAGACATatcccggtaagtgtggactatattt
PCA1:Start-1446|CAD2.medium:1447-End|RT:55_nt_each,gcgacaacggtttaggtgggtacggTATCAAGCACTTGAGCAAAACTACTGAATTCAAGTACGAACAGATTTCAAATCATGCGTCAACCATCGATGTTGTGGCTCCATATGCCGCGAAAGATTTTATCAACGAAGatcccggtaagtgtggactatattt
PCA1:Start-1467|CAD2.medium:1468-End|RT:55_nt_each,gcgacaacggtttaggtgggtacggTACTGAATTCAAGTACGAACAGATTTCAAATCATGGTTCAACTATAGATGTTGTTGCTCCATATGCCGCGAAAGATTTTATCAACGAAGAATGGCCACAGGGCGTGACGGatcccggtaagtgtggactatattt
PCA1:Start-1545|CAD2.medium:1546-End|RT:55_nt_each,gcgacaacggtttaggtgggtacggTATTAATGAGGAATGGCCACAAGGTGTCACAGAGCTGAAAATTGTTGAGAGAAATGTCATTAGGATCTACTTCGACCCAAAAGTTATAGGCGCCCGCGATTTGGTTAATGatcccggtaagtgtggactatattt
PCA1:Start-1770|CAD2.medium:1771-End|RT:55_nt_each,gcgacaacggtttaggtgggtacggGATCCCGATTCTCGTGATGGCTTGGGCTCCACAGCTTCGTGAAAAAATTTCCACTATGAGTGTCTCGATGGTCCTGGCGACAATTATACAGTTTGTGATAGCAGGTCCCTatcccggtaagtgtggactatattt
PCA1:Start-1773|CAD2.medium:1774-End|RT:55_nt_each,gcgacaacggtttaggtgggtacggCCCGATTCTCGTGATGGCTTGGGCTCCACAGCTTCGTGAAAAAATTTCCACTATCAGTGTCTCGATGGTCCTGGCGACAATTATACAGTTTGTGATAGCAGGTCCCTTTTatcccggtaagtgtggactatattt
PCA1:Start-1944|CAD2.medium:1945-End|RT:55_nt_each,gcgacaacggtttaggtgggtacggTTTAAGCACTAGCGCTGCCTACATATTTTCGATTGTATCATTTGGATATTTCGTTGCGGGCCACCCTCTCTCAACAGAGCAATTCTTTGAAACGTCCTCACTGTTGGTGAatcccggtaagtgtggactatattt
PCA1:Start-1947|CAD2.medium:1948-End|RT:55_nt_each,gcgacaacggtttaggtgggtacggAAGCACTAGCGCTGCCTACATATTTTCGATTGTATCATTTGGATATTTCGTTGTTGGCCACCCTCTCTCAACAGAGCAATTCTTTGAAACGTCCTCACTGTTGGTGACACatcccggtaagtgtggactatattt
PCA1:Start-2127|CAD2.medium:2128-End|RT:55_nt_each,gcgacaacggtttaggtgggtacggCTTACAGGCCTCTTCTGCTATTCTGGTGGATAAAACTGGTAAAGAGACGGAAATTGACATTCGGTTGTTACAATATGGGGATATATTTAAAATATTACCAGACTCGCGAAatcccggtaagtgtggactatattt
PCA1:Start-2163|CAD2.medium:2164-End|RT:55_nt_each,gcgacaacggtttaggtgggtacggTGGTAAAGAGACGGAAATTAATATTAGACTTCTCCAATATGGCGATATTTTTAAGATATTACCAGACTCGCGAATTCCCACTGATGGTACTGTTATATCGGGCTCTTCTGatcccggtaagtgtggactatattt
PCA1:Start-2505|CAD2.medium:2506-End|RT:55_nt_each,gcgacaacggtttaggtgggtacggCATTGGAATCACTGTCGTCACCTTTTGCGTTTGGATAGCGGTTGGAATCCGTGTGCAAAAGCAGAGCAGATCCGATGCTGTCATTCAAGCTATAATTTACGCTATAACAGatcccggtaagtgtggactatattt
PCA1:Start-2583|CAD2.medium:2584-End|RT:55_nt_each,gcgacaacggtttaggtgggtacggCGTAATTCAGGCCATTATATATGCCATTACGGTACTTATCGTTTCGTGTCCCTGCGCAATAGGACTAGCCGTCCCTATTGTCTTCGTAATCGCAAGCGGAGTTGCCGCCAatcccggtaagtgtggactatattt
PCA1:Start-2907|CAD2.medium:2908-End|RT:55_nt_each,gcgacaacggtttaggtgggtacggAGAAAAAGGTGTTTCTGCTCAAAATGTTTCTAATACAAAAGCTGTGACTGGTAAGGGCGTGGAAGGTACTTCTTATAGTGGCTTAAAACTGCAAGGCGGTAATTGTAGGTatcccggtaagtgtggactatattt
PCA1:Start-3339|CAD2.medium:3340-End|RT:55_nt_each,gcgacaacggtttaggtgggtacggGCAGTCAAAAAGACCGGTTGTTGTTTTTTGCGGTGACGGAACAAACGACGCAATTGCCTTGACTCAAGCAACCATTGGCGTTCATATCAATGAGGGGTCTGAAGTTGCTAatcccggtaagtgtggactatattt
PCA1:Start-3624|CAD2.medium:3625-End|RT:55_nt_each,gcgacaacggtttaggtgggtacggAGAGTATGCGGGTTTAGGGGAACTAGTTAGTATCCTCCCTGTAATTTTTGTAGCTACGCTTCTGAGATACGCTAAAGTCTAGTCCAGGTACTGCTGCTATTTGATTGTAGatcccggtaagtgtggactatattt
PCA1:Start-3645|CAD2.medium:3646-End|RT:55_nt_each,gcgacaacggtttaggtgggtacggACTAGTTAGTATCCTCCCTGTAATTTTTGTAGCTATACTTCTGCGTTATGCAAAGGTCTAGTCCAGGTACTGCTGCTATTTGATTGTAGATTTTCTTTTTTCTTTTCTTTatcccggtaagtgtggactatattt
PCA1:Start-3648|CAD2.medium:3649-End|RT:55_nt_each,gcgacaacggtttaggtgggtacggAGTTAGTATCCTCCCTGTAATTTTTGTAGCTATACTTCTGCGTTATGCAAAGATTTAGTCCAGGTACTGCTGCTATTTGATTGTAGATTTTCTTTTTTCTTTTCTTTTTTatcccggtaagtgtggactatattt
PCA1:Start-114|CAD2.medium:115-End|RT:64_nt_each,gcgacaacggtttaggTGGAGTGGTAAATAGCGAGAACATATCAATAGATGCTATGCAAGATAATAGAGGCGAGTGTCATCTGCGTAGTATAGAAAGGCATGCTAATGATAATTTGGGTTTGGTGAGCCAACGTGACTGTACAAagtgtggactatattt
PCA1:Start-129|CAD2.medium:130-End|RT:64_nt_each,gcgacaacggtttaggCGAGAACATATCAATAGATGCTATGCAAGATAATAGAGGCGAGTGTCATCGTAGATCCATAGAAAGGCATGCTAATGATAATTTGGGTTTGGTGAGCCAACGTGACTGTACAAACCGCCCTAAAATTAagtgtggactatattt
PCA1:Start-426|CAD2.medium:427-End|RT:64_nt_each,gcgacaacggtttaggTGTGGACAGCTGTTGCGGCGATGCTCAAACAGGTGGTGACCACACCAATGAATCCTGTGTTGATGAGTGTTGTGTTAGAGATTCTTCCGTTATGGTTGAAGAAGGAACTGGCTCCTGTGAGGCCGTGTagtgtggactatattt
PCA1:Start-465|CAD2.medium:466-End|RT:64_nt_each,gcgacaacggtttaggCCACACCAATGAATCCTGTGTTGATGGATGCTGCGTTAGAGATTCTTCAGTGATGGTCGAGGAAGGAACTGGCTCCTGTGAGGCCGTGTCATCTAAGGAACAATTGCTCACAAGTTTTGAAGTTGTTCagtgtggactatattt
PCA1:Start-627|CAD2.medium:628-End|RT:64_nt_each,gcgacaacggtttaggTATTAGAGAGACAACTCGCTGCAATACCAATTCCAACCAACACACAGGGAAGGGTAGGCTTTGCCTGGAGTCGTCCGACAGCACTTTAAAGAAGCGTAGGTGCAAAGTATCCAGACAGAAAATTGAAGagtgtggactatattt
PCA1:Start-660|CAD2.medium:661-End|RT:64_nt_each,gcgacaacggtttaggCAACCAACACACAGGGAAGGGTAGGCTTTGCATCGAATCAAGTGACTCTACACTCAAGAAAAGAAGGTGCAAAGTATCCAGACAGAAAATTGAAGTCTCCAGTAAGCCAGAATGCTGCAACATTTCTTagtgtggactatattt
PCA1:Start-774|CAD2.medium:775-End|RT:64_nt_each,gcgacaacggtttaggCTGCAACATTTCATGTGTTGAGCGGATTGCATCTCGTAGCTGTGAAAAGAGGACTTTTAAAGGTACTACCAATGTAGGTATTTCTGGTTCGTCATCCACCGATTCTTTATCGGAAAAGTTCTTCTCAGagtgtggactatattt
PCA1:Start-1032|CAD2.medium:1033-End|RT:64_nt_each,gcgacaacggtttaggTGCTTCTAAAAAGACAAAATACTCCTACCGCAACAGTTCTGGATGTTTAACAAAGAAAAAGACCTACGGTGATAAAGAAAGATTGAGTAATGACAATGGACACGCGGACTTTGTTTGCAGTAAGAGTTagtgtggactatattt
PCA1:Start-1188|CAD2.medium:1189-End|RT:64_nt_each,gcgacaacggtttaggTACCTCAACTATTTCTGGACACTCTTCGAGTGAAATTTCAAGAATCGTATCAATGGAACCAATTGGCAACCATCTTAATCTTGAAGCAGGCTCAACAGGTACTGAACATATAGTTTTATCGGTCAGTGagtgtggactatattt
PCA1:Start-1257|CAD2.medium:1258-End|RT:64_nt_each,gcgacaacggtttaggTCATCTTAATCTTGAGGCAGGATCTACCGGTACCGAGCACATTGTTCTTAGTGTTTCAGGAATGACTTGTACTGGATGTGAGACCAAACTTAAGAAGAGCTTCGGGGCATTAAAATGTGTCCACGGTCagtgtggactatattt
PCA1:Start-1275|CAD2.medium:1276-End|RT:64_nt_each,gcgacaacggtttaggAGGATCTACCGGTACCGAGCACATTGTTCTTAGTGTTTCAGGAATGTCCTGTACTGGTTGTGAAACCAAACTTAAGAAGAGCTTCGGGGCATTAAAATGTGTCCACGGTCTAAAGACATCCCTGATTCagtgtggactatattt
PCA1:Start-1446|CAD2.medium:1447-End|RT:64_nt_each,gcgacaacggtttaggCAAGGATGTTATCAAGCACTTGAGCAAAACTACTGAATTCAAGTACGAACAGATTTCAAATCATGCGTCAACCATCGATGTTGTGGCTCCATATGCCGCGAAAGATTTTATCAACGAAGAATGGCCACagtgtggactatattt
PCA1:Start-1467|CAD2.medium:1468-End|RT:64_nt_each,gcgacaacggtttaggGAGCAAAACTACTGAATTCAAGTACGAACAGATTTCAAATCATGGTTCAACTATAGATGTTGTTGCTCCATATGCCGCGAAAGATTTTATCAACGAAGAATGGCCACAGGGCGTGACGGAGTTGAAGAagtgtggactatattt
PCA1:Start-1545|CAD2.medium:1546-End|RT:64_nt_each,gcgacaacggtttaggAAAAGATTTTATTAATGAGGAATGGCCACAAGGTGTCACAGAGCTGAAAATTGTTGAGAGAAATGTCATTAGGATCTACTTCGACCCAAAAGTTATAGGCGCCCGCGATTTGGTTAATGAAGGGTGGAagtgtggactatattt
PCA1:Start-1770|CAD2.medium:1771-End|RT:64_nt_each,gcgacaacggtttaggAATATTGACGATCCCGATTCTCGTGATGGCTTGGGCTCCACAGCTTCGTGAAAAAATTTCCACTATGAGTGTCTCGATGGTCCTGGCGACAATTATACAGTTTGTGATAGCAGGTCCCTTTTACTTGAagtgtggactatattt
PCA1:Start-1773|CAD2.medium:1774-End|RT:64_nt_each,gcgacaacggtttaggATTGACGATCCCGATTCTCGTGATGGCTTGGGCTCCACAGCTTCGTGAAAAAATTTCCACTATCAGTGTCTCGATGGTCCTGGCGACAATTATACAGTTTGTGATAGCAGGTCCCTTTTACTTGAACGagtgtggactatattt
PCA1:Start-1944|CAD2.medium:1945-End|RT:64_nt_each,gcgacaacggtttaggACTAATAGTTTTAAGCACTAGCGCTGCCTACATATTTTCGATTGTATCATTTGGATATTTCGTTGCGGGCCACCCTCTCTCAACAGAGCAATTCTTTGAAACGTCCTCACTGTTGGTGACACTAATTAagtgtggactatattt
PCA1:Start-1947|CAD2.medium:1948-End|RT:64_nt_each,gcgacaacggtttaggAATAGTTTTAAGCACTAGCGCTGCCTACATATTTTCGATTGTATCATTTGGATATTTCGTTGTTGGCCACCCTCTCTCAACAGAGCAATTCTTTGAAACGTCCTCACTGTTGGTGACACTAATTATGGagtgtggactatattt
PCA1:Start-2127|CAD2.medium:2128-End|RT:64_nt_each,gcgacaacggtttaggAGTACGTTCCTTACAGGCCTCTTCTGCTATTCTGGTGGATAAAACTGGTAAAGAGACGGAAATTGACATTCGGTTGTTACAATATGGGGATATATTTAAAATATTACCAGACTCGCGAATTCCCACTGagtgtggactatattt
PCA1:Start-2163|CAD2.medium:2164-End|RT:64_nt_each,gcgacaacggtttaggGGATAAAACTGGTAAAGAGACGGAAATTAATATTAGACTTCTCCAATATGGCGATATTTTTAAGATATTACCAGACTCGCGAATTCCCACTGATGGTACTGTTATATCGGGCTCTTCTGAGGTAGACGagtgtggactatattt
PCA1:Start-2505|CAD2.medium:2506-End|RT:64_nt_each,gcgacaacggtttaggGCCAACTATCATTGGAATCACTGTCGTCACCTTTTGCGTTTGGATAGCGGTTGGAATCCGTGTGCAAAAGCAGAGCAGATCCGATGCTGTCATTCAAGCTATAATTTACGCTATAACAGTACTAATTGagtgtggactatattt
PCA1:Start-2583|CAD2.medium:2584-End|RT:64_nt_each,gcgacaacggtttaggCTCCGATGCCGTAATTCAGGCCATTATATATGCCATTACGGTACTTATCGTTTCGTGTCCCTGCGCAATAGGACTAGCCGTCCCTATTGTCTTCGTAATCGCAAGCGGAGTTGCCGCCAAAAGGGGTGagtgtggactatattt
PCA1:Start-2907|CAD2.medium:2908-End|RT:64_nt_each,gcgacaacggtttaggCTATCTCAAAGAAAAAGGTGTTTCTGCTCAAAATGTTTCTAATACAAAAGCTGTGACTGGTAAGGGCGTGGAAGGTACTTCTTATAGTGGCTTAAAACTGCAAGGCGGTAATTGTAGGTGGCTAGGACagtgtggactatattt
PCA1:Start-3339|CAD2.medium:3340-End|RT:64_nt_each,gcgacaacggtttaggTAGTTCTTCGCAGTCAAAAAGACCGGTTGTTGTTTTTTGCGGTGACGGAACAAACGACGCAATTGCCTTGACTCAAGCAACCATTGGCGTTCATATCAATGAGGGGTCTGAAGTTGCTAAACTTGCCGagtgtggactatattt
PCA1:Start-3624|CAD2.medium:3625-End|RT:64_nt_each,gcgacaacggtttaggTATTCCACCAGAGTATGCGGGTTTAGGGGAACTAGTTAGTATCCTCCCTGTAATTTTTGTAGCTACGCTTCTGAGATACGCTAAAGTCTAGTCCAGGTACTGCTGCTATTTGATTGTAGATTTTCTTTagtgtggactatattt
PCA1:Start-3645|CAD2.medium:3646-End|RT:64_nt_each,gcgacaacggtttaggTTTAGGGGAACTAGTTAGTATCCTCCCTGTAATTTTTGTAGCTATACTTCTGCGTTATGCAAAGGTCTAGTCCAGGTACTGCTGCTATTTGATTGTAGATTTTCTTTTTTCTTTTCTTTTTTTTTTTTagtgtggactatattt
PCA1:Start-3648|CAD2.medium:3649-End|RT:64_nt_each,gcgacaacggtttaggAGGGGAACTAGTTAGTATCCTCCCTGTAATTTTTGTAGCTATACTTCTGCGTTATGCAAAGATTTAGTCCAGGTACTGCTGCTATTTGATTGTAGATTTTCTTTTTTCTTTTCTTTTTTTTTTTTGACagtgtggactatattt
PCA1:Start-114|CAD2.medium:115-End|RT:74_nt_each,gcgacaATGGCGAGTATGGAGTGGTAAATAGCGAGAACATATCAATAGATGCTATGCAAGATAATAGAGGCGAGTGTCATCTGCGTAGTATAGAAAGGCATGCTAATGATAATTTGGGTTTGGTGAGCCAACGTGACTGTACAAACCGCCCTAAatattt
PCA1:Start-129|CAD2.medium:130-End|RT:74_nt_each,gcgacaTGGTAAATAGCGAGAACATATCAATAGATGCTATGCAAGATAATAGAGGCGAGTGTCATCGTAGATCCATAGAAAGGCATGCTAATGATAATTTGGGTTTGGTGAGCCAACGTGACTGTACAAACCGCCCTAAAATTACTCCGCAAGAatattt
PCA1:Start-426|CAD2.medium:427-End|RT:74_nt_each,gcgacaCTGGCTTGGATGTGGACAGCTGTTGCGGCGATGCTCAAACAGGTGGTGACCACACCAATGAATCCTGTGTTGATGAGTGTTGTGTTAGAGATTCTTCCGTTATGGTTGAAGAAGGAACTGGCTCCTGTGAGGCCGTGTCATCTAAGGAatattt
PCA1:Start-465|CAD2.medium:466-End|RT:74_nt_each,gcgacaCAGGTGGTGACCACACCAATGAATCCTGTGTTGATGGATGCTGCGTTAGAGATTCTTCAGTGATGGTCGAGGAAGGAACTGGCTCCTGTGAGGCCGTGTCATCTAAGGAACAATTGCTCACAAGTTTTGAAGTTGTTCCATCAAAGAGatattt
PCA1:Start-627|CAD2.medium:628-End|RT:74_nt_each,gcgacaCTATTCATGATATTAGAGAGACAACTCGCTGCAATACCAATTCCAACCAACACACAGGGAAGGGTAGGCTTTGCCTGGAGTCGTCCGACAGCACTTTAAAGAAGCGTAGGTGCAAAGTATCCAGACAGAAAATTGAAGTCTCCAGTAAatattt
PCA1:Start-660|CAD2.medium:661-End|RT:74_nt_each,gcgacaATACCAATTCCAACCAACACACAGGGAAGGGTAGGCTTTGCATCGAATCAAGTGACTCTACACTCAAGAAAAGAAGGTGCAAAGTATCCAGACAGAAAATTGAAGTCTCCAGTAAGCCAGAATGCTGCAACATTTCTTGTGTCGAAAGatattt
PCA1:Start-774|CAD2.medium:775-End|RT:74_nt_each,gcgacaAGCCTGAGTGCTGCAACATTTCATGTGTTGAGCGGATTGCATCTCGTAGCTGTGAAAAGAGGACTTTTAAAGGTACTACCAATGTAGGTATTTCTGGTTCGTCATCCACCGATTCTTTATCGGAAAAGTTCTTCTCAGAACAATATTCatattt
PCA1:Start-1032|CAD2.medium:1033-End|RT:74_nt_each,gcgacaGCGGGGAGGGTGCTTCTAAAAAGACAAAATACTCCTACCGCAACAGTTCTGGATGTTTAACAAAGAAAAAGACCTACGGTGATAAAGAAAGATTGAGTAATGACAATGGACACGCGGACTTTGTTTGCAGTAAGAGTTGCTGTACAAAatattt
PCA1:Start-1188|CAD2.medium:1189-End|RT:74_nt_each,gcgacaATTGTGCTGTTACCTCAACTATTTCTGGACACTCTTCGAGTGAAATTTCAAGAATCGTATCAATGGAACCAATTGGCAACCATCTTAATCTTGAAGCAGGCTCAACAGGTACTGAACATATAGTTTTATCGGTCAGTGGAATGACTTGatattt
PCA1:Start-1257|CAD2.medium:1258-End|RT:74_nt_each,gcgacaCAATTGAAAATCATCTTAATCTTGAGGCAGGATCTACCGGTACCGAGCACATTGTTCTTAGTGTTTCAGGAATGACTTGTACTGGATGTGAGACCAAACTTAAGAAGAGCTTCGGGGCATTAAAATGTGTCCACGGTCTAAAGACATCatattt
PCA1:Start-1275|CAD2.medium:1276-End|RT:74_nt_each,gcgacaATCTTGAGGCAGGATCTACCGGTACCGAGCACATTGTTCTTAGTGTTTCAGGAATGTCCTGTACTGGTTGTGAAACCAAACTTAAGAAGAGCTTCGGGGCATTAAAATGTGTCCACGGTCTAAAGACATCCCTGATTCTTAGTCAAGCatattt
PCA1:Start-1446|CAD2.medium:1447-End|RT:74_nt_each,gcgacaAGGGATCTGTCAAGGATGTTATCAAGCACTTGAGCAAAACTACTGAATTCAAGTACGAACAGATTTCAAATCATGCGTCAACCATCGATGTTGTGGCTCCATATGCCGCGAAAGATTTTATCAACGAAGAATGGCCACAGGGCGTGACatattt
PCA1:Start-1467|CAD2.medium:1468-End|RT:74_nt_each,gcgacaTCAAGCACTTGAGCAAAACTACTGAATTCAAGTACGAACAGATTTCAAATCATGGTTCAACTATAGATGTTGTTGCTCCATATGCCGCGAAAGATTTTATCAACGAAGAATGGCCACAGGGCGTGACGGAGTTGAAGATAGTCGAGAGatattt
PCA1:Start-1545|CAD2.medium:1546-End|RT:74_nt_each,gcgacaCTTATGCAGCAAAAGATTTTATTAATGAGGAATGGCCACAAGGTGTCACAGAGCTGAAAATTGTTGAGAGAAATGTCATTAGGATCTACTTCGACCCAAAAGTTATAGGCGCCCGCGATTTGGTTAATGAAGGGTGGAGTGTACCTGTatattt
PCA1:Start-1770|CAD2.medium:1771-End|RT:74_nt_each,gcgacaCTTTATCCATAATATTGACGATCCCGATTCTCGTGATGGCTTGGGCTCCACAGCTTCGTGAAAAAATTTCCACTATGAGTGTCTCGATGGTCCTGGCGACAATTATACAGTTTGTGATAGCAGGTCCCTTTTACTTGAACGCACTAAAatattt
PCA1:Start-1773|CAD2.medium:1774-End|RT:74_nt_each,gcgacaTATCCATAATATTGACGATCCCGATTCTCGTGATGGCTTGGGCTCCACAGCTTCGTGAAAAAATTTCCACTATCAGTGTCTCGATGGTCCTGGCGACAATTATACAGTTTGTGATAGCAGGTCCCTTTTACTTGAACGCACTAAAGAGatattt
PCA1:Start-1944|CAD2.medium:1945-End|RT:74_nt_each,gcgacaAAATGGATCTACTAATAGTTTTAAGCACTAGCGCTGCCTACATATTTTCGATTGTATCATTTGGATATTTCGTTGCGGGCCACCCTCTCTCAACAGAGCAATTCTTTGAAACGTCCTCACTGTTGGTGACACTAATTATGGTTGGCAGatattt
PCA1:Start-1947|CAD2.medium:1948-End|RT:74_nt_each,gcgacaTGGATCTACTAATAGTTTTAAGCACTAGCGCTGCCTACATATTTTCGATTGTATCATTTGGATATTTCGTTGTTGGCCACCCTCTCTCAACAGAGCAATTCTTTGAAACGTCCTCACTGTTGGTGACACTAATTATGGTTGGCAGATTatattt
PCA1:Start-2127|CAD2.medium:2128-End|RT:74_nt_each,gcgacaAGTCAATATCAGTACGTTCCTTACAGGCCTCTTCTGCTATTCTGGTGGATAAAACTGGTAAAGAGACGGAAATTGACATTCGGTTGTTACAATATGGGGATATATTTAAAATATTACCAGACTCGCGAATTCCCACTGATGGTACTGTatattt
PCA1:Start-2163|CAD2.medium:2164-End|RT:74_nt_each,gcgacaCTATTCTGGTGGATAAAACTGGTAAAGAGACGGAAATTAATATTAGACTTCTCCAATATGGCGATATTTTTAAGATATTACCAGACTCGCGAATTCCCACTGATGGTACTGTTATATCGGGCTCTTCTGAGGTAGACGAAGCTCTAATatattt
PCA1:Start-2505|CAD2.medium:2506-End|RT:74_nt_each,gcgacaGTTATTTCGTGCCAACTATCATTGGAATCACTGTCGTCACCTTTTGCGTTTGGATAGCGGTTGGAATCCGTGTGCAAAAGCAGAGCAGATCCGATGCTGTCATTCAAGCTATAATTTACGCTATAACAGTACTAATTGTGTCTTGCCCatattt
PCA1:Start-2583|CAD2.medium:2584-End|RT:74_nt_each,gcgacaAGCAATCCCGCTCCGATGCCGTAATTCAGGCCATTATATATGCCATTACGGTACTTATCGTTTCGTGTCCCTGCGCAATAGGACTAGCCGTCCCTATTGTCTTCGTAATCGCAAGCGGAGTTGCCGCCAAAAGGGGTGTTATATTTAAatattt
PCA1:Start-2907|CAD2.medium:2908-End|RT:74_nt_each,gcgacaCAATAGCATCCTATCTCAAAGAAAAAGGTGTTTCTGCTCAAAATGTTTCTAATACAAAAGCTGTGACTGGTAAGGGCGTGGAAGGTACTTCTTATAGTGGCTTAAAACTGCAAGGCGGTAATTGTAGGTGGCTAGGACATAATAATGAatattt
PCA1:Start-3339|CAD2.medium:3340-End|RT:74_nt_each,gcgacaGAAATTGCGATAGTTCTTCGCAGTCAAAAAGACCGGTTGTTGTTTTTTGCGGTGACGGAACAAACGACGCAATTGCCTTGACTCAAGCAACCATTGGCGTTCATATCAATGAGGGGTCTGAAGTTGCTAAACTTGCCGCAGATGTGGTatattt
PCA1:Start-3624|CAD2.medium:3625-End|RT:74_nt_each,gcgacaTTGACTTTCATATTCCACCAGAGTATGCGGGTTTAGGGGAACTAGTTAGTATCCTCCCTGTAATTTTTGTAGCTACGCTTCTGAGATACGCTAAAGTCTAGTCCAGGTACTGCTGCTATTTGATTGTAGATTTTCTTTTTTCTTTTCTatattt
PCA1:Start-3645|CAD2.medium:3646-End|RT:74_nt_each,gcgacaAGTATGCGGGTTTAGGGGAACTAGTTAGTATCCTCCCTGTAATTTTTGTAGCTATACTTCTGCGTTATGCAAAGGTCTAGTCCAGGTACTGCTGCTATTTGATTGTAGATTTTCTTTTTTCTTTTCTTTTTTTTTTTTGACGACTCTGatattt
PCA1:Start-3648|CAD2.medium:3649-End|RT:74_nt_each,gcgacaATGCGGGTTTAGGGGAACTAGTTAGTATCCTCCCTGTAATTTTTGTAGCTATACTTCTGCGTTATGCAAAGATTTAGTCCAGGTACTGCTGCTATTTGATTGTAGATTTTCTTTTTTCTTTTCTTTTTTTTTTTTGACGACTCTGTAAatattt
PCA1:Start-114|CAD2.medium:115-End|RT:80_nt_each,CCAGCGATGGCGAGTATGGAGTGGTAAATAGCGAGAACATATCAATAGATGCTATGCAAGATAATAGAGGCGAGTGTCATCTGCGTAGTATAGAAAGGCATGCTAATGATAATTTGGGTTTGGTGAGCCAACGTGACTGTACAAACCGCCCTAAAATTAC
PCA1:Start-129|CAD2.medium:130-End|RT:80_nt_each,ATGGAGTGGTAAATAGCGAGAACATATCAATAGATGCTATGCAAGATAATAGAGGCGAGTGTCATCGTAGATCCATAGAAAGGCATGCTAATGATAATTTGGGTTTGGTGAGCCAACGTGACTGTACAAACCGCCCTAAAATTACTCCGCAAGAATGCTT
PCA1:Start-426|CAD2.medium:427-End|RT:80_nt_each,CTGAGACTGGCTTGGATGTGGACAGCTGTTGCGGCGATGCTCAAACAGGTGGTGACCACACCAATGAATCCTGTGTTGATGAGTGTTGTGTTAGAGATTCTTCCGTTATGGTTGAAGAAGGAACTGGCTCCTGTGAGGCCGTGTCATCTAAGGAACAATT
PCA1:Start-465|CAD2.medium:466-End|RT:80_nt_each,CTCAAACAGGTGGTGACCACACCAATGAATCCTGTGTTGATGGATGCTGCGTTAGAGATTCTTCAGTGATGGTCGAGGAAGGAACTGGCTCCTGTGAGGCCGTGTCATCTAAGGAACAATTGCTCACAAGTTTTGAAGTTGTTCCATCAAAGAGCGAAGG
PCA1:Start-627|CAD2.medium:628-End|RT:80_nt_each,TGCAATCTATTCATGATATTAGAGAGACAACTCGCTGCAATACCAATTCCAACCAACACACAGGGAAGGGTAGGCTTTGCCTGGAGTCGTCCGACAGCACTTTAAAGAAGCGTAGGTGCAAAGTATCCAGACAGAAAATTGAAGTCTCCAGTAAGCCAGA
PCA1:Start-660|CAD2.medium:661-End|RT:80_nt_each,GCTGCAATACCAATTCCAACCAACACACAGGGAAGGGTAGGCTTTGCATCGAATCAAGTGACTCTACACTCAAGAAAAGAAGGTGCAAAGTATCCAGACAGAAAATTGAAGTCTCCAGTAAGCCAGAATGCTGCAACATTTCTTGTGTCGAAAGAATAGC
PCA1:Start-774|CAD2.medium:775-End|RT:80_nt_each,CCAGTAAGCCTGAGTGCTGCAACATTTCATGTGTTGAGCGGATTGCATCTCGTAGCTGTGAAAAGAGGACTTTTAAAGGTACTACCAATGTAGGTATTTCTGGTTCGTCATCCACCGATTCTTTATCGGAAAAGTTCTTCTCAGAACAATATTCAAGAAT
PCA1:Start-1032|CAD2.medium:1033-End|RT:80_nt_each,TTTGTAGCGGGGAGGGTGCTTCTAAAAAGACAAAATACTCCTACCGCAACAGTTCTGGATGTTTAACAAAGAAAAAGACCTACGGTGATAAAGAAAGATTGAGTAATGACAATGGACACGCGGACTTTGTTTGCAGTAAGAGTTGCTGTACAAAGATGAA
PCA1:Start-1188|CAD2.medium:1189-End|RT:80_nt_each,TGAAGGATTGTGCTGTTACCTCAACTATTTCTGGACACTCTTCGAGTGAAATTTCAAGAATCGTATCAATGGAACCAATTGGCAACCATCTTAATCTTGAAGCAGGCTCAACAGGTACTGAACATATAGTTTTATCGGTCAGTGGAATGACTTGTACTGG
PCA1:Start-1257|CAD2.medium:1258-End|RT:80_nt_each,TGGAACCAATTGAAAATCATCTTAATCTTGAGGCAGGATCTACCGGTACCGAGCACATTGTTCTTAGTGTTTCAGGAATGACTTGTACTGGATGTGAGACCAAACTTAAGAAGAGCTTCGGGGCATTAAAATGTGTCCACGGTCTAAAGACATCCCTGAT
PCA1:Start-1275|CAD2.medium:1276-End|RT:80_nt_each,ATCTTAATCTTGAGGCAGGATCTACCGGTACCGAGCACATTGTTCTTAGTGTTTCAGGAATGTCCTGTACTGGTTGTGAAACCAAACTTAAGAAGAGCTTCGGGGCATTAAAATGTGTCCACGGTCTAAAGACATCCCTGATTCTTAGTCAAGCCGAATT
PCA1:Start-1446|CAD2.medium:1447-End|RT:80_nt_each,TTGCTCAGGGATCTGTCAAGGATGTTATCAAGCACTTGAGCAAAACTACTGAATTCAAGTACGAACAGATTTCAAATCATGCGTCAACCATCGATGTTGTGGCTCCATATGCCGCGAAAGATTTTATCAACGAAGAATGGCCACAGGGCGTGACGGAGTT
PCA1:Start-1467|CAD2.medium:1468-End|RT:80_nt_each,ATGTTATCAAGCACTTGAGCAAAACTACTGAATTCAAGTACGAACAGATTTCAAATCATGGTTCAACTATAGATGTTGTTGCTCCATATGCCGCGAAAGATTTTATCAACGAAGAATGGCCACAGGGCGTGACGGAGTTGAAGATAGTCGAGAGAAATGT
PCA1:Start-1545|CAD2.medium:1546-End|RT:80_nt_each,TTGTTCCTTATGCAGCAAAAGATTTTATTAATGAGGAATGGCCACAAGGTGTCACAGAGCTGAAAATTGTTGAGAGAAATGTCATTAGGATCTACTTCGACCCAAAAGTTATAGGCGCCCGCGATTTGGTTAATGAAGGGTGGAGTGTACCTGTCTCTAT
PCA1:Start-1770|CAD2.medium:1771-End|RT:80_nt_each,CGACCGCTTTATCCATAATATTGACGATCCCGATTCTCGTGATGGCTTGGGCTCCACAGCTTCGTGAAAAAATTTCCACTATGAGTGTCTCGATGGTCCTGGCGACAATTATACAGTTTGTGATAGCAGGTCCCTTTTACTTGAACGCACTAAAGAGTCT
PCA1:Start-1773|CAD2.medium:1774-End|RT:80_nt_each,CCGCTTTATCCATAATATTGACGATCCCGATTCTCGTGATGGCTTGGGCTCCACAGCTTCGTGAAAAAATTTCCACTATCAGTGTCTCGATGGTCCTGGCGACAATTATACAGTTTGTGATAGCAGGTCCCTTTTACTTGAACGCACTAAAGAGTCTCAT
PCA1:Start-1944|CAD2.medium:1945-End|RT:80_nt_each,TCATTGAAATGGATCTACTAATAGTTTTAAGCACTAGCGCTGCCTACATATTTTCGATTGTATCATTTGGATATTTCGTTGCGGGCCACCCTCTCTCAACAGAGCAATTCTTTGAAACGTCCTCACTGTTGGTGACACTAATTATGGTTGGCAGATTTGT
PCA1:Start-1947|CAD2.medium:1948-End|RT:80_nt_each,TTGAAATGGATCTACTAATAGTTTTAAGCACTAGCGCTGCCTACATATTTTCGATTGTATCATTTGGATATTTCGTTGTTGGCCACCCTCTCTCAACAGAGCAATTCTTTGAAACGTCCTCACTGTTGGTGACACTAATTATGGTTGGCAGATTTGTTAG
PCA1:Start-2127|CAD2.medium:2128-End|RT:80_nt_each,CTGTAAAGTCAATATCAGTACGTTCCTTACAGGCCTCTTCTGCTATTCTGGTGGATAAAACTGGTAAAGAGACGGAAATTGACATTCGGTTGTTACAATATGGGGATATATTTAAAATATTACCAGACTCGCGAATTCCCACTGATGGTACTGTTATATC
PCA1:Start-2163|CAD2.medium:2164-End|RT:80_nt_each,CTTCTGCTATTCTGGTGGATAAAACTGGTAAAGAGACGGAAATTAATATTAGACTTCTCCAATATGGCGATATTTTTAAGATATTACCAGACTCGCGAATTCCCACTGATGGTACTGTTATATCGGGCTCTTCTGAGGTAGACGAAGCTCTAATCACAGG
PCA1:Start-2505|CAD2.medium:2506-End|RT:80_nt_each,TTGCAAGTTATTTCGTGCCAACTATCATTGGAATCACTGTCGTCACCTTTTGCGTTTGGATAGCGGTTGGAATCCGTGTGCAAAAGCAGAGCAGATCCGATGCTGTCATTCAAGCTATAATTTACGCTATAACAGTACTAATTGTGTCTTGCCCATGCGC
PCA1:Start-2583|CAD2.medium:2584-End|RT:80_nt_each,TGGAAAAGCAATCCCGCTCCGATGCCGTAATTCAGGCCATTATATATGCCATTACGGTACTTATCGTTTCGTGTCCCTGCGCAATAGGACTAGCCGTCCCTATTGTCTTCGTAATCGCAAGCGGAGTTGCCGCCAAAAGGGGTGTTATATTTAAAAGTGC
PCA1:Start-2907|CAD2.medium:2908-End|RT:80_nt_each,CCATGGCAATAGCATCCTATCTCAAAGAAAAAGGTGTTTCTGCTCAAAATGTTTCTAATACAAAAGCTGTGACTGGTAAGGGCGTGGAAGGTACTTCTTATAGTGGCTTAAAACTGCAAGGCGGTAATTGTAGGTGGCTAGGACATAATAATGACCCTGA
PCA1:Start-3339|CAD2.medium:3340-End|RT:80_nt_each,AAGGAAGAAATTGCGATAGTTCTTCGCAGTCAAAAAGACCGGTTGTTGTTTTTTGCGGTGACGGAACAAACGACGCAATTGCCTTGACTCAAGCAACCATTGGCGTTCATATCAATGAGGGGTCTGAAGTTGCTAAACTTGCCGCAGATGTGGTTATGTT
PCA1:Start-3624|CAD2.medium:3625-End|RT:80_nt_each,CCTTTGTTGACTTTCATATTCCACCAGAGTATGCGGGTTTAGGGGAACTAGTTAGTATCCTCCCTGTAATTTTTGTAGCTACGCTTCTGAGATACGCTAAAGTCTAGTCCAGGTACTGCTGCTATTTGATTGTAGATTTTCTTTTTTCTTTTCTTTTTTT
PCA1:Start-3645|CAD2.medium:3646-End|RT:80_nt_each,CACCAGAGTATGCGGGTTTAGGGGAACTAGTTAGTATCCTCCCTGTAATTTTTGTAGCTATACTTCTGCGTTATGCAAAGGTCTAGTCCAGGTACTGCTGCTATTTGATTGTAGATTTTCTTTTTTCTTTTCTTTTTTTTTTTTGACGACTCTGTAATAC
PCA1:Start-3648|CAD2.medium:3649-End|RT:80_nt_each,CAGAGTATGCGGGTTTAGGGGAACTAGTTAGTATCCTCCCTGTAATTTTTGTAGCTATACTTCTGCGTTATGCAAAGATTTAGTCCAGGTACTGCTGCTATTTGATTGTAGATTTTCTTTTTTCTTTTCTTTTTTTTTTTTGACGACTCTGTAATACTCT