>PCA1:Start-114|CAD2:115-End|RT:20_nt_each,gcgacaacggtttaggtgggtacgggtccccattccttatatagaaatggcatgttagatATAATAGAGGCGAGTGTCATCTTAGGTCCATAGAAAGGCAtagctaagcgcagggacttcccgaatctcggtattatcccggtaagtgtggactatattt
PCA1:Start-129|CAD2:130-End|RT:20_nt_each,gcgacaacggtttaggtgggtacgggtccccattccttatatagaaatggcatgttagatGTCATCGTAGATCCATAGAAAGGCATGCTAATGACAATCTtagctaagcgcagggacttcccgaatctcggtattatcccggtaagtgtggactatattt
PCA1:Start-426|CAD2:427-End|RT:20_nt_each,gcgacaacggtttaggtgggtacgggtccccattccttatatagaaatggcatgttagatCCAATGAATCCTGTGTTGATGAATGCTGCGTTAGAGATTCtagctaagcgcagggacttcccgaatctcggtattatcccggtaagtgtggactatattt
PCA1:Start-465|CAD2:466-End|RT:20_nt_each,gcgacaacggtttaggtgggtacgggtccccattccttatatagaaatggcatgttagatCTTCAGTGATGGTCGAGGAAGGTACAGGCAGCTGCGAAGCtagctaagcgcagggacttcccgaatctcggtattatcccggtaagtgtggactatattt
PCA1:Start-627|CAD2:628-End|RT:20_nt_each,gcgacaacggtttaggtgggtacgggtccccattccttatatagaaatggcatgttagatCAGGGAAGGGTAGGCTTTGCCTTGAATCCAGTGACTCTACtagctaagcgcagggacttcccgaatctcggtattatcccggtaagtgtggactatattt
PCA1:Start-660|CAD2:661-End|RT:20_nt_each,gcgacaacggtttaggtgggtacgggtccccattccttatatagaaatggcatgttagatACTCTACACTCAAGAAAAGACGTTGTAAAGTTAGCAGACAtagctaagcgcagggacttcccgaatctcggtattatcccggtaagtgtggactatattt
PCA1:Start-774|CAD2:775-End|RT:20_nt_each,gcgacaacggtttaggtgggtacgggtccccattccttatatagaaatggcatgttagatAAAAGAGGACTTTTAAAGGTACCACCAATGTTGGAATTTCtagctaagcgcagggacttcccgaatctcggtattatcccggtaagtgtggactatattt
PCA1:Start-1032|CAD2:1033-End|RT:20_nt_each,gcgacaacggtttaggtgggtacgggtccccattccttatatagaaatggcatgttagatGTTTAACAAAGAAAAAGACCTATGGAGACAAAGAAAGGTTtagctaagcgcagggacttcccgaatctcggtattatcccggtaagtgtggactatattt
PCA1:Start-1188|CAD2:1189-End|RT:20_nt_each,gcgacaacggtttaggtgggtacgggtccccattccttatatagaaatggcatgttagatTCGTATCAATGGAACCAATTGGAAATCATCTTAATCTTGAtagctaagcgcagggacttcccgaatctcggtattatcccggtaagtgtggactatattt
PCA1:Start-1257|CAD2:1258-End|RT:20_nt_each,gcgacaacggtttaggtgggtacgggtccccattccttatatagaaatggcatgttagatTTCTTAGTGTTTCAGGAATGACCTGTACTGGTTGTGAAACtagctaagcgcagggacttcccgaatctcggtattatcccggtaagtgtggactatattt
PCA1:Start-1275|CAD2:1276-End|RT:20_nt_each,gcgacaacggtttaggtgggtacgggtccccattccttatatagaaatggcatgttagatTGTCCTGTACTGGTTGTGAAACAAAACTTAAGAAATCATTtagctaagcgcagggacttcccgaatctcggtattatcccggtaagtgtggactatattt
PCA1:Start-1446|CAD2:1447-End|RT:20_nt_each,gcgacaacggtttaggtgggtacgggtccccattccttatatagaaatggcatgttagatACGAACAGATTTCAAATCATGCTTCAACTATAGATGTTGTtagctaagcgcagggacttcccgaatctcggtattatcccggtaagtgtggactatattt
PCA1:Start-1467|CAD2:1468-End|RT:20_nt_each,gcgacaacggtttaggtgggtacgggtccccattccttatatagaaatggcatgttagatGTTCAACTATAGATGTTGTTGCTCCTTATGCAGCAAAAGAtagctaagcgcagggacttcccgaatctcggtattatcccggtaagtgtggactatattt
PCA1:Start-1545|CAD2:1546-End|RT:20_nt_each,gcgacaacggtttaggtgggtacgggtccccattccttatatagaaatggcatgttagatTGAAAATTGTTGAGAGAAATGTCATTCGTATTTACTTTGAtagctaagcgcagggacttcccgaatctcggtattatcccggtaagtgtggactatattt
PCA1:Start-1770|CAD2:1771-End|RT:20_nt_each,gcgacaacggtttaggtgggtacgggtccccattccttatatagaaatggcatgttagatTTCGTGAAAAAATTTCCACTATGTCCGTGTCAATGGTGCTtagctaagcgcagggacttcccgaatctcggtattatcccggtaagtgtggactatattt
PCA1:Start-1773|CAD2:1774-End|RT:20_nt_each,gcgacaacggtttaggtgggtacgggtccccattccttatatagaaatggcatgttagatGTGAAAAAATTTCCACTATCTCCGTGTCAATGGTGCTAGCtagctaagcgcagggacttcccgaatctcggtattatcccggtaagtgtggactatattt
PCA1:Start-1944|CAD2:1945-End|RT:20_nt_each,gcgacaacggtttaggtgggtacgggtccccattccttatatagaaatggcatgttagatTATCATTTGGATATTTCGTTGCTGGACACCCGTTATCTACtagctaagcgcagggacttcccgaatctcggtattatcccggtaagtgtggactatattt
PCA1:Start-1947|CAD2:1948-End|RT:20_nt_each,gcgacaacggtttaggtgggtacgggtccccattccttatatagaaatggcatgttagatCATTTGGATATTTCGTTGTTGGACACCCGTTATCTACGGAtagctaagcgcagggacttcccgaatctcggtattatcccggtaagtgtggactatattt
PCA1:Start-2127|CAD2:2128-End|RT:20_nt_each,gcgacaacggtttaggtgggtacgggtccccattccttatatagaaatggcatgttagatCTGGTAAAGAGACGGAAATTGATATTAGACTTCTCCAATAtagctaagcgcagggacttcccgaatctcggtattatcccggtaagtgtggactatattt
PCA1:Start-2163|CAD2:2164-End|RT:20_nt_each,gcgacaacggtttaggtgggtacgggtccccattccttatatagaaatggcatgttagatAATATGGCGATATTTTTAAGATTTTACCTGATTCAAGAATtagctaagcgcagggacttcccgaatctcggtattatcccggtaagtgtggactatattt
PCA1:Start-2505|CAD2:2506-End|RT:20_nt_each,gcgacaacggtttaggtgggtacgggtccccattccttatatagaaatggcatgttagatTAGCGGTTGGAATCCGTGTGCAAAAGCAATCCCGCTCCGAtagctaagcgcagggacttcccgaatctcggtattatcccggtaagtgtggactatattt
PCA1:Start-2583|CAD2:2584-End|RT:20_nt_each,gcgacaacggtttaggtgggtacgggtccccattccttatatagaaatggcatgttagatTTATCGTTTCGTGTCCCTGCGCGATTGGACTTGCCGTTCCtagctaagcgcagggacttcccgaatctcggtattatcccggtaagtgtggactatattt
PCA1:Start-2907|CAD2:2908-End|RT:20_nt_each,gcgacaacggtttaggtgggtacgggtccccattccttatatagaaatggcatgttagatCAAAAGCTGTGACTGGTAAGGGGGTAGAAGGAACATCATAtagctaagcgcagggacttcccgaatctcggtattatcccggtaagtgtggactatattt
PCA1:Start-3339|CAD2:3340-End|RT:20_nt_each,gcgacaacggtttaggtgggtacgggtccccattccttatatagaaatggcatgttagatACGGAACAAACGACGCAATTGCTTTGACTCAAGCAACGATtagctaagcgcagggacttcccgaatctcggtattatcccggtaagtgtggactatattt
PCA1:Start-3624|CAD2:3625-End|RT:20_nt_each,gcgacaacggtttaggtgggtacgggtccccattccttatatagaaatggcatgttagatTCCCTGTAATTTTTGTAGCTACACTTCTGCGTTATGCAAAtagctaagcgcagggacttcccgaatctcggtattatcccggtaagtgtggactatattt
PCA1:Start-3645|CAD2:3646-End|RT:20_nt_each,gcgacaacggtttaggtgggtacgggtccccattccttatatagaaatggcatgttagatTACTTCTGCGTTATGCAAAGGTTTAGTCCAGGTACTGCTGtagctaagcgcagggacttcccgaatctcggtattatcccggtaagtgtggactatattt
PCA1:Start-3648|CAD2:3649-End|RT:20_nt_each,gcgacaacggtttaggtgggtacgggtccccattccttatatagaaatggcatgttagatTTCTGCGTTATGCAAAGATTTAGTCCAGGTACTGCTGCTAtagctaagcgcagggacttcccgaatctcggtattatcccggtaagtgtggactatattt
PCA1:Start-114|CAD2:115-End|RT:22_nt_each,gcgacaacggtttaggtgggtacgggtccccattccttatatagaaatggcatgttagAGATAATAGAGGCGAGTGTCATCTTAGGTCCATAGAAAGGCATGgctaagcgcagggacttcccgaatctcggtattatcccggtaagtgtggactatattt
PCA1:Start-129|CAD2:130-End|RT:22_nt_each,gcgacaacggtttaggtgggtacgggtccccattccttatatagaaatggcatgttagGTGTCATCGTAGATCCATAGAAAGGCATGCTAATGACAATCTGGgctaagcgcagggacttcccgaatctcggtattatcccggtaagtgtggactatattt
PCA1:Start-426|CAD2:427-End|RT:22_nt_each,gcgacaacggtttaggtgggtacgggtccccattccttatatagaaatggcatgttagCACCAATGAATCCTGTGTTGATGAATGCTGCGTTAGAGATTCTTgctaagcgcagggacttcccgaatctcggtattatcccggtaagtgtggactatattt
PCA1:Start-465|CAD2:466-End|RT:22_nt_each,gcgacaacggtttaggtgggtacgggtccccattccttatatagaaatggcatgttagTTCTTCAGTGATGGTCGAGGAAGGTACAGGCAGCTGCGAAGCTGgctaagcgcagggacttcccgaatctcggtattatcccggtaagtgtggactatattt
PCA1:Start-627|CAD2:628-End|RT:22_nt_each,gcgacaacggtttaggtgggtacgggtccccattccttatatagaaatggcatgttagCACAGGGAAGGGTAGGCTTTGCCTTGAATCCAGTGACTCTACACgctaagcgcagggacttcccgaatctcggtattatcccggtaagtgtggactatattt
PCA1:Start-660|CAD2:661-End|RT:22_nt_each,gcgacaacggtttaggtgggtacgggtccccattccttatatagaaatggcatgttagTGACTCTACACTCAAGAAAAGACGTTGTAAAGTTAGCAGACAGAgctaagcgcagggacttcccgaatctcggtattatcccggtaagtgtggactatattt
PCA1:Start-774|CAD2:775-End|RT:22_nt_each,gcgacaacggtttaggtgggtacgggtccccattccttatatagaaatggcatgttagTGAAAAGAGGACTTTTAAAGGTACCACCAATGTTGGAATTTCTGgctaagcgcagggacttcccgaatctcggtattatcccggtaagtgtggactatattt
PCA1:Start-1032|CAD2:1033-End|RT:22_nt_each,gcgacaacggtttaggtgggtacgggtccccattccttatatagaaatggcatgttagATGTTTAACAAAGAAAAAGACCTATGGAGACAAAGAAAGGTTGAgctaagcgcagggacttcccgaatctcggtattatcccggtaagtgtggactatattt
PCA1:Start-1188|CAD2:1189-End|RT:22_nt_each,gcgacaacggtttaggtgggtacgggtccccattccttatatagaaatggcatgttagAATCGTATCAATGGAACCAATTGGAAATCATCTTAATCTTGAGGgctaagcgcagggacttcccgaatctcggtattatcccggtaagtgtggactatattt
PCA1:Start-1257|CAD2:1258-End|RT:22_nt_each,gcgacaacggtttaggtgggtacgggtccccattccttatatagaaatggcatgttagTGTTCTTAGTGTTTCAGGAATGACCTGTACTGGTTGTGAAACAAgctaagcgcagggacttcccgaatctcggtattatcccggtaagtgtggactatattt
PCA1:Start-1275|CAD2:1276-End|RT:22_nt_each,gcgacaacggtttaggtgggtacgggtccccattccttatatagaaatggcatgttagAATGTCCTGTACTGGTTGTGAAACAAAACTTAAGAAATCATTTGgctaagcgcagggacttcccgaatctcggtattatcccggtaagtgtggactatattt
PCA1:Start-1446|CAD2:1447-End|RT:22_nt_each,gcgacaacggtttaggtgggtacgggtccccattccttatatagaaatggcatgttagGTACGAACAGATTTCAAATCATGCTTCAACTATAGATGTTGTTGgctaagcgcagggacttcccgaatctcggtattatcccggtaagtgtggactatattt
PCA1:Start-1467|CAD2:1468-End|RT:22_nt_each,gcgacaacggtttaggtgggtacgggtccccattccttatatagaaatggcatgttagTGGTTCAACTATAGATGTTGTTGCTCCTTATGCAGCAAAAGATTgctaagcgcagggacttcccgaatctcggtattatcccggtaagtgtggactatattt
PCA1:Start-1545|CAD2:1546-End|RT:22_nt_each,gcgacaacggtttaggtgggtacgggtccccattccttatatagaaatggcatgttagGCTGAAAATTGTTGAGAGAAATGTCATTCGTATTTACTTTGACCgctaagcgcagggacttcccgaatctcggtattatcccggtaagtgtggactatattt
PCA1:Start-1770|CAD2:1771-End|RT:22_nt_each,gcgacaacggtttaggtgggtacgggtccccattccttatatagaaatggcatgttagGCTTCGTGAAAAAATTTCCACTATGTCCGTGTCAATGGTGCTAGgctaagcgcagggacttcccgaatctcggtattatcccggtaagtgtggactatattt
PCA1:Start-1773|CAD2:1774-End|RT:22_nt_each,gcgacaacggtttaggtgggtacgggtccccattccttatatagaaatggcatgttagTCGTGAAAAAATTTCCACTATCTCCGTGTCAATGGTGCTAGCAAgctaagcgcagggacttcccgaatctcggtattatcccggtaagtgtggactatattt
PCA1:Start-1944|CAD2:1945-End|RT:22_nt_each,gcgacaacggtttaggtgggtacgggtccccattccttatatagaaatggcatgttagTGTATCATTTGGATATTTCGTTGCTGGACACCCGTTATCTACGGgctaagcgcagggacttcccgaatctcggtattatcccggtaagtgtggactatattt
PCA1:Start-1947|CAD2:1948-End|RT:22_nt_each,gcgacaacggtttaggtgggtacgggtccccattccttatatagaaatggcatgttagATCATTTGGATATTTCGTTGTTGGACACCCGTTATCTACGGAGCgctaagcgcagggacttcccgaatctcggtattatcccggtaagtgtggactatattt
PCA1:Start-2127|CAD2:2128-End|RT:22_nt_each,gcgacaacggtttaggtgggtacgggtccccattccttatatagaaatggcatgttagAACTGGTAAAGAGACGGAAATTGATATTAGACTTCTCCAATATGgctaagcgcagggacttcccgaatctcggtattatcccggtaagtgtggactatattt
PCA1:Start-2163|CAD2:2164-End|RT:22_nt_each,gcgacaacggtttaggtgggtacgggtccccattccttatatagaaatggcatgttagCCAATATGGCGATATTTTTAAGATTTTACCTGATTCAAGAATCCgctaagcgcagggacttcccgaatctcggtattatcccggtaagtgtggactatattt
PCA1:Start-2505|CAD2:2506-End|RT:22_nt_each,gcgacaacggtttaggtgggtacgggtccccattccttatatagaaatggcatgttagGATAGCGGTTGGAATCCGTGTGCAAAAGCAATCCCGCTCCGATGgctaagcgcagggacttcccgaatctcggtattatcccggtaagtgtggactatattt
PCA1:Start-2583|CAD2:2584-End|RT:22_nt_each,gcgacaacggtttaggtgggtacgggtccccattccttatatagaaatggcatgttagACTTATCGTTTCGTGTCCCTGCGCGATTGGACTTGCCGTTCCTAgctaagcgcagggacttcccgaatctcggtattatcccggtaagtgtggactatattt
PCA1:Start-2907|CAD2:2908-End|RT:22_nt_each,gcgacaacggtttaggtgggtacgggtccccattccttatatagaaatggcatgttagTACAAAAGCTGTGACTGGTAAGGGGGTAGAAGGAACATCATACTgctaagcgcagggacttcccgaatctcggtattatcccggtaagtgtggactatattt
PCA1:Start-3339|CAD2:3340-End|RT:22_nt_each,gcgacaacggtttaggtgggtacgggtccccattccttatatagaaatggcatgttagTGACGGAACAAACGACGCAATTGCTTTGACTCAAGCAACGATTGgctaagcgcagggacttcccgaatctcggtattatcccggtaagtgtggactatattt
PCA1:Start-3624|CAD2:3625-End|RT:22_nt_each,gcgacaacggtttaggtgggtacgggtccccattccttatatagaaatggcatgttagCCTCCCTGTAATTTTTGTAGCTACACTTCTGCGTTATGCAAAGGgctaagcgcagggacttcccgaatctcggtattatcccggtaagtgtggactatattt
PCA1:Start-3645|CAD2:3646-End|RT:22_nt_each,gcgacaacggtttaggtgggtacgggtccccattccttatatagaaatggcatgttagTATACTTCTGCGTTATGCAAAGGTTTAGTCCAGGTACTGCTGCTgctaagcgcagggacttcccgaatctcggtattatcccggtaagtgtggactatattt
PCA1:Start-3648|CAD2:3649-End|RT:22_nt_each,gcgacaacggtttaggtgggtacgggtccccattccttatatagaaatggcatgttagACTTCTGCGTTATGCAAAGATTTAGTCCAGGTACTGCTGCTATTgctaagcgcagggacttcccgaatctcggtattatcccggtaagtgtggactatattt
PCA1:Start-114|CAD2:115-End|RT:25_nt_each,gcgacaacggtttaggtgggtacgggtccccattccttatatagaaatggcatgtGCAAGATAATAGAGGCGAGTGTCATCTTAGGTCCATAGAAAGGCATGCTAaagcgcagggacttcccgaatctcggtattatcccggtaagtgtggactatattt
PCA1:Start-129|CAD2:130-End|RT:25_nt_each,gcgacaacggtttaggtgggtacgggtccccattccttatatagaaatggcatgtCGAGTGTCATCGTAGATCCATAGAAAGGCATGCTAATGACAATCTGGGATaagcgcagggacttcccgaatctcggtattatcccggtaagtgtggactatattt
PCA1:Start-426|CAD2:427-End|RT:25_nt_each,gcgacaacggtttaggtgggtacgggtccccattccttatatagaaatggcatgtCCACACCAATGAATCCTGTGTTGATGAATGCTGCGTTAGAGATTCTTCAGaagcgcagggacttcccgaatctcggtattatcccggtaagtgtggactatattt
PCA1:Start-465|CAD2:466-End|RT:25_nt_each,gcgacaacggtttaggtgggtacgggtccccattccttatatagaaatggcatgtAGATTCTTCAGTGATGGTCGAGGAAGGTACAGGCAGCTGCGAAGCTGTATaagcgcagggacttcccgaatctcggtattatcccggtaagtgtggactatattt
PCA1:Start-627|CAD2:628-End|RT:25_nt_each,gcgacaacggtttaggtgggtacgggtccccattccttatatagaaatggcatgtACACACAGGGAAGGGTAGGCTTTGCCTTGAATCCAGTGACTCTACACTCAaagcgcagggacttcccgaatctcggtattatcccggtaagtgtggactatattt
PCA1:Start-660|CAD2:661-End|RT:25_nt_each,gcgacaacggtttaggtgggtacgggtccccattccttatatagaaatggcatgtAAGTGACTCTACACTCAAGAAAAGACGTTGTAAAGTTAGCAGACAGAAAAaagcgcagggacttcccgaatctcggtattatcccggtaagtgtggactatattt
PCA1:Start-774|CAD2:775-End|RT:25_nt_each,gcgacaacggtttaggtgggtacgggtccccattccttatatagaaatggcatgtCTGTGAAAAGAGGACTTTTAAAGGTACCACCAATGTTGGAATTTCTGGGAaagcgcagggacttcccgaatctcggtattatcccggtaagtgtggactatattt
PCA1:Start-1032|CAD2:1033-End|RT:25_nt_each,gcgacaacggtttaggtgggtacgggtccccattccttatatagaaatggcatgtTGGATGTTTAACAAAGAAAAAGACCTATGGAGACAAAGAAAGGTTGAGCAaagcgcagggacttcccgaatctcggtattatcccggtaagtgtggactatattt
PCA1:Start-1188|CAD2:1189-End|RT:25_nt_each,gcgacaacggtttaggtgggtacgggtccccattccttatatagaaatggcatgtAAGAATCGTATCAATGGAACCAATTGGAAATCATCTTAATCTTGAGGCAGaagcgcagggacttcccgaatctcggtattatcccggtaagtgtggactatattt
PCA1:Start-1257|CAD2:1258-End|RT:25_nt_each,gcgacaacggtttaggtgggtacgggtccccattccttatatagaaatggcatgtCATTGTTCTTAGTGTTTCAGGAATGACCTGTACTGGTTGTGAAACAAAACaagcgcagggacttcccgaatctcggtattatcccggtaagtgtggactatattt
PCA1:Start-1275|CAD2:1276-End|RT:25_nt_each,gcgacaacggtttaggtgggtacgggtccccattccttatatagaaatggcatgtAGGAATGTCCTGTACTGGTTGTGAAACAAAACTTAAGAAATCATTTGGCGaagcgcagggacttcccgaatctcggtattatcccggtaagtgtggactatattt
PCA1:Start-1446|CAD2:1447-End|RT:25_nt_each,gcgacaacggtttaggtgggtacgggtccccattccttatatagaaatggcatgtCAAGTACGAACAGATTTCAAATCATGCTTCAACTATAGATGTTGTTGCTCaagcgcagggacttcccgaatctcggtattatcccggtaagtgtggactatattt
PCA1:Start-1467|CAD2:1468-End|RT:25_nt_each,gcgacaacggtttaggtgggtacgggtccccattccttatatagaaatggcatgtTCATGGTTCAACTATAGATGTTGTTGCTCCTTATGCAGCAAAAGATTTTAaagcgcagggacttcccgaatctcggtattatcccggtaagtgtggactatattt
PCA1:Start-1545|CAD2:1546-End|RT:25_nt_each,gcgacaacggtttaggtgggtacgggtccccattccttatatagaaatggcatgtAGAGCTGAAAATTGTTGAGAGAAATGTCATTCGTATTTACTTTGACCCAAaagcgcagggacttcccgaatctcggtattatcccggtaagtgtggactatattt
PCA1:Start-1770|CAD2:1771-End|RT:25_nt_each,gcgacaacggtttaggtgggtacgggtccccattccttatatagaaatggcatgtACAGCTTCGTGAAAAAATTTCCACTATGTCCGTGTCAATGGTGCTAGCAAaagcgcagggacttcccgaatctcggtattatcccggtaagtgtggactatattt
PCA1:Start-1773|CAD2:1774-End|RT:25_nt_each,gcgacaacggtttaggtgggtacgggtccccattccttatatagaaatggcatgtGCTTCGTGAAAAAATTTCCACTATCTCCGTGTCAATGGTGCTAGCAACTAaagcgcagggacttcccgaatctcggtattatcccggtaagtgtggactatattt
PCA1:Start-1944|CAD2:1945-End|RT:25_nt_each,gcgacaacggtttaggtgggtacgggtccccattccttatatagaaatggcatgtGATTGTATCATTTGGATATTTCGTTGCTGGACACCCGTTATCTACGGAGCaagcgcagggacttcccgaatctcggtattatcccggtaagtgtggactatattt
PCA1:Start-1947|CAD2:1948-End|RT:25_nt_each,gcgacaacggtttaggtgggtacgggtccccattccttatatagaaatggcatgtTGTATCATTTGGATATTTCGTTGTTGGACACCCGTTATCTACGGAGCAGTaagcgcagggacttcccgaatctcggtattatcccggtaagtgtggactatattt
PCA1:Start-2127|CAD2:2128-End|RT:25_nt_each,gcgacaacggtttaggtgggtacgggtccccattccttatatagaaatggcatgtTAAAACTGGTAAAGAGACGGAAATTGATATTAGACTTCTCCAATATGGCGaagcgcagggacttcccgaatctcggtattatcccggtaagtgtggactatattt
PCA1:Start-2163|CAD2:2164-End|RT:25_nt_each,gcgacaacggtttaggtgggtacgggtccccattccttatatagaaatggcatgtTCTCCAATATGGCGATATTTTTAAGATTTTACCTGATTCAAGAATCCCGAaagcgcagggacttcccgaatctcggtattatcccggtaagtgtggactatattt
PCA1:Start-2505|CAD2:2506-End|RT:25_nt_each,gcgacaacggtttaggtgggtacgggtccccattccttatatagaaatggcatgtTTGGATAGCGGTTGGAATCCGTGTGCAAAAGCAATCCCGCTCCGATGCCGaagcgcagggacttcccgaatctcggtattatcccggtaagtgtggactatattt
PCA1:Start-2583|CAD2:2584-End|RT:25_nt_each,gcgacaacggtttaggtgggtacgggtccccattccttatatagaaatggcatgtGGTACTTATCGTTTCGTGTCCCTGCGCGATTGGACTTGCCGTTCCTATCGaagcgcagggacttcccgaatctcggtattatcccggtaagtgtggactatattt
PCA1:Start-2907|CAD2:2908-End|RT:25_nt_each,gcgacaacggtttaggtgggtacgggtccccattccttatatagaaatggcatgtTAATACAAAAGCTGTGACTGGTAAGGGGGTAGAAGGAACATCATACTCTGaagcgcagggacttcccgaatctcggtattatcccggtaagtgtggactatattt
PCA1:Start-3339|CAD2:3340-End|RT:25_nt_each,gcgacaacggtttaggtgggtacgggtccccattccttatatagaaatggcatgtCGGTGACGGAACAAACGACGCAATTGCTTTGACTCAAGCAACGATTGGAGaagcgcagggacttcccgaatctcggtattatcccggtaagtgtggactatattt
PCA1:Start-3624|CAD2:3625-End|RT:25_nt_each,gcgacaacggtttaggtgggtacgggtccccattccttatatagaaatggcatgtTATCCTCCCTGTAATTTTTGTAGCTACACTTCTGCGTTATGCAAAGGTTTaagcgcagggacttcccgaatctcggtattatcccggtaagtgtggactatattt
PCA1:Start-3645|CAD2:3646-End|RT:25_nt_each,gcgacaacggtttaggtgggtacgggtccccattccttatatagaaatggcatgtAGCTATACTTCTGCGTTATGCAAAGGTTTAGTCCAGGTACTGCTGCTATTaagcgcagggacttcccgaatctcggtattatcccggtaagtgtggactatattt
PCA1:Start-3648|CAD2:3649-End|RT:25_nt_each,gcgacaacggtttaggtgggtacgggtccccattccttatatagaaatggcatgtTATACTTCTGCGTTATGCAAAGATTTAGTCCAGGTACTGCTGCTATTTGAaagcgcagggacttcccgaatctcggtattatcccggtaagtgtggactatattt
PCA1:Start-114|CAD2:115-End|RT:29_nt_each,gcgacaacggtttaggtgggtacgggtccccattccttatatagaaatggcCTATGCAAGATAATAGAGGCGAGTGTCATCTTAGGTCCATAGAAAGGCATGCTAATGAgcagggacttcccgaatctcggtattatcccggtaagtgtggactatattt
PCA1:Start-129|CAD2:130-End|RT:29_nt_each,gcgacaacggtttaggtgggtacgggtccccattccttatatagaaatggcGAGGCGAGTGTCATCGTAGATCCATAGAAAGGCATGCTAATGACAATCTGGGATTGGTgcagggacttcccgaatctcggtattatcccggtaagtgtggactatattt
PCA1:Start-426|CAD2:427-End|RT:29_nt_each,gcgacaacggtttaggtgggtacgggtccccattccttatatagaaatggcGTGACCACACCAATGAATCCTGTGTTGATGAATGCTGCGTTAGAGATTCTTCAGTGATgcagggacttcccgaatctcggtattatcccggtaagtgtggactatattt
PCA1:Start-465|CAD2:466-End|RT:29_nt_each,gcgacaacggtttaggtgggtacgggtccccattccttatatagaaatggcTTAGAGATTCTTCAGTGATGGTCGAGGAAGGTACAGGCAGCTGCGAAGCTGTATCTTCgcagggacttcccgaatctcggtattatcccggtaagtgtggactatattt
PCA1:Start-627|CAD2:628-End|RT:29_nt_each,gcgacaacggtttaggtgggtacgggtccccattccttatatagaaatggcACCAACACACAGGGAAGGGTAGGCTTTGCCTTGAATCCAGTGACTCTACACTCAAGAAgcagggacttcccgaatctcggtattatcccggtaagtgtggactatattt
PCA1:Start-660|CAD2:661-End|RT:29_nt_each,gcgacaacggtttaggtgggtacgggtccccattccttatatagaaatggcAATCAAGTGACTCTACACTCAAGAAAAGACGTTGTAAAGTTAGCAGACAGAAAATTGAgcagggacttcccgaatctcggtattatcccggtaagtgtggactatattt
PCA1:Start-774|CAD2:775-End|RT:29_nt_each,gcgacaacggtttaggtgggtacgggtccccattccttatatagaaatggcGTAGCTGTGAAAAGAGGACTTTTAAAGGTACCACCAATGTTGGAATTTCTGGGAGTAGgcagggacttcccgaatctcggtattatcccggtaagtgtggactatattt
PCA1:Start-1032|CAD2:1033-End|RT:29_nt_each,gcgacaacggtttaggtgggtacgggtccccattccttatatagaaatggcGTTCTGGATGTTTAACAAAGAAAAAGACCTATGGAGACAAAGAAAGGTTGAGCAATGAgcagggacttcccgaatctcggtattatcccggtaagtgtggactatattt
PCA1:Start-1188|CAD2:1189-End|RT:29_nt_each,gcgacaacggtttaggtgggtacgggtccccattccttatatagaaatggcTTTCAAGAATCGTATCAATGGAACCAATTGGAAATCATCTTAATCTTGAGGCAGGATCgcagggacttcccgaatctcggtattatcccggtaagtgtggactatattt
PCA1:Start-1257|CAD2:1258-End|RT:29_nt_each,gcgacaacggtttaggtgggtacgggtccccattccttatatagaaatggcAGCACATTGTTCTTAGTGTTTCAGGAATGACCTGTACTGGTTGTGAAACAAAACTTAAgcagggacttcccgaatctcggtattatcccggtaagtgtggactatattt
PCA1:Start-1275|CAD2:1276-End|RT:29_nt_each,gcgacaacggtttaggtgggtacgggtccccattccttatatagaaatggcTTTCAGGAATGTCCTGTACTGGTTGTGAAACAAAACTTAAGAAATCATTTGGCGCGCTgcagggacttcccgaatctcggtattatcccggtaagtgtggactatattt
PCA1:Start-1446|CAD2:1447-End|RT:29_nt_each,gcgacaacggtttaggtgggtacgggtccccattccttatatagaaatggcAATTCAAGTACGAACAGATTTCAAATCATGCTTCAACTATAGATGTTGTTGCTCCTTAgcagggacttcccgaatctcggtattatcccggtaagtgtggactatattt
PCA1:Start-1467|CAD2:1468-End|RT:29_nt_each,gcgacaacggtttaggtgggtacgggtccccattccttatatagaaatggcCAAATCATGGTTCAACTATAGATGTTGTTGCTCCTTATGCAGCAAAAGATTTTATTAAgcagggacttcccgaatctcggtattatcccggtaagtgtggactatattt
PCA1:Start-1545|CAD2:1546-End|RT:29_nt_each,gcgacaacggtttaggtgggtacgggtccccattccttatatagaaatggcTCACAGAGCTGAAAATTGTTGAGAGAAATGTCATTCGTATTTACTTTGACCCAAAGGTgcagggacttcccgaatctcggtattatcccggtaagtgtggactatattt
PCA1:Start-1770|CAD2:1771-End|RT:29_nt_each,gcgacaacggtttaggtgggtacgggtccccattccttatatagaaatggcCTCCACAGCTTCGTGAAAAAATTTCCACTATGTCCGTGTCAATGGTGCTAGCAACTATgcagggacttcccgaatctcggtattatcccggtaagtgtggactatattt
PCA1:Start-1773|CAD2:1774-End|RT:29_nt_each,gcgacaacggtttaggtgggtacgggtccccattccttatatagaaatggcCACAGCTTCGTGAAAAAATTTCCACTATCTCCGTGTCAATGGTGCTAGCAACTATTATgcagggacttcccgaatctcggtattatcccggtaagtgtggactatattt
PCA1:Start-1944|CAD2:1945-End|RT:29_nt_each,gcgacaacggtttaggtgggtacgggtccccattccttatatagaaatggcTTTCGATTGTATCATTTGGATATTTCGTTGCTGGACACCCGTTATCTACGGAGCAGTTgcagggacttcccgaatctcggtattatcccggtaagtgtggactatattt
PCA1:Start-1947|CAD2:1948-End|RT:29_nt_each,gcgacaacggtttaggtgggtacgggtccccattccttatatagaaatggcCGATTGTATCATTTGGATATTTCGTTGTTGGACACCCGTTATCTACGGAGCAGTTTTTgcagggacttcccgaatctcggtattatcccggtaagtgtggactatattt
PCA1:Start-2127|CAD2:2128-End|RT:29_nt_each,gcgacaacggtttaggtgggtacgggtccccattccttatatagaaatggcTGGATAAAACTGGTAAAGAGACGGAAATTGATATTAGACTTCTCCAATATGGCGATATgcagggacttcccgaatctcggtattatcccggtaagtgtggactatattt
PCA1:Start-2163|CAD2:2164-End|RT:29_nt_each,gcgacaacggtttaggtgggtacgggtccccattccttatatagaaatggcGACTTCTCCAATATGGCGATATTTTTAAGATTTTACCTGATTCAAGAATCCCGACTGAgcagggacttcccgaatctcggtattatcccggtaagtgtggactatattt
PCA1:Start-2505|CAD2:2506-End|RT:29_nt_each,gcgacaacggtttaggtgggtacgggtccccattccttatatagaaatggcGCGTTTGGATAGCGGTTGGAATCCGTGTGCAAAAGCAATCCCGCTCCGATGCCGTAATgcagggacttcccgaatctcggtattatcccggtaagtgtggactatattt
PCA1:Start-2583|CAD2:2584-End|RT:29_nt_each,gcgacaacggtttaggtgggtacgggtccccattccttatatagaaatggcTTACGGTACTTATCGTTTCGTGTCCCTGCGCGATTGGACTTGCCGTTCCTATCGTATTgcagggacttcccgaatctcggtattatcccggtaagtgtggactatattt
PCA1:Start-2907|CAD2:2908-End|RT:29_nt_each,gcgacaacggtttaggtgggtacgggtccccattccttatatagaaatggcTTTCTAATACAAAAGCTGTGACTGGTAAGGGGGTAGAAGGAACATCATACTCTGGTTTgcagggacttcccgaatctcggtattatcccggtaagtgtggactatattt
PCA1:Start-3339|CAD2:3340-End|RT:29_nt_each,gcgacaacggtttaggtgggtacgggtccccattccttatatagaaatggcTTTGCGGTGACGGAACAAACGACGCAATTGCTTTGACTCAAGCAACGATTGGAGTTCAgcagggacttcccgaatctcggtattatcccggtaagtgtggactatattt
PCA1:Start-3624|CAD2:3625-End|RT:29_nt_each,gcgacaacggtttaggtgggtacgggtccccattccttatatagaaatggcTTAGTATCCTCCCTGTAATTTTTGTAGCTACACTTCTGCGTTATGCAAAGGTTTAGTCgcagggacttcccgaatctcggtattatcccggtaagtgtggactatattt
PCA1:Start-3645|CAD2:3646-End|RT:29_nt_each,gcgacaacggtttaggtgggtacgggtccccattccttatatagaaatggcTTGTAGCTATACTTCTGCGTTATGCAAAGGTTTAGTCCAGGTACTGCTGCTATTTGATgcagggacttcccgaatctcggtattatcccggtaagtgtggactatattt
PCA1:Start-3648|CAD2:3649-End|RT:29_nt_each,gcgacaacggtttaggtgggtacgggtccccattccttatatagaaatggcTAGCTATACTTCTGCGTTATGCAAAGATTTAGTCCAGGTACTGCTGCTATTTGATTGTgcagggacttcccgaatctcggtattatcccggtaagtgtggactatattt
PCA1:Start-114|CAD2:115-End|RT:34_nt_each,gcgacaacggtttaggtgggtacgggtccccattccttatatagaaAGATGCTATGCAAGATAATAGAGGCGAGTGTCATCTTAGGTCCATAGAAAGGCATGCTAATGACAATCgacttcccgaatctcggtattatcccggtaagtgtggactatattt
PCA1:Start-129|CAD2:130-End|RT:34_nt_each,gcgacaacggtttaggtgggtacgggtccccattccttatatagaaTAATAGAGGCGAGTGTCATCGTAGATCCATAGAAAGGCATGCTAATGACAATCTGGGATTGGTCTCCCgacttcccgaatctcggtattatcccggtaagtgtggactatattt
PCA1:Start-426|CAD2:427-End|RT:34_nt_each,gcgacaacggtttaggtgggtacgggtccccattccttatatagaaAGGTGGTGACCACACCAATGAATCCTGTGTTGATGAATGCTGCGTTAGAGATTCTTCAGTGATGGTCGgacttcccgaatctcggtattatcccggtaagtgtggactatattt
PCA1:Start-465|CAD2:466-End|RT:34_nt_each,gcgacaacggtttaggtgggtacgggtccccattccttatatagaaCTGCGTTAGAGATTCTTCAGTGATGGTCGAGGAAGGTACAGGCAGCTGCGAAGCTGTATCTTCTAAAGgacttcccgaatctcggtattatcccggtaagtgtggactatattt
PCA1:Start-627|CAD2:628-End|RT:34_nt_each,gcgacaacggtttaggtgggtacgggtccccattccttatatagaaTTCCAACCAACACACAGGGAAGGGTAGGCTTTGCCTTGAATCCAGTGACTCTACACTCAAGAAAAGACgacttcccgaatctcggtattatcccggtaagtgtggactatattt
PCA1:Start-660|CAD2:661-End|RT:34_nt_each,gcgacaacggtttaggtgggtacgggtccccattccttatatagaaCATCGAATCAAGTGACTCTACACTCAAGAAAAGACGTTGTAAAGTTAGCAGACAGAAAATTGAAGTTTgacttcccgaatctcggtattatcccggtaagtgtggactatattt
PCA1:Start-774|CAD2:775-End|RT:34_nt_each,gcgacaacggtttaggtgggtacgggtccccattccttatatagaaATCTCGTAGCTGTGAAAAGAGGACTTTTAAAGGTACCACCAATGTTGGAATTTCTGGGAGTAGCTCTAgacttcccgaatctcggtattatcccggtaagtgtggactatattt
PCA1:Start-1032|CAD2:1033-End|RT:34_nt_each,gcgacaacggtttaggtgggtacgggtccccattccttatatagaaCAACAGTTCTGGATGTTTAACAAAGAAAAAGACCTATGGAGACAAAGAAAGGTTGAGCAATGACAATGgacttcccgaatctcggtattatcccggtaagtgtggactatattt
PCA1:Start-1188|CAD2:1189-End|RT:34_nt_each,gcgacaacggtttaggtgggtacgggtccccattccttatatagaaTGAAATTTCAAGAATCGTATCAATGGAACCAATTGGAAATCATCTTAATCTTGAGGCAGGATCTACCGgacttcccgaatctcggtattatcccggtaagtgtggactatattt
PCA1:Start-1257|CAD2:1258-End|RT:34_nt_each,gcgacaacggtttaggtgggtacgggtccccattccttatatagaaTACCGAGCACATTGTTCTTAGTGTTTCAGGAATGACCTGTACTGGTTGTGAAACAAAACTTAAGAAATgacttcccgaatctcggtattatcccggtaagtgtggactatattt
PCA1:Start-1275|CAD2:1276-End|RT:34_nt_each,gcgacaacggtttaggtgggtacgggtccccattccttatatagaaTAGTGTTTCAGGAATGTCCTGTACTGGTTGTGAAACAAAACTTAAGAAATCATTTGGCGCGCTCAAATgacttcccgaatctcggtattatcccggtaagtgtggactatattt
PCA1:Start-1446|CAD2:1447-End|RT:34_nt_each,gcgacaacggtttaggtgggtacgggtccccattccttatatagaaTACTGAATTCAAGTACGAACAGATTTCAAATCATGCTTCAACTATAGATGTTGTTGCTCCTTATGCAGgacttcccgaatctcggtattatcccggtaagtgtggactatattt
PCA1:Start-1467|CAD2:1468-End|RT:34_nt_each,gcgacaacggtttaggtgggtacgggtccccattccttatatagaaGATTTCAAATCATGGTTCAACTATAGATGTTGTTGCTCCTTATGCAGCAAAAGATTTTATTAATGAGGgacttcccgaatctcggtattatcccggtaagtgtggactatattt
PCA1:Start-1545|CAD2:1546-End|RT:34_nt_each,gcgacaacggtttaggtgggtacgggtccccattccttatatagaaAGGTGTCACAGAGCTGAAAATTGTTGAGAGAAATGTCATTCGTATTTACTTTGACCCAAAGGTTATAGgacttcccgaatctcggtattatcccggtaagtgtggactatattt
PCA1:Start-1770|CAD2:1771-End|RT:34_nt_each,gcgacaacggtttaggtgggtacgggtccccattccttatatagaaTTGGGCTCCACAGCTTCGTGAAAAAATTTCCACTATGTCCGTGTCAATGGTGCTAGCAACTATTATCCgacttcccgaatctcggtattatcccggtaagtgtggactatattt
PCA1:Start-1773|CAD2:1774-End|RT:34_nt_each,gcgacaacggtttaggtgggtacgggtccccattccttatatagaaGGCTCCACAGCTTCGTGAAAAAATTTCCACTATCTCCGTGTCAATGGTGCTAGCAACTATTATCCAATgacttcccgaatctcggtattatcccggtaagtgtggactatattt
PCA1:Start-1944|CAD2:1945-End|RT:34_nt_each,gcgacaacggtttaggtgggtacgggtccccattccttatatagaaCATATTTTCGATTGTATCATTTGGATATTTCGTTGCTGGACACCCGTTATCTACGGAGCAGTTTTTTGgacttcccgaatctcggtattatcccggtaagtgtggactatattt
PCA1:Start-1947|CAD2:1948-End|RT:34_nt_each,gcgacaacggtttaggtgggtacgggtccccattccttatatagaaATTTTCGATTGTATCATTTGGATATTTCGTTGTTGGACACCCGTTATCTACGGAGCAGTTTTTTGAGAgacttcccgaatctcggtattatcccggtaagtgtggactatattt
PCA1:Start-2127|CAD2:2128-End|RT:34_nt_each,gcgacaacggtttaggtgggtacgggtccccattccttatatagaaTCTGGTGGATAAAACTGGTAAAGAGACGGAAATTGATATTAGACTTCTCCAATATGGCGATATTTTTAgacttcccgaatctcggtattatcccggtaagtgtggactatattt
PCA1:Start-2163|CAD2:2164-End|RT:34_nt_each,gcgacaacggtttaggtgggtacgggtccccattccttatatagaaTATTAGACTTCTCCAATATGGCGATATTTTTAAGATTTTACCTGATTCAAGAATCCCGACTGATGGAAgacttcccgaatctcggtattatcccggtaagtgtggactatattt
PCA1:Start-2505|CAD2:2506-End|RT:34_nt_each,gcgacaacggtttaggtgggtacgggtccccattccttatatagaaCTTTTGCGTTTGGATAGCGGTTGGAATCCGTGTGCAAAAGCAATCCCGCTCCGATGCCGTAATTCAGGgacttcccgaatctcggtattatcccggtaagtgtggactatattt
PCA1:Start-2583|CAD2:2584-End|RT:34_nt_each,gcgacaacggtttaggtgggtacgggtccccattccttatatagaaTGCCATTACGGTACTTATCGTTTCGTGTCCCTGCGCGATTGGACTTGCCGTTCCTATCGTATTTGTTAgacttcccgaatctcggtattatcccggtaagtgtggactatattt
PCA1:Start-2907|CAD2:2908-End|RT:34_nt_each,gcgacaacggtttaggtgggtacgggtccccattccttatatagaaAAATGTTTCTAATACAAAAGCTGTGACTGGTAAGGGGGTAGAAGGAACATCATACTCTGGTTTGAAGTgacttcccgaatctcggtattatcccggtaagtgtggactatattt
PCA1:Start-3339|CAD2:3340-End|RT:34_nt_each,gcgacaacggtttaggtgggtacgggtccccattccttatatagaaTGTTTTTTGCGGTGACGGAACAAACGACGCAATTGCTTTGACTCAAGCAACGATTGGAGTTCATATCAgacttcccgaatctcggtattatcccggtaagtgtggactatattt
PCA1:Start-3624|CAD2:3625-End|RT:34_nt_each,gcgacaacggtttaggtgggtacgggtccccattccttatatagaaACTAGTTAGTATCCTCCCTGTAATTTTTGTAGCTACACTTCTGCGTTATGCAAAGGTTTAGTCCAGGTgacttcccgaatctcggtattatcccggtaagtgtggactatattt
PCA1:Start-3645|CAD2:3646-End|RT:34_nt_each,gcgacaacggtttaggtgggtacgggtccccattccttatatagaaAATTTTTGTAGCTATACTTCTGCGTTATGCAAAGGTTTAGTCCAGGTACTGCTGCTATTTGATTGTAGgacttcccgaatctcggtattatcccggtaagtgtggactatattt
PCA1:Start-3648|CAD2:3649-End|RT:34_nt_each,gcgacaacggtttaggtgggtacgggtccccattccttatatagaaTTTTGTAGCTATACTTCTGCGTTATGCAAAGATTTAGTCCAGGTACTGCTGCTATTTGATTGTAGATTgacttcccgaatctcggtattatcccggtaagtgtggactatattt
PCA1:Start-114|CAD2:115-End|RT:40_nt_each,gcgacaacggtttaggtgggtacgggtccccattccttatATCAATAGATGCTATGCAAGATAATAGAGGCGAGTGTCATCTTAGGTCCATAGAAAGGCATGCTAATGACAATCTGGGATccgaatctcggtattatcccggtaagtgtggactatattt
PCA1:Start-129|CAD2:130-End|RT:40_nt_each,gcgacaacggtttaggtgggtacgggtccccattccttatGCAAGATAATAGAGGCGAGTGTCATCGTAGATCCATAGAAAGGCATGCTAATGACAATCTGGGATTGGTCTCCCAGCGAGccgaatctcggtattatcccggtaagtgtggactatattt
PCA1:Start-426|CAD2:427-End|RT:40_nt_each,gcgacaacggtttaggtgggtacgggtccccattccttatTCAAACAGGTGGTGACCACACCAATGAATCCTGTGTTGATGAATGCTGCGTTAGAGATTCTTCAGTGATGGTCGAGGAAGccgaatctcggtattatcccggtaagtgtggactatattt
PCA1:Start-465|CAD2:466-End|RT:40_nt_each,gcgacaacggtttaggtgggtacgggtccccattccttatTGGATGCTGCGTTAGAGATTCTTCAGTGATGGTCGAGGAAGGTACAGGCAGCTGCGAAGCTGTATCTTCTAAAGAACAATccgaatctcggtattatcccggtaagtgtggactatattt
PCA1:Start-627|CAD2:628-End|RT:40_nt_each,gcgacaacggtttaggtgggtacgggtccccattccttatTACCAATTCCAACCAACACACAGGGAAGGGTAGGCTTTGCCTTGAATCCAGTGACTCTACACTCAAGAAAAGACGTTGTAccgaatctcggtattatcccggtaagtgtggactatattt
PCA1:Start-660|CAD2:661-End|RT:40_nt_each,gcgacaacggtttaggtgggtacgggtccccattccttatGCTTTGCATCGAATCAAGTGACTCTACACTCAAGAAAAGACGTTGTAAAGTTAGCAGACAGAAAATTGAAGTTTCCAGTAccgaatctcggtattatcccggtaagtgtggactatattt
PCA1:Start-774|CAD2:775-End|RT:40_nt_each,gcgacaacggtttaggtgggtacgggtccccattccttatGATTGCATCTCGTAGCTGTGAAAAGAGGACTTTTAAAGGTACCACCAATGTTGGAATTTCTGGGAGTAGCTCTACCGACAccgaatctcggtattatcccggtaagtgtggactatattt
PCA1:Start-1032|CAD2:1033-End|RT:40_nt_each,gcgacaacggtttaggtgggtacgggtccccattccttatCTACCGCAACAGTTCTGGATGTTTAACAAAGAAAAAGACCTATGGAGACAAAGAAAGGTTGAGCAATGACAATGGCCATGccgaatctcggtattatcccggtaagtgtggactatattt
PCA1:Start-1188|CAD2:1189-End|RT:40_nt_each,gcgacaacggtttaggtgggtacgggtccccattccttatTTCGAGTGAAATTTCAAGAATCGTATCAATGGAACCAATTGGAAATCATCTTAATCTTGAGGCAGGATCTACCGGTACTGccgaatctcggtattatcccggtaagtgtggactatattt
PCA1:Start-1257|CAD2:1258-End|RT:40_nt_each,gcgacaacggtttaggtgggtacgggtccccattccttatTACCGGTACCGAGCACATTGTTCTTAGTGTTTCAGGAATGACCTGTACTGGTTGTGAAACAAAACTTAAGAAATCATTTGccgaatctcggtattatcccggtaagtgtggactatattt
PCA1:Start-1275|CAD2:1276-End|RT:40_nt_each,gcgacaacggtttaggtgggtacgggtccccattccttatTGTTCTTAGTGTTTCAGGAATGTCCTGTACTGGTTGTGAAACAAAACTTAAGAAATCATTTGGCGCGCTCAAATGTGTTCccgaatctcggtattatcccggtaagtgtggactatattt
PCA1:Start-1446|CAD2:1447-End|RT:40_nt_each,gcgacaacggtttaggtgggtacgggtccccattccttatCAAAACTACTGAATTCAAGTACGAACAGATTTCAAATCATGCTTCAACTATAGATGTTGTTGCTCCTTATGCAGCAAAAGccgaatctcggtattatcccggtaagtgtggactatattt
PCA1:Start-1467|CAD2:1468-End|RT:40_nt_each,gcgacaacggtttaggtgggtacgggtccccattccttatCGAACAGATTTCAAATCATGGTTCAACTATAGATGTTGTTGCTCCTTATGCAGCAAAAGATTTTATTAATGAGGAATGGCccgaatctcggtattatcccggtaagtgtggactatattt
PCA1:Start-1545|CAD2:1546-End|RT:40_nt_each,gcgacaacggtttaggtgggtacgggtccccattccttatGCCACAAGGTGTCACAGAGCTGAAAATTGTTGAGAGAAATGTCATTCGTATTTACTTTGACCCAAAGGTTATAGGTGCCAccgaatctcggtattatcccggtaagtgtggactatattt
PCA1:Start-1770|CAD2:1771-End|RT:40_nt_each,gcgacaacggtttaggtgggtacgggtccccattccttatGATGGCTTGGGCTCCACAGCTTCGTGAAAAAATTTCCACTATGTCCGTGTCAATGGTGCTAGCAACTATTATCCAATTTGccgaatctcggtattatcccggtaagtgtggactatattt
PCA1:Start-1773|CAD2:1774-End|RT:40_nt_each,gcgacaacggtttaggtgggtacgggtccccattccttatGGCTTGGGCTCCACAGCTTCGTGAAAAAATTTCCACTATCTCCGTGTCAATGGTGCTAGCAACTATTATCCAATTTGTTAccgaatctcggtattatcccggtaagtgtggactatattt
PCA1:Start-1944|CAD2:1945-End|RT:40_nt_each,gcgacaacggtttaggtgggtacgggtccccattccttatTGCCTACATATTTTCGATTGTATCATTTGGATATTTCGTTGCTGGACACCCGTTATCTACGGAGCAGTTTTTTGAGACCAccgaatctcggtattatcccggtaagtgtggactatattt
PCA1:Start-1947|CAD2:1948-End|RT:40_nt_each,gcgacaacggtttaggtgggtacgggtccccattccttatCTACATATTTTCGATTGTATCATTTGGATATTTCGTTGTTGGACACCCGTTATCTACGGAGCAGTTTTTTGAGACCAGCTccgaatctcggtattatcccggtaagtgtggactatattt
PCA1:Start-2127|CAD2:2128-End|RT:40_nt_each,gcgacaacggtttaggtgggtacgggtccccattccttatTGCTATTCTGGTGGATAAAACTGGTAAAGAGACGGAAATTGATATTAGACTTCTCCAATATGGCGATATTTTTAAGATTTccgaatctcggtattatcccggtaagtgtggactatattt
PCA1:Start-2163|CAD2:2164-End|RT:40_nt_each,gcgacaacggtttaggtgggtacgggtccccattccttatAATTAATATTAGACTTCTCCAATATGGCGATATTTTTAAGATTTTACCTGATTCAAGAATCCCGACTGATGGAACAGTCAccgaatctcggtattatcccggtaagtgtggactatattt
PCA1:Start-2505|CAD2:2506-End|RT:40_nt_each,gcgacaacggtttaggtgggtacgggtccccattccttatCGTCACCTTTTGCGTTTGGATAGCGGTTGGAATCCGTGTGCAAAAGCAATCCCGCTCCGATGCCGTAATTCAGGCCATTAccgaatctcggtattatcccggtaagtgtggactatattt
PCA1:Start-2583|CAD2:2584-End|RT:40_nt_each,gcgacaacggtttaggtgggtacgggtccccattccttatTATATATGCCATTACGGTACTTATCGTTTCGTGTCCCTGCGCGATTGGACTTGCCGTTCCTATCGTATTTGTTATTGCAAccgaatctcggtattatcccggtaagtgtggactatattt
PCA1:Start-2907|CAD2:2908-End|RT:40_nt_each,gcgacaacggtttaggtgggtacgggtccccattccttatTGCTCAAAATGTTTCTAATACAAAAGCTGTGACTGGTAAGGGGGTAGAAGGAACATCATACTCTGGTTTGAAGTTACAAGccgaatctcggtattatcccggtaagtgtggactatattt
PCA1:Start-3339|CAD2:3340-End|RT:40_nt_each,gcgacaacggtttaggtgggtacgggtccccattccttatGGTTGTTGTTTTTTGCGGTGACGGAACAAACGACGCAATTGCTTTGACTCAAGCAACGATTGGAGTTCATATCAATGAGGccgaatctcggtattatcccggtaagtgtggactatattt
PCA1:Start-3624|CAD2:3625-End|RT:40_nt_each,gcgacaacggtttaggtgggtacgggtccccattccttatAGGGGAACTAGTTAGTATCCTCCCTGTAATTTTTGTAGCTACACTTCTGCGTTATGCAAAGGTTTAGTCCAGGTACTGCTccgaatctcggtattatcccggtaagtgtggactatattt
PCA1:Start-3645|CAD2:3646-End|RT:40_nt_each,gcgacaacggtttaggtgggtacgggtccccattccttatCCCTGTAATTTTTGTAGCTATACTTCTGCGTTATGCAAAGGTTTAGTCCAGGTACTGCTGCTATTTGATTGTAGATTTTCccgaatctcggtattatcccggtaagtgtggactatattt
PCA1:Start-3648|CAD2:3649-End|RT:40_nt_each,gcgacaacggtttaggtgggtacgggtccccattccttatTGTAATTTTTGTAGCTATACTTCTGCGTTATGCAAAGATTTAGTCCAGGTACTGCTGCTATTTGATTGTAGATTTTCTTTccgaatctcggtattatcccggtaagtgtggactatattt
PCA1:Start-114|CAD2:115-End|RT:47_nt_each,gcgacaacggtttaggtgggtacgggtccccatAGAACATATCAATAGATGCTATGCAAGATAATAGAGGCGAGTGTCATCTTAGGTCCATAGAAAGGCATGCTAATGACAATCTGGGATTGGTCTCtcggtattatcccggtaagtgtggactatattt
PCA1:Start-129|CAD2:130-End|RT:47_nt_each,gcgacaacggtttaggtgggtacgggtccccatATGCTATGCAAGATAATAGAGGCGAGTGTCATCGTAGATCCATAGAAAGGCATGCTAATGACAATCTGGGATTGGTCTCCCAGCGAGACTGTACtcggtattatcccggtaagtgtggactatattt
PCA1:Start-426|CAD2:427-End|RT:47_nt_each,gcgacaacggtttaggtgggtacgggtccccatGCGATGCTCAAACAGGTGGTGACCACACCAATGAATCCTGTGTTGATGAATGCTGCGTTAGAGATTCTTCAGTGATGGTCGAGGAAGGTACAGGtcggtattatcccggtaagtgtggactatattt
PCA1:Start-465|CAD2:466-End|RT:47_nt_each,gcgacaacggtttaggtgggtacgggtccccatGTGTTGATGGATGCTGCGTTAGAGATTCTTCAGTGATGGTCGAGGAAGGTACAGGCAGCTGCGAAGCTGTATCTTCTAAAGAACAATTGCTGACtcggtattatcccggtaagtgtggactatattt
PCA1:Start-627|CAD2:628-End|RT:47_nt_each,gcgacaacggtttaggtgggtacgggtccccatGCTGCAATACCAATTCCAACCAACACACAGGGAAGGGTAGGCTTTGCCTTGAATCCAGTGACTCTACACTCAAGAAAAGACGTTGTAAAGTTAGtcggtattatcccggtaagtgtggactatattt
PCA1:Start-660|CAD2:661-End|RT:47_nt_each,gcgacaacggtttaggtgggtacgggtccccatAGGGTAGGCTTTGCATCGAATCAAGTGACTCTACACTCAAGAAAAGACGTTGTAAAGTTAGCAGACAGAAAATTGAAGTTTCCAGTAAGCCTGAtcggtattatcccggtaagtgtggactatattt
PCA1:Start-774|CAD2:775-End|RT:47_nt_each,gcgacaacggtttaggtgggtacgggtccccatTTGAGCGGATTGCATCTCGTAGCTGTGAAAAGAGGACTTTTAAAGGTACCACCAATGTTGGAATTTCTGGGAGTAGCTCTACCGACAGTTTAAGtcggtattatcccggtaagtgtggactatattt
PCA1:Start-1032|CAD2:1033-End|RT:47_nt_each,gcgacaacggtttaggtgggtacgggtccccatAATACTCCTACCGCAACAGTTCTGGATGTTTAACAAAGAAAAAGACCTATGGAGACAAAGAAAGGTTGAGCAATGACAATGGCCATGCTGATTTtcggtattatcccggtaagtgtggactatattt
PCA1:Start-1188|CAD2:1189-End|RT:47_nt_each,gcgacaacggtttaggtgggtacgggtccccatGACACTCTTCGAGTGAAATTTCAAGAATCGTATCAATGGAACCAATTGGAAATCATCTTAATCTTGAGGCAGGATCTACCGGTACTGAGCACATtcggtattatcccggtaagtgtggactatattt
PCA1:Start-1257|CAD2:1258-End|RT:47_nt_each,gcgacaacggtttaggtgggtacgggtccccatCAGGATCTACCGGTACCGAGCACATTGTTCTTAGTGTTTCAGGAATGACCTGTACTGGTTGTGAAACAAAACTTAAGAAATCATTTGGCGCGCTtcggtattatcccggtaagtgtggactatattt
PCA1:Start-1275|CAD2:1276-End|RT:47_nt_each,gcgacaacggtttaggtgggtacgggtccccatAGCACATTGTTCTTAGTGTTTCAGGAATGTCCTGTACTGGTTGTGAAACAAAACTTAAGAAATCATTTGGCGCGCTCAAATGTGTTCACGGTTTtcggtattatcccggtaagtgtggactatattt
PCA1:Start-1446|CAD2:1447-End|RT:47_nt_each,gcgacaacggtttaggtgggtacgggtccccatACTTGAGCAAAACTACTGAATTCAAGTACGAACAGATTTCAAATCATGCTTCAACTATAGATGTTGTTGCTCCTTATGCAGCAAAAGATTTTATtcggtattatcccggtaagtgtggactatattt
PCA1:Start-1467|CAD2:1468-End|RT:47_nt_each,gcgacaacggtttaggtgggtacgggtccccatTCAAGTACGAACAGATTTCAAATCATGGTTCAACTATAGATGTTGTTGCTCCTTATGCAGCAAAAGATTTTATTAATGAGGAATGGCCACAAGGtcggtattatcccggtaagtgtggactatattt
PCA1:Start-1545|CAD2:1546-End|RT:47_nt_each,gcgacaacggtttaggtgggtacgggtccccatAGGAATGGCCACAAGGTGTCACAGAGCTGAAAATTGTTGAGAGAAATGTCATTCGTATTTACTTTGACCCAAAGGTTATAGGTGCCAGAGATCTtcggtattatcccggtaagtgtggactatattt
PCA1:Start-1770|CAD2:1771-End|RT:47_nt_each,gcgacaacggtttaggtgggtacgggtccccatTTCTCGTGATGGCTTGGGCTCCACAGCTTCGTGAAAAAATTTCCACTATGTCCGTGTCAATGGTGCTAGCAACTATTATCCAATTTGTTATTGCtcggtattatcccggtaagtgtggactatattt
PCA1:Start-1773|CAD2:1774-End|RT:47_nt_each,gcgacaacggtttaggtgggtacgggtccccatTCGTGATGGCTTGGGCTCCACAGCTTCGTGAAAAAATTTCCACTATCTCCGTGTCAATGGTGCTAGCAACTATTATCCAATTTGTTATTGCAGGtcggtattatcccggtaagtgtggactatattt
PCA1:Start-1944|CAD2:1945-End|RT:47_nt_each,gcgacaacggtttaggtgggtacgggtccccatCTAGCGCTGCCTACATATTTTCGATTGTATCATTTGGATATTTCGTTGCTGGACACCCGTTATCTACGGAGCAGTTTTTTGAGACCAGCTCTTTtcggtattatcccggtaagtgtggactatattt
PCA1:Start-1947|CAD2:1948-End|RT:47_nt_each,gcgacaacggtttaggtgggtacgggtccccatGCGCTGCCTACATATTTTCGATTGTATCATTTGGATATTTCGTTGTTGGACACCCGTTATCTACGGAGCAGTTTTTTGAGACCAGCTCTTTGCTtcggtattatcccggtaagtgtggactatattt
PCA1:Start-2127|CAD2:2128-End|RT:47_nt_each,gcgacaacggtttaggtgggtacgggtccccatCCTCTTCTGCTATTCTGGTGGATAAAACTGGTAAAGAGACGGAAATTGATATTAGACTTCTCCAATATGGCGATATTTTTAAGATTTTACCTGAtcggtattatcccggtaagtgtggactatattt
PCA1:Start-2163|CAD2:2164-End|RT:47_nt_each,gcgacaacggtttaggtgggtacgggtccccatAGACGGAAATTAATATTAGACTTCTCCAATATGGCGATATTTTTAAGATTTTACCTGATTCAAGAATCCCGACTGATGGAACAGTCATTTCTGGtcggtattatcccggtaagtgtggactatattt
PCA1:Start-2505|CAD2:2506-End|RT:47_nt_each,gcgacaacggtttaggtgggtacgggtccccatTCACTGTCGTCACCTTTTGCGTTTGGATAGCGGTTGGAATCCGTGTGCAAAAGCAATCCCGCTCCGATGCCGTAATTCAGGCCATTATATATGCtcggtattatcccggtaagtgtggactatattt
PCA1:Start-2583|CAD2:2584-End|RT:47_nt_each,gcgacaacggtttaggtgggtacgggtccccatAGGCCATTATATATGCCATTACGGTACTTATCGTTTCGTGTCCCTGCGCGATTGGACTTGCCGTTCCTATCGTATTTGTTATTGCAAGTGGCGTtcggtattatcccggtaagtgtggactatattt
PCA1:Start-2907|CAD2:2908-End|RT:47_nt_each,gcgacaacggtttaggtgggtacgggtccccatGTGTTTCTGCTCAAAATGTTTCTAATACAAAAGCTGTGACTGGTAAGGGGGTAGAAGGAACATCATACTCTGGTTTGAAGTTACAAGGAGGGAAtcggtattatcccggtaagtgtggactatattt
PCA1:Start-3339|CAD2:3340-End|RT:47_nt_each,gcgacaacggtttaggtgggtacgggtccccatAAAGACCGGTTGTTGTTTTTTGCGGTGACGGAACAAACGACGCAATTGCTTTGACTCAAGCAACGATTGGAGTTCATATCAATGAGGGAAGTGAtcggtattatcccggtaagtgtggactatattt
PCA1:Start-3624|CAD2:3625-End|RT:47_nt_each,gcgacaacggtttaggtgggtacgggtccccatCGGGTTTAGGGGAACTAGTTAGTATCCTCCCTGTAATTTTTGTAGCTACACTTCTGCGTTATGCAAAGGTTTAGTCCAGGTACTGCTGCTATTTtcggtattatcccggtaagtgtggactatattt
PCA1:Start-3645|CAD2:3646-End|RT:47_nt_each,gcgacaacggtttaggtgggtacgggtccccatGTATCCTCCCTGTAATTTTTGTAGCTATACTTCTGCGTTATGCAAAGGTTTAGTCCAGGTACTGCTGCTATTTGATTGTAGATTTTCTTTTTTCtcggtattatcccggtaagtgtggactatattt
PCA1:Start-3648|CAD2:3649-End|RT:47_nt_each,gcgacaacggtttaggtgggtacgggtccccatTCCTCCCTGTAATTTTTGTAGCTATACTTCTGCGTTATGCAAAGATTTAGTCCAGGTACTGCTGCTATTTGATTGTAGATTTTCTTTTTTCTTTtcggtattatcccggtaagtgtggactatattt
PCA1:Start-114|CAD2:115-End|RT:55_nt_each,gcgacaacggtttaggtgggtacggAAATAGCGAGAACATATCAATAGATGCTATGCAAGATAATAGAGGCGAGTGTCATCTTAGGTCCATAGAAAGGCATGCTAATGACAATCTGGGATTGGTCTCCCAGCGAGatcccggtaagtgtggactatattt
PCA1:Start-129|CAD2:130-End|RT:55_nt_each,gcgacaacggtttaggtgggtacggATCAATAGATGCTATGCAAGATAATAGAGGCGAGTGTCATCGTAGATCCATAGAAAGGCATGCTAATGACAATCTGGGATTGGTCTCCCAGCGAGACTGTACCAATCGGCatcccggtaagtgtggactatattt
PCA1:Start-426|CAD2:427-End|RT:55_nt_each,gcgacaacggtttaggtgggtacggCTGTTGCGGCGATGCTCAAACAGGTGGTGACCACACCAATGAATCCTGTGTTGATGAATGCTGCGTTAGAGATTCTTCAGTGATGGTCGAGGAAGGTACAGGCAGCTGCGatcccggtaagtgtggactatattt
PCA1:Start-465|CAD2:466-End|RT:55_nt_each,gcgacaacggtttaggtgggtacggTGAATCCTGTGTTGATGGATGCTGCGTTAGAGATTCTTCAGTGATGGTCGAGGAAGGTACAGGCAGCTGCGAAGCTGTATCTTCTAAAGAACAATTGCTGACCAGCTTTGatcccggtaagtgtggactatattt
PCA1:Start-627|CAD2:628-End|RT:55_nt_each,gcgacaacggtttaggtgggtacggGACAACTCGCTGCAATACCAATTCCAACCAACACACAGGGAAGGGTAGGCTTTGCCTTGAATCCAGTGACTCTACACTCAAGAAAAGACGTTGTAAAGTTAGCAGACAGAatcccggtaagtgtggactatattt
PCA1:Start-660|CAD2:661-End|RT:55_nt_each,gcgacaacggtttaggtgggtacggCACAGGGAAGGGTAGGCTTTGCATCGAATCAAGTGACTCTACACTCAAGAAAAGACGTTGTAAAGTTAGCAGACAGAAAATTGAAGTTTCCAGTAAGCCTGAGTGCTGCAatcccggtaagtgtggactatattt
PCA1:Start-774|CAD2:775-End|RT:55_nt_each,gcgacaacggtttaggtgggtacggTTCATGTGTTGAGCGGATTGCATCTCGTAGCTGTGAAAAGAGGACTTTTAAAGGTACCACCAATGTTGGAATTTCTGGGAGTAGCTCTACCGACAGTTTAAGCGAGAAGTatcccggtaagtgtggactatattt
PCA1:Start-1032|CAD2:1033-End|RT:55_nt_each,gcgacaacggtttaggtgggtacggAAAGACAAAATACTCCTACCGCAACAGTTCTGGATGTTTAACAAAGAAAAAGACCTATGGAGACAAAGAAAGGTTGAGCAATGACAATGGCCATGCTGATTTTGTTTGTTatcccggtaagtgtggactatattt
PCA1:Start-1188|CAD2:1189-End|RT:55_nt_each,gcgacaacggtttaggtgggtacggTATTTCTGGACACTCTTCGAGTGAAATTTCAAGAATCGTATCAATGGAACCAATTGGAAATCATCTTAATCTTGAGGCAGGATCTACCGGTACTGAGCACATTGTTCTTAatcccggtaagtgtggactatattt
PCA1:Start-1257|CAD2:1258-End|RT:55_nt_each,gcgacaacggtttaggtgggtacggTCTTGAGGCAGGATCTACCGGTACCGAGCACATTGTTCTTAGTGTTTCAGGAATGACCTGTACTGGTTGTGAAACAAAACTTAAGAAATCATTTGGCGCGCTCAAATGTGatcccggtaagtgtggactatattt
PCA1:Start-1275|CAD2:1276-End|RT:55_nt_each,gcgacaacggtttaggtgggtacggCGGTACCGAGCACATTGTTCTTAGTGTTTCAGGAATGTCCTGTACTGGTTGTGAAACAAAACTTAAGAAATCATTTGGCGCGCTCAAATGTGTTCACGGTTTGAAGACCAatcccggtaagtgtggactatattt
PCA1:Start-1446|CAD2:1447-End|RT:55_nt_each,gcgacaacggtttaggtgggtacggTATCAAGCACTTGAGCAAAACTACTGAATTCAAGTACGAACAGATTTCAAATCATGCTTCAACTATAGATGTTGTTGCTCCTTATGCAGCAAAAGATTTTATTAATGAGGatcccggtaagtgtggactatattt
PCA1:Start-1467|CAD2:1468-End|RT:55_nt_each,gcgacaacggtttaggtgggtacggTACTGAATTCAAGTACGAACAGATTTCAAATCATGGTTCAACTATAGATGTTGTTGCTCCTTATGCAGCAAAAGATTTTATTAATGAGGAATGGCCACAAGGTGTCACAGatcccggtaagtgtggactatattt
PCA1:Start-1545|CAD2:1546-End|RT:55_nt_each,gcgacaacggtttaggtgggtacggTATTAATGAGGAATGGCCACAAGGTGTCACAGAGCTGAAAATTGTTGAGAGAAATGTCATTCGTATTTACTTTGACCCAAAGGTTATAGGTGCCAGAGATCTTGTCAATGatcccggtaagtgtggactatattt
PCA1:Start-1770|CAD2:1771-End|RT:55_nt_each,gcgacaacggtttaggtgggtacggGATCCCGATTCTCGTGATGGCTTGGGCTCCACAGCTTCGTGAAAAAATTTCCACTATGTCCGTGTCAATGGTGCTAGCAACTATTATCCAATTTGTTATTGCAGGACCGTatcccggtaagtgtggactatattt
PCA1:Start-1773|CAD2:1774-End|RT:55_nt_each,gcgacaacggtttaggtgggtacggCCCGATTCTCGTGATGGCTTGGGCTCCACAGCTTCGTGAAAAAATTTCCACTATCTCCGTGTCAATGGTGCTAGCAACTATTATCCAATTTGTTATTGCAGGACCGTTTTatcccggtaagtgtggactatattt
PCA1:Start-1944|CAD2:1945-End|RT:55_nt_each,gcgacaacggtttaggtgggtacggTTTAAGCACTAGCGCTGCCTACATATTTTCGATTGTATCATTTGGATATTTCGTTGCTGGACACCCGTTATCTACGGAGCAGTTTTTTGAGACCAGCTCTTTGCTTGTAAatcccggtaagtgtggactatattt
PCA1:Start-1947|CAD2:1948-End|RT:55_nt_each,gcgacaacggtttaggtgggtacggAAGCACTAGCGCTGCCTACATATTTTCGATTGTATCATTTGGATATTTCGTTGTTGGACACCCGTTATCTACGGAGCAGTTTTTTGAGACCAGCTCTTTGCTTGTAACTCatcccggtaagtgtggactatattt
PCA1:Start-2127|CAD2:2128-End|RT:55_nt_each,gcgacaacggtttaggtgggtacggCTTACAGGCCTCTTCTGCTATTCTGGTGGATAAAACTGGTAAAGAGACGGAAATTGATATTAGACTTCTCCAATATGGCGATATTTTTAAGATTTTACCTGATTCAAGAAatcccggtaagtgtggactatattt
PCA1:Start-2163|CAD2:2164-End|RT:55_nt_each,gcgacaacggtttaggtgggtacggTGGTAAAGAGACGGAAATTAATATTAGACTTCTCCAATATGGCGATATTTTTAAGATTTTACCTGATTCAAGAATCCCGACTGATGGAACAGTCATTTCTGGGTCTTCTGatcccggtaagtgtggactatattt
PCA1:Start-2505|CAD2:2506-End|RT:55_nt_each,gcgacaacggtttaggtgggtacggCATTGGAATCACTGTCGTCACCTTTTGCGTTTGGATAGCGGTTGGAATCCGTGTGCAAAAGCAATCCCGCTCCGATGCCGTAATTCAGGCCATTATATATGCCATTACGGatcccggtaagtgtggactatattt
PCA1:Start-2583|CAD2:2584-End|RT:55_nt_each,gcgacaacggtttaggtgggtacggCGTAATTCAGGCCATTATATATGCCATTACGGTACTTATCGTTTCGTGTCCCTGCGCGATTGGACTTGCCGTTCCTATCGTATTTGTTATTGCAAGTGGCGTCGCTGCGAatcccggtaagtgtggactatattt
PCA1:Start-2907|CAD2:2908-End|RT:55_nt_each,gcgacaacggtttaggtgggtacggAGAAAAAGGTGTTTCTGCTCAAAATGTTTCTAATACAAAAGCTGTGACTGGTAAGGGGGTAGAAGGAACATCATACTCTGGTTTGAAGTTACAAGGAGGGAACTGTCGTTatcccggtaagtgtggactatattt
PCA1:Start-3339|CAD2:3340-End|RT:55_nt_each,gcgacaacggtttaggtgggtacggGCAGTCAAAAAGACCGGTTGTTGTTTTTTGCGGTGACGGAACAAACGACGCAATTGCTTTGACTCAAGCAACGATTGGAGTTCATATCAATGAGGGAAGTGAGGTTGCCAatcccggtaagtgtggactatattt
PCA1:Start-3624|CAD2:3625-End|RT:55_nt_each,gcgacaacggtttaggtgggtacggAGAGTATGCGGGTTTAGGGGAACTAGTTAGTATCCTCCCTGTAATTTTTGTAGCTACACTTCTGCGTTATGCAAAGGTTTAGTCCAGGTACTGCTGCTATTTGATTGTAGatcccggtaagtgtggactatattt
PCA1:Start-3645|CAD2:3646-End|RT:55_nt_each,gcgacaacggtttaggtgggtacggACTAGTTAGTATCCTCCCTGTAATTTTTGTAGCTATACTTCTGCGTTATGCAAAGGTTTAGTCCAGGTACTGCTGCTATTTGATTGTAGATTTTCTTTTTTCTTTTCTTTatcccggtaagtgtggactatattt
PCA1:Start-3648|CAD2:3649-End|RT:55_nt_each,gcgacaacggtttaggtgggtacggAGTTAGTATCCTCCCTGTAATTTTTGTAGCTATACTTCTGCGTTATGCAAAGATTTAGTCCAGGTACTGCTGCTATTTGATTGTAGATTTTCTTTTTTCTTTTCTTTTTTatcccggtaagtgtggactatattt
PCA1:Start-114|CAD2:115-End|RT:64_nt_each,gcgacaacggtttaggTGGAGTGGTAAATAGCGAGAACATATCAATAGATGCTATGCAAGATAATAGAGGCGAGTGTCATCTTAGGTCCATAGAAAGGCATGCTAATGACAATCTGGGATTGGTCTCCCAGCGAGACTGTACCAagtgtggactatattt
PCA1:Start-129|CAD2:130-End|RT:64_nt_each,gcgacaacggtttaggCGAGAACATATCAATAGATGCTATGCAAGATAATAGAGGCGAGTGTCATCGTAGATCCATAGAAAGGCATGCTAATGACAATCTGGGATTGGTCTCCCAGCGAGACTGTACCAATCGGCCCAAAATTAagtgtggactatattt
PCA1:Start-426|CAD2:427-End|RT:64_nt_each,gcgacaacggtttaggTGTGGACAGCTGTTGCGGCGATGCTCAAACAGGTGGTGACCACACCAATGAATCCTGTGTTGATGAATGCTGCGTTAGAGATTCTTCAGTGATGGTCGAGGAAGGTACAGGCAGCTGCGAAGCTGTATagtgtggactatattt
PCA1:Start-465|CAD2:466-End|RT:64_nt_each,gcgacaacggtttaggCCACACCAATGAATCCTGTGTTGATGGATGCTGCGTTAGAGATTCTTCAGTGATGGTCGAGGAAGGTACAGGCAGCTGCGAAGCTGTATCTTCTAAAGAACAATTGCTGACCAGCTTTGAAGTTGTTCagtgtggactatattt
PCA1:Start-627|CAD2:628-End|RT:64_nt_each,gcgacaacggtttaggTATTAGAGAGACAACTCGCTGCAATACCAATTCCAACCAACACACAGGGAAGGGTAGGCTTTGCCTTGAATCCAGTGACTCTACACTCAAGAAAAGACGTTGTAAAGTTAGCAGACAGAAAATTGAAGagtgtggactatattt
PCA1:Start-660|CAD2:661-End|RT:64_nt_each,gcgacaacggtttaggCAACCAACACACAGGGAAGGGTAGGCTTTGCATCGAATCAAGTGACTCTACACTCAAGAAAAGACGTTGTAAAGTTAGCAGACAGAAAATTGAAGTTTCCAGTAAGCCTGAGTGCTGCAACATTTCATagtgtggactatattt
PCA1:Start-774|CAD2:775-End|RT:64_nt_each,gcgacaacggtttaggCTGCAACATTTCATGTGTTGAGCGGATTGCATCTCGTAGCTGTGAAAAGAGGACTTTTAAAGGTACCACCAATGTTGGAATTTCTGGGAGTAGCTCTACCGACAGTTTAAGCGAGAAGTTCTTCAGCGagtgtggactatattt
PCA1:Start-1032|CAD2:1033-End|RT:64_nt_each,gcgacaacggtttaggTGCTTCTAAAAAGACAAAATACTCCTACCGCAACAGTTCTGGATGTTTAACAAAGAAAAAGACCTATGGAGACAAAGAAAGGTTGAGCAATGACAATGGCCATGCTGATTTTGTTTGTTCTAAAAGTTagtgtggactatattt
PCA1:Start-1188|CAD2:1189-End|RT:64_nt_each,gcgacaacggtttaggTACCTCAACTATTTCTGGACACTCTTCGAGTGAAATTTCAAGAATCGTATCAATGGAACCAATTGGAAATCATCTTAATCTTGAGGCAGGATCTACCGGTACTGAGCACATTGTTCTTAGTGTTTCAGagtgtggactatattt
PCA1:Start-1257|CAD2:1258-End|RT:64_nt_each,gcgacaacggtttaggTCATCTTAATCTTGAGGCAGGATCTACCGGTACCGAGCACATTGTTCTTAGTGTTTCAGGAATGACCTGTACTGGTTGTGAAACAAAACTTAAGAAATCATTTGGCGCGCTCAAATGTGTTCACGGTTagtgtggactatattt
PCA1:Start-1275|CAD2:1276-End|RT:64_nt_each,gcgacaacggtttaggAGGATCTACCGGTACCGAGCACATTGTTCTTAGTGTTTCAGGAATGTCCTGTACTGGTTGTGAAACAAAACTTAAGAAATCATTTGGCGCGCTCAAATGTGTTCACGGTTTGAAGACCAGTTTAATATagtgtggactatattt
PCA1:Start-1446|CAD2:1447-End|RT:64_nt_each,gcgacaacggtttaggCAAGGATGTTATCAAGCACTTGAGCAAAACTACTGAATTCAAGTACGAACAGATTTCAAATCATGCTTCAACTATAGATGTTGTTGCTCCTTATGCAGCAAAAGATTTTATTAATGAGGAATGGCCACagtgtggactatattt
PCA1:Start-1467|CAD2:1468-End|RT:64_nt_each,gcgacaacggtttaggGAGCAAAACTACTGAATTCAAGTACGAACAGATTTCAAATCATGGTTCAACTATAGATGTTGTTGCTCCTTATGCAGCAAAAGATTTTATTAATGAGGAATGGCCACAAGGTGTCACAGAGCTGAAAAagtgtggactatattt
PCA1:Start-1545|CAD2:1546-End|RT:64_nt_each,gcgacaacggtttaggAAAAGATTTTATTAATGAGGAATGGCCACAAGGTGTCACAGAGCTGAAAATTGTTGAGAGAAATGTCATTCGTATTTACTTTGACCCAAAGGTTATAGGTGCCAGAGATCTTGTCAATGAAGGATGGAagtgtggactatattt
PCA1:Start-1770|CAD2:1771-End|RT:64_nt_each,gcgacaacggtttaggAATATTGACGATCCCGATTCTCGTGATGGCTTGGGCTCCACAGCTTCGTGAAAAAATTTCCACTATGTCCGTGTCAATGGTGCTAGCAACTATTATCCAATTTGTTATTGCAGGACCGTTTTACTTAAagtgtggactatattt
PCA1:Start-1773|CAD2:1774-End|RT:64_nt_each,gcgacaacggtttaggATTGACGATCCCGATTCTCGTGATGGCTTGGGCTCCACAGCTTCGTGAAAAAATTTCCACTATCTCCGTGTCAATGGTGCTAGCAACTATTATCCAATTTGTTATTGCAGGACCGTTTTACTTAAATGagtgtggactatattt
PCA1:Start-1944|CAD2:1945-End|RT:64_nt_each,gcgacaacggtttaggACTAATAGTTTTAAGCACTAGCGCTGCCTACATATTTTCGATTGTATCATTTGGATATTTCGTTGCTGGACACCCGTTATCTACGGAGCAGTTTTTTGAGACCAGCTCTTTGCTTGTAACTCTCATCAagtgtggactatattt
PCA1:Start-1947|CAD2:1948-End|RT:64_nt_each,gcgacaacggtttaggAATAGTTTTAAGCACTAGCGCTGCCTACATATTTTCGATTGTATCATTTGGATATTTCGTTGTTGGACACCCGTTATCTACGGAGCAGTTTTTTGAGACCAGCTCTTTGCTTGTAACTCTCATCATGGagtgtggactatattt
PCA1:Start-2127|CAD2:2128-End|RT:64_nt_each,gcgacaacggtttaggAGTACGTTCCTTACAGGCCTCTTCTGCTATTCTGGTGGATAAAACTGGTAAAGAGACGGAAATTGATATTAGACTTCTCCAATATGGCGATATTTTTAAGATTTTACCTGATTCAAGAATCCCGACTGagtgtggactatattt
PCA1:Start-2163|CAD2:2164-End|RT:64_nt_each,gcgacaacggtttaggGGATAAAACTGGTAAAGAGACGGAAATTAATATTAGACTTCTCCAATATGGCGATATTTTTAAGATTTTACCTGATTCAAGAATCCCGACTGATGGAACAGTCATTTCTGGGTCTTCTGAAGTCGACGagtgtggactatattt
PCA1:Start-2505|CAD2:2506-End|RT:64_nt_each,gcgacaacggtttaggGCCAACTATCATTGGAATCACTGTCGTCACCTTTTGCGTTTGGATAGCGGTTGGAATCCGTGTGCAAAAGCAATCCCGCTCCGATGCCGTAATTCAGGCCATTATATATGCCATTACGGTACTTATCGagtgtggactatattt
PCA1:Start-2583|CAD2:2584-End|RT:64_nt_each,gcgacaacggtttaggCTCCGATGCCGTAATTCAGGCCATTATATATGCCATTACGGTACTTATCGTTTCGTGTCCCTGCGCGATTGGACTTGCCGTTCCTATCGTATTTGTTATTGCAAGTGGCGTCGCTGCGAAAAGAGGGGagtgtggactatattt
PCA1:Start-2907|CAD2:2908-End|RT:64_nt_each,gcgacaacggtttaggCTATCTCAAAGAAAAAGGTGTTTCTGCTCAAAATGTTTCTAATACAAAAGCTGTGACTGGTAAGGGGGTAGAAGGAACATCATACTCTGGTTTGAAGTTACAAGGAGGGAACTGTCGTTGGCTTGGTCagtgtggactatattt
PCA1:Start-3339|CAD2:3340-End|RT:64_nt_each,gcgacaacggtttaggTAGTTCTTCGCAGTCAAAAAGACCGGTTGTTGTTTTTTGCGGTGACGGAACAAACGACGCAATTGCTTTGACTCAAGCAACGATTGGAGTTCATATCAATGAGGGAAGTGAGGTTGCCAAGCTAGCTGagtgtggactatattt
PCA1:Start-3624|CAD2:3625-End|RT:64_nt_each,gcgacaacggtttaggTATTCCACCAGAGTATGCGGGTTTAGGGGAACTAGTTAGTATCCTCCCTGTAATTTTTGTAGCTACACTTCTGCGTTATGCAAAGGTTTAGTCCAGGTACTGCTGCTATTTGATTGTAGATTTTCTTTagtgtggactatattt
PCA1:Start-3645|CAD2:3646-End|RT:64_nt_each,gcgacaacggtttaggTTTAGGGGAACTAGTTAGTATCCTCCCTGTAATTTTTGTAGCTATACTTCTGCGTTATGCAAAGGTTTAGTCCAGGTACTGCTGCTATTTGATTGTAGATTTTCTTTTTTCTTTTCTTTTTTTTTTTTagtgtggactatattt
PCA1:Start-3648|CAD2:3649-End|RT:64_nt_each,gcgacaacggtttaggAGGGGAACTAGTTAGTATCCTCCCTGTAATTTTTGTAGCTATACTTCTGCGTTATGCAAAGATTTAGTCCAGGTACTGCTGCTATTTGATTGTAGATTTTCTTTTTTCTTTTCTTTTTTTTTTTTGACagtgtggactatattt
PCA1:Start-114|CAD2:115-End|RT:74_nt_each,gcgacaATGGCGAGTATGGAGTGGTAAATAGCGAGAACATATCAATAGATGCTATGCAAGATAATAGAGGCGAGTGTCATCTTAGGTCCATAGAAAGGCATGCTAATGACAATCTGGGATTGGTCTCCCAGCGAGACTGTACCAATCGGCCCAAatattt
PCA1:Start-129|CAD2:130-End|RT:74_nt_each,gcgacaTGGTAAATAGCGAGAACATATCAATAGATGCTATGCAAGATAATAGAGGCGAGTGTCATCGTAGATCCATAGAAAGGCATGCTAATGACAATCTGGGATTGGTCTCCCAGCGAGACTGTACCAATCGGCCCAAAATTACTCCTCAGGAatattt
PCA1:Start-426|CAD2:427-End|RT:74_nt_each,gcgacaCTGGCTTGGATGTGGACAGCTGTTGCGGCGATGCTCAAACAGGTGGTGACCACACCAATGAATCCTGTGTTGATGAATGCTGCGTTAGAGATTCTTCAGTGATGGTCGAGGAAGGTACAGGCAGCTGCGAAGCTGTATCTTCTAAAGAatattt
PCA1:Start-465|CAD2:466-End|RT:74_nt_each,gcgacaCAGGTGGTGACCACACCAATGAATCCTGTGTTGATGGATGCTGCGTTAGAGATTCTTCAGTGATGGTCGAGGAAGGTACAGGCAGCTGCGAAGCTGTATCTTCTAAAGAACAATTGCTGACCAGCTTTGAAGTTGTTCCAAGCAAATCatattt
PCA1:Start-627|CAD2:628-End|RT:74_nt_each,gcgacaCTATTCATGATATTAGAGAGACAACTCGCTGCAATACCAATTCCAACCAACACACAGGGAAGGGTAGGCTTTGCCTTGAATCCAGTGACTCTACACTCAAGAAAAGACGTTGTAAAGTTAGCAGACAGAAAATTGAAGTTTCCAGTAAatattt
PCA1:Start-660|CAD2:661-End|RT:74_nt_each,gcgacaATACCAATTCCAACCAACACACAGGGAAGGGTAGGCTTTGCATCGAATCAAGTGACTCTACACTCAAGAAAAGACGTTGTAAAGTTAGCAGACAGAAAATTGAAGTTTCCAGTAAGCCTGAGTGCTGCAACATTTCATGTGTTGAGCGatattt
PCA1:Start-774|CAD2:775-End|RT:74_nt_each,gcgacaAGCCTGAGTGCTGCAACATTTCATGTGTTGAGCGGATTGCATCTCGTAGCTGTGAAAAGAGGACTTTTAAAGGTACCACCAATGTTGGAATTTCTGGGAGTAGCTCTACCGACAGTTTAAGCGAGAAGTTCTTCAGCGAACAGTACTCatattt
PCA1:Start-1032|CAD2:1033-End|RT:74_nt_each,gcgacaGCGGGGAGGGTGCTTCTAAAAAGACAAAATACTCCTACCGCAACAGTTCTGGATGTTTAACAAAGAAAAAGACCTATGGAGACAAAGAAAGGTTGAGCAATGACAATGGCCATGCTGATTTTGTTTGTTCTAAAAGTTGTTGCACTAAatattt
PCA1:Start-1188|CAD2:1189-End|RT:74_nt_each,gcgacaATTGTGCTGTTACCTCAACTATTTCTGGACACTCTTCGAGTGAAATTTCAAGAATCGTATCAATGGAACCAATTGGAAATCATCTTAATCTTGAGGCAGGATCTACCGGTACTGAGCACATTGTTCTTAGTGTTTCAGGAATGACCTGatattt
PCA1:Start-1257|CAD2:1258-End|RT:74_nt_each,gcgacaCAATTGAAAATCATCTTAATCTTGAGGCAGGATCTACCGGTACCGAGCACATTGTTCTTAGTGTTTCAGGAATGACCTGTACTGGTTGTGAAACAAAACTTAAGAAATCATTTGGCGCGCTCAAATGTGTTCACGGTTTGAAGACCAGatattt
PCA1:Start-1275|CAD2:1276-End|RT:74_nt_each,gcgacaATCTTGAGGCAGGATCTACCGGTACCGAGCACATTGTTCTTAGTGTTTCAGGAATGTCCTGTACTGGTTGTGAAACAAAACTTAAGAAATCATTTGGCGCGCTCAAATGTGTTCACGGTTTGAAGACCAGTTTAATATTATCGCAAGCatattt
PCA1:Start-1446|CAD2:1447-End|RT:74_nt_each,gcgacaAGGGATCTGTCAAGGATGTTATCAAGCACTTGAGCAAAACTACTGAATTCAAGTACGAACAGATTTCAAATCATGCTTCAACTATAGATGTTGTTGCTCCTTATGCAGCAAAAGATTTTATTAATGAGGAATGGCCACAAGGTGTCACatattt
PCA1:Start-1467|CAD2:1468-End|RT:74_nt_each,gcgacaTCAAGCACTTGAGCAAAACTACTGAATTCAAGTACGAACAGATTTCAAATCATGGTTCAACTATAGATGTTGTTGCTCCTTATGCAGCAAAAGATTTTATTAATGAGGAATGGCCACAAGGTGTCACAGAGCTGAAAATTGTTGAGAGatattt
PCA1:Start-1545|CAD2:1546-End|RT:74_nt_each,gcgacaCTTATGCAGCAAAAGATTTTATTAATGAGGAATGGCCACAAGGTGTCACAGAGCTGAAAATTGTTGAGAGAAATGTCATTCGTATTTACTTTGACCCAAAGGTTATAGGTGCCAGAGATCTTGTCAATGAAGGATGGAGCGTGCCTGTatattt
PCA1:Start-1770|CAD2:1771-End|RT:74_nt_each,gcgacaCTTTATCCATAATATTGACGATCCCGATTCTCGTGATGGCTTGGGCTCCACAGCTTCGTGAAAAAATTTCCACTATGTCCGTGTCAATGGTGCTAGCAACTATTATCCAATTTGTTATTGCAGGACCGTTTTACTTAAATGCCTTGAAatattt
PCA1:Start-1773|CAD2:1774-End|RT:74_nt_each,gcgacaTATCCATAATATTGACGATCCCGATTCTCGTGATGGCTTGGGCTCCACAGCTTCGTGAAAAAATTTCCACTATCTCCGTGTCAATGGTGCTAGCAACTATTATCCAATTTGTTATTGCAGGACCGTTTTACTTAAATGCCTTGAAGAGatattt
PCA1:Start-1944|CAD2:1945-End|RT:74_nt_each,gcgacaAAATGGATCTACTAATAGTTTTAAGCACTAGCGCTGCCTACATATTTTCGATTGTATCATTTGGATATTTCGTTGCTGGACACCCGTTATCTACGGAGCAGTTTTTTGAGACCAGCTCTTTGCTTGTAACTCTCATCATGGTTGGTCGatattt
PCA1:Start-1947|CAD2:1948-End|RT:74_nt_each,gcgacaTGGATCTACTAATAGTTTTAAGCACTAGCGCTGCCTACATATTTTCGATTGTATCATTTGGATATTTCGTTGTTGGACACCCGTTATCTACGGAGCAGTTTTTTGAGACCAGCTCTTTGCTTGTAACTCTCATCATGGTTGGTCGCTTatattt
PCA1:Start-2127|CAD2:2128-End|RT:74_nt_each,gcgacaAGTCAATATCAGTACGTTCCTTACAGGCCTCTTCTGCTATTCTGGTGGATAAAACTGGTAAAGAGACGGAAATTGATATTAGACTTCTCCAATATGGCGATATTTTTAAGATTTTACCTGATTCAAGAATCCCGACTGATGGAACAGTatattt
PCA1:Start-2163|CAD2:2164-End|RT:74_nt_each,gcgacaCTATTCTGGTGGATAAAACTGGTAAAGAGACGGAAATTAATATTAGACTTCTCCAATATGGCGATATTTTTAAGATTTTACCTGATTCAAGAATCCCGACTGATGGAACAGTCATTTCTGGGTCTTCTGAAGTCGACGAAGCGTTAATatattt
PCA1:Start-2505|CAD2:2506-End|RT:74_nt_each,gcgacaGTTATTTCGTGCCAACTATCATTGGAATCACTGTCGTCACCTTTTGCGTTTGGATAGCGGTTGGAATCCGTGTGCAAAAGCAATCCCGCTCCGATGCCGTAATTCAGGCCATTATATATGCCATTACGGTACTTATCGTGTCATGTCCatattt
PCA1:Start-2583|CAD2:2584-End|RT:74_nt_each,gcgacaAGCAATCCCGCTCCGATGCCGTAATTCAGGCCATTATATATGCCATTACGGTACTTATCGTTTCGTGTCCCTGCGCGATTGGACTTGCCGTTCCTATCGTATTTGTTATTGCAAGTGGCGTCGCTGCGAAAAGAGGGGTAATCTTCAAatattt
PCA1:Start-2907|CAD2:2908-End|RT:74_nt_each,gcgacaCAATAGCATCCTATCTCAAAGAAAAAGGTGTTTCTGCTCAAAATGTTTCTAATACAAAAGCTGTGACTGGTAAGGGGGTAGAAGGAACATCATACTCTGGTTTGAAGTTACAAGGAGGGAACTGTCGTTGGCTTGGTCATAACAATGAatattt
PCA1:Start-3339|CAD2:3340-End|RT:74_nt_each,gcgacaGAAATTGCGATAGTTCTTCGCAGTCAAAAAGACCGGTTGTTGTTTTTTGCGGTGACGGAACAAACGACGCAATTGCTTTGACTCAAGCAACGATTGGAGTTCATATCAATGAGGGAAGTGAGGTTGCCAAGCTAGCTGCTGATGTAGTatattt
PCA1:Start-3624|CAD2:3625-End|RT:74_nt_each,gcgacaTTGACTTTCATATTCCACCAGAGTATGCGGGTTTAGGGGAACTAGTTAGTATCCTCCCTGTAATTTTTGTAGCTACACTTCTGCGTTATGCAAAGGTTTAGTCCAGGTACTGCTGCTATTTGATTGTAGATTTTCTTTTTTCTTTTCTatattt
PCA1:Start-3645|CAD2:3646-End|RT:74_nt_each,gcgacaAGTATGCGGGTTTAGGGGAACTAGTTAGTATCCTCCCTGTAATTTTTGTAGCTATACTTCTGCGTTATGCAAAGGTTTAGTCCAGGTACTGCTGCTATTTGATTGTAGATTTTCTTTTTTCTTTTCTTTTTTTTTTTTGACGACTCTGatattt
PCA1:Start-3648|CAD2:3649-End|RT:74_nt_each,gcgacaATGCGGGTTTAGGGGAACTAGTTAGTATCCTCCCTGTAATTTTTGTAGCTATACTTCTGCGTTATGCAAAGATTTAGTCCAGGTACTGCTGCTATTTGATTGTAGATTTTCTTTTTTCTTTTCTTTTTTTTTTTTGACGACTCTGTAAatattt
PCA1:Start-114|CAD2:115-End|RT:80_nt_each,CCAGCGATGGCGAGTATGGAGTGGTAAATAGCGAGAACATATCAATAGATGCTATGCAAGATAATAGAGGCGAGTGTCATCTTAGGTCCATAGAAAGGCATGCTAATGACAATCTGGGATTGGTCTCCCAGCGAGACTGTACCAATCGGCCCAAAATTAC
PCA1:Start-129|CAD2:130-End|RT:80_nt_each,ATGGAGTGGTAAATAGCGAGAACATATCAATAGATGCTATGCAAGATAATAGAGGCGAGTGTCATCGTAGATCCATAGAAAGGCATGCTAATGACAATCTGGGATTGGTCTCCCAGCGAGACTGTACCAATCGGCCCAAAATTACTCCTCAGGAATGTTT
PCA1:Start-426|CAD2:427-End|RT:80_nt_each,CTGAGACTGGCTTGGATGTGGACAGCTGTTGCGGCGATGCTCAAACAGGTGGTGACCACACCAATGAATCCTGTGTTGATGAATGCTGCGTTAGAGATTCTTCAGTGATGGTCGAGGAAGGTACAGGCAGCTGCGAAGCTGTATCTTCTAAAGAACAATT
PCA1:Start-465|CAD2:466-End|RT:80_nt_each,CTCAAACAGGTGGTGACCACACCAATGAATCCTGTGTTGATGGATGCTGCGTTAGAGATTCTTCAGTGATGGTCGAGGAAGGTACAGGCAGCTGCGAAGCTGTATCTTCTAAAGAACAATTGCTGACCAGCTTTGAAGTTGTTCCAAGCAAATCTGAAGG
PCA1:Start-627|CAD2:628-End|RT:80_nt_each,TGCAATCTATTCATGATATTAGAGAGACAACTCGCTGCAATACCAATTCCAACCAACACACAGGGAAGGGTAGGCTTTGCCTTGAATCCAGTGACTCTACACTCAAGAAAAGACGTTGTAAAGTTAGCAGACAGAAAATTGAAGTTTCCAGTAAGCCTGA
PCA1:Start-660|CAD2:661-End|RT:80_nt_each,GCTGCAATACCAATTCCAACCAACACACAGGGAAGGGTAGGCTTTGCATCGAATCAAGTGACTCTACACTCAAGAAAAGACGTTGTAAAGTTAGCAGACAGAAAATTGAAGTTTCCAGTAAGCCTGAGTGCTGCAACATTTCATGTGTTGAGCGGATTGC
PCA1:Start-774|CAD2:775-End|RT:80_nt_each,CCAGTAAGCCTGAGTGCTGCAACATTTCATGTGTTGAGCGGATTGCATCTCGTAGCTGTGAAAAGAGGACTTTTAAAGGTACCACCAATGTTGGAATTTCTGGGAGTAGCTCTACCGACAGTTTAAGCGAGAAGTTCTTCAGCGAACAGTACTCTAGAAT
PCA1:Start-1032|CAD2:1033-End|RT:80_nt_each,TTTGTAGCGGGGAGGGTGCTTCTAAAAAGACAAAATACTCCTACCGCAACAGTTCTGGATGTTTAACAAAGAAAAAGACCTATGGAGACAAAGAAAGGTTGAGCAATGACAATGGCCATGCTGATTTTGTTTGTTCTAAAAGTTGTTGCACTAAAATGAA
PCA1:Start-1188|CAD2:1189-End|RT:80_nt_each,TGAAGGATTGTGCTGTTACCTCAACTATTTCTGGACACTCTTCGAGTGAAATTTCAAGAATCGTATCAATGGAACCAATTGGAAATCATCTTAATCTTGAGGCAGGATCTACCGGTACTGAGCACATTGTTCTTAGTGTTTCAGGAATGACCTGTACTGG
PCA1:Start-1257|CAD2:1258-End|RT:80_nt_each,TGGAACCAATTGAAAATCATCTTAATCTTGAGGCAGGATCTACCGGTACCGAGCACATTGTTCTTAGTGTTTCAGGAATGACCTGTACTGGTTGTGAAACAAAACTTAAGAAATCATTTGGCGCGCTCAAATGTGTTCACGGTTTGAAGACCAGTTTAAT
PCA1:Start-1275|CAD2:1276-End|RT:80_nt_each,ATCTTAATCTTGAGGCAGGATCTACCGGTACCGAGCACATTGTTCTTAGTGTTTCAGGAATGTCCTGTACTGGTTGTGAAACAAAACTTAAGAAATCATTTGGCGCGCTCAAATGTGTTCACGGTTTGAAGACCAGTTTAATATTATCGCAAGCTGAATT
PCA1:Start-1446|CAD2:1447-End|RT:80_nt_each,TTGCTCAGGGATCTGTCAAGGATGTTATCAAGCACTTGAGCAAAACTACTGAATTCAAGTACGAACAGATTTCAAATCATGCTTCAACTATAGATGTTGTTGCTCCTTATGCAGCAAAAGATTTTATTAATGAGGAATGGCCACAAGGTGTCACAGAGCT
PCA1:Start-1467|CAD2:1468-End|RT:80_nt_each,ATGTTATCAAGCACTTGAGCAAAACTACTGAATTCAAGTACGAACAGATTTCAAATCATGGTTCAACTATAGATGTTGTTGCTCCTTATGCAGCAAAAGATTTTATTAATGAGGAATGGCCACAAGGTGTCACAGAGCTGAAAATTGTTGAGAGAAATGT
PCA1:Start-1545|CAD2:1546-End|RT:80_nt_each,TTGTTCCTTATGCAGCAAAAGATTTTATTAATGAGGAATGGCCACAAGGTGTCACAGAGCTGAAAATTGTTGAGAGAAATGTCATTCGTATTTACTTTGACCCAAAGGTTATAGGTGCCAGAGATCTTGTCAATGAAGGATGGAGCGTGCCTGTTAGTAT
PCA1:Start-1770|CAD2:1771-End|RT:80_nt_each,CGACCGCTTTATCCATAATATTGACGATCCCGATTCTCGTGATGGCTTGGGCTCCACAGCTTCGTGAAAAAATTTCCACTATGTCCGTGTCAATGGTGCTAGCAACTATTATCCAATTTGTTATTGCAGGACCGTTTTACTTAAATGCCTTGAAGAGTTT
PCA1:Start-1773|CAD2:1774-End|RT:80_nt_each,CCGCTTTATCCATAATATTGACGATCCCGATTCTCGTGATGGCTTGGGCTCCACAGCTTCGTGAAAAAATTTCCACTATCTCCGTGTCAATGGTGCTAGCAACTATTATCCAATTTGTTATTGCAGGACCGTTTTACTTAAATGCCTTGAAGAGTTTGAT
PCA1:Start-1944|CAD2:1945-End|RT:80_nt_each,TCATTGAAATGGATCTACTAATAGTTTTAAGCACTAGCGCTGCCTACATATTTTCGATTGTATCATTTGGATATTTCGTTGCTGGACACCCGTTATCTACGGAGCAGTTTTTTGAGACCAGCTCTTTGCTTGTAACTCTCATCATGGTTGGTCGCTTTGT
PCA1:Start-1947|CAD2:1948-End|RT:80_nt_each,TTGAAATGGATCTACTAATAGTTTTAAGCACTAGCGCTGCCTACATATTTTCGATTGTATCATTTGGATATTTCGTTGTTGGACACCCGTTATCTACGGAGCAGTTTTTTGAGACCAGCTCTTTGCTTGTAACTCTCATCATGGTTGGTCGCTTTGTGAG
PCA1:Start-2127|CAD2:2128-End|RT:80_nt_each,CTGTAAAGTCAATATCAGTACGTTCCTTACAGGCCTCTTCTGCTATTCTGGTGGATAAAACTGGTAAAGAGACGGAAATTGATATTAGACTTCTCCAATATGGCGATATTTTTAAGATTTTACCTGATTCAAGAATCCCGACTGATGGAACAGTCATTTC
PCA1:Start-2163|CAD2:2164-End|RT:80_nt_each,CTTCTGCTATTCTGGTGGATAAAACTGGTAAAGAGACGGAAATTAATATTAGACTTCTCCAATATGGCGATATTTTTAAGATTTTACCTGATTCAAGAATCCCGACTGATGGAACAGTCATTTCTGGGTCTTCTGAAGTCGACGAAGCGTTAATCACAGG
PCA1:Start-2505|CAD2:2506-End|RT:80_nt_each,TTGCAAGTTATTTCGTGCCAACTATCATTGGAATCACTGTCGTCACCTTTTGCGTTTGGATAGCGGTTGGAATCCGTGTGCAAAAGCAATCCCGCTCCGATGCCGTAATTCAGGCCATTATATATGCCATTACGGTACTTATCGTGTCATGTCCCTGCGC
PCA1:Start-2583|CAD2:2584-End|RT:80_nt_each,TGGAAAAGCAATCCCGCTCCGATGCCGTAATTCAGGCCATTATATATGCCATTACGGTACTTATCGTTTCGTGTCCCTGCGCGATTGGACTTGCCGTTCCTATCGTATTTGTTATTGCAAGTGGCGTCGCTGCGAAAAGAGGGGTAATCTTCAAATCAGC
PCA1:Start-2907|CAD2:2908-End|RT:80_nt_each,CCATGGCAATAGCATCCTATCTCAAAGAAAAAGGTGTTTCTGCTCAAAATGTTTCTAATACAAAAGCTGTGACTGGTAAGGGGGTAGAAGGAACATCATACTCTGGTTTGAAGTTACAAGGAGGGAACTGTCGTTGGCTTGGTCATAACAATGATCCTGA
PCA1:Start-3339|CAD2:3340-End|RT:80_nt_each,AAGGAAGAAATTGCGATAGTTCTTCGCAGTCAAAAAGACCGGTTGTTGTTTTTTGCGGTGACGGAACAAACGACGCAATTGCTTTGACTCAAGCAACGATTGGAGTTCATATCAATGAGGGAAGTGAGGTTGCCAAGCTAGCTGCTGATGTAGTTATGTT
PCA1:Start-3624|CAD2:3625-End|RT:80_nt_each,CCTTTGTTGACTTTCATATTCCACCAGAGTATGCGGGTTTAGGGGAACTAGTTAGTATCCTCCCTGTAATTTTTGTAGCTACACTTCTGCGTTATGCAAAGGTTTAGTCCAGGTACTGCTGCTATTTGATTGTAGATTTTCTTTTTTCTTTTCTTTTTTT
PCA1:Start-3645|CAD2:3646-End|RT:80_nt_each,CACCAGAGTATGCGGGTTTAGGGGAACTAGTTAGTATCCTCCCTGTAATTTTTGTAGCTATACTTCTGCGTTATGCAAAGGTTTAGTCCAGGTACTGCTGCTATTTGATTGTAGATTTTCTTTTTTCTTTTCTTTTTTTTTTTTGACGACTCTGTAATAC
PCA1:Start-3648|CAD2:3649-End|RT:80_nt_each,CAGAGTATGCGGGTTTAGGGGAACTAGTTAGTATCCTCCCTGTAATTTTTGTAGCTATACTTCTGCGTTATGCAAAGATTTAGTCCAGGTACTGCTGCTATTTGATTGTAGATTTTCTTTTTTCTTTTCTTTTTTTTTTTTGACGACTCTGTAATACTCT