>PCA1:Start-114|CAD2.medium:115-End|RT:20_nt_each GTCGTGCCGGGCTTTgcgacaacggtttaggtgggtacgggtccccattccttatatagaaatggcatgttagatATAATAGAGGCGAGTGTCATCTGCGTAGTATAGAAAGGCAtagctaagcgcagggacttcccgaatctcggtattatcccggtaagtgtggactatatttAATCCGTGGGCAGGC
PCA1:Start-129|CAD2.medium:130-End|RT:20_nt_each GTCGTGCCGGGCTTTgcgacaacggtttaggtgggtacgggtccccattccttatatagaaatggcatgttagatGTCATCGTAGATCCATAGAAAGGCATGCTAATGATAATTTtagctaagcgcagggacttcccgaatctcggtattatcccggtaagtgtggactatatttAATCCGTGGGCAGGC
PCA1:Start-426|CAD2.medium:427-End|RT:20_nt_each GTCGTGCCGGGCTTTgcgacaacggtttaggtgggtacgggtccccattccttatatagaaatggcatgttagatCCAATGAATCCTGTGTTGATGAGTGTTGTGTTAGAGATTCtagctaagcgcagggacttcccgaatctcggtattatcccggtaagtgtggactatatttAATCCGTGGGCAGGC
PCA1:Start-465|CAD2.medium:466-End|RT:20_nt_each GTCGTGCCGGGCTTTgcgacaacggtttaggtgggtacgggtccccattccttatatagaaatggcatgttagatCTTCAGTGATGGTCGAGGAAGGAACTGGCTCCTGTGAGGCtagctaagcgcagggacttcccgaatctcggtattatcccggtaagtgtggactatatttAATCCGTGGGCAGGC
PCA1:Start-627|CAD2.medium:628-End|RT:20_nt_each GTCGTGCCGGGCTTTgcgacaacggtttaggtgggtacgggtccccattccttatatagaaatggcatgttagatCAGGGAAGGGTAGGCTTTGCCTGGAGTCGTCCGACAGCACtagctaagcgcagggacttcccgaatctcggtattatcccggtaagtgtggactatatttAATCCGTGGGCAGGC
PCA1:Start-660|CAD2.medium:661-End|RT:20_nt_each GTCGTGCCGGGCTTTgcgacaacggtttaggtgggtacgggtccccattccttatatagaaatggcatgttagatACTCTACACTCAAGAAAAGAAGGTGCAAAGTATCCAGACAtagctaagcgcagggacttcccgaatctcggtattatcccggtaagtgtggactatatttAATCCGTGGGCAGGC
PCA1:Start-774|CAD2.medium:775-End|RT:20_nt_each GTCGTGCCGGGCTTTgcgacaacggtttaggtgggtacgggtccccattccttatatagaaatggcatgttagatAAAAGAGGACTTTTAAAGGTACTACCAATGTAGGTATTTCtagctaagcgcagggacttcccgaatctcggtattatcccggtaagtgtggactatatttAATCCGTGGGCAGGC
PCA1:Start-1032|CAD2.medium:1033-End|RT:20_nt_each GTCGTGCCGGGCTTTgcgacaacggtttaggtgggtacgggtccccattccttatatagaaatggcatgttagatGTTTAACAAAGAAAAAGACCTACGGTGATAAAGAAAGATTtagctaagcgcagggacttcccgaatctcggtattatcccggtaagtgtggactatatttAATCCGTGGGCAGGC
PCA1:Start-1188|CAD2.medium:1189-End|RT:20_nt_each GTCGTGCCGGGCTTTgcgacaacggtttaggtgggtacgggtccccattccttatatagaaatggcatgttagatTCGTATCAATGGAACCAATTGGCAACCATCTTAATCTTGAtagctaagcgcagggacttcccgaatctcggtattatcccggtaagtgtggactatatttAATCCGTGGGCAGGC
PCA1:Start-1257|CAD2.medium:1258-End|RT:20_nt_each GTCGTGCCGGGCTTTgcgacaacggtttaggtgggtacgggtccccattccttatatagaaatggcatgttagatTTCTTAGTGTTTCAGGAATGACTTGTACTGGATGTGAGACtagctaagcgcagggacttcccgaatctcggtattatcccggtaagtgtggactatatttAATCCGTGGGCAGGC
PCA1:Start-1275|CAD2.medium:1276-End|RT:20_nt_each GTCGTGCCGGGCTTTgcgacaacggtttaggtgggtacgggtccccattccttatatagaaatggcatgttagatTGTCCTGTACTGGTTGTGAAACCAAACTTAAGAAGAGCTTtagctaagcgcagggacttcccgaatctcggtattatcccggtaagtgtggactatatttAATCCGTGGGCAGGC
PCA1:Start-1446|CAD2.medium:1447-End|RT:20_nt_each GTCGTGCCGGGCTTTgcgacaacggtttaggtgggtacgggtccccattccttatatagaaatggcatgttagatACGAACAGATTTCAAATCATGCGTCAACCATCGATGTTGTtagctaagcgcagggacttcccgaatctcggtattatcccggtaagtgtggactatatttAATCCGTGGGCAGGC
PCA1:Start-1467|CAD2.medium:1468-End|RT:20_nt_each GTCGTGCCGGGCTTTgcgacaacggtttaggtgggtacgggtccccattccttatatagaaatggcatgttagatGTTCAACTATAGATGTTGTTGCTCCATATGCCGCGAAAGAtagctaagcgcagggacttcccgaatctcggtattatcccggtaagtgtggactatatttAATCCGTGGGCAGGC
PCA1:Start-1545|CAD2.medium:1546-End|RT:20_nt_each GTCGTGCCGGGCTTTgcgacaacggtttaggtgggtacgggtccccattccttatatagaaatggcatgttagatTGAAAATTGTTGAGAGAAATGTCATTAGGATCTACTTCGAtagctaagcgcagggacttcccgaatctcggtattatcccggtaagtgtggactatatttAATCCGTGGGCAGGC
PCA1:Start-1770|CAD2.medium:1771-End|RT:20_nt_each GTCGTGCCGGGCTTTgcgacaacggtttaggtgggtacgggtccccattccttatatagaaatggcatgttagatTTCGTGAAAAAATTTCCACTATGAGTGTCTCGATGGTCCTtagctaagcgcagggacttcccgaatctcggtattatcccggtaagtgtggactatatttAATCCGTGGGCAGGC
PCA1:Start-1773|CAD2.medium:1774-End|RT:20_nt_each GTCGTGCCGGGCTTTgcgacaacggtttaggtgggtacgggtccccattccttatatagaaatggcatgttagatGTGAAAAAATTTCCACTATCAGTGTCTCGATGGTCCTGGCtagctaagcgcagggacttcccgaatctcggtattatcccggtaagtgtggactatatttAATCCGTGGGCAGGC
PCA1:Start-1944|CAD2.medium:1945-End|RT:20_nt_each GTCGTGCCGGGCTTTgcgacaacggtttaggtgggtacgggtccccattccttatatagaaatggcatgttagatTATCATTTGGATATTTCGTTGCGGGCCACCCTCTCTCAACtagctaagcgcagggacttcccgaatctcggtattatcccggtaagtgtggactatatttAATCCGTGGGCAGGC
PCA1:Start-1947|CAD2.medium:1948-End|RT:20_nt_each GTCGTGCCGGGCTTTgcgacaacggtttaggtgggtacgggtccccattccttatatagaaatggcatgttagatCATTTGGATATTTCGTTGTTGGCCACCCTCTCTCAACAGAtagctaagcgcagggacttcccgaatctcggtattatcccggtaagtgtggactatatttAATCCGTGGGCAGGC
PCA1:Start-2127|CAD2.medium:2128-End|RT:20_nt_each GTCGTGCCGGGCTTTgcgacaacggtttaggtgggtacgggtccccattccttatatagaaatggcatgttagatCTGGTAAAGAGACGGAAATTGACATTCGGTTGTTACAATAtagctaagcgcagggacttcccgaatctcggtattatcccggtaagtgtggactatatttAATCCGTGGGCAGGC
PCA1:Start-2163|CAD2.medium:2164-End|RT:20_nt_each GTCGTGCCGGGCTTTgcgacaacggtttaggtgggtacgggtccccattccttatatagaaatggcatgttagatAATATGGCGATATTTTTAAGATATTACCAGACTCGCGAATtagctaagcgcagggacttcccgaatctcggtattatcccggtaagtgtggactatatttAATCCGTGGGCAGGC
PCA1:Start-2505|CAD2.medium:2506-End|RT:20_nt_each GTCGTGCCGGGCTTTgcgacaacggtttaggtgggtacgggtccccattccttatatagaaatggcatgttagatTAGCGGTTGGAATCCGTGTGCAAAAGCAGAGCAGATCCGAtagctaagcgcagggacttcccgaatctcggtattatcccggtaagtgtggactatatttAATCCGTGGGCAGGC
PCA1:Start-2583|CAD2.medium:2584-End|RT:20_nt_each GTCGTGCCGGGCTTTgcgacaacggtttaggtgggtacgggtccccattccttatatagaaatggcatgttagatTTATCGTTTCGTGTCCCTGCGCAATAGGACTAGCCGTCCCtagctaagcgcagggacttcccgaatctcggtattatcccggtaagtgtggactatatttAATCCGTGGGCAGGC
PCA1:Start-2907|CAD2.medium:2908-End|RT:20_nt_each GTCGTGCCGGGCTTTgcgacaacggtttaggtgggtacgggtccccattccttatatagaaatggcatgttagatCAAAAGCTGTGACTGGTAAGGGCGTGGAAGGTACTTCTTAtagctaagcgcagggacttcccgaatctcggtattatcccggtaagtgtggactatatttAATCCGTGGGCAGGC
PCA1:Start-3339|CAD2.medium:3340-End|RT:20_nt_each GTCGTGCCGGGCTTTgcgacaacggtttaggtgggtacgggtccccattccttatatagaaatggcatgttagatACGGAACAAACGACGCAATTGCCTTGACTCAAGCAACCATtagctaagcgcagggacttcccgaatctcggtattatcccggtaagtgtggactatatttAATCCGTGGGCAGGC
PCA1:Start-3624|CAD2.medium:3625-End|RT:20_nt_each GTCGTGCCGGGCTTTgcgacaacggtttaggtgggtacgggtccccattccttatatagaaatggcatgttagatTCCCTGTAATTTTTGTAGCTACGCTTCTGAGATACGCTAAtagctaagcgcagggacttcccgaatctcggtattatcccggtaagtgtggactatatttAATCCGTGGGCAGGC
PCA1:Start-3645|CAD2.medium:3646-End|RT:20_nt_each GTCGTGCCGGGCTTTgcgacaacggtttaggtgggtacgggtccccattccttatatagaaatggcatgttagatTACTTCTGCGTTATGCAAAGGTCTAGTCCAGGTACTGCTGtagctaagcgcagggacttcccgaatctcggtattatcccggtaagtgtggactatatttAATCCGTGGGCAGGC
PCA1:Start-3648|CAD2.medium:3649-End|RT:20_nt_each GTCGTGCCGGGCTTTgcgacaacggtttaggtgggtacgggtccccattccttatatagaaatggcatgttagatTTCTGCGTTATGCAAAGATTTAGTCCAGGTACTGCTGCTAtagctaagcgcagggacttcccgaatctcggtattatcccggtaagtgtggactatatttAATCCGTGGGCAGGC
PCA1:Start-114|CAD2.medium:115-End|RT:22_nt_each GTCGTGCCGGGCTTTgcgacaacggtttaggtgggtacgggtccccattccttatatagaaatggcatgttagAGATAATAGAGGCGAGTGTCATCTGCGTAGTATAGAAAGGCATGgctaagcgcagggacttcccgaatctcggtattatcccggtaagtgtggactatatttAATCCGTGGGCAGGC
PCA1:Start-129|CAD2.medium:130-End|RT:22_nt_each GTCGTGCCGGGCTTTgcgacaacggtttaggtgggtacgggtccccattccttatatagaaatggcatgttagGTGTCATCGTAGATCCATAGAAAGGCATGCTAATGATAATTTGGgctaagcgcagggacttcccgaatctcggtattatcccggtaagtgtggactatatttAATCCGTGGGCAGGC
PCA1:Start-426|CAD2.medium:427-End|RT:22_nt_each GTCGTGCCGGGCTTTgcgacaacggtttaggtgggtacgggtccccattccttatatagaaatggcatgttagCACCAATGAATCCTGTGTTGATGAGTGTTGTGTTAGAGATTCTTgctaagcgcagggacttcccgaatctcggtattatcccggtaagtgtggactatatttAATCCGTGGGCAGGC
PCA1:Start-465|CAD2.medium:466-End|RT:22_nt_each GTCGTGCCGGGCTTTgcgacaacggtttaggtgggtacgggtccccattccttatatagaaatggcatgttagTTCTTCAGTGATGGTCGAGGAAGGAACTGGCTCCTGTGAGGCCGgctaagcgcagggacttcccgaatctcggtattatcccggtaagtgtggactatatttAATCCGTGGGCAGGC
PCA1:Start-627|CAD2.medium:628-End|RT:22_nt_each GTCGTGCCGGGCTTTgcgacaacggtttaggtgggtacgggtccccattccttatatagaaatggcatgttagCACAGGGAAGGGTAGGCTTTGCCTGGAGTCGTCCGACAGCACTTgctaagcgcagggacttcccgaatctcggtattatcccggtaagtgtggactatatttAATCCGTGGGCAGGC
PCA1:Start-660|CAD2.medium:661-End|RT:22_nt_each GTCGTGCCGGGCTTTgcgacaacggtttaggtgggtacgggtccccattccttatatagaaatggcatgttagTGACTCTACACTCAAGAAAAGAAGGTGCAAAGTATCCAGACAGAgctaagcgcagggacttcccgaatctcggtattatcccggtaagtgtggactatatttAATCCGTGGGCAGGC
PCA1:Start-774|CAD2.medium:775-End|RT:22_nt_each GTCGTGCCGGGCTTTgcgacaacggtttaggtgggtacgggtccccattccttatatagaaatggcatgttagTGAAAAGAGGACTTTTAAAGGTACTACCAATGTAGGTATTTCTGgctaagcgcagggacttcccgaatctcggtattatcccggtaagtgtggactatatttAATCCGTGGGCAGGC
PCA1:Start-1032|CAD2.medium:1033-End|RT:22_nt_each GTCGTGCCGGGCTTTgcgacaacggtttaggtgggtacgggtccccattccttatatagaaatggcatgttagATGTTTAACAAAGAAAAAGACCTACGGTGATAAAGAAAGATTGAgctaagcgcagggacttcccgaatctcggtattatcccggtaagtgtggactatatttAATCCGTGGGCAGGC
PCA1:Start-1188|CAD2.medium:1189-End|RT:22_nt_each GTCGTGCCGGGCTTTgcgacaacggtttaggtgggtacgggtccccattccttatatagaaatggcatgttagAATCGTATCAATGGAACCAATTGGCAACCATCTTAATCTTGAAGgctaagcgcagggacttcccgaatctcggtattatcccggtaagtgtggactatatttAATCCGTGGGCAGGC
PCA1:Start-1257|CAD2.medium:1258-End|RT:22_nt_each GTCGTGCCGGGCTTTgcgacaacggtttaggtgggtacgggtccccattccttatatagaaatggcatgttagTGTTCTTAGTGTTTCAGGAATGACTTGTACTGGATGTGAGACCAgctaagcgcagggacttcccgaatctcggtattatcccggtaagtgtggactatatttAATCCGTGGGCAGGC
PCA1:Start-1275|CAD2.medium:1276-End|RT:22_nt_each GTCGTGCCGGGCTTTgcgacaacggtttaggtgggtacgggtccccattccttatatagaaatggcatgttagAATGTCCTGTACTGGTTGTGAAACCAAACTTAAGAAGAGCTTCGgctaagcgcagggacttcccgaatctcggtattatcccggtaagtgtggactatatttAATCCGTGGGCAGGC
PCA1:Start-1446|CAD2.medium:1447-End|RT:22_nt_each GTCGTGCCGGGCTTTgcgacaacggtttaggtgggtacgggtccccattccttatatagaaatggcatgttagGTACGAACAGATTTCAAATCATGCGTCAACCATCGATGTTGTGGgctaagcgcagggacttcccgaatctcggtattatcccggtaagtgtggactatatttAATCCGTGGGCAGGC
PCA1:Start-1467|CAD2.medium:1468-End|RT:22_nt_each GTCGTGCCGGGCTTTgcgacaacggtttaggtgggtacgggtccccattccttatatagaaatggcatgttagTGGTTCAACTATAGATGTTGTTGCTCCATATGCCGCGAAAGATTgctaagcgcagggacttcccgaatctcggtattatcccggtaagtgtggactatatttAATCCGTGGGCAGGC
PCA1:Start-1545|CAD2.medium:1546-End|RT:22_nt_each GTCGTGCCGGGCTTTgcgacaacggtttaggtgggtacgggtccccattccttatatagaaatggcatgttagGCTGAAAATTGTTGAGAGAAATGTCATTAGGATCTACTTCGACCgctaagcgcagggacttcccgaatctcggtattatcccggtaagtgtggactatatttAATCCGTGGGCAGGC
PCA1:Start-1770|CAD2.medium:1771-End|RT:22_nt_each GTCGTGCCGGGCTTTgcgacaacggtttaggtgggtacgggtccccattccttatatagaaatggcatgttagGCTTCGTGAAAAAATTTCCACTATGAGTGTCTCGATGGTCCTGGgctaagcgcagggacttcccgaatctcggtattatcccggtaagtgtggactatatttAATCCGTGGGCAGGC
PCA1:Start-1773|CAD2.medium:1774-End|RT:22_nt_each GTCGTGCCGGGCTTTgcgacaacggtttaggtgggtacgggtccccattccttatatagaaatggcatgttagTCGTGAAAAAATTTCCACTATCAGTGTCTCGATGGTCCTGGCGAgctaagcgcagggacttcccgaatctcggtattatcccggtaagtgtggactatatttAATCCGTGGGCAGGC
PCA1:Start-1944|CAD2.medium:1945-End|RT:22_nt_each GTCGTGCCGGGCTTTgcgacaacggtttaggtgggtacgggtccccattccttatatagaaatggcatgttagTGTATCATTTGGATATTTCGTTGCGGGCCACCCTCTCTCAACAGgctaagcgcagggacttcccgaatctcggtattatcccggtaagtgtggactatatttAATCCGTGGGCAGGC
PCA1:Start-1947|CAD2.medium:1948-End|RT:22_nt_each GTCGTGCCGGGCTTTgcgacaacggtttaggtgggtacgggtccccattccttatatagaaatggcatgttagATCATTTGGATATTTCGTTGTTGGCCACCCTCTCTCAACAGAGCgctaagcgcagggacttcccgaatctcggtattatcccggtaagtgtggactatatttAATCCGTGGGCAGGC
PCA1:Start-2127|CAD2.medium:2128-End|RT:22_nt_each GTCGTGCCGGGCTTTgcgacaacggtttaggtgggtacgggtccccattccttatatagaaatggcatgttagAACTGGTAAAGAGACGGAAATTGACATTCGGTTGTTACAATATGgctaagcgcagggacttcccgaatctcggtattatcccggtaagtgtggactatatttAATCCGTGGGCAGGC
PCA1:Start-2163|CAD2.medium:2164-End|RT:22_nt_each GTCGTGCCGGGCTTTgcgacaacggtttaggtgggtacgggtccccattccttatatagaaatggcatgttagCCAATATGGCGATATTTTTAAGATATTACCAGACTCGCGAATTCgctaagcgcagggacttcccgaatctcggtattatcccggtaagtgtggactatatttAATCCGTGGGCAGGC
PCA1:Start-2505|CAD2.medium:2506-End|RT:22_nt_each GTCGTGCCGGGCTTTgcgacaacggtttaggtgggtacgggtccccattccttatatagaaatggcatgttagGATAGCGGTTGGAATCCGTGTGCAAAAGCAGAGCAGATCCGATGgctaagcgcagggacttcccgaatctcggtattatcccggtaagtgtggactatatttAATCCGTGGGCAGGC
PCA1:Start-2583|CAD2.medium:2584-End|RT:22_nt_each GTCGTGCCGGGCTTTgcgacaacggtttaggtgggtacgggtccccattccttatatagaaatggcatgttagACTTATCGTTTCGTGTCCCTGCGCAATAGGACTAGCCGTCCCTAgctaagcgcagggacttcccgaatctcggtattatcccggtaagtgtggactatatttAATCCGTGGGCAGGC
PCA1:Start-2907|CAD2.medium:2908-End|RT:22_nt_each GTCGTGCCGGGCTTTgcgacaacggtttaggtgggtacgggtccccattccttatatagaaatggcatgttagTACAAAAGCTGTGACTGGTAAGGGCGTGGAAGGTACTTCTTATAgctaagcgcagggacttcccgaatctcggtattatcccggtaagtgtggactatatttAATCCGTGGGCAGGC
PCA1:Start-3339|CAD2.medium:3340-End|RT:22_nt_each GTCGTGCCGGGCTTTgcgacaacggtttaggtgggtacgggtccccattccttatatagaaatggcatgttagTGACGGAACAAACGACGCAATTGCCTTGACTCAAGCAACCATTGgctaagcgcagggacttcccgaatctcggtattatcccggtaagtgtggactatatttAATCCGTGGGCAGGC
PCA1:Start-3624|CAD2.medium:3625-End|RT:22_nt_each GTCGTGCCGGGCTTTgcgacaacggtttaggtgggtacgggtccccattccttatatagaaatggcatgttagCCTCCCTGTAATTTTTGTAGCTACGCTTCTGAGATACGCTAAAGgctaagcgcagggacttcccgaatctcggtattatcccggtaagtgtggactatatttAATCCGTGGGCAGGC
PCA1:Start-3645|CAD2.medium:3646-End|RT:22_nt_each GTCGTGCCGGGCTTTgcgacaacggtttaggtgggtacgggtccccattccttatatagaaatggcatgttagTATACTTCTGCGTTATGCAAAGGTCTAGTCCAGGTACTGCTGCTgctaagcgcagggacttcccgaatctcggtattatcccggtaagtgtggactatatttAATCCGTGGGCAGGC
PCA1:Start-3648|CAD2.medium:3649-End|RT:22_nt_each GTCGTGCCGGGCTTTgcgacaacggtttaggtgggtacgggtccccattccttatatagaaatggcatgttagACTTCTGCGTTATGCAAAGATTTAGTCCAGGTACTGCTGCTATTgctaagcgcagggacttcccgaatctcggtattatcccggtaagtgtggactatatttAATCCGTGGGCAGGC
PCA1:Start-114|CAD2.medium:115-End|RT:25_nt_each GTCGTGCCGGGCTTTgcgacaacggtttaggtgggtacgggtccccattccttatatagaaatggcatgtGCAAGATAATAGAGGCGAGTGTCATCTGCGTAGTATAGAAAGGCATGCTAaagcgcagggacttcccgaatctcggtattatcccggtaagtgtggactatatttAATCCGTGGGCAGGC
PCA1:Start-129|CAD2.medium:130-End|RT:25_nt_each GTCGTGCCGGGCTTTgcgacaacggtttaggtgggtacgggtccccattccttatatagaaatggcatgtCGAGTGTCATCGTAGATCCATAGAAAGGCATGCTAATGATAATTTGGGTTaagcgcagggacttcccgaatctcggtattatcccggtaagtgtggactatatttAATCCGTGGGCAGGC
PCA1:Start-426|CAD2.medium:427-End|RT:25_nt_each GTCGTGCCGGGCTTTgcgacaacggtttaggtgggtacgggtccccattccttatatagaaatggcatgtCCACACCAATGAATCCTGTGTTGATGAGTGTTGTGTTAGAGATTCTTCCGaagcgcagggacttcccgaatctcggtattatcccggtaagtgtggactatatttAATCCGTGGGCAGGC
PCA1:Start-465|CAD2.medium:466-End|RT:25_nt_each GTCGTGCCGGGCTTTgcgacaacggtttaggtgggtacgggtccccattccttatatagaaatggcatgtAGATTCTTCAGTGATGGTCGAGGAAGGAACTGGCTCCTGTGAGGCCGTGTaagcgcagggacttcccgaatctcggtattatcccggtaagtgtggactatatttAATCCGTGGGCAGGC
PCA1:Start-627|CAD2.medium:628-End|RT:25_nt_each GTCGTGCCGGGCTTTgcgacaacggtttaggtgggtacgggtccccattccttatatagaaatggcatgtACACACAGGGAAGGGTAGGCTTTGCCTGGAGTCGTCCGACAGCACTTTAAaagcgcagggacttcccgaatctcggtattatcccggtaagtgtggactatatttAATCCGTGGGCAGGC
PCA1:Start-660|CAD2.medium:661-End|RT:25_nt_each GTCGTGCCGGGCTTTgcgacaacggtttaggtgggtacgggtccccattccttatatagaaatggcatgtAAGTGACTCTACACTCAAGAAAAGAAGGTGCAAAGTATCCAGACAGAAAAaagcgcagggacttcccgaatctcggtattatcccggtaagtgtggactatatttAATCCGTGGGCAGGC
PCA1:Start-774|CAD2.medium:775-End|RT:25_nt_each GTCGTGCCGGGCTTTgcgacaacggtttaggtgggtacgggtccccattccttatatagaaatggcatgtCTGTGAAAAGAGGACTTTTAAAGGTACTACCAATGTAGGTATTTCTGGTTaagcgcagggacttcccgaatctcggtattatcccggtaagtgtggactatatttAATCCGTGGGCAGGC
PCA1:Start-1032|CAD2.medium:1033-End|RT:25_nt_each GTCGTGCCGGGCTTTgcgacaacggtttaggtgggtacgggtccccattccttatatagaaatggcatgtTGGATGTTTAACAAAGAAAAAGACCTACGGTGATAAAGAAAGATTGAGTAaagcgcagggacttcccgaatctcggtattatcccggtaagtgtggactatatttAATCCGTGGGCAGGC
PCA1:Start-1188|CAD2.medium:1189-End|RT:25_nt_each GTCGTGCCGGGCTTTgcgacaacggtttaggtgggtacgggtccccattccttatatagaaatggcatgtAAGAATCGTATCAATGGAACCAATTGGCAACCATCTTAATCTTGAAGCAGaagcgcagggacttcccgaatctcggtattatcccggtaagtgtggactatatttAATCCGTGGGCAGGC
PCA1:Start-1257|CAD2.medium:1258-End|RT:25_nt_each GTCGTGCCGGGCTTTgcgacaacggtttaggtgggtacgggtccccattccttatatagaaatggcatgtCATTGTTCTTAGTGTTTCAGGAATGACTTGTACTGGATGTGAGACCAAACaagcgcagggacttcccgaatctcggtattatcccggtaagtgtggactatatttAATCCGTGGGCAGGC
PCA1:Start-1275|CAD2.medium:1276-End|RT:25_nt_each GTCGTGCCGGGCTTTgcgacaacggtttaggtgggtacgggtccccattccttatatagaaatggcatgtAGGAATGTCCTGTACTGGTTGTGAAACCAAACTTAAGAAGAGCTTCGGGGaagcgcagggacttcccgaatctcggtattatcccggtaagtgtggactatatttAATCCGTGGGCAGGC
PCA1:Start-1446|CAD2.medium:1447-End|RT:25_nt_each GTCGTGCCGGGCTTTgcgacaacggtttaggtgggtacgggtccccattccttatatagaaatggcatgtCAAGTACGAACAGATTTCAAATCATGCGTCAACCATCGATGTTGTGGCTCaagcgcagggacttcccgaatctcggtattatcccggtaagtgtggactatatttAATCCGTGGGCAGGC
PCA1:Start-1467|CAD2.medium:1468-End|RT:25_nt_each GTCGTGCCGGGCTTTgcgacaacggtttaggtgggtacgggtccccattccttatatagaaatggcatgtTCATGGTTCAACTATAGATGTTGTTGCTCCATATGCCGCGAAAGATTTTAaagcgcagggacttcccgaatctcggtattatcccggtaagtgtggactatatttAATCCGTGGGCAGGC
PCA1:Start-1545|CAD2.medium:1546-End|RT:25_nt_each GTCGTGCCGGGCTTTgcgacaacggtttaggtgggtacgggtccccattccttatatagaaatggcatgtAGAGCTGAAAATTGTTGAGAGAAATGTCATTAGGATCTACTTCGACCCAAaagcgcagggacttcccgaatctcggtattatcccggtaagtgtggactatatttAATCCGTGGGCAGGC
PCA1:Start-1770|CAD2.medium:1771-End|RT:25_nt_each GTCGTGCCGGGCTTTgcgacaacggtttaggtgggtacgggtccccattccttatatagaaatggcatgtACAGCTTCGTGAAAAAATTTCCACTATGAGTGTCTCGATGGTCCTGGCGAaagcgcagggacttcccgaatctcggtattatcccggtaagtgtggactatatttAATCCGTGGGCAGGC
PCA1:Start-1773|CAD2.medium:1774-End|RT:25_nt_each GTCGTGCCGGGCTTTgcgacaacggtttaggtgggtacgggtccccattccttatatagaaatggcatgtGCTTCGTGAAAAAATTTCCACTATCAGTGTCTCGATGGTCCTGGCGACAAaagcgcagggacttcccgaatctcggtattatcccggtaagtgtggactatatttAATCCGTGGGCAGGC
PCA1:Start-1944|CAD2.medium:1945-End|RT:25_nt_each GTCGTGCCGGGCTTTgcgacaacggtttaggtgggtacgggtccccattccttatatagaaatggcatgtGATTGTATCATTTGGATATTTCGTTGCGGGCCACCCTCTCTCAACAGAGCaagcgcagggacttcccgaatctcggtattatcccggtaagtgtggactatatttAATCCGTGGGCAGGC
PCA1:Start-1947|CAD2.medium:1948-End|RT:25_nt_each GTCGTGCCGGGCTTTgcgacaacggtttaggtgggtacgggtccccattccttatatagaaatggcatgtTGTATCATTTGGATATTTCGTTGTTGGCCACCCTCTCTCAACAGAGCAATaagcgcagggacttcccgaatctcggtattatcccggtaagtgtggactatatttAATCCGTGGGCAGGC
PCA1:Start-2127|CAD2.medium:2128-End|RT:25_nt_each GTCGTGCCGGGCTTTgcgacaacggtttaggtgggtacgggtccccattccttatatagaaatggcatgtTAAAACTGGTAAAGAGACGGAAATTGACATTCGGTTGTTACAATATGGGGaagcgcagggacttcccgaatctcggtattatcccggtaagtgtggactatatttAATCCGTGGGCAGGC
PCA1:Start-2163|CAD2.medium:2164-End|RT:25_nt_each GTCGTGCCGGGCTTTgcgacaacggtttaggtgggtacgggtccccattccttatatagaaatggcatgtTCTCCAATATGGCGATATTTTTAAGATATTACCAGACTCGCGAATTCCCAaagcgcagggacttcccgaatctcggtattatcccggtaagtgtggactatatttAATCCGTGGGCAGGC
PCA1:Start-2505|CAD2.medium:2506-End|RT:25_nt_each GTCGTGCCGGGCTTTgcgacaacggtttaggtgggtacgggtccccattccttatatagaaatggcatgtTTGGATAGCGGTTGGAATCCGTGTGCAAAAGCAGAGCAGATCCGATGCTGaagcgcagggacttcccgaatctcggtattatcccggtaagtgtggactatatttAATCCGTGGGCAGGC
PCA1:Start-2583|CAD2.medium:2584-End|RT:25_nt_each GTCGTGCCGGGCTTTgcgacaacggtttaggtgggtacgggtccccattccttatatagaaatggcatgtGGTACTTATCGTTTCGTGTCCCTGCGCAATAGGACTAGCCGTCCCTATTGaagcgcagggacttcccgaatctcggtattatcccggtaagtgtggactatatttAATCCGTGGGCAGGC
PCA1:Start-2907|CAD2.medium:2908-End|RT:25_nt_each GTCGTGCCGGGCTTTgcgacaacggtttaggtgggtacgggtccccattccttatatagaaatggcatgtTAATACAAAAGCTGTGACTGGTAAGGGCGTGGAAGGTACTTCTTATAGTGaagcgcagggacttcccgaatctcggtattatcccggtaagtgtggactatatttAATCCGTGGGCAGGC
PCA1:Start-3339|CAD2.medium:3340-End|RT:25_nt_each GTCGTGCCGGGCTTTgcgacaacggtttaggtgggtacgggtccccattccttatatagaaatggcatgtCGGTGACGGAACAAACGACGCAATTGCCTTGACTCAAGCAACCATTGGCGaagcgcagggacttcccgaatctcggtattatcccggtaagtgtggactatatttAATCCGTGGGCAGGC
PCA1:Start-3624|CAD2.medium:3625-End|RT:25_nt_each GTCGTGCCGGGCTTTgcgacaacggtttaggtgggtacgggtccccattccttatatagaaatggcatgtTATCCTCCCTGTAATTTTTGTAGCTACGCTTCTGAGATACGCTAAAGTCTaagcgcagggacttcccgaatctcggtattatcccggtaagtgtggactatatttAATCCGTGGGCAGGC
PCA1:Start-3645|CAD2.medium:3646-End|RT:25_nt_each GTCGTGCCGGGCTTTgcgacaacggtttaggtgggtacgggtccccattccttatatagaaatggcatgtAGCTATACTTCTGCGTTATGCAAAGGTCTAGTCCAGGTACTGCTGCTATTaagcgcagggacttcccgaatctcggtattatcccggtaagtgtggactatatttAATCCGTGGGCAGGC
PCA1:Start-3648|CAD2.medium:3649-End|RT:25_nt_each GTCGTGCCGGGCTTTgcgacaacggtttaggtgggtacgggtccccattccttatatagaaatggcatgtTATACTTCTGCGTTATGCAAAGATTTAGTCCAGGTACTGCTGCTATTTGAaagcgcagggacttcccgaatctcggtattatcccggtaagtgtggactatatttAATCCGTGGGCAGGC
PCA1:Start-114|CAD2.medium:115-End|RT:29_nt_each GTCGTGCCGGGCTTTgcgacaacggtttaggtgggtacgggtccccattccttatatagaaatggcCTATGCAAGATAATAGAGGCGAGTGTCATCTGCGTAGTATAGAAAGGCATGCTAATGAgcagggacttcccgaatctcggtattatcccggtaagtgtggactatatttAATCCGTGGGCAGGC
PCA1:Start-129|CAD2.medium:130-End|RT:29_nt_each GTCGTGCCGGGCTTTgcgacaacggtttaggtgggtacgggtccccattccttatatagaaatggcGAGGCGAGTGTCATCGTAGATCCATAGAAAGGCATGCTAATGATAATTTGGGTTTGGTgcagggacttcccgaatctcggtattatcccggtaagtgtggactatatttAATCCGTGGGCAGGC
PCA1:Start-426|CAD2.medium:427-End|RT:29_nt_each GTCGTGCCGGGCTTTgcgacaacggtttaggtgggtacgggtccccattccttatatagaaatggcGTGACCACACCAATGAATCCTGTGTTGATGAGTGTTGTGTTAGAGATTCTTCCGTTATgcagggacttcccgaatctcggtattatcccggtaagtgtggactatatttAATCCGTGGGCAGGC
PCA1:Start-465|CAD2.medium:466-End|RT:29_nt_each GTCGTGCCGGGCTTTgcgacaacggtttaggtgggtacgggtccccattccttatatagaaatggcTTAGAGATTCTTCAGTGATGGTCGAGGAAGGAACTGGCTCCTGTGAGGCCGTGTCATCgcagggacttcccgaatctcggtattatcccggtaagtgtggactatatttAATCCGTGGGCAGGC
PCA1:Start-627|CAD2.medium:628-End|RT:29_nt_each GTCGTGCCGGGCTTTgcgacaacggtttaggtgggtacgggtccccattccttatatagaaatggcACCAACACACAGGGAAGGGTAGGCTTTGCCTGGAGTCGTCCGACAGCACTTTAAAGAAgcagggacttcccgaatctcggtattatcccggtaagtgtggactatatttAATCCGTGGGCAGGC
PCA1:Start-660|CAD2.medium:661-End|RT:29_nt_each GTCGTGCCGGGCTTTgcgacaacggtttaggtgggtacgggtccccattccttatatagaaatggcAATCAAGTGACTCTACACTCAAGAAAAGAAGGTGCAAAGTATCCAGACAGAAAATTGAgcagggacttcccgaatctcggtattatcccggtaagtgtggactatatttAATCCGTGGGCAGGC
PCA1:Start-774|CAD2.medium:775-End|RT:29_nt_each GTCGTGCCGGGCTTTgcgacaacggtttaggtgggtacgggtccccattccttatatagaaatggcGTAGCTGTGAAAAGAGGACTTTTAAAGGTACTACCAATGTAGGTATTTCTGGTTCGTCgcagggacttcccgaatctcggtattatcccggtaagtgtggactatatttAATCCGTGGGCAGGC
PCA1:Start-1032|CAD2.medium:1033-End|RT:29_nt_each GTCGTGCCGGGCTTTgcgacaacggtttaggtgggtacgggtccccattccttatatagaaatggcGTTCTGGATGTTTAACAAAGAAAAAGACCTACGGTGATAAAGAAAGATTGAGTAATGAgcagggacttcccgaatctcggtattatcccggtaagtgtggactatatttAATCCGTGGGCAGGC
PCA1:Start-1188|CAD2.medium:1189-End|RT:29_nt_each GTCGTGCCGGGCTTTgcgacaacggtttaggtgggtacgggtccccattccttatatagaaatggcTTTCAAGAATCGTATCAATGGAACCAATTGGCAACCATCTTAATCTTGAAGCAGGCTCgcagggacttcccgaatctcggtattatcccggtaagtgtggactatatttAATCCGTGGGCAGGC
PCA1:Start-1257|CAD2.medium:1258-End|RT:29_nt_each GTCGTGCCGGGCTTTgcgacaacggtttaggtgggtacgggtccccattccttatatagaaatggcAGCACATTGTTCTTAGTGTTTCAGGAATGACTTGTACTGGATGTGAGACCAAACTTAAgcagggacttcccgaatctcggtattatcccggtaagtgtggactatatttAATCCGTGGGCAGGC
PCA1:Start-1275|CAD2.medium:1276-End|RT:29_nt_each GTCGTGCCGGGCTTTgcgacaacggtttaggtgggtacgggtccccattccttatatagaaatggcTTTCAGGAATGTCCTGTACTGGTTGTGAAACCAAACTTAAGAAGAGCTTCGGGGCATTgcagggacttcccgaatctcggtattatcccggtaagtgtggactatatttAATCCGTGGGCAGGC
PCA1:Start-1446|CAD2.medium:1447-End|RT:29_nt_each GTCGTGCCGGGCTTTgcgacaacggtttaggtgggtacgggtccccattccttatatagaaatggcAATTCAAGTACGAACAGATTTCAAATCATGCGTCAACCATCGATGTTGTGGCTCCATAgcagggacttcccgaatctcggtattatcccggtaagtgtggactatatttAATCCGTGGGCAGGC
PCA1:Start-1467|CAD2.medium:1468-End|RT:29_nt_each GTCGTGCCGGGCTTTgcgacaacggtttaggtgggtacgggtccccattccttatatagaaatggcCAAATCATGGTTCAACTATAGATGTTGTTGCTCCATATGCCGCGAAAGATTTTATCAAgcagggacttcccgaatctcggtattatcccggtaagtgtggactatatttAATCCGTGGGCAGGC
PCA1:Start-1545|CAD2.medium:1546-End|RT:29_nt_each GTCGTGCCGGGCTTTgcgacaacggtttaggtgggtacgggtccccattccttatatagaaatggcTCACAGAGCTGAAAATTGTTGAGAGAAATGTCATTAGGATCTACTTCGACCCAAAAGTgcagggacttcccgaatctcggtattatcccggtaagtgtggactatatttAATCCGTGGGCAGGC
PCA1:Start-1770|CAD2.medium:1771-End|RT:29_nt_each GTCGTGCCGGGCTTTgcgacaacggtttaggtgggtacgggtccccattccttatatagaaatggcCTCCACAGCTTCGTGAAAAAATTTCCACTATGAGTGTCTCGATGGTCCTGGCGACAATgcagggacttcccgaatctcggtattatcccggtaagtgtggactatatttAATCCGTGGGCAGGC
PCA1:Start-1773|CAD2.medium:1774-End|RT:29_nt_each GTCGTGCCGGGCTTTgcgacaacggtttaggtgggtacgggtccccattccttatatagaaatggcCACAGCTTCGTGAAAAAATTTCCACTATCAGTGTCTCGATGGTCCTGGCGACAATTATgcagggacttcccgaatctcggtattatcccggtaagtgtggactatatttAATCCGTGGGCAGGC
PCA1:Start-1944|CAD2.medium:1945-End|RT:29_nt_each GTCGTGCCGGGCTTTgcgacaacggtttaggtgggtacgggtccccattccttatatagaaatggcTTTCGATTGTATCATTTGGATATTTCGTTGCGGGCCACCCTCTCTCAACAGAGCAATTgcagggacttcccgaatctcggtattatcccggtaagtgtggactatatttAATCCGTGGGCAGGC
PCA1:Start-1947|CAD2.medium:1948-End|RT:29_nt_each GTCGTGCCGGGCTTTgcgacaacggtttaggtgggtacgggtccccattccttatatagaaatggcCGATTGTATCATTTGGATATTTCGTTGTTGGCCACCCTCTCTCAACAGAGCAATTCTTgcagggacttcccgaatctcggtattatcccggtaagtgtggactatatttAATCCGTGGGCAGGC
PCA1:Start-2127|CAD2.medium:2128-End|RT:29_nt_each GTCGTGCCGGGCTTTgcgacaacggtttaggtgggtacgggtccccattccttatatagaaatggcTGGATAAAACTGGTAAAGAGACGGAAATTGACATTCGGTTGTTACAATATGGGGATATgcagggacttcccgaatctcggtattatcccggtaagtgtggactatatttAATCCGTGGGCAGGC
PCA1:Start-2163|CAD2.medium:2164-End|RT:29_nt_each GTCGTGCCGGGCTTTgcgacaacggtttaggtgggtacgggtccccattccttatatagaaatggcGACTTCTCCAATATGGCGATATTTTTAAGATATTACCAGACTCGCGAATTCCCACTGAgcagggacttcccgaatctcggtattatcccggtaagtgtggactatatttAATCCGTGGGCAGGC
PCA1:Start-2505|CAD2.medium:2506-End|RT:29_nt_each GTCGTGCCGGGCTTTgcgacaacggtttaggtgggtacgggtccccattccttatatagaaatggcGCGTTTGGATAGCGGTTGGAATCCGTGTGCAAAAGCAGAGCAGATCCGATGCTGTCATgcagggacttcccgaatctcggtattatcccggtaagtgtggactatatttAATCCGTGGGCAGGC
PCA1:Start-2583|CAD2.medium:2584-End|RT:29_nt_each GTCGTGCCGGGCTTTgcgacaacggtttaggtgggtacgggtccccattccttatatagaaatggcTTACGGTACTTATCGTTTCGTGTCCCTGCGCAATAGGACTAGCCGTCCCTATTGTCTTgcagggacttcccgaatctcggtattatcccggtaagtgtggactatatttAATCCGTGGGCAGGC
PCA1:Start-2907|CAD2.medium:2908-End|RT:29_nt_each GTCGTGCCGGGCTTTgcgacaacggtttaggtgggtacgggtccccattccttatatagaaatggcTTTCTAATACAAAAGCTGTGACTGGTAAGGGCGTGGAAGGTACTTCTTATAGTGGCTTgcagggacttcccgaatctcggtattatcccggtaagtgtggactatatttAATCCGTGGGCAGGC
PCA1:Start-3339|CAD2.medium:3340-End|RT:29_nt_each GTCGTGCCGGGCTTTgcgacaacggtttaggtgggtacgggtccccattccttatatagaaatggcTTTGCGGTGACGGAACAAACGACGCAATTGCCTTGACTCAAGCAACCATTGGCGTTCAgcagggacttcccgaatctcggtattatcccggtaagtgtggactatatttAATCCGTGGGCAGGC
PCA1:Start-3624|CAD2.medium:3625-End|RT:29_nt_each GTCGTGCCGGGCTTTgcgacaacggtttaggtgggtacgggtccccattccttatatagaaatggcTTAGTATCCTCCCTGTAATTTTTGTAGCTACGCTTCTGAGATACGCTAAAGTCTAGTCgcagggacttcccgaatctcggtattatcccggtaagtgtggactatatttAATCCGTGGGCAGGC
PCA1:Start-3645|CAD2.medium:3646-End|RT:29_nt_each GTCGTGCCGGGCTTTgcgacaacggtttaggtgggtacgggtccccattccttatatagaaatggcTTGTAGCTATACTTCTGCGTTATGCAAAGGTCTAGTCCAGGTACTGCTGCTATTTGATgcagggacttcccgaatctcggtattatcccggtaagtgtggactatatttAATCCGTGGGCAGGC
PCA1:Start-3648|CAD2.medium:3649-End|RT:29_nt_each GTCGTGCCGGGCTTTgcgacaacggtttaggtgggtacgggtccccattccttatatagaaatggcTAGCTATACTTCTGCGTTATGCAAAGATTTAGTCCAGGTACTGCTGCTATTTGATTGTgcagggacttcccgaatctcggtattatcccggtaagtgtggactatatttAATCCGTGGGCAGGC
PCA1:Start-114|CAD2.medium:115-End|RT:34_nt_each GTCGTGCCGGGCTTTgcgacaacggtttaggtgggtacgggtccccattccttatatagaaAGATGCTATGCAAGATAATAGAGGCGAGTGTCATCTGCGTAGTATAGAAAGGCATGCTAATGATAATTgacttcccgaatctcggtattatcccggtaagtgtggactatatttAATCCGTGGGCAGGC
PCA1:Start-129|CAD2.medium:130-End|RT:34_nt_each GTCGTGCCGGGCTTTgcgacaacggtttaggtgggtacgggtccccattccttatatagaaTAATAGAGGCGAGTGTCATCGTAGATCCATAGAAAGGCATGCTAATGATAATTTGGGTTTGGTGAGCCgacttcccgaatctcggtattatcccggtaagtgtggactatatttAATCCGTGGGCAGGC
PCA1:Start-426|CAD2.medium:427-End|RT:34_nt_each GTCGTGCCGGGCTTTgcgacaacggtttaggtgggtacgggtccccattccttatatagaaAGGTGGTGACCACACCAATGAATCCTGTGTTGATGAGTGTTGTGTTAGAGATTCTTCCGTTATGGTTGgacttcccgaatctcggtattatcccggtaagtgtggactatatttAATCCGTGGGCAGGC
PCA1:Start-465|CAD2.medium:466-End|RT:34_nt_each GTCGTGCCGGGCTTTgcgacaacggtttaggtgggtacgggtccccattccttatatagaaCTGCGTTAGAGATTCTTCAGTGATGGTCGAGGAAGGAACTGGCTCCTGTGAGGCCGTGTCATCTAAGGgacttcccgaatctcggtattatcccggtaagtgtggactatatttAATCCGTGGGCAGGC
PCA1:Start-627|CAD2.medium:628-End|RT:34_nt_each GTCGTGCCGGGCTTTgcgacaacggtttaggtgggtacgggtccccattccttatatagaaTTCCAACCAACACACAGGGAAGGGTAGGCTTTGCCTGGAGTCGTCCGACAGCACTTTAAAGAAGCGTAgacttcccgaatctcggtattatcccggtaagtgtggactatatttAATCCGTGGGCAGGC
PCA1:Start-660|CAD2.medium:661-End|RT:34_nt_each GTCGTGCCGGGCTTTgcgacaacggtttaggtgggtacgggtccccattccttatatagaaCATCGAATCAAGTGACTCTACACTCAAGAAAAGAAGGTGCAAAGTATCCAGACAGAAAATTGAAGTCTgacttcccgaatctcggtattatcccggtaagtgtggactatatttAATCCGTGGGCAGGC
PCA1:Start-774|CAD2.medium:775-End|RT:34_nt_each GTCGTGCCGGGCTTTgcgacaacggtttaggtgggtacgggtccccattccttatatagaaATCTCGTAGCTGTGAAAAGAGGACTTTTAAAGGTACTACCAATGTAGGTATTTCTGGTTCGTCATCCAgacttcccgaatctcggtattatcccggtaagtgtggactatatttAATCCGTGGGCAGGC
PCA1:Start-1032|CAD2.medium:1033-End|RT:34_nt_each GTCGTGCCGGGCTTTgcgacaacggtttaggtgggtacgggtccccattccttatatagaaCAACAGTTCTGGATGTTTAACAAAGAAAAAGACCTACGGTGATAAAGAAAGATTGAGTAATGACAATGgacttcccgaatctcggtattatcccggtaagtgtggactatatttAATCCGTGGGCAGGC
PCA1:Start-1188|CAD2.medium:1189-End|RT:34_nt_each GTCGTGCCGGGCTTTgcgacaacggtttaggtgggtacgggtccccattccttatatagaaTGAAATTTCAAGAATCGTATCAATGGAACCAATTGGCAACCATCTTAATCTTGAAGCAGGCTCAACAGgacttcccgaatctcggtattatcccggtaagtgtggactatatttAATCCGTGGGCAGGC
PCA1:Start-1257|CAD2.medium:1258-End|RT:34_nt_each GTCGTGCCGGGCTTTgcgacaacggtttaggtgggtacgggtccccattccttatatagaaTACCGAGCACATTGTTCTTAGTGTTTCAGGAATGACTTGTACTGGATGTGAGACCAAACTTAAGAAGAgacttcccgaatctcggtattatcccggtaagtgtggactatatttAATCCGTGGGCAGGC
PCA1:Start-1275|CAD2.medium:1276-End|RT:34_nt_each GTCGTGCCGGGCTTTgcgacaacggtttaggtgggtacgggtccccattccttatatagaaTAGTGTTTCAGGAATGTCCTGTACTGGTTGTGAAACCAAACTTAAGAAGAGCTTCGGGGCATTAAAATgacttcccgaatctcggtattatcccggtaagtgtggactatatttAATCCGTGGGCAGGC
PCA1:Start-1446|CAD2.medium:1447-End|RT:34_nt_each GTCGTGCCGGGCTTTgcgacaacggtttaggtgggtacgggtccccattccttatatagaaTACTGAATTCAAGTACGAACAGATTTCAAATCATGCGTCAACCATCGATGTTGTGGCTCCATATGCCGgacttcccgaatctcggtattatcccggtaagtgtggactatatttAATCCGTGGGCAGGC
PCA1:Start-1467|CAD2.medium:1468-End|RT:34_nt_each GTCGTGCCGGGCTTTgcgacaacggtttaggtgggtacgggtccccattccttatatagaaGATTTCAAATCATGGTTCAACTATAGATGTTGTTGCTCCATATGCCGCGAAAGATTTTATCAACGAAGgacttcccgaatctcggtattatcccggtaagtgtggactatatttAATCCGTGGGCAGGC
PCA1:Start-1545|CAD2.medium:1546-End|RT:34_nt_each GTCGTGCCGGGCTTTgcgacaacggtttaggtgggtacgggtccccattccttatatagaaAGGTGTCACAGAGCTGAAAATTGTTGAGAGAAATGTCATTAGGATCTACTTCGACCCAAAAGTTATAGgacttcccgaatctcggtattatcccggtaagtgtggactatatttAATCCGTGGGCAGGC
PCA1:Start-1770|CAD2.medium:1771-End|RT:34_nt_each GTCGTGCCGGGCTTTgcgacaacggtttaggtgggtacgggtccccattccttatatagaaTTGGGCTCCACAGCTTCGTGAAAAAATTTCCACTATGAGTGTCTCGATGGTCCTGGCGACAATTATACgacttcccgaatctcggtattatcccggtaagtgtggactatatttAATCCGTGGGCAGGC
PCA1:Start-1773|CAD2.medium:1774-End|RT:34_nt_each GTCGTGCCGGGCTTTgcgacaacggtttaggtgggtacgggtccccattccttatatagaaGGCTCCACAGCTTCGTGAAAAAATTTCCACTATCAGTGTCTCGATGGTCCTGGCGACAATTATACAGTgacttcccgaatctcggtattatcccggtaagtgtggactatatttAATCCGTGGGCAGGC
PCA1:Start-1944|CAD2.medium:1945-End|RT:34_nt_each GTCGTGCCGGGCTTTgcgacaacggtttaggtgggtacgggtccccattccttatatagaaCATATTTTCGATTGTATCATTTGGATATTTCGTTGCGGGCCACCCTCTCTCAACAGAGCAATTCTTTGgacttcccgaatctcggtattatcccggtaagtgtggactatatttAATCCGTGGGCAGGC
PCA1:Start-1947|CAD2.medium:1948-End|RT:34_nt_each GTCGTGCCGGGCTTTgcgacaacggtttaggtgggtacgggtccccattccttatatagaaATTTTCGATTGTATCATTTGGATATTTCGTTGTTGGCCACCCTCTCTCAACAGAGCAATTCTTTGAAAgacttcccgaatctcggtattatcccggtaagtgtggactatatttAATCCGTGGGCAGGC
PCA1:Start-2127|CAD2.medium:2128-End|RT:34_nt_each GTCGTGCCGGGCTTTgcgacaacggtttaggtgggtacgggtccccattccttatatagaaTCTGGTGGATAAAACTGGTAAAGAGACGGAAATTGACATTCGGTTGTTACAATATGGGGATATATTTAgacttcccgaatctcggtattatcccggtaagtgtggactatatttAATCCGTGGGCAGGC
PCA1:Start-2163|CAD2.medium:2164-End|RT:34_nt_each GTCGTGCCGGGCTTTgcgacaacggtttaggtgggtacgggtccccattccttatatagaaTATTAGACTTCTCCAATATGGCGATATTTTTAAGATATTACCAGACTCGCGAATTCCCACTGATGGTAgacttcccgaatctcggtattatcccggtaagtgtggactatatttAATCCGTGGGCAGGC
PCA1:Start-2505|CAD2.medium:2506-End|RT:34_nt_each GTCGTGCCGGGCTTTgcgacaacggtttaggtgggtacgggtccccattccttatatagaaCTTTTGCGTTTGGATAGCGGTTGGAATCCGTGTGCAAAAGCAGAGCAGATCCGATGCTGTCATTCAAGgacttcccgaatctcggtattatcccggtaagtgtggactatatttAATCCGTGGGCAGGC
PCA1:Start-2583|CAD2.medium:2584-End|RT:34_nt_each GTCGTGCCGGGCTTTgcgacaacggtttaggtgggtacgggtccccattccttatatagaaTGCCATTACGGTACTTATCGTTTCGTGTCCCTGCGCAATAGGACTAGCCGTCCCTATTGTCTTCGTAAgacttcccgaatctcggtattatcccggtaagtgtggactatatttAATCCGTGGGCAGGC
PCA1:Start-2907|CAD2.medium:2908-End|RT:34_nt_each GTCGTGCCGGGCTTTgcgacaacggtttaggtgggtacgggtccccattccttatatagaaAAATGTTTCTAATACAAAAGCTGTGACTGGTAAGGGCGTGGAAGGTACTTCTTATAGTGGCTTAAAACgacttcccgaatctcggtattatcccggtaagtgtggactatatttAATCCGTGGGCAGGC
PCA1:Start-3339|CAD2.medium:3340-End|RT:34_nt_each GTCGTGCCGGGCTTTgcgacaacggtttaggtgggtacgggtccccattccttatatagaaTGTTTTTTGCGGTGACGGAACAAACGACGCAATTGCCTTGACTCAAGCAACCATTGGCGTTCATATCAgacttcccgaatctcggtattatcccggtaagtgtggactatatttAATCCGTGGGCAGGC
PCA1:Start-3624|CAD2.medium:3625-End|RT:34_nt_each GTCGTGCCGGGCTTTgcgacaacggtttaggtgggtacgggtccccattccttatatagaaACTAGTTAGTATCCTCCCTGTAATTTTTGTAGCTACGCTTCTGAGATACGCTAAAGTCTAGTCCAGGTgacttcccgaatctcggtattatcccggtaagtgtggactatatttAATCCGTGGGCAGGC
PCA1:Start-3645|CAD2.medium:3646-End|RT:34_nt_each GTCGTGCCGGGCTTTgcgacaacggtttaggtgggtacgggtccccattccttatatagaaAATTTTTGTAGCTATACTTCTGCGTTATGCAAAGGTCTAGTCCAGGTACTGCTGCTATTTGATTGTAGgacttcccgaatctcggtattatcccggtaagtgtggactatatttAATCCGTGGGCAGGC
PCA1:Start-3648|CAD2.medium:3649-End|RT:34_nt_each GTCGTGCCGGGCTTTgcgacaacggtttaggtgggtacgggtccccattccttatatagaaTTTTGTAGCTATACTTCTGCGTTATGCAAAGATTTAGTCCAGGTACTGCTGCTATTTGATTGTAGATTgacttcccgaatctcggtattatcccggtaagtgtggactatatttAATCCGTGGGCAGGC
PCA1:Start-114|CAD2.medium:115-End|RT:40_nt_each GTCGTGCCGGGCTTTgcgacaacggtttaggtgggtacgggtccccattccttatATCAATAGATGCTATGCAAGATAATAGAGGCGAGTGTCATCTGCGTAGTATAGAAAGGCATGCTAATGATAATTTGGGTTccgaatctcggtattatcccggtaagtgtggactatatttAATCCGTGGGCAGGC
PCA1:Start-129|CAD2.medium:130-End|RT:40_nt_each GTCGTGCCGGGCTTTgcgacaacggtttaggtgggtacgggtccccattccttatGCAAGATAATAGAGGCGAGTGTCATCGTAGATCCATAGAAAGGCATGCTAATGATAATTTGGGTTTGGTGAGCCAACGTGccgaatctcggtattatcccggtaagtgtggactatatttAATCCGTGGGCAGGC
PCA1:Start-426|CAD2.medium:427-End|RT:40_nt_each GTCGTGCCGGGCTTTgcgacaacggtttaggtgggtacgggtccccattccttatTCAAACAGGTGGTGACCACACCAATGAATCCTGTGTTGATGAGTGTTGTGTTAGAGATTCTTCCGTTATGGTTGAAGAAGccgaatctcggtattatcccggtaagtgtggactatatttAATCCGTGGGCAGGC
PCA1:Start-465|CAD2.medium:466-End|RT:40_nt_each GTCGTGCCGGGCTTTgcgacaacggtttaggtgggtacgggtccccattccttatTGGATGCTGCGTTAGAGATTCTTCAGTGATGGTCGAGGAAGGAACTGGCTCCTGTGAGGCCGTGTCATCTAAGGAACAATccgaatctcggtattatcccggtaagtgtggactatatttAATCCGTGGGCAGGC
PCA1:Start-627|CAD2.medium:628-End|RT:40_nt_each GTCGTGCCGGGCTTTgcgacaacggtttaggtgggtacgggtccccattccttatTACCAATTCCAACCAACACACAGGGAAGGGTAGGCTTTGCCTGGAGTCGTCCGACAGCACTTTAAAGAAGCGTAGGTGCAccgaatctcggtattatcccggtaagtgtggactatatttAATCCGTGGGCAGGC
PCA1:Start-660|CAD2.medium:661-End|RT:40_nt_each GTCGTGCCGGGCTTTgcgacaacggtttaggtgggtacgggtccccattccttatGCTTTGCATCGAATCAAGTGACTCTACACTCAAGAAAAGAAGGTGCAAAGTATCCAGACAGAAAATTGAAGTCTCCAGTAccgaatctcggtattatcccggtaagtgtggactatatttAATCCGTGGGCAGGC
PCA1:Start-774|CAD2.medium:775-End|RT:40_nt_each GTCGTGCCGGGCTTTgcgacaacggtttaggtgggtacgggtccccattccttatGATTGCATCTCGTAGCTGTGAAAAGAGGACTTTTAAAGGTACTACCAATGTAGGTATTTCTGGTTCGTCATCCACCGATTccgaatctcggtattatcccggtaagtgtggactatatttAATCCGTGGGCAGGC
PCA1:Start-1032|CAD2.medium:1033-End|RT:40_nt_each GTCGTGCCGGGCTTTgcgacaacggtttaggtgggtacgggtccccattccttatCTACCGCAACAGTTCTGGATGTTTAACAAAGAAAAAGACCTACGGTGATAAAGAAAGATTGAGTAATGACAATGGACACGccgaatctcggtattatcccggtaagtgtggactatatttAATCCGTGGGCAGGC
PCA1:Start-1188|CAD2.medium:1189-End|RT:40_nt_each GTCGTGCCGGGCTTTgcgacaacggtttaggtgggtacgggtccccattccttatTTCGAGTGAAATTTCAAGAATCGTATCAATGGAACCAATTGGCAACCATCTTAATCTTGAAGCAGGCTCAACAGGTACTGccgaatctcggtattatcccggtaagtgtggactatatttAATCCGTGGGCAGGC
PCA1:Start-1257|CAD2.medium:1258-End|RT:40_nt_each GTCGTGCCGGGCTTTgcgacaacggtttaggtgggtacgggtccccattccttatTACCGGTACCGAGCACATTGTTCTTAGTGTTTCAGGAATGACTTGTACTGGATGTGAGACCAAACTTAAGAAGAGCTTCGccgaatctcggtattatcccggtaagtgtggactatatttAATCCGTGGGCAGGC
PCA1:Start-1275|CAD2.medium:1276-End|RT:40_nt_each GTCGTGCCGGGCTTTgcgacaacggtttaggtgggtacgggtccccattccttatTGTTCTTAGTGTTTCAGGAATGTCCTGTACTGGTTGTGAAACCAAACTTAAGAAGAGCTTCGGGGCATTAAAATGTGTCCccgaatctcggtattatcccggtaagtgtggactatatttAATCCGTGGGCAGGC
PCA1:Start-1446|CAD2.medium:1447-End|RT:40_nt_each GTCGTGCCGGGCTTTgcgacaacggtttaggtgggtacgggtccccattccttatCAAAACTACTGAATTCAAGTACGAACAGATTTCAAATCATGCGTCAACCATCGATGTTGTGGCTCCATATGCCGCGAAAGccgaatctcggtattatcccggtaagtgtggactatatttAATCCGTGGGCAGGC
PCA1:Start-1467|CAD2.medium:1468-End|RT:40_nt_each GTCGTGCCGGGCTTTgcgacaacggtttaggtgggtacgggtccccattccttatCGAACAGATTTCAAATCATGGTTCAACTATAGATGTTGTTGCTCCATATGCCGCGAAAGATTTTATCAACGAAGAATGGCccgaatctcggtattatcccggtaagtgtggactatatttAATCCGTGGGCAGGC
PCA1:Start-1545|CAD2.medium:1546-End|RT:40_nt_each GTCGTGCCGGGCTTTgcgacaacggtttaggtgggtacgggtccccattccttatGCCACAAGGTGTCACAGAGCTGAAAATTGTTGAGAGAAATGTCATTAGGATCTACTTCGACCCAAAAGTTATAGGCGCCCccgaatctcggtattatcccggtaagtgtggactatatttAATCCGTGGGCAGGC
PCA1:Start-1770|CAD2.medium:1771-End|RT:40_nt_each GTCGTGCCGGGCTTTgcgacaacggtttaggtgggtacgggtccccattccttatGATGGCTTGGGCTCCACAGCTTCGTGAAAAAATTTCCACTATGAGTGTCTCGATGGTCCTGGCGACAATTATACAGTTTGccgaatctcggtattatcccggtaagtgtggactatatttAATCCGTGGGCAGGC
PCA1:Start-1773|CAD2.medium:1774-End|RT:40_nt_each GTCGTGCCGGGCTTTgcgacaacggtttaggtgggtacgggtccccattccttatGGCTTGGGCTCCACAGCTTCGTGAAAAAATTTCCACTATCAGTGTCTCGATGGTCCTGGCGACAATTATACAGTTTGTGAccgaatctcggtattatcccggtaagtgtggactatatttAATCCGTGGGCAGGC
PCA1:Start-1944|CAD2.medium:1945-End|RT:40_nt_each GTCGTGCCGGGCTTTgcgacaacggtttaggtgggtacgggtccccattccttatTGCCTACATATTTTCGATTGTATCATTTGGATATTTCGTTGCGGGCCACCCTCTCTCAACAGAGCAATTCTTTGAAACGTccgaatctcggtattatcccggtaagtgtggactatatttAATCCGTGGGCAGGC
PCA1:Start-1947|CAD2.medium:1948-End|RT:40_nt_each GTCGTGCCGGGCTTTgcgacaacggtttaggtgggtacgggtccccattccttatCTACATATTTTCGATTGTATCATTTGGATATTTCGTTGTTGGCCACCCTCTCTCAACAGAGCAATTCTTTGAAACGTCCTccgaatctcggtattatcccggtaagtgtggactatatttAATCCGTGGGCAGGC
PCA1:Start-2127|CAD2.medium:2128-End|RT:40_nt_each GTCGTGCCGGGCTTTgcgacaacggtttaggtgggtacgggtccccattccttatTGCTATTCTGGTGGATAAAACTGGTAAAGAGACGGAAATTGACATTCGGTTGTTACAATATGGGGATATATTTAAAATATccgaatctcggtattatcccggtaagtgtggactatatttAATCCGTGGGCAGGC
PCA1:Start-2163|CAD2.medium:2164-End|RT:40_nt_each GTCGTGCCGGGCTTTgcgacaacggtttaggtgggtacgggtccccattccttatAATTAATATTAGACTTCTCCAATATGGCGATATTTTTAAGATATTACCAGACTCGCGAATTCCCACTGATGGTACTGTTAccgaatctcggtattatcccggtaagtgtggactatatttAATCCGTGGGCAGGC
PCA1:Start-2505|CAD2.medium:2506-End|RT:40_nt_each GTCGTGCCGGGCTTTgcgacaacggtttaggtgggtacgggtccccattccttatCGTCACCTTTTGCGTTTGGATAGCGGTTGGAATCCGTGTGCAAAAGCAGAGCAGATCCGATGCTGTCATTCAAGCTATAAccgaatctcggtattatcccggtaagtgtggactatatttAATCCGTGGGCAGGC
PCA1:Start-2583|CAD2.medium:2584-End|RT:40_nt_each GTCGTGCCGGGCTTTgcgacaacggtttaggtgggtacgggtccccattccttatTATATATGCCATTACGGTACTTATCGTTTCGTGTCCCTGCGCAATAGGACTAGCCGTCCCTATTGTCTTCGTAATCGCAAccgaatctcggtattatcccggtaagtgtggactatatttAATCCGTGGGCAGGC
PCA1:Start-2907|CAD2.medium:2908-End|RT:40_nt_each GTCGTGCCGGGCTTTgcgacaacggtttaggtgggtacgggtccccattccttatTGCTCAAAATGTTTCTAATACAAAAGCTGTGACTGGTAAGGGCGTGGAAGGTACTTCTTATAGTGGCTTAAAACTGCAAGccgaatctcggtattatcccggtaagtgtggactatatttAATCCGTGGGCAGGC
PCA1:Start-3339|CAD2.medium:3340-End|RT:40_nt_each GTCGTGCCGGGCTTTgcgacaacggtttaggtgggtacgggtccccattccttatGGTTGTTGTTTTTTGCGGTGACGGAACAAACGACGCAATTGCCTTGACTCAAGCAACCATTGGCGTTCATATCAATGAGGccgaatctcggtattatcccggtaagtgtggactatatttAATCCGTGGGCAGGC
PCA1:Start-3624|CAD2.medium:3625-End|RT:40_nt_each GTCGTGCCGGGCTTTgcgacaacggtttaggtgggtacgggtccccattccttatAGGGGAACTAGTTAGTATCCTCCCTGTAATTTTTGTAGCTACGCTTCTGAGATACGCTAAAGTCTAGTCCAGGTACTGCTccgaatctcggtattatcccggtaagtgtggactatatttAATCCGTGGGCAGGC
PCA1:Start-3645|CAD2.medium:3646-End|RT:40_nt_each GTCGTGCCGGGCTTTgcgacaacggtttaggtgggtacgggtccccattccttatCCCTGTAATTTTTGTAGCTATACTTCTGCGTTATGCAAAGGTCTAGTCCAGGTACTGCTGCTATTTGATTGTAGATTTTCccgaatctcggtattatcccggtaagtgtggactatatttAATCCGTGGGCAGGC
PCA1:Start-3648|CAD2.medium:3649-End|RT:40_nt_each GTCGTGCCGGGCTTTgcgacaacggtttaggtgggtacgggtccccattccttatTGTAATTTTTGTAGCTATACTTCTGCGTTATGCAAAGATTTAGTCCAGGTACTGCTGCTATTTGATTGTAGATTTTCTTTccgaatctcggtattatcccggtaagtgtggactatatttAATCCGTGGGCAGGC
PCA1:Start-114|CAD2.medium:115-End|RT:47_nt_each GTCGTGCCGGGCTTTgcgacaacggtttaggtgggtacgggtccccatAGAACATATCAATAGATGCTATGCAAGATAATAGAGGCGAGTGTCATCTGCGTAGTATAGAAAGGCATGCTAATGATAATTTGGGTTTGGTGAGtcggtattatcccggtaagtgtggactatatttAATCCGTGGGCAGGC
PCA1:Start-129|CAD2.medium:130-End|RT:47_nt_each GTCGTGCCGGGCTTTgcgacaacggtttaggtgggtacgggtccccatATGCTATGCAAGATAATAGAGGCGAGTGTCATCGTAGATCCATAGAAAGGCATGCTAATGATAATTTGGGTTTGGTGAGCCAACGTGACTGTACtcggtattatcccggtaagtgtggactatatttAATCCGTGGGCAGGC
PCA1:Start-426|CAD2.medium:427-End|RT:47_nt_each GTCGTGCCGGGCTTTgcgacaacggtttaggtgggtacgggtccccatGCGATGCTCAAACAGGTGGTGACCACACCAATGAATCCTGTGTTGATGAGTGTTGTGTTAGAGATTCTTCCGTTATGGTTGAAGAAGGAACTGGtcggtattatcccggtaagtgtggactatatttAATCCGTGGGCAGGC
PCA1:Start-465|CAD2.medium:466-End|RT:47_nt_each GTCGTGCCGGGCTTTgcgacaacggtttaggtgggtacgggtccccatGTGTTGATGGATGCTGCGTTAGAGATTCTTCAGTGATGGTCGAGGAAGGAACTGGCTCCTGTGAGGCCGTGTCATCTAAGGAACAATTGCTCACtcggtattatcccggtaagtgtggactatatttAATCCGTGGGCAGGC
PCA1:Start-627|CAD2.medium:628-End|RT:47_nt_each GTCGTGCCGGGCTTTgcgacaacggtttaggtgggtacgggtccccatGCTGCAATACCAATTCCAACCAACACACAGGGAAGGGTAGGCTTTGCCTGGAGTCGTCCGACAGCACTTTAAAGAAGCGTAGGTGCAAAGTATCtcggtattatcccggtaagtgtggactatatttAATCCGTGGGCAGGC
PCA1:Start-660|CAD2.medium:661-End|RT:47_nt_each GTCGTGCCGGGCTTTgcgacaacggtttaggtgggtacgggtccccatAGGGTAGGCTTTGCATCGAATCAAGTGACTCTACACTCAAGAAAAGAAGGTGCAAAGTATCCAGACAGAAAATTGAAGTCTCCAGTAAGCCAGAtcggtattatcccggtaagtgtggactatatttAATCCGTGGGCAGGC
PCA1:Start-774|CAD2.medium:775-End|RT:47_nt_each GTCGTGCCGGGCTTTgcgacaacggtttaggtgggtacgggtccccatTTGAGCGGATTGCATCTCGTAGCTGTGAAAAGAGGACTTTTAAAGGTACTACCAATGTAGGTATTTCTGGTTCGTCATCCACCGATTCTTTATCtcggtattatcccggtaagtgtggactatatttAATCCGTGGGCAGGC
PCA1:Start-1032|CAD2.medium:1033-End|RT:47_nt_each GTCGTGCCGGGCTTTgcgacaacggtttaggtgggtacgggtccccatAATACTCCTACCGCAACAGTTCTGGATGTTTAACAAAGAAAAAGACCTACGGTGATAAAGAAAGATTGAGTAATGACAATGGACACGCGGACTTtcggtattatcccggtaagtgtggactatatttAATCCGTGGGCAGGC
PCA1:Start-1188|CAD2.medium:1189-End|RT:47_nt_each GTCGTGCCGGGCTTTgcgacaacggtttaggtgggtacgggtccccatGACACTCTTCGAGTGAAATTTCAAGAATCGTATCAATGGAACCAATTGGCAACCATCTTAATCTTGAAGCAGGCTCAACAGGTACTGAACATATtcggtattatcccggtaagtgtggactatatttAATCCGTGGGCAGGC
PCA1:Start-1257|CAD2.medium:1258-End|RT:47_nt_each GTCGTGCCGGGCTTTgcgacaacggtttaggtgggtacgggtccccatCAGGATCTACCGGTACCGAGCACATTGTTCTTAGTGTTTCAGGAATGACTTGTACTGGATGTGAGACCAAACTTAAGAAGAGCTTCGGGGCATTtcggtattatcccggtaagtgtggactatatttAATCCGTGGGCAGGC
PCA1:Start-1275|CAD2.medium:1276-End|RT:47_nt_each GTCGTGCCGGGCTTTgcgacaacggtttaggtgggtacgggtccccatAGCACATTGTTCTTAGTGTTTCAGGAATGTCCTGTACTGGTTGTGAAACCAAACTTAAGAAGAGCTTCGGGGCATTAAAATGTGTCCACGGTCTtcggtattatcccggtaagtgtggactatatttAATCCGTGGGCAGGC
PCA1:Start-1446|CAD2.medium:1447-End|RT:47_nt_each GTCGTGCCGGGCTTTgcgacaacggtttaggtgggtacgggtccccatACTTGAGCAAAACTACTGAATTCAAGTACGAACAGATTTCAAATCATGCGTCAACCATCGATGTTGTGGCTCCATATGCCGCGAAAGATTTTATtcggtattatcccggtaagtgtggactatatttAATCCGTGGGCAGGC
PCA1:Start-1467|CAD2.medium:1468-End|RT:47_nt_each GTCGTGCCGGGCTTTgcgacaacggtttaggtgggtacgggtccccatTCAAGTACGAACAGATTTCAAATCATGGTTCAACTATAGATGTTGTTGCTCCATATGCCGCGAAAGATTTTATCAACGAAGAATGGCCACAGGGtcggtattatcccggtaagtgtggactatatttAATCCGTGGGCAGGC
PCA1:Start-1545|CAD2.medium:1546-End|RT:47_nt_each GTCGTGCCGGGCTTTgcgacaacggtttaggtgggtacgggtccccatAGGAATGGCCACAAGGTGTCACAGAGCTGAAAATTGTTGAGAGAAATGTCATTAGGATCTACTTCGACCCAAAAGTTATAGGCGCCCGCGATTTtcggtattatcccggtaagtgtggactatatttAATCCGTGGGCAGGC
PCA1:Start-1770|CAD2.medium:1771-End|RT:47_nt_each GTCGTGCCGGGCTTTgcgacaacggtttaggtgggtacgggtccccatTTCTCGTGATGGCTTGGGCTCCACAGCTTCGTGAAAAAATTTCCACTATGAGTGTCTCGATGGTCCTGGCGACAATTATACAGTTTGTGATAGCtcggtattatcccggtaagtgtggactatatttAATCCGTGGGCAGGC
PCA1:Start-1773|CAD2.medium:1774-End|RT:47_nt_each GTCGTGCCGGGCTTTgcgacaacggtttaggtgggtacgggtccccatTCGTGATGGCTTGGGCTCCACAGCTTCGTGAAAAAATTTCCACTATCAGTGTCTCGATGGTCCTGGCGACAATTATACAGTTTGTGATAGCAGGtcggtattatcccggtaagtgtggactatatttAATCCGTGGGCAGGC
PCA1:Start-1944|CAD2.medium:1945-End|RT:47_nt_each GTCGTGCCGGGCTTTgcgacaacggtttaggtgggtacgggtccccatCTAGCGCTGCCTACATATTTTCGATTGTATCATTTGGATATTTCGTTGCGGGCCACCCTCTCTCAACAGAGCAATTCTTTGAAACGTCCTCACTtcggtattatcccggtaagtgtggactatatttAATCCGTGGGCAGGC
PCA1:Start-1947|CAD2.medium:1948-End|RT:47_nt_each GTCGTGCCGGGCTTTgcgacaacggtttaggtgggtacgggtccccatGCGCTGCCTACATATTTTCGATTGTATCATTTGGATATTTCGTTGTTGGCCACCCTCTCTCAACAGAGCAATTCTTTGAAACGTCCTCACTGTTtcggtattatcccggtaagtgtggactatatttAATCCGTGGGCAGGC
PCA1:Start-2127|CAD2.medium:2128-End|RT:47_nt_each GTCGTGCCGGGCTTTgcgacaacggtttaggtgggtacgggtccccatCCTCTTCTGCTATTCTGGTGGATAAAACTGGTAAAGAGACGGAAATTGACATTCGGTTGTTACAATATGGGGATATATTTAAAATATTACCAGAtcggtattatcccggtaagtgtggactatatttAATCCGTGGGCAGGC
PCA1:Start-2163|CAD2.medium:2164-End|RT:47_nt_each GTCGTGCCGGGCTTTgcgacaacggtttaggtgggtacgggtccccatAGACGGAAATTAATATTAGACTTCTCCAATATGGCGATATTTTTAAGATATTACCAGACTCGCGAATTCCCACTGATGGTACTGTTATATCGGGtcggtattatcccggtaagtgtggactatatttAATCCGTGGGCAGGC
PCA1:Start-2505|CAD2.medium:2506-End|RT:47_nt_each GTCGTGCCGGGCTTTgcgacaacggtttaggtgggtacgggtccccatTCACTGTCGTCACCTTTTGCGTTTGGATAGCGGTTGGAATCCGTGTGCAAAAGCAGAGCAGATCCGATGCTGTCATTCAAGCTATAATTTACGCtcggtattatcccggtaagtgtggactatatttAATCCGTGGGCAGGC
PCA1:Start-2583|CAD2.medium:2584-End|RT:47_nt_each GTCGTGCCGGGCTTTgcgacaacggtttaggtgggtacgggtccccatAGGCCATTATATATGCCATTACGGTACTTATCGTTTCGTGTCCCTGCGCAATAGGACTAGCCGTCCCTATTGTCTTCGTAATCGCAAGCGGAGTtcggtattatcccggtaagtgtggactatatttAATCCGTGGGCAGGC
PCA1:Start-2907|CAD2.medium:2908-End|RT:47_nt_each GTCGTGCCGGGCTTTgcgacaacggtttaggtgggtacgggtccccatGTGTTTCTGCTCAAAATGTTTCTAATACAAAAGCTGTGACTGGTAAGGGCGTGGAAGGTACTTCTTATAGTGGCTTAAAACTGCAAGGCGGTAAtcggtattatcccggtaagtgtggactatatttAATCCGTGGGCAGGC
PCA1:Start-3339|CAD2.medium:3340-End|RT:47_nt_each GTCGTGCCGGGCTTTgcgacaacggtttaggtgggtacgggtccccatAAAGACCGGTTGTTGTTTTTTGCGGTGACGGAACAAACGACGCAATTGCCTTGACTCAAGCAACCATTGGCGTTCATATCAATGAGGGGTCTGAtcggtattatcccggtaagtgtggactatatttAATCCGTGGGCAGGC
PCA1:Start-3624|CAD2.medium:3625-End|RT:47_nt_each GTCGTGCCGGGCTTTgcgacaacggtttaggtgggtacgggtccccatCGGGTTTAGGGGAACTAGTTAGTATCCTCCCTGTAATTTTTGTAGCTACGCTTCTGAGATACGCTAAAGTCTAGTCCAGGTACTGCTGCTATTTtcggtattatcccggtaagtgtggactatatttAATCCGTGGGCAGGC
PCA1:Start-3645|CAD2.medium:3646-End|RT:47_nt_each GTCGTGCCGGGCTTTgcgacaacggtttaggtgggtacgggtccccatGTATCCTCCCTGTAATTTTTGTAGCTATACTTCTGCGTTATGCAAAGGTCTAGTCCAGGTACTGCTGCTATTTGATTGTAGATTTTCTTTTTTCtcggtattatcccggtaagtgtggactatatttAATCCGTGGGCAGGC
PCA1:Start-3648|CAD2.medium:3649-End|RT:47_nt_each GTCGTGCCGGGCTTTgcgacaacggtttaggtgggtacgggtccccatTCCTCCCTGTAATTTTTGTAGCTATACTTCTGCGTTATGCAAAGATTTAGTCCAGGTACTGCTGCTATTTGATTGTAGATTTTCTTTTTTCTTTtcggtattatcccggtaagtgtggactatatttAATCCGTGGGCAGGC
PCA1:Start-114|CAD2.medium:115-End|RT:55_nt_each GTCGTGCCGGGCTTTgcgacaacggtttaggtgggtacggAAATAGCGAGAACATATCAATAGATGCTATGCAAGATAATAGAGGCGAGTGTCATCTGCGTAGTATAGAAAGGCATGCTAATGATAATTTGGGTTTGGTGAGCCAACGTGatcccggtaagtgtggactatatttAATCCGTGGGCAGGC
PCA1:Start-129|CAD2.medium:130-End|RT:55_nt_each GTCGTGCCGGGCTTTgcgacaacggtttaggtgggtacggATCAATAGATGCTATGCAAGATAATAGAGGCGAGTGTCATCGTAGATCCATAGAAAGGCATGCTAATGATAATTTGGGTTTGGTGAGCCAACGTGACTGTACAAACCGCCatcccggtaagtgtggactatatttAATCCGTGGGCAGGC
PCA1:Start-426|CAD2.medium:427-End|RT:55_nt_each GTCGTGCCGGGCTTTgcgacaacggtttaggtgggtacggCTGTTGCGGCGATGCTCAAACAGGTGGTGACCACACCAATGAATCCTGTGTTGATGAGTGTTGTGTTAGAGATTCTTCCGTTATGGTTGAAGAAGGAACTGGCTCCTGTGatcccggtaagtgtggactatatttAATCCGTGGGCAGGC
PCA1:Start-465|CAD2.medium:466-End|RT:55_nt_each GTCGTGCCGGGCTTTgcgacaacggtttaggtgggtacggTGAATCCTGTGTTGATGGATGCTGCGTTAGAGATTCTTCAGTGATGGTCGAGGAAGGAACTGGCTCCTGTGAGGCCGTGTCATCTAAGGAACAATTGCTCACAAGTTTTGatcccggtaagtgtggactatatttAATCCGTGGGCAGGC
PCA1:Start-627|CAD2.medium:628-End|RT:55_nt_each GTCGTGCCGGGCTTTgcgacaacggtttaggtgggtacggGACAACTCGCTGCAATACCAATTCCAACCAACACACAGGGAAGGGTAGGCTTTGCCTGGAGTCGTCCGACAGCACTTTAAAGAAGCGTAGGTGCAAAGTATCCAGACAGAatcccggtaagtgtggactatatttAATCCGTGGGCAGGC
PCA1:Start-660|CAD2.medium:661-End|RT:55_nt_each GTCGTGCCGGGCTTTgcgacaacggtttaggtgggtacggCACAGGGAAGGGTAGGCTTTGCATCGAATCAAGTGACTCTACACTCAAGAAAAGAAGGTGCAAAGTATCCAGACAGAAAATTGAAGTCTCCAGTAAGCCAGAATGCTGCAatcccggtaagtgtggactatatttAATCCGTGGGCAGGC
PCA1:Start-774|CAD2.medium:775-End|RT:55_nt_each GTCGTGCCGGGCTTTgcgacaacggtttaggtgggtacggTTCATGTGTTGAGCGGATTGCATCTCGTAGCTGTGAAAAGAGGACTTTTAAAGGTACTACCAATGTAGGTATTTCTGGTTCGTCATCCACCGATTCTTTATCGGAAAAGTatcccggtaagtgtggactatatttAATCCGTGGGCAGGC
PCA1:Start-1032|CAD2.medium:1033-End|RT:55_nt_each GTCGTGCCGGGCTTTgcgacaacggtttaggtgggtacggAAAGACAAAATACTCCTACCGCAACAGTTCTGGATGTTTAACAAAGAAAAAGACCTACGGTGATAAAGAAAGATTGAGTAATGACAATGGACACGCGGACTTTGTTTGCAatcccggtaagtgtggactatatttAATCCGTGGGCAGGC
PCA1:Start-1188|CAD2.medium:1189-End|RT:55_nt_each GTCGTGCCGGGCTTTgcgacaacggtttaggtgggtacggTATTTCTGGACACTCTTCGAGTGAAATTTCAAGAATCGTATCAATGGAACCAATTGGCAACCATCTTAATCTTGAAGCAGGCTCAACAGGTACTGAACATATAGTTTTATatcccggtaagtgtggactatatttAATCCGTGGGCAGGC
PCA1:Start-1257|CAD2.medium:1258-End|RT:55_nt_each GTCGTGCCGGGCTTTgcgacaacggtttaggtgggtacggTCTTGAGGCAGGATCTACCGGTACCGAGCACATTGTTCTTAGTGTTTCAGGAATGACTTGTACTGGATGTGAGACCAAACTTAAGAAGAGCTTCGGGGCATTAAAATGTGatcccggtaagtgtggactatatttAATCCGTGGGCAGGC
PCA1:Start-1275|CAD2.medium:1276-End|RT:55_nt_each GTCGTGCCGGGCTTTgcgacaacggtttaggtgggtacggCGGTACCGAGCACATTGTTCTTAGTGTTTCAGGAATGTCCTGTACTGGTTGTGAAACCAAACTTAAGAAGAGCTTCGGGGCATTAAAATGTGTCCACGGTCTAAAGACATatcccggtaagtgtggactatatttAATCCGTGGGCAGGC
PCA1:Start-1446|CAD2.medium:1447-End|RT:55_nt_each GTCGTGCCGGGCTTTgcgacaacggtttaggtgggtacggTATCAAGCACTTGAGCAAAACTACTGAATTCAAGTACGAACAGATTTCAAATCATGCGTCAACCATCGATGTTGTGGCTCCATATGCCGCGAAAGATTTTATCAACGAAGatcccggtaagtgtggactatatttAATCCGTGGGCAGGC
PCA1:Start-1467|CAD2.medium:1468-End|RT:55_nt_each GTCGTGCCGGGCTTTgcgacaacggtttaggtgggtacggTACTGAATTCAAGTACGAACAGATTTCAAATCATGGTTCAACTATAGATGTTGTTGCTCCATATGCCGCGAAAGATTTTATCAACGAAGAATGGCCACAGGGCGTGACGGatcccggtaagtgtggactatatttAATCCGTGGGCAGGC
PCA1:Start-1545|CAD2.medium:1546-End|RT:55_nt_each GTCGTGCCGGGCTTTgcgacaacggtttaggtgggtacggTATTAATGAGGAATGGCCACAAGGTGTCACAGAGCTGAAAATTGTTGAGAGAAATGTCATTAGGATCTACTTCGACCCAAAAGTTATAGGCGCCCGCGATTTGGTTAATGatcccggtaagtgtggactatatttAATCCGTGGGCAGGC
PCA1:Start-1770|CAD2.medium:1771-End|RT:55_nt_each GTCGTGCCGGGCTTTgcgacaacggtttaggtgggtacggGATCCCGATTCTCGTGATGGCTTGGGCTCCACAGCTTCGTGAAAAAATTTCCACTATGAGTGTCTCGATGGTCCTGGCGACAATTATACAGTTTGTGATAGCAGGTCCCTatcccggtaagtgtggactatatttAATCCGTGGGCAGGC
PCA1:Start-1773|CAD2.medium:1774-End|RT:55_nt_each GTCGTGCCGGGCTTTgcgacaacggtttaggtgggtacggCCCGATTCTCGTGATGGCTTGGGCTCCACAGCTTCGTGAAAAAATTTCCACTATCAGTGTCTCGATGGTCCTGGCGACAATTATACAGTTTGTGATAGCAGGTCCCTTTTatcccggtaagtgtggactatatttAATCCGTGGGCAGGC
PCA1:Start-1944|CAD2.medium:1945-End|RT:55_nt_each GTCGTGCCGGGCTTTgcgacaacggtttaggtgggtacggTTTAAGCACTAGCGCTGCCTACATATTTTCGATTGTATCATTTGGATATTTCGTTGCGGGCCACCCTCTCTCAACAGAGCAATTCTTTGAAACGTCCTCACTGTTGGTGAatcccggtaagtgtggactatatttAATCCGTGGGCAGGC
PCA1:Start-1947|CAD2.medium:1948-End|RT:55_nt_each GTCGTGCCGGGCTTTgcgacaacggtttaggtgggtacggAAGCACTAGCGCTGCCTACATATTTTCGATTGTATCATTTGGATATTTCGTTGTTGGCCACCCTCTCTCAACAGAGCAATTCTTTGAAACGTCCTCACTGTTGGTGACACatcccggtaagtgtggactatatttAATCCGTGGGCAGGC
PCA1:Start-2127|CAD2.medium:2128-End|RT:55_nt_each GTCGTGCCGGGCTTTgcgacaacggtttaggtgggtacggCTTACAGGCCTCTTCTGCTATTCTGGTGGATAAAACTGGTAAAGAGACGGAAATTGACATTCGGTTGTTACAATATGGGGATATATTTAAAATATTACCAGACTCGCGAAatcccggtaagtgtggactatatttAATCCGTGGGCAGGC
PCA1:Start-2163|CAD2.medium:2164-End|RT:55_nt_each GTCGTGCCGGGCTTTgcgacaacggtttaggtgggtacggTGGTAAAGAGACGGAAATTAATATTAGACTTCTCCAATATGGCGATATTTTTAAGATATTACCAGACTCGCGAATTCCCACTGATGGTACTGTTATATCGGGCTCTTCTGatcccggtaagtgtggactatatttAATCCGTGGGCAGGC
PCA1:Start-2505|CAD2.medium:2506-End|RT:55_nt_each GTCGTGCCGGGCTTTgcgacaacggtttaggtgggtacggCATTGGAATCACTGTCGTCACCTTTTGCGTTTGGATAGCGGTTGGAATCCGTGTGCAAAAGCAGAGCAGATCCGATGCTGTCATTCAAGCTATAATTTACGCTATAACAGatcccggtaagtgtggactatatttAATCCGTGGGCAGGC
PCA1:Start-2583|CAD2.medium:2584-End|RT:55_nt_each GTCGTGCCGGGCTTTgcgacaacggtttaggtgggtacggCGTAATTCAGGCCATTATATATGCCATTACGGTACTTATCGTTTCGTGTCCCTGCGCAATAGGACTAGCCGTCCCTATTGTCTTCGTAATCGCAAGCGGAGTTGCCGCCAatcccggtaagtgtggactatatttAATCCGTGGGCAGGC
PCA1:Start-2907|CAD2.medium:2908-End|RT:55_nt_each GTCGTGCCGGGCTTTgcgacaacggtttaggtgggtacggAGAAAAAGGTGTTTCTGCTCAAAATGTTTCTAATACAAAAGCTGTGACTGGTAAGGGCGTGGAAGGTACTTCTTATAGTGGCTTAAAACTGCAAGGCGGTAATTGTAGGTatcccggtaagtgtggactatatttAATCCGTGGGCAGGC
PCA1:Start-3339|CAD2.medium:3340-End|RT:55_nt_each GTCGTGCCGGGCTTTgcgacaacggtttaggtgggtacggGCAGTCAAAAAGACCGGTTGTTGTTTTTTGCGGTGACGGAACAAACGACGCAATTGCCTTGACTCAAGCAACCATTGGCGTTCATATCAATGAGGGGTCTGAAGTTGCTAatcccggtaagtgtggactatatttAATCCGTGGGCAGGC
PCA1:Start-3624|CAD2.medium:3625-End|RT:55_nt_each GTCGTGCCGGGCTTTgcgacaacggtttaggtgggtacggAGAGTATGCGGGTTTAGGGGAACTAGTTAGTATCCTCCCTGTAATTTTTGTAGCTACGCTTCTGAGATACGCTAAAGTCTAGTCCAGGTACTGCTGCTATTTGATTGTAGatcccggtaagtgtggactatatttAATCCGTGGGCAGGC
PCA1:Start-3645|CAD2.medium:3646-End|RT:55_nt_each GTCGTGCCGGGCTTTgcgacaacggtttaggtgggtacggACTAGTTAGTATCCTCCCTGTAATTTTTGTAGCTATACTTCTGCGTTATGCAAAGGTCTAGTCCAGGTACTGCTGCTATTTGATTGTAGATTTTCTTTTTTCTTTTCTTTatcccggtaagtgtggactatatttAATCCGTGGGCAGGC
PCA1:Start-3648|CAD2.medium:3649-End|RT:55_nt_each GTCGTGCCGGGCTTTgcgacaacggtttaggtgggtacggAGTTAGTATCCTCCCTGTAATTTTTGTAGCTATACTTCTGCGTTATGCAAAGATTTAGTCCAGGTACTGCTGCTATTTGATTGTAGATTTTCTTTTTTCTTTTCTTTTTTatcccggtaagtgtggactatatttAATCCGTGGGCAGGC
PCA1:Start-114|CAD2.medium:115-End|RT:64_nt_each GTCGTGCCGGGCTTTgcgacaacggtttaggTGGAGTGGTAAATAGCGAGAACATATCAATAGATGCTATGCAAGATAATAGAGGCGAGTGTCATCTGCGTAGTATAGAAAGGCATGCTAATGATAATTTGGGTTTGGTGAGCCAACGTGACTGTACAAagtgtggactatatttAATCCGTGGGCAGGC
PCA1:Start-129|CAD2.medium:130-End|RT:64_nt_each GTCGTGCCGGGCTTTgcgacaacggtttaggCGAGAACATATCAATAGATGCTATGCAAGATAATAGAGGCGAGTGTCATCGTAGATCCATAGAAAGGCATGCTAATGATAATTTGGGTTTGGTGAGCCAACGTGACTGTACAAACCGCCCTAAAATTAagtgtggactatatttAATCCGTGGGCAGGC
PCA1:Start-426|CAD2.medium:427-End|RT:64_nt_each GTCGTGCCGGGCTTTgcgacaacggtttaggTGTGGACAGCTGTTGCGGCGATGCTCAAACAGGTGGTGACCACACCAATGAATCCTGTGTTGATGAGTGTTGTGTTAGAGATTCTTCCGTTATGGTTGAAGAAGGAACTGGCTCCTGTGAGGCCGTGTagtgtggactatatttAATCCGTGGGCAGGC
PCA1:Start-465|CAD2.medium:466-End|RT:64_nt_each GTCGTGCCGGGCTTTgcgacaacggtttaggCCACACCAATGAATCCTGTGTTGATGGATGCTGCGTTAGAGATTCTTCAGTGATGGTCGAGGAAGGAACTGGCTCCTGTGAGGCCGTGTCATCTAAGGAACAATTGCTCACAAGTTTTGAAGTTGTTCagtgtggactatatttAATCCGTGGGCAGGC
PCA1:Start-627|CAD2.medium:628-End|RT:64_nt_each GTCGTGCCGGGCTTTgcgacaacggtttaggTATTAGAGAGACAACTCGCTGCAATACCAATTCCAACCAACACACAGGGAAGGGTAGGCTTTGCCTGGAGTCGTCCGACAGCACTTTAAAGAAGCGTAGGTGCAAAGTATCCAGACAGAAAATTGAAGagtgtggactatatttAATCCGTGGGCAGGC
PCA1:Start-660|CAD2.medium:661-End|RT:64_nt_each GTCGTGCCGGGCTTTgcgacaacggtttaggCAACCAACACACAGGGAAGGGTAGGCTTTGCATCGAATCAAGTGACTCTACACTCAAGAAAAGAAGGTGCAAAGTATCCAGACAGAAAATTGAAGTCTCCAGTAAGCCAGAATGCTGCAACATTTCTTagtgtggactatatttAATCCGTGGGCAGGC
PCA1:Start-774|CAD2.medium:775-End|RT:64_nt_each GTCGTGCCGGGCTTTgcgacaacggtttaggCTGCAACATTTCATGTGTTGAGCGGATTGCATCTCGTAGCTGTGAAAAGAGGACTTTTAAAGGTACTACCAATGTAGGTATTTCTGGTTCGTCATCCACCGATTCTTTATCGGAAAAGTTCTTCTCAGagtgtggactatatttAATCCGTGGGCAGGC
PCA1:Start-1032|CAD2.medium:1033-End|RT:64_nt_each GTCGTGCCGGGCTTTgcgacaacggtttaggTGCTTCTAAAAAGACAAAATACTCCTACCGCAACAGTTCTGGATGTTTAACAAAGAAAAAGACCTACGGTGATAAAGAAAGATTGAGTAATGACAATGGACACGCGGACTTTGTTTGCAGTAAGAGTTagtgtggactatatttAATCCGTGGGCAGGC
PCA1:Start-1188|CAD2.medium:1189-End|RT:64_nt_each GTCGTGCCGGGCTTTgcgacaacggtttaggTACCTCAACTATTTCTGGACACTCTTCGAGTGAAATTTCAAGAATCGTATCAATGGAACCAATTGGCAACCATCTTAATCTTGAAGCAGGCTCAACAGGTACTGAACATATAGTTTTATCGGTCAGTGagtgtggactatatttAATCCGTGGGCAGGC
PCA1:Start-1257|CAD2.medium:1258-End|RT:64_nt_each GTCGTGCCGGGCTTTgcgacaacggtttaggTCATCTTAATCTTGAGGCAGGATCTACCGGTACCGAGCACATTGTTCTTAGTGTTTCAGGAATGACTTGTACTGGATGTGAGACCAAACTTAAGAAGAGCTTCGGGGCATTAAAATGTGTCCACGGTCagtgtggactatatttAATCCGTGGGCAGGC
PCA1:Start-1275|CAD2.medium:1276-End|RT:64_nt_each GTCGTGCCGGGCTTTgcgacaacggtttaggAGGATCTACCGGTACCGAGCACATTGTTCTTAGTGTTTCAGGAATGTCCTGTACTGGTTGTGAAACCAAACTTAAGAAGAGCTTCGGGGCATTAAAATGTGTCCACGGTCTAAAGACATCCCTGATTCagtgtggactatatttAATCCGTGGGCAGGC
PCA1:Start-1446|CAD2.medium:1447-End|RT:64_nt_each GTCGTGCCGGGCTTTgcgacaacggtttaggCAAGGATGTTATCAAGCACTTGAGCAAAACTACTGAATTCAAGTACGAACAGATTTCAAATCATGCGTCAACCATCGATGTTGTGGCTCCATATGCCGCGAAAGATTTTATCAACGAAGAATGGCCACagtgtggactatatttAATCCGTGGGCAGGC
PCA1:Start-1467|CAD2.medium:1468-End|RT:64_nt_each GTCGTGCCGGGCTTTgcgacaacggtttaggGAGCAAAACTACTGAATTCAAGTACGAACAGATTTCAAATCATGGTTCAACTATAGATGTTGTTGCTCCATATGCCGCGAAAGATTTTATCAACGAAGAATGGCCACAGGGCGTGACGGAGTTGAAGAagtgtggactatatttAATCCGTGGGCAGGC
PCA1:Start-1545|CAD2.medium:1546-End|RT:64_nt_each GTCGTGCCGGGCTTTgcgacaacggtttaggAAAAGATTTTATTAATGAGGAATGGCCACAAGGTGTCACAGAGCTGAAAATTGTTGAGAGAAATGTCATTAGGATCTACTTCGACCCAAAAGTTATAGGCGCCCGCGATTTGGTTAATGAAGGGTGGAagtgtggactatatttAATCCGTGGGCAGGC
PCA1:Start-1770|CAD2.medium:1771-End|RT:64_nt_each GTCGTGCCGGGCTTTgcgacaacggtttaggAATATTGACGATCCCGATTCTCGTGATGGCTTGGGCTCCACAGCTTCGTGAAAAAATTTCCACTATGAGTGTCTCGATGGTCCTGGCGACAATTATACAGTTTGTGATAGCAGGTCCCTTTTACTTGAagtgtggactatatttAATCCGTGGGCAGGC
PCA1:Start-1773|CAD2.medium:1774-End|RT:64_nt_each GTCGTGCCGGGCTTTgcgacaacggtttaggATTGACGATCCCGATTCTCGTGATGGCTTGGGCTCCACAGCTTCGTGAAAAAATTTCCACTATCAGTGTCTCGATGGTCCTGGCGACAATTATACAGTTTGTGATAGCAGGTCCCTTTTACTTGAACGagtgtggactatatttAATCCGTGGGCAGGC
PCA1:Start-1944|CAD2.medium:1945-End|RT:64_nt_each GTCGTGCCGGGCTTTgcgacaacggtttaggACTAATAGTTTTAAGCACTAGCGCTGCCTACATATTTTCGATTGTATCATTTGGATATTTCGTTGCGGGCCACCCTCTCTCAACAGAGCAATTCTTTGAAACGTCCTCACTGTTGGTGACACTAATTAagtgtggactatatttAATCCGTGGGCAGGC
PCA1:Start-1947|CAD2.medium:1948-End|RT:64_nt_each GTCGTGCCGGGCTTTgcgacaacggtttaggAATAGTTTTAAGCACTAGCGCTGCCTACATATTTTCGATTGTATCATTTGGATATTTCGTTGTTGGCCACCCTCTCTCAACAGAGCAATTCTTTGAAACGTCCTCACTGTTGGTGACACTAATTATGGagtgtggactatatttAATCCGTGGGCAGGC
PCA1:Start-2127|CAD2.medium:2128-End|RT:64_nt_each GTCGTGCCGGGCTTTgcgacaacggtttaggAGTACGTTCCTTACAGGCCTCTTCTGCTATTCTGGTGGATAAAACTGGTAAAGAGACGGAAATTGACATTCGGTTGTTACAATATGGGGATATATTTAAAATATTACCAGACTCGCGAATTCCCACTGagtgtggactatatttAATCCGTGGGCAGGC
PCA1:Start-2163|CAD2.medium:2164-End|RT:64_nt_each GTCGTGCCGGGCTTTgcgacaacggtttaggGGATAAAACTGGTAAAGAGACGGAAATTAATATTAGACTTCTCCAATATGGCGATATTTTTAAGATATTACCAGACTCGCGAATTCCCACTGATGGTACTGTTATATCGGGCTCTTCTGAGGTAGACGagtgtggactatatttAATCCGTGGGCAGGC
PCA1:Start-2505|CAD2.medium:2506-End|RT:64_nt_each GTCGTGCCGGGCTTTgcgacaacggtttaggGCCAACTATCATTGGAATCACTGTCGTCACCTTTTGCGTTTGGATAGCGGTTGGAATCCGTGTGCAAAAGCAGAGCAGATCCGATGCTGTCATTCAAGCTATAATTTACGCTATAACAGTACTAATTGagtgtggactatatttAATCCGTGGGCAGGC
PCA1:Start-2583|CAD2.medium:2584-End|RT:64_nt_each GTCGTGCCGGGCTTTgcgacaacggtttaggCTCCGATGCCGTAATTCAGGCCATTATATATGCCATTACGGTACTTATCGTTTCGTGTCCCTGCGCAATAGGACTAGCCGTCCCTATTGTCTTCGTAATCGCAAGCGGAGTTGCCGCCAAAAGGGGTGagtgtggactatatttAATCCGTGGGCAGGC
PCA1:Start-2907|CAD2.medium:2908-End|RT:64_nt_each GTCGTGCCGGGCTTTgcgacaacggtttaggCTATCTCAAAGAAAAAGGTGTTTCTGCTCAAAATGTTTCTAATACAAAAGCTGTGACTGGTAAGGGCGTGGAAGGTACTTCTTATAGTGGCTTAAAACTGCAAGGCGGTAATTGTAGGTGGCTAGGACagtgtggactatatttAATCCGTGGGCAGGC
PCA1:Start-3339|CAD2.medium:3340-End|RT:64_nt_each GTCGTGCCGGGCTTTgcgacaacggtttaggTAGTTCTTCGCAGTCAAAAAGACCGGTTGTTGTTTTTTGCGGTGACGGAACAAACGACGCAATTGCCTTGACTCAAGCAACCATTGGCGTTCATATCAATGAGGGGTCTGAAGTTGCTAAACTTGCCGagtgtggactatatttAATCCGTGGGCAGGC
PCA1:Start-3624|CAD2.medium:3625-End|RT:64_nt_each GTCGTGCCGGGCTTTgcgacaacggtttaggTATTCCACCAGAGTATGCGGGTTTAGGGGAACTAGTTAGTATCCTCCCTGTAATTTTTGTAGCTACGCTTCTGAGATACGCTAAAGTCTAGTCCAGGTACTGCTGCTATTTGATTGTAGATTTTCTTTagtgtggactatatttAATCCGTGGGCAGGC
PCA1:Start-3645|CAD2.medium:3646-End|RT:64_nt_each GTCGTGCCGGGCTTTgcgacaacggtttaggTTTAGGGGAACTAGTTAGTATCCTCCCTGTAATTTTTGTAGCTATACTTCTGCGTTATGCAAAGGTCTAGTCCAGGTACTGCTGCTATTTGATTGTAGATTTTCTTTTTTCTTTTCTTTTTTTTTTTTagtgtggactatatttAATCCGTGGGCAGGC
PCA1:Start-3648|CAD2.medium:3649-End|RT:64_nt_each GTCGTGCCGGGCTTTgcgacaacggtttaggAGGGGAACTAGTTAGTATCCTCCCTGTAATTTTTGTAGCTATACTTCTGCGTTATGCAAAGATTTAGTCCAGGTACTGCTGCTATTTGATTGTAGATTTTCTTTTTTCTTTTCTTTTTTTTTTTTGACagtgtggactatatttAATCCGTGGGCAGGC
PCA1:Start-114|CAD2.medium:115-End|RT:74_nt_each GTCGTGCCGGGCTTTgcgacaATGGCGAGTATGGAGTGGTAAATAGCGAGAACATATCAATAGATGCTATGCAAGATAATAGAGGCGAGTGTCATCTGCGTAGTATAGAAAGGCATGCTAATGATAATTTGGGTTTGGTGAGCCAACGTGACTGTACAAACCGCCCTAAatatttAATCCGTGGGCAGGC
PCA1:Start-129|CAD2.medium:130-End|RT:74_nt_each GTCGTGCCGGGCTTTgcgacaTGGTAAATAGCGAGAACATATCAATAGATGCTATGCAAGATAATAGAGGCGAGTGTCATCGTAGATCCATAGAAAGGCATGCTAATGATAATTTGGGTTTGGTGAGCCAACGTGACTGTACAAACCGCCCTAAAATTACTCCGCAAGAatatttAATCCGTGGGCAGGC
PCA1:Start-426|CAD2.medium:427-End|RT:74_nt_each GTCGTGCCGGGCTTTgcgacaCTGGCTTGGATGTGGACAGCTGTTGCGGCGATGCTCAAACAGGTGGTGACCACACCAATGAATCCTGTGTTGATGAGTGTTGTGTTAGAGATTCTTCCGTTATGGTTGAAGAAGGAACTGGCTCCTGTGAGGCCGTGTCATCTAAGGAatatttAATCCGTGGGCAGGC
PCA1:Start-465|CAD2.medium:466-End|RT:74_nt_each GTCGTGCCGGGCTTTgcgacaCAGGTGGTGACCACACCAATGAATCCTGTGTTGATGGATGCTGCGTTAGAGATTCTTCAGTGATGGTCGAGGAAGGAACTGGCTCCTGTGAGGCCGTGTCATCTAAGGAACAATTGCTCACAAGTTTTGAAGTTGTTCCATCAAAGAGatatttAATCCGTGGGCAGGC
PCA1:Start-627|CAD2.medium:628-End|RT:74_nt_each GTCGTGCCGGGCTTTgcgacaCTATTCATGATATTAGAGAGACAACTCGCTGCAATACCAATTCCAACCAACACACAGGGAAGGGTAGGCTTTGCCTGGAGTCGTCCGACAGCACTTTAAAGAAGCGTAGGTGCAAAGTATCCAGACAGAAAATTGAAGTCTCCAGTAAatatttAATCCGTGGGCAGGC
PCA1:Start-660|CAD2.medium:661-End|RT:74_nt_each GTCGTGCCGGGCTTTgcgacaATACCAATTCCAACCAACACACAGGGAAGGGTAGGCTTTGCATCGAATCAAGTGACTCTACACTCAAGAAAAGAAGGTGCAAAGTATCCAGACAGAAAATTGAAGTCTCCAGTAAGCCAGAATGCTGCAACATTTCTTGTGTCGAAAGatatttAATCCGTGGGCAGGC
PCA1:Start-774|CAD2.medium:775-End|RT:74_nt_each GTCGTGCCGGGCTTTgcgacaAGCCTGAGTGCTGCAACATTTCATGTGTTGAGCGGATTGCATCTCGTAGCTGTGAAAAGAGGACTTTTAAAGGTACTACCAATGTAGGTATTTCTGGTTCGTCATCCACCGATTCTTTATCGGAAAAGTTCTTCTCAGAACAATATTCatatttAATCCGTGGGCAGGC
PCA1:Start-1032|CAD2.medium:1033-End|RT:74_nt_each GTCGTGCCGGGCTTTgcgacaGCGGGGAGGGTGCTTCTAAAAAGACAAAATACTCCTACCGCAACAGTTCTGGATGTTTAACAAAGAAAAAGACCTACGGTGATAAAGAAAGATTGAGTAATGACAATGGACACGCGGACTTTGTTTGCAGTAAGAGTTGCTGTACAAAatatttAATCCGTGGGCAGGC
PCA1:Start-1188|CAD2.medium:1189-End|RT:74_nt_each GTCGTGCCGGGCTTTgcgacaATTGTGCTGTTACCTCAACTATTTCTGGACACTCTTCGAGTGAAATTTCAAGAATCGTATCAATGGAACCAATTGGCAACCATCTTAATCTTGAAGCAGGCTCAACAGGTACTGAACATATAGTTTTATCGGTCAGTGGAATGACTTGatatttAATCCGTGGGCAGGC
PCA1:Start-1257|CAD2.medium:1258-End|RT:74_nt_each GTCGTGCCGGGCTTTgcgacaCAATTGAAAATCATCTTAATCTTGAGGCAGGATCTACCGGTACCGAGCACATTGTTCTTAGTGTTTCAGGAATGACTTGTACTGGATGTGAGACCAAACTTAAGAAGAGCTTCGGGGCATTAAAATGTGTCCACGGTCTAAAGACATCatatttAATCCGTGGGCAGGC
PCA1:Start-1275|CAD2.medium:1276-End|RT:74_nt_each GTCGTGCCGGGCTTTgcgacaATCTTGAGGCAGGATCTACCGGTACCGAGCACATTGTTCTTAGTGTTTCAGGAATGTCCTGTACTGGTTGTGAAACCAAACTTAAGAAGAGCTTCGGGGCATTAAAATGTGTCCACGGTCTAAAGACATCCCTGATTCTTAGTCAAGCatatttAATCCGTGGGCAGGC
PCA1:Start-1446|CAD2.medium:1447-End|RT:74_nt_each GTCGTGCCGGGCTTTgcgacaAGGGATCTGTCAAGGATGTTATCAAGCACTTGAGCAAAACTACTGAATTCAAGTACGAACAGATTTCAAATCATGCGTCAACCATCGATGTTGTGGCTCCATATGCCGCGAAAGATTTTATCAACGAAGAATGGCCACAGGGCGTGACatatttAATCCGTGGGCAGGC
PCA1:Start-1467|CAD2.medium:1468-End|RT:74_nt_each GTCGTGCCGGGCTTTgcgacaTCAAGCACTTGAGCAAAACTACTGAATTCAAGTACGAACAGATTTCAAATCATGGTTCAACTATAGATGTTGTTGCTCCATATGCCGCGAAAGATTTTATCAACGAAGAATGGCCACAGGGCGTGACGGAGTTGAAGATAGTCGAGAGatatttAATCCGTGGGCAGGC
PCA1:Start-1545|CAD2.medium:1546-End|RT:74_nt_each GTCGTGCCGGGCTTTgcgacaCTTATGCAGCAAAAGATTTTATTAATGAGGAATGGCCACAAGGTGTCACAGAGCTGAAAATTGTTGAGAGAAATGTCATTAGGATCTACTTCGACCCAAAAGTTATAGGCGCCCGCGATTTGGTTAATGAAGGGTGGAGTGTACCTGTatatttAATCCGTGGGCAGGC
PCA1:Start-1770|CAD2.medium:1771-End|RT:74_nt_each GTCGTGCCGGGCTTTgcgacaCTTTATCCATAATATTGACGATCCCGATTCTCGTGATGGCTTGGGCTCCACAGCTTCGTGAAAAAATTTCCACTATGAGTGTCTCGATGGTCCTGGCGACAATTATACAGTTTGTGATAGCAGGTCCCTTTTACTTGAACGCACTAAAatatttAATCCGTGGGCAGGC
PCA1:Start-1773|CAD2.medium:1774-End|RT:74_nt_each GTCGTGCCGGGCTTTgcgacaTATCCATAATATTGACGATCCCGATTCTCGTGATGGCTTGGGCTCCACAGCTTCGTGAAAAAATTTCCACTATCAGTGTCTCGATGGTCCTGGCGACAATTATACAGTTTGTGATAGCAGGTCCCTTTTACTTGAACGCACTAAAGAGatatttAATCCGTGGGCAGGC
PCA1:Start-1944|CAD2.medium:1945-End|RT:74_nt_each GTCGTGCCGGGCTTTgcgacaAAATGGATCTACTAATAGTTTTAAGCACTAGCGCTGCCTACATATTTTCGATTGTATCATTTGGATATTTCGTTGCGGGCCACCCTCTCTCAACAGAGCAATTCTTTGAAACGTCCTCACTGTTGGTGACACTAATTATGGTTGGCAGatatttAATCCGTGGGCAGGC
PCA1:Start-1947|CAD2.medium:1948-End|RT:74_nt_each GTCGTGCCGGGCTTTgcgacaTGGATCTACTAATAGTTTTAAGCACTAGCGCTGCCTACATATTTTCGATTGTATCATTTGGATATTTCGTTGTTGGCCACCCTCTCTCAACAGAGCAATTCTTTGAAACGTCCTCACTGTTGGTGACACTAATTATGGTTGGCAGATTatatttAATCCGTGGGCAGGC
PCA1:Start-2127|CAD2.medium:2128-End|RT:74_nt_each GTCGTGCCGGGCTTTgcgacaAGTCAATATCAGTACGTTCCTTACAGGCCTCTTCTGCTATTCTGGTGGATAAAACTGGTAAAGAGACGGAAATTGACATTCGGTTGTTACAATATGGGGATATATTTAAAATATTACCAGACTCGCGAATTCCCACTGATGGTACTGTatatttAATCCGTGGGCAGGC
PCA1:Start-2163|CAD2.medium:2164-End|RT:74_nt_each GTCGTGCCGGGCTTTgcgacaCTATTCTGGTGGATAAAACTGGTAAAGAGACGGAAATTAATATTAGACTTCTCCAATATGGCGATATTTTTAAGATATTACCAGACTCGCGAATTCCCACTGATGGTACTGTTATATCGGGCTCTTCTGAGGTAGACGAAGCTCTAATatatttAATCCGTGGGCAGGC
PCA1:Start-2505|CAD2.medium:2506-End|RT:74_nt_each GTCGTGCCGGGCTTTgcgacaGTTATTTCGTGCCAACTATCATTGGAATCACTGTCGTCACCTTTTGCGTTTGGATAGCGGTTGGAATCCGTGTGCAAAAGCAGAGCAGATCCGATGCTGTCATTCAAGCTATAATTTACGCTATAACAGTACTAATTGTGTCTTGCCCatatttAATCCGTGGGCAGGC
PCA1:Start-2583|CAD2.medium:2584-End|RT:74_nt_each GTCGTGCCGGGCTTTgcgacaAGCAATCCCGCTCCGATGCCGTAATTCAGGCCATTATATATGCCATTACGGTACTTATCGTTTCGTGTCCCTGCGCAATAGGACTAGCCGTCCCTATTGTCTTCGTAATCGCAAGCGGAGTTGCCGCCAAAAGGGGTGTTATATTTAAatatttAATCCGTGGGCAGGC
PCA1:Start-2907|CAD2.medium:2908-End|RT:74_nt_each GTCGTGCCGGGCTTTgcgacaCAATAGCATCCTATCTCAAAGAAAAAGGTGTTTCTGCTCAAAATGTTTCTAATACAAAAGCTGTGACTGGTAAGGGCGTGGAAGGTACTTCTTATAGTGGCTTAAAACTGCAAGGCGGTAATTGTAGGTGGCTAGGACATAATAATGAatatttAATCCGTGGGCAGGC
PCA1:Start-3339|CAD2.medium:3340-End|RT:74_nt_each GTCGTGCCGGGCTTTgcgacaGAAATTGCGATAGTTCTTCGCAGTCAAAAAGACCGGTTGTTGTTTTTTGCGGTGACGGAACAAACGACGCAATTGCCTTGACTCAAGCAACCATTGGCGTTCATATCAATGAGGGGTCTGAAGTTGCTAAACTTGCCGCAGATGTGGTatatttAATCCGTGGGCAGGC
PCA1:Start-3624|CAD2.medium:3625-End|RT:74_nt_each GTCGTGCCGGGCTTTgcgacaTTGACTTTCATATTCCACCAGAGTATGCGGGTTTAGGGGAACTAGTTAGTATCCTCCCTGTAATTTTTGTAGCTACGCTTCTGAGATACGCTAAAGTCTAGTCCAGGTACTGCTGCTATTTGATTGTAGATTTTCTTTTTTCTTTTCTatatttAATCCGTGGGCAGGC
PCA1:Start-3645|CAD2.medium:3646-End|RT:74_nt_each GTCGTGCCGGGCTTTgcgacaAGTATGCGGGTTTAGGGGAACTAGTTAGTATCCTCCCTGTAATTTTTGTAGCTATACTTCTGCGTTATGCAAAGGTCTAGTCCAGGTACTGCTGCTATTTGATTGTAGATTTTCTTTTTTCTTTTCTTTTTTTTTTTTGACGACTCTGatatttAATCCGTGGGCAGGC
PCA1:Start-3648|CAD2.medium:3649-End|RT:74_nt_each GTCGTGCCGGGCTTTgcgacaATGCGGGTTTAGGGGAACTAGTTAGTATCCTCCCTGTAATTTTTGTAGCTATACTTCTGCGTTATGCAAAGATTTAGTCCAGGTACTGCTGCTATTTGATTGTAGATTTTCTTTTTTCTTTTCTTTTTTTTTTTTGACGACTCTGTAAatatttAATCCGTGGGCAGGC
PCA1:Start-114|CAD2.medium:115-End|RT:80_nt_each GTCGTGCCGGGCTTTCCAGCGATGGCGAGTATGGAGTGGTAAATAGCGAGAACATATCAATAGATGCTATGCAAGATAATAGAGGCGAGTGTCATCTGCGTAGTATAGAAAGGCATGCTAATGATAATTTGGGTTTGGTGAGCCAACGTGACTGTACAAACCGCCCTAAAATTACAATCCGTGGGCAGGC
PCA1:Start-129|CAD2.medium:130-End|RT:80_nt_each GTCGTGCCGGGCTTTATGGAGTGGTAAATAGCGAGAACATATCAATAGATGCTATGCAAGATAATAGAGGCGAGTGTCATCGTAGATCCATAGAAAGGCATGCTAATGATAATTTGGGTTTGGTGAGCCAACGTGACTGTACAAACCGCCCTAAAATTACTCCGCAAGAATGCTTAATCCGTGGGCAGGC
PCA1:Start-426|CAD2.medium:427-End|RT:80_nt_each GTCGTGCCGGGCTTTCTGAGACTGGCTTGGATGTGGACAGCTGTTGCGGCGATGCTCAAACAGGTGGTGACCACACCAATGAATCCTGTGTTGATGAGTGTTGTGTTAGAGATTCTTCCGTTATGGTTGAAGAAGGAACTGGCTCCTGTGAGGCCGTGTCATCTAAGGAACAATTAATCCGTGGGCAGGC
PCA1:Start-465|CAD2.medium:466-End|RT:80_nt_each GTCGTGCCGGGCTTTCTCAAACAGGTGGTGACCACACCAATGAATCCTGTGTTGATGGATGCTGCGTTAGAGATTCTTCAGTGATGGTCGAGGAAGGAACTGGCTCCTGTGAGGCCGTGTCATCTAAGGAACAATTGCTCACAAGTTTTGAAGTTGTTCCATCAAAGAGCGAAGGAATCCGTGGGCAGGC
PCA1:Start-627|CAD2.medium:628-End|RT:80_nt_each GTCGTGCCGGGCTTTTGCAATCTATTCATGATATTAGAGAGACAACTCGCTGCAATACCAATTCCAACCAACACACAGGGAAGGGTAGGCTTTGCCTGGAGTCGTCCGACAGCACTTTAAAGAAGCGTAGGTGCAAAGTATCCAGACAGAAAATTGAAGTCTCCAGTAAGCCAGAAATCCGTGGGCAGGC
PCA1:Start-660|CAD2.medium:661-End|RT:80_nt_each GTCGTGCCGGGCTTTGCTGCAATACCAATTCCAACCAACACACAGGGAAGGGTAGGCTTTGCATCGAATCAAGTGACTCTACACTCAAGAAAAGAAGGTGCAAAGTATCCAGACAGAAAATTGAAGTCTCCAGTAAGCCAGAATGCTGCAACATTTCTTGTGTCGAAAGAATAGCAATCCGTGGGCAGGC
PCA1:Start-774|CAD2.medium:775-End|RT:80_nt_each GTCGTGCCGGGCTTTCCAGTAAGCCTGAGTGCTGCAACATTTCATGTGTTGAGCGGATTGCATCTCGTAGCTGTGAAAAGAGGACTTTTAAAGGTACTACCAATGTAGGTATTTCTGGTTCGTCATCCACCGATTCTTTATCGGAAAAGTTCTTCTCAGAACAATATTCAAGAATAATCCGTGGGCAGGC
PCA1:Start-1032|CAD2.medium:1033-End|RT:80_nt_each GTCGTGCCGGGCTTTTTTGTAGCGGGGAGGGTGCTTCTAAAAAGACAAAATACTCCTACCGCAACAGTTCTGGATGTTTAACAAAGAAAAAGACCTACGGTGATAAAGAAAGATTGAGTAATGACAATGGACACGCGGACTTTGTTTGCAGTAAGAGTTGCTGTACAAAGATGAAAATCCGTGGGCAGGC
PCA1:Start-1188|CAD2.medium:1189-End|RT:80_nt_each GTCGTGCCGGGCTTTTGAAGGATTGTGCTGTTACCTCAACTATTTCTGGACACTCTTCGAGTGAAATTTCAAGAATCGTATCAATGGAACCAATTGGCAACCATCTTAATCTTGAAGCAGGCTCAACAGGTACTGAACATATAGTTTTATCGGTCAGTGGAATGACTTGTACTGGAATCCGTGGGCAGGC
PCA1:Start-1257|CAD2.medium:1258-End|RT:80_nt_each GTCGTGCCGGGCTTTTGGAACCAATTGAAAATCATCTTAATCTTGAGGCAGGATCTACCGGTACCGAGCACATTGTTCTTAGTGTTTCAGGAATGACTTGTACTGGATGTGAGACCAAACTTAAGAAGAGCTTCGGGGCATTAAAATGTGTCCACGGTCTAAAGACATCCCTGATAATCCGTGGGCAGGC
PCA1:Start-1275|CAD2.medium:1276-End|RT:80_nt_each GTCGTGCCGGGCTTTATCTTAATCTTGAGGCAGGATCTACCGGTACCGAGCACATTGTTCTTAGTGTTTCAGGAATGTCCTGTACTGGTTGTGAAACCAAACTTAAGAAGAGCTTCGGGGCATTAAAATGTGTCCACGGTCTAAAGACATCCCTGATTCTTAGTCAAGCCGAATTAATCCGTGGGCAGGC
PCA1:Start-1446|CAD2.medium:1447-End|RT:80_nt_each GTCGTGCCGGGCTTTTTGCTCAGGGATCTGTCAAGGATGTTATCAAGCACTTGAGCAAAACTACTGAATTCAAGTACGAACAGATTTCAAATCATGCGTCAACCATCGATGTTGTGGCTCCATATGCCGCGAAAGATTTTATCAACGAAGAATGGCCACAGGGCGTGACGGAGTTAATCCGTGGGCAGGC
PCA1:Start-1467|CAD2.medium:1468-End|RT:80_nt_each GTCGTGCCGGGCTTTATGTTATCAAGCACTTGAGCAAAACTACTGAATTCAAGTACGAACAGATTTCAAATCATGGTTCAACTATAGATGTTGTTGCTCCATATGCCGCGAAAGATTTTATCAACGAAGAATGGCCACAGGGCGTGACGGAGTTGAAGATAGTCGAGAGAAATGTAATCCGTGGGCAGGC
PCA1:Start-1545|CAD2.medium:1546-End|RT:80_nt_each GTCGTGCCGGGCTTTTTGTTCCTTATGCAGCAAAAGATTTTATTAATGAGGAATGGCCACAAGGTGTCACAGAGCTGAAAATTGTTGAGAGAAATGTCATTAGGATCTACTTCGACCCAAAAGTTATAGGCGCCCGCGATTTGGTTAATGAAGGGTGGAGTGTACCTGTCTCTATAATCCGTGGGCAGGC
PCA1:Start-1770|CAD2.medium:1771-End|RT:80_nt_each GTCGTGCCGGGCTTTCGACCGCTTTATCCATAATATTGACGATCCCGATTCTCGTGATGGCTTGGGCTCCACAGCTTCGTGAAAAAATTTCCACTATGAGTGTCTCGATGGTCCTGGCGACAATTATACAGTTTGTGATAGCAGGTCCCTTTTACTTGAACGCACTAAAGAGTCTAATCCGTGGGCAGGC
PCA1:Start-1773|CAD2.medium:1774-End|RT:80_nt_each GTCGTGCCGGGCTTTCCGCTTTATCCATAATATTGACGATCCCGATTCTCGTGATGGCTTGGGCTCCACAGCTTCGTGAAAAAATTTCCACTATCAGTGTCTCGATGGTCCTGGCGACAATTATACAGTTTGTGATAGCAGGTCCCTTTTACTTGAACGCACTAAAGAGTCTCATAATCCGTGGGCAGGC
PCA1:Start-1944|CAD2.medium:1945-End|RT:80_nt_each GTCGTGCCGGGCTTTTCATTGAAATGGATCTACTAATAGTTTTAAGCACTAGCGCTGCCTACATATTTTCGATTGTATCATTTGGATATTTCGTTGCGGGCCACCCTCTCTCAACAGAGCAATTCTTTGAAACGTCCTCACTGTTGGTGACACTAATTATGGTTGGCAGATTTGTAATCCGTGGGCAGGC
PCA1:Start-1947|CAD2.medium:1948-End|RT:80_nt_each GTCGTGCCGGGCTTTTTGAAATGGATCTACTAATAGTTTTAAGCACTAGCGCTGCCTACATATTTTCGATTGTATCATTTGGATATTTCGTTGTTGGCCACCCTCTCTCAACAGAGCAATTCTTTGAAACGTCCTCACTGTTGGTGACACTAATTATGGTTGGCAGATTTGTTAGAATCCGTGGGCAGGC
PCA1:Start-2127|CAD2.medium:2128-End|RT:80_nt_each GTCGTGCCGGGCTTTCTGTAAAGTCAATATCAGTACGTTCCTTACAGGCCTCTTCTGCTATTCTGGTGGATAAAACTGGTAAAGAGACGGAAATTGACATTCGGTTGTTACAATATGGGGATATATTTAAAATATTACCAGACTCGCGAATTCCCACTGATGGTACTGTTATATCAATCCGTGGGCAGGC
PCA1:Start-2163|CAD2.medium:2164-End|RT:80_nt_each GTCGTGCCGGGCTTTCTTCTGCTATTCTGGTGGATAAAACTGGTAAAGAGACGGAAATTAATATTAGACTTCTCCAATATGGCGATATTTTTAAGATATTACCAGACTCGCGAATTCCCACTGATGGTACTGTTATATCGGGCTCTTCTGAGGTAGACGAAGCTCTAATCACAGGAATCCGTGGGCAGGC
PCA1:Start-2505|CAD2.medium:2506-End|RT:80_nt_each GTCGTGCCGGGCTTTTTGCAAGTTATTTCGTGCCAACTATCATTGGAATCACTGTCGTCACCTTTTGCGTTTGGATAGCGGTTGGAATCCGTGTGCAAAAGCAGAGCAGATCCGATGCTGTCATTCAAGCTATAATTTACGCTATAACAGTACTAATTGTGTCTTGCCCATGCGCAATCCGTGGGCAGGC
PCA1:Start-2583|CAD2.medium:2584-End|RT:80_nt_each GTCGTGCCGGGCTTTTGGAAAAGCAATCCCGCTCCGATGCCGTAATTCAGGCCATTATATATGCCATTACGGTACTTATCGTTTCGTGTCCCTGCGCAATAGGACTAGCCGTCCCTATTGTCTTCGTAATCGCAAGCGGAGTTGCCGCCAAAAGGGGTGTTATATTTAAAAGTGCAATCCGTGGGCAGGC
PCA1:Start-2907|CAD2.medium:2908-End|RT:80_nt_each GTCGTGCCGGGCTTTCCATGGCAATAGCATCCTATCTCAAAGAAAAAGGTGTTTCTGCTCAAAATGTTTCTAATACAAAAGCTGTGACTGGTAAGGGCGTGGAAGGTACTTCTTATAGTGGCTTAAAACTGCAAGGCGGTAATTGTAGGTGGCTAGGACATAATAATGACCCTGAAATCCGTGGGCAGGC
PCA1:Start-3339|CAD2.medium:3340-End|RT:80_nt_each GTCGTGCCGGGCTTTAAGGAAGAAATTGCGATAGTTCTTCGCAGTCAAAAAGACCGGTTGTTGTTTTTTGCGGTGACGGAACAAACGACGCAATTGCCTTGACTCAAGCAACCATTGGCGTTCATATCAATGAGGGGTCTGAAGTTGCTAAACTTGCCGCAGATGTGGTTATGTTAATCCGTGGGCAGGC
PCA1:Start-3624|CAD2.medium:3625-End|RT:80_nt_each GTCGTGCCGGGCTTTCCTTTGTTGACTTTCATATTCCACCAGAGTATGCGGGTTTAGGGGAACTAGTTAGTATCCTCCCTGTAATTTTTGTAGCTACGCTTCTGAGATACGCTAAAGTCTAGTCCAGGTACTGCTGCTATTTGATTGTAGATTTTCTTTTTTCTTTTCTTTTTTTAATCCGTGGGCAGGC
PCA1:Start-3645|CAD2.medium:3646-End|RT:80_nt_each GTCGTGCCGGGCTTTCACCAGAGTATGCGGGTTTAGGGGAACTAGTTAGTATCCTCCCTGTAATTTTTGTAGCTATACTTCTGCGTTATGCAAAGGTCTAGTCCAGGTACTGCTGCTATTTGATTGTAGATTTTCTTTTTTCTTTTCTTTTTTTTTTTTGACGACTCTGTAATACAATCCGTGGGCAGGC
PCA1:Start-3648|CAD2.medium:3649-End|RT:80_nt_each GTCGTGCCGGGCTTTCAGAGTATGCGGGTTTAGGGGAACTAGTTAGTATCCTCCCTGTAATTTTTGTAGCTATACTTCTGCGTTATGCAAAGATTTAGTCCAGGTACTGCTGCTATTTGATTGTAGATTTTCTTTTTTCTTTTCTTTTTTTTTTTTGACGACTCTGTAATACTCTAATCCGTGGGCAGGC
